protocol_fingerprint,checkpoint_selection,selection_objective,model_a,model_b,g05_fraction,g05_count_per_sample,metric,seed,metric_role,value_a,value_b,delta_b_minus_a,improvement_b_over_a,selected_epoch_a,selected_epoch_b,selected_validation_loss_a,selected_validation_loss_b,run_fingerprint_a,run_fingerprint_b,global_sign_in_selection_objective,global_sign_metrics_note,improvement_definition
1692babe9d2153d97a0706d0bece7194c22c1fc53b7f215c8f2260f0b820046c,structure,validation_loss.structure,g05_sign_only,g05_full_reconstruction,0.0,0,position_mae_x,41,primary,0.44510157012939455,0.44510157012939455,0.0,-0.0,37,37,0.5906645221710205,0.5906645221710205,f56e5ea3c50e73b994d46437056b262e27904035ea2e1c76c2459729f9c1064a,8ea078f3c54310bed7eab8fd12c9c6870c9e0b8481d3d4e7e9d6aee0ab7efa9d,False,Global-sign and absolute-sign metrics are secondary diagnostics: structure selection does not optimize global-sign performance; training still uses the unchanged total loss.,positive means g05_full_reconstruction is better
1692babe9d2153d97a0706d0bece7194c22c1fc53b7f215c8f2260f0b820046c,structure,validation_loss.structure,g05_sign_only,g05_full_reconstruction,0.0,0,position_mae_y,41,primary,0.41491066360473633,0.41491066360473633,0.0,-0.0,37,37,0.5906645221710205,0.5906645221710205,f56e5ea3c50e73b994d46437056b262e27904035ea2e1c76c2459729f9c1064a,8ea078f3c54310bed7eab8fd12c9c6870c9e0b8481d3d4e7e9d6aee0ab7efa9d,False,Global-sign and absolute-sign metrics are secondary diagnostics: structure selection does not optimize global-sign performance; training still uses the unchanged total loss.,positive means g05_full_reconstruction is better
1692babe9d2153d97a0706d0bece7194c22c1fc53b7f215c8f2260f0b820046c,structure,validation_loss.structure,g05_sign_only,g05_full_reconstruction,0.0,0,position_mae_z,41,primary,0.2198360366821289,0.2198360366821289,0.0,-0.0,37,37,0.5906645221710205,0.5906645221710205,f56e5ea3c50e73b994d46437056b262e27904035ea2e1c76c2459729f9c1064a,8ea078f3c54310bed7eab8fd12c9c6870c9e0b8481d3d4e7e9d6aee0ab7efa9d,False,Global-sign and absolute-sign metrics are secondary diagnostics: structure selection does not optimize global-sign performance; training still uses the unchanged total loss.,positive means g05_full_reconstruction is better
1692babe9d2153d97a0706d0bece7194c22c1fc53b7f215c8f2260f0b820046c,structure,validation_loss.structure,g05_sign_only,g05_full_reconstruction,0.0,0,mean_position_mae,41,primary,0.35994944763183595,0.35994944763183595,0.0,-0.0,37,37,0.5906645221710205,0.5906645221710205,f56e5ea3c50e73b994d46437056b262e27904035ea2e1c76c2459729f9c1064a,8ea078f3c54310bed7eab8fd12c9c6870c9e0b8481d3d4e7e9d6aee0ab7efa9d,False,Global-sign and absolute-sign metrics are secondary diagnostics: structure selection does not optimize global-sign performance; training still uses the unchanged total loss.,positive means g05_full_reconstruction is better
1692babe9d2153d97a0706d0bece7194c22c1fc53b7f215c8f2260f0b820046c,structure,validation_loss.structure,g05_sign_only,g05_full_reconstruction,0.0,0,mean_position_3d_error,41,primary,0.7332394638061523,0.7332394638061523,0.0,-0.0,37,37,0.5906645221710205,0.5906645221710205,f56e5ea3c50e73b994d46437056b262e27904035ea2e1c76c2459729f9c1064a,8ea078f3c54310bed7eab8fd12c9c6870c9e0b8481d3d4e7e9d6aee0ab7efa9d,False,Global-sign and absolute-sign metrics are secondary diagnostics: structure selection does not optimize global-sign performance; training still uses the unchanged total loss.,positive means g05_full_reconstruction is better
1692babe9d2153d97a0706d0bece7194c22c1fc53b7f215c8f2260f0b820046c,structure,validation_loss.structure,g05_sign_only,g05_full_reconstruction,0.0,0,charge_magnitude_mae,41,primary,0.15552479934692381,0.15552479934692381,0.0,-0.0,37,37,0.5906645221710205,0.5906645221710205,f56e5ea3c50e73b994d46437056b262e27904035ea2e1c76c2459729f9c1064a,8ea078f3c54310bed7eab8fd12c9c6870c9e0b8481d3d4e7e9d6aee0ab7efa9d,False,Global-sign and absolute-sign metrics are secondary diagnostics: structure selection does not optimize global-sign performance; training still uses the unchanged total loss.,positive means g05_full_reconstruction is better
1692babe9d2153d97a0706d0bece7194c22c1fc53b7f215c8f2260f0b820046c,structure,validation_loss.structure,g05_sign_only,g05_full_reconstruction,0.0,0,relative_sign_accuracy,41,primary,0.9627999954223633,0.9627999954223633,0.0,0.0,37,37,0.5906645221710205,0.5906645221710205,f56e5ea3c50e73b994d46437056b262e27904035ea2e1c76c2459729f9c1064a,8ea078f3c54310bed7eab8fd12c9c6870c9e0b8481d3d4e7e9d6aee0ab7efa9d,False,Global-sign and absolute-sign metrics are secondary diagnostics: structure selection does not optimize global-sign performance; training still uses the unchanged total loss.,positive means g05_full_reconstruction is better
1692babe9d2153d97a0706d0bece7194c22c1fc53b7f215c8f2260f0b820046c,structure,validation_loss.structure,g05_sign_only,g05_full_reconstruction,0.0,0,relative_configuration_accuracy,41,primary,0.915,0.915,0.0,0.0,37,37,0.5906645221710205,0.5906645221710205,f56e5ea3c50e73b994d46437056b262e27904035ea2e1c76c2459729f9c1064a,8ea078f3c54310bed7eab8fd12c9c6870c9e0b8481d3d4e7e9d6aee0ab7efa9d,False,Global-sign and absolute-sign metrics are secondary diagnostics: structure selection does not optimize global-sign performance; training still uses the unchanged total loss.,positive means g05_full_reconstruction is better
1692babe9d2153d97a0706d0bece7194c22c1fc53b7f215c8f2260f0b820046c,structure,validation_loss.structure,g05_sign_only,g05_full_reconstruction,0.0,0,pairwise_relative_sign_accuracy,41,primary,0.9505999984741211,0.9505999984741211,0.0,0.0,37,37,0.5906645221710205,0.5906645221710205,f56e5ea3c50e73b994d46437056b262e27904035ea2e1c76c2459729f9c1064a,8ea078f3c54310bed7eab8fd12c9c6870c9e0b8481d3d4e7e9d6aee0ab7efa9d,False,Global-sign and absolute-sign metrics are secondary diagnostics: structure selection does not optimize global-sign performance; training still uses the unchanged total loss.,positive means g05_full_reconstruction is better
1692babe9d2153d97a0706d0bece7194c22c1fc53b7f215c8f2260f0b820046c,structure,validation_loss.structure,g05_sign_only,g05_full_reconstruction,0.0,0,global_sign_accuracy,41,secondary,,,,,37,37,0.5906645221710205,0.5906645221710205,f56e5ea3c50e73b994d46437056b262e27904035ea2e1c76c2459729f9c1064a,8ea078f3c54310bed7eab8fd12c9c6870c9e0b8481d3d4e7e9d6aee0ab7efa9d,False,Global-sign and absolute-sign metrics are secondary diagnostics: structure selection does not optimize global-sign performance; training still uses the unchanged total loss.,positive means g05_full_reconstruction is better
1692babe9d2153d97a0706d0bece7194c22c1fc53b7f215c8f2260f0b820046c,structure,validation_loss.structure,g05_sign_only,g05_full_reconstruction,0.0,0,global_sign_bce,41,secondary,,,,,37,37,0.5906645221710205,0.5906645221710205,f56e5ea3c50e73b994d46437056b262e27904035ea2e1c76c2459729f9c1064a,8ea078f3c54310bed7eab8fd12c9c6870c9e0b8481d3d4e7e9d6aee0ab7efa9d,False,Global-sign and absolute-sign metrics are secondary diagnostics: structure selection does not optimize global-sign performance; training still uses the unchanged total loss.,positive means g05_full_reconstruction is better
1692babe9d2153d97a0706d0bece7194c22c1fc53b7f215c8f2260f0b820046c,structure,validation_loss.structure,g05_sign_only,g05_full_reconstruction,0.0,0,absolute_sign_accuracy,41,secondary,,,,,37,37,0.5906645221710205,0.5906645221710205,f56e5ea3c50e73b994d46437056b262e27904035ea2e1c76c2459729f9c1064a,8ea078f3c54310bed7eab8fd12c9c6870c9e0b8481d3d4e7e9d6aee0ab7efa9d,False,Global-sign and absolute-sign metrics are secondary diagnostics: structure selection does not optimize global-sign performance; training still uses the unchanged total loss.,positive means g05_full_reconstruction is better
1692babe9d2153d97a0706d0bece7194c22c1fc53b7f215c8f2260f0b820046c,structure,validation_loss.structure,g05_sign_only,g05_full_reconstruction,0.0,0,absolute_sign_set_accuracy,41,secondary,,,,,37,37,0.5906645221710205,0.5906645221710205,f56e5ea3c50e73b994d46437056b262e27904035ea2e1c76c2459729f9c1064a,8ea078f3c54310bed7eab8fd12c9c6870c9e0b8481d3d4e7e9d6aee0ab7efa9d,False,Global-sign and absolute-sign metrics are secondary diagnostics: structure selection does not optimize global-sign performance; training still uses the unchanged total loss.,positive means g05_full_reconstruction is better
1692babe9d2153d97a0706d0bece7194c22c1fc53b7f215c8f2260f0b820046c,structure,validation_loss.structure,g05_sign_only,g05_full_reconstruction,0.0,0,charge_mae,41,secondary,0.19086493301391602,0.19086493301391602,0.0,-0.0,37,37,0.5906645221710205,0.5906645221710205,f56e5ea3c50e73b994d46437056b262e27904035ea2e1c76c2459729f9c1064a,8ea078f3c54310bed7eab8fd12c9c6870c9e0b8481d3d4e7e9d6aee0ab7efa9d,False,Global-sign and absolute-sign metrics are secondary diagnostics: structure selection does not optimize global-sign performance; training still uses the unchanged total loss.,positive means g05_full_reconstruction is better
1692babe9d2153d97a0706d0bece7194c22c1fc53b7f215c8f2260f0b820046c,structure,validation_loss.structure,g05_sign_only,g05_full_reconstruction,0.0,0,global_invariant_charge_mae,41,secondary,0.19086493301391602,0.19086493301391602,0.0,-0.0,37,37,0.5906645221710205,0.5906645221710205,f56e5ea3c50e73b994d46437056b262e27904035ea2e1c76c2459729f9c1064a,8ea078f3c54310bed7eab8fd12c9c6870c9e0b8481d3d4e7e9d6aee0ab7efa9d,False,Global-sign and absolute-sign metrics are secondary diagnostics: structure selection does not optimize global-sign performance; training still uses the unchanged total loss.,positive means g05_full_reconstruction is better
1692babe9d2153d97a0706d0bece7194c22c1fc53b7f215c8f2260f0b820046c,structure,validation_loss.structure,g05_sign_only,g05_full_reconstruction,0.1,3,position_mae_x,41,primary,0.44510157012939455,0.44955273056030276,0.0044511604309082076,-0.0044511604309082076,37,37,0.5906645221710205,0.5920841226577759,10a71341c43e86540f62585616f51216b27df464dae87373c754e7a41ff7aab5,3a047e27a893b61e027d1491b19302afb82116a9c618c4436dd44fb787c7a423,False,Global-sign and absolute-sign metrics are secondary diagnostics: structure selection does not optimize global-sign performance; training still uses the unchanged total loss.,positive means g05_full_reconstruction is better
1692babe9d2153d97a0706d0bece7194c22c1fc53b7f215c8f2260f0b820046c,structure,validation_loss.structure,g05_sign_only,g05_full_reconstruction,0.1,3,position_mae_y,41,primary,0.41491066360473633,0.41216368865966796,-0.00274697494506837,0.00274697494506837,37,37,0.5906645221710205,0.5920841226577759,10a71341c43e86540f62585616f51216b27df464dae87373c754e7a41ff7aab5,3a047e27a893b61e027d1491b19302afb82116a9c618c4436dd44fb787c7a423,False,Global-sign and absolute-sign metrics are secondary diagnostics: structure selection does not optimize global-sign performance; training still uses the unchanged total loss.,positive means g05_full_reconstruction is better
1692babe9d2153d97a0706d0bece7194c22c1fc53b7f215c8f2260f0b820046c,structure,validation_loss.structure,g05_sign_only,g05_full_reconstruction,0.1,3,position_mae_z,41,primary,0.2198360366821289,0.2227170238494873,0.0028809871673584064,-0.0028809871673584064,37,37,0.5906645221710205,0.5920841226577759,10a71341c43e86540f62585616f51216b27df464dae87373c754e7a41ff7aab5,3a047e27a893b61e027d1491b19302afb82116a9c618c4436dd44fb787c7a423,False,Global-sign and absolute-sign metrics are secondary diagnostics: structure selection does not optimize global-sign performance; training still uses the unchanged total loss.,positive means g05_full_reconstruction is better
1692babe9d2153d97a0706d0bece7194c22c1fc53b7f215c8f2260f0b820046c,structure,validation_loss.structure,g05_sign_only,g05_full_reconstruction,0.1,3,mean_position_mae,41,primary,0.35994944763183595,0.36147782516479493,0.00152837753295898,-0.00152837753295898,37,37,0.5906645221710205,0.5920841226577759,10a71341c43e86540f62585616f51216b27df464dae87373c754e7a41ff7aab5,3a047e27a893b61e027d1491b19302afb82116a9c618c4436dd44fb787c7a423,False,Global-sign and absolute-sign metrics are secondary diagnostics: structure selection does not optimize global-sign performance; training still uses the unchanged total loss.,positive means g05_full_reconstruction is better
1692babe9d2153d97a0706d0bece7194c22c1fc53b7f215c8f2260f0b820046c,structure,validation_loss.structure,g05_sign_only,g05_full_reconstruction,0.1,3,mean_position_3d_error,41,primary,0.7332394638061523,0.7362384490966797,0.002998985290527334,-0.002998985290527334,37,37,0.5906645221710205,0.5920841226577759,10a71341c43e86540f62585616f51216b27df464dae87373c754e7a41ff7aab5,3a047e27a893b61e027d1491b19302afb82116a9c618c4436dd44fb787c7a423,False,Global-sign and absolute-sign metrics are secondary diagnostics: structure selection does not optimize global-sign performance; training still uses the unchanged total loss.,positive means g05_full_reconstruction is better
1692babe9d2153d97a0706d0bece7194c22c1fc53b7f215c8f2260f0b820046c,structure,validation_loss.structure,g05_sign_only,g05_full_reconstruction,0.1,3,charge_magnitude_mae,41,primary,0.15552479934692381,0.15554253387451172,1.7734527587909277e-05,-1.7734527587909277e-05,37,37,0.5906645221710205,0.5920841226577759,10a71341c43e86540f62585616f51216b27df464dae87373c754e7a41ff7aab5,3a047e27a893b61e027d1491b19302afb82116a9c618c4436dd44fb787c7a423,False,Global-sign and absolute-sign metrics are secondary diagnostics: structure selection does not optimize global-sign performance; training still uses the unchanged total loss.,positive means g05_full_reconstruction is better
1692babe9d2153d97a0706d0bece7194c22c1fc53b7f215c8f2260f0b820046c,structure,validation_loss.structure,g05_sign_only,g05_full_reconstruction,0.1,3,relative_sign_accuracy,41,primary,0.9627999954223633,0.9575999984741211,-0.005199996948242136,-0.005199996948242136,37,37,0.5906645221710205,0.5920841226577759,10a71341c43e86540f62585616f51216b27df464dae87373c754e7a41ff7aab5,3a047e27a893b61e027d1491b19302afb82116a9c618c4436dd44fb787c7a423,False,Global-sign and absolute-sign metrics are secondary diagnostics: structure selection does not optimize global-sign performance; training still uses the unchanged total loss.,positive means g05_full_reconstruction is better
1692babe9d2153d97a0706d0bece7194c22c1fc53b7f215c8f2260f0b820046c,structure,validation_loss.structure,g05_sign_only,g05_full_reconstruction,0.1,3,relative_configuration_accuracy,41,primary,0.915,0.909,-0.006000000000000005,-0.006000000000000005,37,37,0.5906645221710205,0.5920841226577759,10a71341c43e86540f62585616f51216b27df464dae87373c754e7a41ff7aab5,3a047e27a893b61e027d1491b19302afb82116a9c618c4436dd44fb787c7a423,False,Global-sign and absolute-sign metrics are secondary diagnostics: structure selection does not optimize global-sign performance; training still uses the unchanged total loss.,positive means g05_full_reconstruction is better
1692babe9d2153d97a0706d0bece7194c22c1fc53b7f215c8f2260f0b820046c,structure,validation_loss.structure,g05_sign_only,g05_full_reconstruction,0.1,3,pairwise_relative_sign_accuracy,41,primary,0.9505999984741211,0.9484000015258789,-0.0021999969482422443,-0.0021999969482422443,37,37,0.5906645221710205,0.5920841226577759,10a71341c43e86540f62585616f51216b27df464dae87373c754e7a41ff7aab5,3a047e27a893b61e027d1491b19302afb82116a9c618c4436dd44fb787c7a423,False,Global-sign and absolute-sign metrics are secondary diagnostics: structure selection does not optimize global-sign performance; training still uses the unchanged total loss.,positive means g05_full_reconstruction is better
1692babe9d2153d97a0706d0bece7194c22c1fc53b7f215c8f2260f0b820046c,structure,validation_loss.structure,g05_sign_only,g05_full_reconstruction,0.1,3,global_sign_accuracy,41,secondary,0.85,0.851,0.0010000000000000009,0.0010000000000000009,37,37,0.5906645221710205,0.5920841226577759,10a71341c43e86540f62585616f51216b27df464dae87373c754e7a41ff7aab5,3a047e27a893b61e027d1491b19302afb82116a9c618c4436dd44fb787c7a423,False,Global-sign and absolute-sign metrics are secondary diagnostics: structure selection does not optimize global-sign performance; training still uses the unchanged total loss.,positive means g05_full_reconstruction is better
1692babe9d2153d97a0706d0bece7194c22c1fc53b7f215c8f2260f0b820046c,structure,validation_loss.structure,g05_sign_only,g05_full_reconstruction,0.1,3,global_sign_bce,41,secondary,0.3634685592651367,0.3639967727661133,0.0005282135009765931,-0.0005282135009765931,37,37,0.5906645221710205,0.5920841226577759,10a71341c43e86540f62585616f51216b27df464dae87373c754e7a41ff7aab5,3a047e27a893b61e027d1491b19302afb82116a9c618c4436dd44fb787c7a423,False,Global-sign and absolute-sign metrics are secondary diagnostics: structure selection does not optimize global-sign performance; training still uses the unchanged total loss.,positive means g05_full_reconstruction is better
1692babe9d2153d97a0706d0bece7194c22c1fc53b7f215c8f2260f0b820046c,structure,validation_loss.structure,g05_sign_only,g05_full_reconstruction,0.1,3,absolute_sign_accuracy,41,secondary,0.8695999984741211,0.8613999938964844,-0.0082000045776367,-0.0082000045776367,37,37,0.5906645221710205,0.5920841226577759,10a71341c43e86540f62585616f51216b27df464dae87373c754e7a41ff7aab5,3a047e27a893b61e027d1491b19302afb82116a9c618c4436dd44fb787c7a423,False,Global-sign and absolute-sign metrics are secondary diagnostics: structure selection does not optimize global-sign performance; training still uses the unchanged total loss.,positive means g05_full_reconstruction is better
1692babe9d2153d97a0706d0bece7194c22c1fc53b7f215c8f2260f0b820046c,structure,validation_loss.structure,g05_sign_only,g05_full_reconstruction,0.1,3,absolute_sign_set_accuracy,41,secondary,0.831,0.818,-0.013000000000000012,-0.013000000000000012,37,37,0.5906645221710205,0.5920841226577759,10a71341c43e86540f62585616f51216b27df464dae87373c754e7a41ff7aab5,3a047e27a893b61e027d1491b19302afb82116a9c618c4436dd44fb787c7a423,False,Global-sign and absolute-sign metrics are secondary diagnostics: structure selection does not optimize global-sign performance; training still uses the unchanged total loss.,positive means g05_full_reconstruction is better
1692babe9d2153d97a0706d0bece7194c22c1fc53b7f215c8f2260f0b820046c,structure,validation_loss.structure,g05_sign_only,g05_full_reconstruction,0.1,3,charge_mae,41,secondary,0.2983264942169189,0.3086505813598633,0.01032408714294436,-0.01032408714294436,37,37,0.5906645221710205,0.5920841226577759,10a71341c43e86540f62585616f51216b27df464dae87373c754e7a41ff7aab5,3a047e27a893b61e027d1491b19302afb82116a9c618c4436dd44fb787c7a423,False,Global-sign and absolute-sign metrics are secondary diagnostics: structure selection does not optimize global-sign performance; training still uses the unchanged total loss.,positive means g05_full_reconstruction is better
1692babe9d2153d97a0706d0bece7194c22c1fc53b7f215c8f2260f0b820046c,structure,validation_loss.structure,g05_sign_only,g05_full_reconstruction,0.1,3,global_invariant_charge_mae,41,secondary,0.19086493301391602,0.19257705116271973,0.001712118148803704,-0.001712118148803704,37,37,0.5906645221710205,0.5920841226577759,10a71341c43e86540f62585616f51216b27df464dae87373c754e7a41ff7aab5,3a047e27a893b61e027d1491b19302afb82116a9c618c4436dd44fb787c7a423,False,Global-sign and absolute-sign metrics are secondary diagnostics: structure selection does not optimize global-sign performance; training still uses the unchanged total loss.,positive means g05_full_reconstruction is better
1692babe9d2153d97a0706d0bece7194c22c1fc53b7f215c8f2260f0b820046c,structure,validation_loss.structure,g05_sign_only,g05_full_reconstruction,0.25,8,position_mae_x,41,primary,0.44510157012939455,0.46493579864501955,0.019834228515624996,-0.019834228515624996,37,28,0.5906645221710205,0.6034815797805786,662874c8682f33b52660fee3c6fa957e8d979097880ac7f50528d965ef21a6b9,6b8f65cff0c49a3913bff0c564effbb843b429f5fbde352cb92cbac083a8260f,False,Global-sign and absolute-sign metrics are secondary diagnostics: structure selection does not optimize global-sign performance; training still uses the unchanged total loss.,positive means g05_full_reconstruction is better
1692babe9d2153d97a0706d0bece7194c22c1fc53b7f215c8f2260f0b820046c,structure,validation_loss.structure,g05_sign_only,g05_full_reconstruction,0.25,8,position_mae_y,41,primary,0.41491066360473633,0.4046020622253418,-0.010308601379394544,0.010308601379394544,37,28,0.5906645221710205,0.6034815797805786,662874c8682f33b52660fee3c6fa957e8d979097880ac7f50528d965ef21a6b9,6b8f65cff0c49a3913bff0c564effbb843b429f5fbde352cb92cbac083a8260f,False,Global-sign and absolute-sign metrics are secondary diagnostics: structure selection does not optimize global-sign performance; training still uses the unchanged total loss.,positive means g05_full_reconstruction is better
1692babe9d2153d97a0706d0bece7194c22c1fc53b7f215c8f2260f0b820046c,structure,validation_loss.structure,g05_sign_only,g05_full_reconstruction,0.25,8,position_mae_z,41,primary,0.2198360366821289,0.22235004806518555,0.0025140113830566524,-0.0025140113830566524,37,28,0.5906645221710205,0.6034815797805786,662874c8682f33b52660fee3c6fa957e8d979097880ac7f50528d965ef21a6b9,6b8f65cff0c49a3913bff0c564effbb843b429f5fbde352cb92cbac083a8260f,False,Global-sign and absolute-sign metrics are secondary diagnostics: structure selection does not optimize global-sign performance; training still uses the unchanged total loss.,positive means g05_full_reconstruction is better
1692babe9d2153d97a0706d0bece7194c22c1fc53b7f215c8f2260f0b820046c,structure,validation_loss.structure,g05_sign_only,g05_full_reconstruction,0.25,8,mean_position_mae,41,primary,0.35994944763183595,0.36396265792846677,0.00401321029663082,-0.00401321029663082,37,28,0.5906645221710205,0.6034815797805786,662874c8682f33b52660fee3c6fa957e8d979097880ac7f50528d965ef21a6b9,6b8f65cff0c49a3913bff0c564effbb843b429f5fbde352cb92cbac083a8260f,False,Global-sign and absolute-sign metrics are secondary diagnostics: structure selection does not optimize global-sign performance; training still uses the unchanged total loss.,positive means g05_full_reconstruction is better
1692babe9d2153d97a0706d0bece7194c22c1fc53b7f215c8f2260f0b820046c,structure,validation_loss.structure,g05_sign_only,g05_full_reconstruction,0.25,8,mean_position_3d_error,41,primary,0.7332394638061523,0.7453684921264648,0.012129028320312485,-0.012129028320312485,37,28,0.5906645221710205,0.6034815797805786,662874c8682f33b52660fee3c6fa957e8d979097880ac7f50528d965ef21a6b9,6b8f65cff0c49a3913bff0c564effbb843b429f5fbde352cb92cbac083a8260f,False,Global-sign and absolute-sign metrics are secondary diagnostics: structure selection does not optimize global-sign performance; training still uses the unchanged total loss.,positive means g05_full_reconstruction is better
1692babe9d2153d97a0706d0bece7194c22c1fc53b7f215c8f2260f0b820046c,structure,validation_loss.structure,g05_sign_only,g05_full_reconstruction,0.25,8,charge_magnitude_mae,41,primary,0.15552479934692381,0.15650859451293944,0.0009837951660156274,-0.0009837951660156274,37,28,0.5906645221710205,0.6034815797805786,662874c8682f33b52660fee3c6fa957e8d979097880ac7f50528d965ef21a6b9,6b8f65cff0c49a3913bff0c564effbb843b429f5fbde352cb92cbac083a8260f,False,Global-sign and absolute-sign metrics are secondary diagnostics: structure selection does not optimize global-sign performance; training still uses the unchanged total loss.,positive means g05_full_reconstruction is better
1692babe9d2153d97a0706d0bece7194c22c1fc53b7f215c8f2260f0b820046c,structure,validation_loss.structure,g05_sign_only,g05_full_reconstruction,0.25,8,relative_sign_accuracy,41,primary,0.9627999954223633,0.9579999923706055,-0.004800003051757762,-0.004800003051757762,37,28,0.5906645221710205,0.6034815797805786,662874c8682f33b52660fee3c6fa957e8d979097880ac7f50528d965ef21a6b9,6b8f65cff0c49a3913bff0c564effbb843b429f5fbde352cb92cbac083a8260f,False,Global-sign and absolute-sign metrics are secondary diagnostics: structure selection does not optimize global-sign performance; training still uses the unchanged total loss.,positive means g05_full_reconstruction is better
1692babe9d2153d97a0706d0bece7194c22c1fc53b7f215c8f2260f0b820046c,structure,validation_loss.structure,g05_sign_only,g05_full_reconstruction,0.25,8,relative_configuration_accuracy,41,primary,0.915,0.908,-0.007000000000000006,-0.007000000000000006,37,28,0.5906645221710205,0.6034815797805786,662874c8682f33b52660fee3c6fa957e8d979097880ac7f50528d965ef21a6b9,6b8f65cff0c49a3913bff0c564effbb843b429f5fbde352cb92cbac083a8260f,False,Global-sign and absolute-sign metrics are secondary diagnostics: structure selection does not optimize global-sign performance; training still uses the unchanged total loss.,positive means g05_full_reconstruction is better
1692babe9d2153d97a0706d0bece7194c22c1fc53b7f215c8f2260f0b820046c,structure,validation_loss.structure,g05_sign_only,g05_full_reconstruction,0.25,8,pairwise_relative_sign_accuracy,41,primary,0.9505999984741211,0.9473999938964843,-0.003200004577636806,-0.003200004577636806,37,28,0.5906645221710205,0.6034815797805786,662874c8682f33b52660fee3c6fa957e8d979097880ac7f50528d965ef21a6b9,6b8f65cff0c49a3913bff0c564effbb843b429f5fbde352cb92cbac083a8260f,False,Global-sign and absolute-sign metrics are secondary diagnostics: structure selection does not optimize global-sign performance; training still uses the unchanged total loss.,positive means g05_full_reconstruction is better
1692babe9d2153d97a0706d0bece7194c22c1fc53b7f215c8f2260f0b820046c,structure,validation_loss.structure,g05_sign_only,g05_full_reconstruction,0.25,8,global_sign_accuracy,41,secondary,0.864,0.855,-0.009000000000000008,-0.009000000000000008,37,28,0.5906645221710205,0.6034815797805786,662874c8682f33b52660fee3c6fa957e8d979097880ac7f50528d965ef21a6b9,6b8f65cff0c49a3913bff0c564effbb843b429f5fbde352cb92cbac083a8260f,False,Global-sign and absolute-sign metrics are secondary diagnostics: structure selection does not optimize global-sign performance; training still uses the unchanged total loss.,positive means g05_full_reconstruction is better
1692babe9d2153d97a0706d0bece7194c22c1fc53b7f215c8f2260f0b820046c,structure,validation_loss.structure,g05_sign_only,g05_full_reconstruction,0.25,8,global_sign_bce,41,secondary,0.34991401290893553,0.3605832214355469,0.010669208526611351,-0.010669208526611351,37,28,0.5906645221710205,0.6034815797805786,662874c8682f33b52660fee3c6fa957e8d979097880ac7f50528d965ef21a6b9,6b8f65cff0c49a3913bff0c564effbb843b429f5fbde352cb92cbac083a8260f,False,Global-sign and absolute-sign metrics are secondary diagnostics: structure selection does not optimize global-sign performance; training still uses the unchanged total loss.,positive means g05_full_reconstruction is better
1692babe9d2153d97a0706d0bece7194c22c1fc53b7f215c8f2260f0b820046c,structure,validation_loss.structure,g05_sign_only,g05_full_reconstruction,0.25,8,absolute_sign_accuracy,41,secondary,0.8867999954223633,0.8722000045776367,-0.014599990844726629,-0.014599990844726629,37,28,0.5906645221710205,0.6034815797805786,662874c8682f33b52660fee3c6fa957e8d979097880ac7f50528d965ef21a6b9,6b8f65cff0c49a3913bff0c564effbb843b429f5fbde352cb92cbac083a8260f,False,Global-sign and absolute-sign metrics are secondary diagnostics: structure selection does not optimize global-sign performance; training still uses the unchanged total loss.,positive means g05_full_reconstruction is better
1692babe9d2153d97a0706d0bece7194c22c1fc53b7f215c8f2260f0b820046c,structure,validation_loss.structure,g05_sign_only,g05_full_reconstruction,0.25,8,absolute_sign_set_accuracy,41,secondary,0.847,0.829,-0.018000000000000016,-0.018000000000000016,37,28,0.5906645221710205,0.6034815797805786,662874c8682f33b52660fee3c6fa957e8d979097880ac7f50528d965ef21a6b9,6b8f65cff0c49a3913bff0c564effbb843b429f5fbde352cb92cbac083a8260f,False,Global-sign and absolute-sign metrics are secondary diagnostics: structure selection does not optimize global-sign performance; training still uses the unchanged total loss.,positive means g05_full_reconstruction is better
1692babe9d2153d97a0706d0bece7194c22c1fc53b7f215c8f2260f0b820046c,structure,validation_loss.structure,g05_sign_only,g05_full_reconstruction,0.25,8,charge_mae,41,secondary,0.2781946067810059,0.29765269088745117,0.019458084106445284,-0.019458084106445284,37,28,0.5906645221710205,0.6034815797805786,662874c8682f33b52660fee3c6fa957e8d979097880ac7f50528d965ef21a6b9,6b8f65cff0c49a3913bff0c564effbb843b429f5fbde352cb92cbac083a8260f,False,Global-sign and absolute-sign metrics are secondary diagnostics: structure selection does not optimize global-sign performance; training still uses the unchanged total loss.,positive means g05_full_reconstruction is better
1692babe9d2153d97a0706d0bece7194c22c1fc53b7f215c8f2260f0b820046c,structure,validation_loss.structure,g05_sign_only,g05_full_reconstruction,0.25,8,global_invariant_charge_mae,41,secondary,0.19086493301391602,0.1938388271331787,0.0029738941192626878,-0.0029738941192626878,37,28,0.5906645221710205,0.6034815797805786,662874c8682f33b52660fee3c6fa957e8d979097880ac7f50528d965ef21a6b9,6b8f65cff0c49a3913bff0c564effbb843b429f5fbde352cb92cbac083a8260f,False,Global-sign and absolute-sign metrics are secondary diagnostics: structure selection does not optimize global-sign performance; training still uses the unchanged total loss.,positive means g05_full_reconstruction is better
1692babe9d2153d97a0706d0bece7194c22c1fc53b7f215c8f2260f0b820046c,structure,validation_loss.structure,g05_sign_only,g05_full_reconstruction,0.5,16,position_mae_x,41,primary,0.44510157012939455,0.4767391967773438,0.031637626647949224,-0.031637626647949224,37,25,0.5906645221710205,0.6160225253105164,c565131aab8b430b2ab0a6f95e28c0c55fcef42fd30500bb22b6fe4abc539298,2e76912911c39b01d6ff4e40ce27742f781297ee8899de83b8ce0cade350b129,False,Global-sign and absolute-sign metrics are secondary diagnostics: structure selection does not optimize global-sign performance; training still uses the unchanged total loss.,positive means g05_full_reconstruction is better
1692babe9d2153d97a0706d0bece7194c22c1fc53b7f215c8f2260f0b820046c,structure,validation_loss.structure,g05_sign_only,g05_full_reconstruction,0.5,16,position_mae_y,41,primary,0.41491066360473633,0.43863385009765626,0.023723186492919934,-0.023723186492919934,37,25,0.5906645221710205,0.6160225253105164,c565131aab8b430b2ab0a6f95e28c0c55fcef42fd30500bb22b6fe4abc539298,2e76912911c39b01d6ff4e40ce27742f781297ee8899de83b8ce0cade350b129,False,Global-sign and absolute-sign metrics are secondary diagnostics: structure selection does not optimize global-sign performance; training still uses the unchanged total loss.,positive means g05_full_reconstruction is better
1692babe9d2153d97a0706d0bece7194c22c1fc53b7f215c8f2260f0b820046c,structure,validation_loss.structure,g05_sign_only,g05_full_reconstruction,0.5,16,position_mae_z,41,primary,0.2198360366821289,0.224801664352417,0.004965627670288103,-0.004965627670288103,37,25,0.5906645221710205,0.6160225253105164,c565131aab8b430b2ab0a6f95e28c0c55fcef42fd30500bb22b6fe4abc539298,2e76912911c39b01d6ff4e40ce27742f781297ee8899de83b8ce0cade350b129,False,Global-sign and absolute-sign metrics are secondary diagnostics: structure selection does not optimize global-sign performance; training still uses the unchanged total loss.,positive means g05_full_reconstruction is better
1692babe9d2153d97a0706d0bece7194c22c1fc53b7f215c8f2260f0b820046c,structure,validation_loss.structure,g05_sign_only,g05_full_reconstruction,0.5,16,mean_position_mae,41,primary,0.35994944763183595,0.38005825424194334,0.020108806610107388,-0.020108806610107388,37,25,0.5906645221710205,0.6160225253105164,c565131aab8b430b2ab0a6f95e28c0c55fcef42fd30500bb22b6fe4abc539298,2e76912911c39b01d6ff4e40ce27742f781297ee8899de83b8ce0cade350b129,False,Global-sign and absolute-sign metrics are secondary diagnostics: structure selection does not optimize global-sign performance; training still uses the unchanged total loss.,positive means g05_full_reconstruction is better
1692babe9d2153d97a0706d0bece7194c22c1fc53b7f215c8f2260f0b820046c,structure,validation_loss.structure,g05_sign_only,g05_full_reconstruction,0.5,16,mean_position_3d_error,41,primary,0.7332394638061523,0.775558120727539,0.0423186569213867,-0.0423186569213867,37,25,0.5906645221710205,0.6160225253105164,c565131aab8b430b2ab0a6f95e28c0c55fcef42fd30500bb22b6fe4abc539298,2e76912911c39b01d6ff4e40ce27742f781297ee8899de83b8ce0cade350b129,False,Global-sign and absolute-sign metrics are secondary diagnostics: structure selection does not optimize global-sign performance; training still uses the unchanged total loss.,positive means g05_full_reconstruction is better
1692babe9d2153d97a0706d0bece7194c22c1fc53b7f215c8f2260f0b820046c,structure,validation_loss.structure,g05_sign_only,g05_full_reconstruction,0.5,16,charge_magnitude_mae,41,primary,0.15552479934692381,0.1560696201324463,0.0005448207855224818,-0.0005448207855224818,37,25,0.5906645221710205,0.6160225253105164,c565131aab8b430b2ab0a6f95e28c0c55fcef42fd30500bb22b6fe4abc539298,2e76912911c39b01d6ff4e40ce27742f781297ee8899de83b8ce0cade350b129,False,Global-sign and absolute-sign metrics are secondary diagnostics: structure selection does not optimize global-sign performance; training still uses the unchanged total loss.,positive means g05_full_reconstruction is better
1692babe9d2153d97a0706d0bece7194c22c1fc53b7f215c8f2260f0b820046c,structure,validation_loss.structure,g05_sign_only,g05_full_reconstruction,0.5,16,relative_sign_accuracy,41,primary,0.9627999954223633,0.9575999908447266,-0.0052000045776366965,-0.0052000045776366965,37,25,0.5906645221710205,0.6160225253105164,c565131aab8b430b2ab0a6f95e28c0c55fcef42fd30500bb22b6fe4abc539298,2e76912911c39b01d6ff4e40ce27742f781297ee8899de83b8ce0cade350b129,False,Global-sign and absolute-sign metrics are secondary diagnostics: structure selection does not optimize global-sign performance; training still uses the unchanged total loss.,positive means g05_full_reconstruction is better
1692babe9d2153d97a0706d0bece7194c22c1fc53b7f215c8f2260f0b820046c,structure,validation_loss.structure,g05_sign_only,g05_full_reconstruction,0.5,16,relative_configuration_accuracy,41,primary,0.915,0.908,-0.007000000000000006,-0.007000000000000006,37,25,0.5906645221710205,0.6160225253105164,c565131aab8b430b2ab0a6f95e28c0c55fcef42fd30500bb22b6fe4abc539298,2e76912911c39b01d6ff4e40ce27742f781297ee8899de83b8ce0cade350b129,False,Global-sign and absolute-sign metrics are secondary diagnostics: structure selection does not optimize global-sign performance; training still uses the unchanged total loss.,positive means g05_full_reconstruction is better
1692babe9d2153d97a0706d0bece7194c22c1fc53b7f215c8f2260f0b820046c,structure,validation_loss.structure,g05_sign_only,g05_full_reconstruction,0.5,16,pairwise_relative_sign_accuracy,41,primary,0.9505999984741211,0.9475999984741211,-0.0030000000000000027,-0.0030000000000000027,37,25,0.5906645221710205,0.6160225253105164,c565131aab8b430b2ab0a6f95e28c0c55fcef42fd30500bb22b6fe4abc539298,2e76912911c39b01d6ff4e40ce27742f781297ee8899de83b8ce0cade350b129,False,Global-sign and absolute-sign metrics are secondary diagnostics: structure selection does not optimize global-sign performance; training still uses the unchanged total loss.,positive means g05_full_reconstruction is better
1692babe9d2153d97a0706d0bece7194c22c1fc53b7f215c8f2260f0b820046c,structure,validation_loss.structure,g05_sign_only,g05_full_reconstruction,0.5,16,global_sign_accuracy,41,secondary,0.862,0.86,-0.0020000000000000018,-0.0020000000000000018,37,25,0.5906645221710205,0.6160225253105164,c565131aab8b430b2ab0a6f95e28c0c55fcef42fd30500bb22b6fe4abc539298,2e76912911c39b01d6ff4e40ce27742f781297ee8899de83b8ce0cade350b129,False,Global-sign and absolute-sign metrics are secondary diagnostics: structure selection does not optimize global-sign performance; training still uses the unchanged total loss.,positive means g05_full_reconstruction is better
1692babe9d2153d97a0706d0bece7194c22c1fc53b7f215c8f2260f0b820046c,structure,validation_loss.structure,g05_sign_only,g05_full_reconstruction,0.5,16,global_sign_bce,41,secondary,0.3452809066772461,0.35395320892333987,0.008672302246093777,-0.008672302246093777,37,25,0.5906645221710205,0.6160225253105164,c565131aab8b430b2ab0a6f95e28c0c55fcef42fd30500bb22b6fe4abc539298,2e76912911c39b01d6ff4e40ce27742f781297ee8899de83b8ce0cade350b129,False,Global-sign and absolute-sign metrics are secondary diagnostics: structure selection does not optimize global-sign performance; training still uses the unchanged total loss.,positive means g05_full_reconstruction is better
1692babe9d2153d97a0706d0bece7194c22c1fc53b7f215c8f2260f0b820046c,structure,validation_loss.structure,g05_sign_only,g05_full_reconstruction,0.5,16,absolute_sign_accuracy,41,secondary,0.88,0.88,0.0,0.0,37,25,0.5906645221710205,0.6160225253105164,c565131aab8b430b2ab0a6f95e28c0c55fcef42fd30500bb22b6fe4abc539298,2e76912911c39b01d6ff4e40ce27742f781297ee8899de83b8ce0cade350b129,False,Global-sign and absolute-sign metrics are secondary diagnostics: structure selection does not optimize global-sign performance; training still uses the unchanged total loss.,positive means g05_full_reconstruction is better
1692babe9d2153d97a0706d0bece7194c22c1fc53b7f215c8f2260f0b820046c,structure,validation_loss.structure,g05_sign_only,g05_full_reconstruction,0.5,16,absolute_sign_set_accuracy,41,secondary,0.841,0.84,-0.0010000000000000009,-0.0010000000000000009,37,25,0.5906645221710205,0.6160225253105164,c565131aab8b430b2ab0a6f95e28c0c55fcef42fd30500bb22b6fe4abc539298,2e76912911c39b01d6ff4e40ce27742f781297ee8899de83b8ce0cade350b129,False,Global-sign and absolute-sign metrics are secondary diagnostics: structure selection does not optimize global-sign performance; training still uses the unchanged total loss.,positive means g05_full_reconstruction is better
1692babe9d2153d97a0706d0bece7194c22c1fc53b7f215c8f2260f0b820046c,structure,validation_loss.structure,g05_sign_only,g05_full_reconstruction,0.5,16,charge_mae,41,secondary,0.2870969715118408,0.28798665046691896,0.0008896789550781325,-0.0008896789550781325,37,25,0.5906645221710205,0.6160225253105164,c565131aab8b430b2ab0a6f95e28c0c55fcef42fd30500bb22b6fe4abc539298,2e76912911c39b01d6ff4e40ce27742f781297ee8899de83b8ce0cade350b129,False,Global-sign and absolute-sign metrics are secondary diagnostics: structure selection does not optimize global-sign performance; training still uses the unchanged total loss.,positive means g05_full_reconstruction is better
1692babe9d2153d97a0706d0bece7194c22c1fc53b7f215c8f2260f0b820046c,structure,validation_loss.structure,g05_sign_only,g05_full_reconstruction,0.5,16,global_invariant_charge_mae,41,secondary,0.19086493301391602,0.19319739151000975,0.002332458496093731,-0.002332458496093731,37,25,0.5906645221710205,0.6160225253105164,c565131aab8b430b2ab0a6f95e28c0c55fcef42fd30500bb22b6fe4abc539298,2e76912911c39b01d6ff4e40ce27742f781297ee8899de83b8ce0cade350b129,False,Global-sign and absolute-sign metrics are secondary diagnostics: structure selection does not optimize global-sign performance; training still uses the unchanged total loss.,positive means g05_full_reconstruction is better
1692babe9d2153d97a0706d0bece7194c22c1fc53b7f215c8f2260f0b820046c,structure,validation_loss.structure,g05_sign_only,g05_full_reconstruction,0.75,24,position_mae_x,41,primary,0.44510157012939455,0.46193317794799804,0.01683160781860349,-0.01683160781860349,37,34,0.5906645221710205,0.602596776008606,d55cbe85d9a9b6b086c7f796307da81375d9ac53379632199b64c6a481f0cba2,1880b8d860fe4bd6a5ef849cc1d83f74d3806886f50134656ec03d4ff2c18b6f,False,Global-sign and absolute-sign metrics are secondary diagnostics: structure selection does not optimize global-sign performance; training still uses the unchanged total loss.,positive means g05_full_reconstruction is better
1692babe9d2153d97a0706d0bece7194c22c1fc53b7f215c8f2260f0b820046c,structure,validation_loss.structure,g05_sign_only,g05_full_reconstruction,0.75,24,position_mae_y,41,primary,0.41491066360473633,0.4041538581848145,-0.010756805419921855,0.010756805419921855,37,34,0.5906645221710205,0.602596776008606,d55cbe85d9a9b6b086c7f796307da81375d9ac53379632199b64c6a481f0cba2,1880b8d860fe4bd6a5ef849cc1d83f74d3806886f50134656ec03d4ff2c18b6f,False,Global-sign and absolute-sign metrics are secondary diagnostics: structure selection does not optimize global-sign performance; training still uses the unchanged total loss.,positive means g05_full_reconstruction is better
1692babe9d2153d97a0706d0bece7194c22c1fc53b7f215c8f2260f0b820046c,structure,validation_loss.structure,g05_sign_only,g05_full_reconstruction,0.75,24,position_mae_z,41,primary,0.2198360366821289,0.22417337799072265,0.004337341308593756,-0.004337341308593756,37,34,0.5906645221710205,0.602596776008606,d55cbe85d9a9b6b086c7f796307da81375d9ac53379632199b64c6a481f0cba2,1880b8d860fe4bd6a5ef849cc1d83f74d3806886f50134656ec03d4ff2c18b6f,False,Global-sign and absolute-sign metrics are secondary diagnostics: structure selection does not optimize global-sign performance; training still uses the unchanged total loss.,positive means g05_full_reconstruction is better
1692babe9d2153d97a0706d0bece7194c22c1fc53b7f215c8f2260f0b820046c,structure,validation_loss.structure,g05_sign_only,g05_full_reconstruction,0.75,24,mean_position_mae,41,primary,0.35994944763183595,0.3634201507568359,0.0034707031249999742,-0.0034707031249999742,37,34,0.5906645221710205,0.602596776008606,d55cbe85d9a9b6b086c7f796307da81375d9ac53379632199b64c6a481f0cba2,1880b8d860fe4bd6a5ef849cc1d83f74d3806886f50134656ec03d4ff2c18b6f,False,Global-sign and absolute-sign metrics are secondary diagnostics: structure selection does not optimize global-sign performance; training still uses the unchanged total loss.,positive means g05_full_reconstruction is better
1692babe9d2153d97a0706d0bece7194c22c1fc53b7f215c8f2260f0b820046c,structure,validation_loss.structure,g05_sign_only,g05_full_reconstruction,0.75,24,mean_position_3d_error,41,primary,0.7332394638061523,0.74100244140625,0.007762977600097698,-0.007762977600097698,37,34,0.5906645221710205,0.602596776008606,d55cbe85d9a9b6b086c7f796307da81375d9ac53379632199b64c6a481f0cba2,1880b8d860fe4bd6a5ef849cc1d83f74d3806886f50134656ec03d4ff2c18b6f,False,Global-sign and absolute-sign metrics are secondary diagnostics: structure selection does not optimize global-sign performance; training still uses the unchanged total loss.,positive means g05_full_reconstruction is better
1692babe9d2153d97a0706d0bece7194c22c1fc53b7f215c8f2260f0b820046c,structure,validation_loss.structure,g05_sign_only,g05_full_reconstruction,0.75,24,charge_magnitude_mae,41,primary,0.15552479934692381,0.15620050430297852,0.0006757049560547068,-0.0006757049560547068,37,34,0.5906645221710205,0.602596776008606,d55cbe85d9a9b6b086c7f796307da81375d9ac53379632199b64c6a481f0cba2,1880b8d860fe4bd6a5ef849cc1d83f74d3806886f50134656ec03d4ff2c18b6f,False,Global-sign and absolute-sign metrics are secondary diagnostics: structure selection does not optimize global-sign performance; training still uses the unchanged total loss.,positive means g05_full_reconstruction is better
1692babe9d2153d97a0706d0bece7194c22c1fc53b7f215c8f2260f0b820046c,structure,validation_loss.structure,g05_sign_only,g05_full_reconstruction,0.75,24,relative_sign_accuracy,41,primary,0.9627999954223633,0.9567999877929687,-0.006000007629394566,-0.006000007629394566,37,34,0.5906645221710205,0.602596776008606,d55cbe85d9a9b6b086c7f796307da81375d9ac53379632199b64c6a481f0cba2,1880b8d860fe4bd6a5ef849cc1d83f74d3806886f50134656ec03d4ff2c18b6f,False,Global-sign and absolute-sign metrics are secondary diagnostics: structure selection does not optimize global-sign performance; training still uses the unchanged total loss.,positive means g05_full_reconstruction is better
1692babe9d2153d97a0706d0bece7194c22c1fc53b7f215c8f2260f0b820046c,structure,validation_loss.structure,g05_sign_only,g05_full_reconstruction,0.75,24,relative_configuration_accuracy,41,primary,0.915,0.904,-0.01100000000000001,-0.01100000000000001,37,34,0.5906645221710205,0.602596776008606,d55cbe85d9a9b6b086c7f796307da81375d9ac53379632199b64c6a481f0cba2,1880b8d860fe4bd6a5ef849cc1d83f74d3806886f50134656ec03d4ff2c18b6f,False,Global-sign and absolute-sign metrics are secondary diagnostics: structure selection does not optimize global-sign performance; training still uses the unchanged total loss.,positive means g05_full_reconstruction is better
1692babe9d2153d97a0706d0bece7194c22c1fc53b7f215c8f2260f0b820046c,structure,validation_loss.structure,g05_sign_only,g05_full_reconstruction,0.75,24,pairwise_relative_sign_accuracy,41,primary,0.9505999984741211,0.9448000106811524,-0.005799987792968753,-0.005799987792968753,37,34,0.5906645221710205,0.602596776008606,d55cbe85d9a9b6b086c7f796307da81375d9ac53379632199b64c6a481f0cba2,1880b8d860fe4bd6a5ef849cc1d83f74d3806886f50134656ec03d4ff2c18b6f,False,Global-sign and absolute-sign metrics are secondary diagnostics: structure selection does not optimize global-sign performance; training still uses the unchanged total loss.,positive means g05_full_reconstruction is better
1692babe9d2153d97a0706d0bece7194c22c1fc53b7f215c8f2260f0b820046c,structure,validation_loss.structure,g05_sign_only,g05_full_reconstruction,0.75,24,global_sign_accuracy,41,secondary,0.867,0.867,0.0,0.0,37,34,0.5906645221710205,0.602596776008606,d55cbe85d9a9b6b086c7f796307da81375d9ac53379632199b64c6a481f0cba2,1880b8d860fe4bd6a5ef849cc1d83f74d3806886f50134656ec03d4ff2c18b6f,False,Global-sign and absolute-sign metrics are secondary diagnostics: structure selection does not optimize global-sign performance; training still uses the unchanged total loss.,positive means g05_full_reconstruction is better
1692babe9d2153d97a0706d0bece7194c22c1fc53b7f215c8f2260f0b820046c,structure,validation_loss.structure,g05_sign_only,g05_full_reconstruction,0.75,24,global_sign_bce,41,secondary,0.34232909393310545,0.34574879455566404,0.0034197006225585858,-0.0034197006225585858,37,34,0.5906645221710205,0.602596776008606,d55cbe85d9a9b6b086c7f796307da81375d9ac53379632199b64c6a481f0cba2,1880b8d860fe4bd6a5ef849cc1d83f74d3806886f50134656ec03d4ff2c18b6f,False,Global-sign and absolute-sign metrics are secondary diagnostics: structure selection does not optimize global-sign performance; training still uses the unchanged total loss.,positive means g05_full_reconstruction is better
1692babe9d2153d97a0706d0bece7194c22c1fc53b7f215c8f2260f0b820046c,structure,validation_loss.structure,g05_sign_only,g05_full_reconstruction,0.75,24,absolute_sign_accuracy,41,secondary,0.885,0.8758000030517578,-0.00919999694824225,-0.00919999694824225,37,34,0.5906645221710205,0.602596776008606,d55cbe85d9a9b6b086c7f796307da81375d9ac53379632199b64c6a481f0cba2,1880b8d860fe4bd6a5ef849cc1d83f74d3806886f50134656ec03d4ff2c18b6f,False,Global-sign and absolute-sign metrics are secondary diagnostics: structure selection does not optimize global-sign performance; training still uses the unchanged total loss.,positive means g05_full_reconstruction is better
1692babe9d2153d97a0706d0bece7194c22c1fc53b7f215c8f2260f0b820046c,structure,validation_loss.structure,g05_sign_only,g05_full_reconstruction,0.75,24,absolute_sign_set_accuracy,41,secondary,0.847,0.831,-0.016000000000000014,-0.016000000000000014,37,34,0.5906645221710205,0.602596776008606,d55cbe85d9a9b6b086c7f796307da81375d9ac53379632199b64c6a481f0cba2,1880b8d860fe4bd6a5ef849cc1d83f74d3806886f50134656ec03d4ff2c18b6f,False,Global-sign and absolute-sign metrics are secondary diagnostics: structure selection does not optimize global-sign performance; training still uses the unchanged total loss.,positive means g05_full_reconstruction is better
1692babe9d2153d97a0706d0bece7194c22c1fc53b7f215c8f2260f0b820046c,structure,validation_loss.structure,g05_sign_only,g05_full_reconstruction,0.75,24,charge_mae,41,secondary,0.2811720142364502,0.29477050399780275,0.013598489761352528,-0.013598489761352528,37,34,0.5906645221710205,0.602596776008606,d55cbe85d9a9b6b086c7f796307da81375d9ac53379632199b64c6a481f0cba2,1880b8d860fe4bd6a5ef849cc1d83f74d3806886f50134656ec03d4ff2c18b6f,False,Global-sign and absolute-sign metrics are secondary diagnostics: structure selection does not optimize global-sign performance; training still uses the unchanged total loss.,positive means g05_full_reconstruction is better
1692babe9d2153d97a0706d0bece7194c22c1fc53b7f215c8f2260f0b820046c,structure,validation_loss.structure,g05_sign_only,g05_full_reconstruction,0.75,24,global_invariant_charge_mae,41,secondary,0.19086493301391602,0.19695333671569823,0.006088403701782208,-0.006088403701782208,37,34,0.5906645221710205,0.602596776008606,d55cbe85d9a9b6b086c7f796307da81375d9ac53379632199b64c6a481f0cba2,1880b8d860fe4bd6a5ef849cc1d83f74d3806886f50134656ec03d4ff2c18b6f,False,Global-sign and absolute-sign metrics are secondary diagnostics: structure selection does not optimize global-sign performance; training still uses the unchanged total loss.,positive means g05_full_reconstruction is better
1692babe9d2153d97a0706d0bece7194c22c1fc53b7f215c8f2260f0b820046c,structure,validation_loss.structure,g05_sign_only,g05_full_reconstruction,1.0,32,position_mae_x,41,primary,0.44510157012939455,0.4664375076293945,0.021335937499999957,-0.021335937499999957,37,35,0.5906645221710205,0.6009179449081421,47b3174b2f652a11ce0070b207812d8402a0b11b747b285bb57f8dbd1f130622,acf3506459d6e62455fedcc8350d9ccff12c10b0d636787f2b15c50adf587839,False,Global-sign and absolute-sign metrics are secondary diagnostics: structure selection does not optimize global-sign performance; training still uses the unchanged total loss.,positive means g05_full_reconstruction is better
1692babe9d2153d97a0706d0bece7194c22c1fc53b7f215c8f2260f0b820046c,structure,validation_loss.structure,g05_sign_only,g05_full_reconstruction,1.0,32,position_mae_y,41,primary,0.41491066360473633,0.4214212532043457,0.006510589599609373,-0.006510589599609373,37,35,0.5906645221710205,0.6009179449081421,47b3174b2f652a11ce0070b207812d8402a0b11b747b285bb57f8dbd1f130622,acf3506459d6e62455fedcc8350d9ccff12c10b0d636787f2b15c50adf587839,False,Global-sign and absolute-sign metrics are secondary diagnostics: structure selection does not optimize global-sign performance; training still uses the unchanged total loss.,positive means g05_full_reconstruction is better
1692babe9d2153d97a0706d0bece7194c22c1fc53b7f215c8f2260f0b820046c,structure,validation_loss.structure,g05_sign_only,g05_full_reconstruction,1.0,32,position_mae_z,41,primary,0.2198360366821289,0.22389054489135743,0.004054508209228536,-0.004054508209228536,37,35,0.5906645221710205,0.6009179449081421,47b3174b2f652a11ce0070b207812d8402a0b11b747b285bb57f8dbd1f130622,acf3506459d6e62455fedcc8350d9ccff12c10b0d636787f2b15c50adf587839,False,Global-sign and absolute-sign metrics are secondary diagnostics: structure selection does not optimize global-sign performance; training still uses the unchanged total loss.,positive means g05_full_reconstruction is better
1692babe9d2153d97a0706d0bece7194c22c1fc53b7f215c8f2260f0b820046c,structure,validation_loss.structure,g05_sign_only,g05_full_reconstruction,1.0,32,mean_position_mae,41,primary,0.35994944763183595,0.37058311462402344,0.010633666992187485,-0.010633666992187485,37,35,0.5906645221710205,0.6009179449081421,47b3174b2f652a11ce0070b207812d8402a0b11b747b285bb57f8dbd1f130622,acf3506459d6e62455fedcc8350d9ccff12c10b0d636787f2b15c50adf587839,False,Global-sign and absolute-sign metrics are secondary diagnostics: structure selection does not optimize global-sign performance; training still uses the unchanged total loss.,positive means g05_full_reconstruction is better
1692babe9d2153d97a0706d0bece7194c22c1fc53b7f215c8f2260f0b820046c,structure,validation_loss.structure,g05_sign_only,g05_full_reconstruction,1.0,32,mean_position_3d_error,41,primary,0.7332394638061523,0.7555088500976562,0.02226938629150388,-0.02226938629150388,37,35,0.5906645221710205,0.6009179449081421,47b3174b2f652a11ce0070b207812d8402a0b11b747b285bb57f8dbd1f130622,acf3506459d6e62455fedcc8350d9ccff12c10b0d636787f2b15c50adf587839,False,Global-sign and absolute-sign metrics are secondary diagnostics: structure selection does not optimize global-sign performance; training still uses the unchanged total loss.,positive means g05_full_reconstruction is better
1692babe9d2153d97a0706d0bece7194c22c1fc53b7f215c8f2260f0b820046c,structure,validation_loss.structure,g05_sign_only,g05_full_reconstruction,1.0,32,charge_magnitude_mae,41,primary,0.15552479934692381,0.1549491500854492,-0.0005756492614746034,0.0005756492614746034,37,35,0.5906645221710205,0.6009179449081421,47b3174b2f652a11ce0070b207812d8402a0b11b747b285bb57f8dbd1f130622,acf3506459d6e62455fedcc8350d9ccff12c10b0d636787f2b15c50adf587839,False,Global-sign and absolute-sign metrics are secondary diagnostics: structure selection does not optimize global-sign performance; training still uses the unchanged total loss.,positive means g05_full_reconstruction is better
1692babe9d2153d97a0706d0bece7194c22c1fc53b7f215c8f2260f0b820046c,structure,validation_loss.structure,g05_sign_only,g05_full_reconstruction,1.0,32,relative_sign_accuracy,41,primary,0.9627999954223633,0.9579999923706055,-0.004800003051757762,-0.004800003051757762,37,35,0.5906645221710205,0.6009179449081421,47b3174b2f652a11ce0070b207812d8402a0b11b747b285bb57f8dbd1f130622,acf3506459d6e62455fedcc8350d9ccff12c10b0d636787f2b15c50adf587839,False,Global-sign and absolute-sign metrics are secondary diagnostics: structure selection does not optimize global-sign performance; training still uses the unchanged total loss.,positive means g05_full_reconstruction is better
1692babe9d2153d97a0706d0bece7194c22c1fc53b7f215c8f2260f0b820046c,structure,validation_loss.structure,g05_sign_only,g05_full_reconstruction,1.0,32,relative_configuration_accuracy,41,primary,0.915,0.906,-0.009000000000000008,-0.009000000000000008,37,35,0.5906645221710205,0.6009179449081421,47b3174b2f652a11ce0070b207812d8402a0b11b747b285bb57f8dbd1f130622,acf3506459d6e62455fedcc8350d9ccff12c10b0d636787f2b15c50adf587839,False,Global-sign and absolute-sign metrics are secondary diagnostics: structure selection does not optimize global-sign performance; training still uses the unchanged total loss.,positive means g05_full_reconstruction is better
1692babe9d2153d97a0706d0bece7194c22c1fc53b7f215c8f2260f0b820046c,structure,validation_loss.structure,g05_sign_only,g05_full_reconstruction,1.0,32,pairwise_relative_sign_accuracy,41,primary,0.9505999984741211,0.9458000183105468,-0.004799980163574302,-0.004799980163574302,37,35,0.5906645221710205,0.6009179449081421,47b3174b2f652a11ce0070b207812d8402a0b11b747b285bb57f8dbd1f130622,acf3506459d6e62455fedcc8350d9ccff12c10b0d636787f2b15c50adf587839,False,Global-sign and absolute-sign metrics are secondary diagnostics: structure selection does not optimize global-sign performance; training still uses the unchanged total loss.,positive means g05_full_reconstruction is better
1692babe9d2153d97a0706d0bece7194c22c1fc53b7f215c8f2260f0b820046c,structure,validation_loss.structure,g05_sign_only,g05_full_reconstruction,1.0,32,global_sign_accuracy,41,secondary,0.864,0.866,0.0020000000000000018,0.0020000000000000018,37,35,0.5906645221710205,0.6009179449081421,47b3174b2f652a11ce0070b207812d8402a0b11b747b285bb57f8dbd1f130622,acf3506459d6e62455fedcc8350d9ccff12c10b0d636787f2b15c50adf587839,False,Global-sign and absolute-sign metrics are secondary diagnostics: structure selection does not optimize global-sign performance; training still uses the unchanged total loss.,positive means g05_full_reconstruction is better
1692babe9d2153d97a0706d0bece7194c22c1fc53b7f215c8f2260f0b820046c,structure,validation_loss.structure,g05_sign_only,g05_full_reconstruction,1.0,32,global_sign_bce,41,secondary,0.3403714141845703,0.3399958381652832,-0.0003755760192870605,0.0003755760192870605,37,35,0.5906645221710205,0.6009179449081421,47b3174b2f652a11ce0070b207812d8402a0b11b747b285bb57f8dbd1f130622,acf3506459d6e62455fedcc8350d9ccff12c10b0d636787f2b15c50adf587839,False,Global-sign and absolute-sign metrics are secondary diagnostics: structure selection does not optimize global-sign performance; training still uses the unchanged total loss.,positive means g05_full_reconstruction is better
1692babe9d2153d97a0706d0bece7194c22c1fc53b7f215c8f2260f0b820046c,structure,validation_loss.structure,g05_sign_only,g05_full_reconstruction,1.0,32,absolute_sign_accuracy,41,secondary,0.8828000030517578,0.8800000076293946,-0.0027999954223631995,-0.0027999954223631995,37,35,0.5906645221710205,0.6009179449081421,47b3174b2f652a11ce0070b207812d8402a0b11b747b285bb57f8dbd1f130622,acf3506459d6e62455fedcc8350d9ccff12c10b0d636787f2b15c50adf587839,False,Global-sign and absolute-sign metrics are secondary diagnostics: structure selection does not optimize global-sign performance; training still uses the unchanged total loss.,positive means g05_full_reconstruction is better
1692babe9d2153d97a0706d0bece7194c22c1fc53b7f215c8f2260f0b820046c,structure,validation_loss.structure,g05_sign_only,g05_full_reconstruction,1.0,32,absolute_sign_set_accuracy,41,secondary,0.844,0.836,-0.008000000000000007,-0.008000000000000007,37,35,0.5906645221710205,0.6009179449081421,47b3174b2f652a11ce0070b207812d8402a0b11b747b285bb57f8dbd1f130622,acf3506459d6e62455fedcc8350d9ccff12c10b0d636787f2b15c50adf587839,False,Global-sign and absolute-sign metrics are secondary diagnostics: structure selection does not optimize global-sign performance; training still uses the unchanged total loss.,positive means g05_full_reconstruction is better
1692babe9d2153d97a0706d0bece7194c22c1fc53b7f215c8f2260f0b820046c,structure,validation_loss.structure,g05_sign_only,g05_full_reconstruction,1.0,32,charge_mae,41,secondary,0.28409596824645994,0.289014705657959,0.004918737411499063,-0.004918737411499063,37,35,0.5906645221710205,0.6009179449081421,47b3174b2f652a11ce0070b207812d8402a0b11b747b285bb57f8dbd1f130622,acf3506459d6e62455fedcc8350d9ccff12c10b0d636787f2b15c50adf587839,False,Global-sign and absolute-sign metrics are secondary diagnostics: structure selection does not optimize global-sign performance; training still uses the unchanged total loss.,positive means g05_full_reconstruction is better
1692babe9d2153d97a0706d0bece7194c22c1fc53b7f215c8f2260f0b820046c,structure,validation_loss.structure,g05_sign_only,g05_full_reconstruction,1.0,32,global_invariant_charge_mae,41,secondary,0.19086493301391602,0.19488438606262207,0.004019453048706045,-0.004019453048706045,37,35,0.5906645221710205,0.6009179449081421,47b3174b2f652a11ce0070b207812d8402a0b11b747b285bb57f8dbd1f130622,acf3506459d6e62455fedcc8350d9ccff12c10b0d636787f2b15c50adf587839,False,Global-sign and absolute-sign metrics are secondary diagnostics: structure selection does not optimize global-sign performance; training still uses the unchanged total loss.,positive means g05_full_reconstruction is better
1692babe9d2153d97a0706d0bece7194c22c1fc53b7f215c8f2260f0b820046c,total,validation_loss.total,g05_sign_only,g05_full_reconstruction,0.0,0,position_mae_x,41,primary,0.44510157012939455,0.44510157012939455,0.0,-0.0,37,37,0.5906645221710205,0.5906645221710205,f56e5ea3c50e73b994d46437056b262e27904035ea2e1c76c2459729f9c1064a,8ea078f3c54310bed7eab8fd12c9c6870c9e0b8481d3d4e7e9d6aee0ab7efa9d,False,Total selection includes global-sign loss only with observed G05 and nonzero global-sign weight.,positive means g05_full_reconstruction is better
1692babe9d2153d97a0706d0bece7194c22c1fc53b7f215c8f2260f0b820046c,total,validation_loss.total,g05_sign_only,g05_full_reconstruction,0.0,0,position_mae_y,41,primary,0.41491066360473633,0.41491066360473633,0.0,-0.0,37,37,0.5906645221710205,0.5906645221710205,f56e5ea3c50e73b994d46437056b262e27904035ea2e1c76c2459729f9c1064a,8ea078f3c54310bed7eab8fd12c9c6870c9e0b8481d3d4e7e9d6aee0ab7efa9d,False,Total selection includes global-sign loss only with observed G05 and nonzero global-sign weight.,positive means g05_full_reconstruction is better
1692babe9d2153d97a0706d0bece7194c22c1fc53b7f215c8f2260f0b820046c,total,validation_loss.total,g05_sign_only,g05_full_reconstruction,0.0,0,position_mae_z,41,primary,0.2198360366821289,0.2198360366821289,0.0,-0.0,37,37,0.5906645221710205,0.5906645221710205,f56e5ea3c50e73b994d46437056b262e27904035ea2e1c76c2459729f9c1064a,8ea078f3c54310bed7eab8fd12c9c6870c9e0b8481d3d4e7e9d6aee0ab7efa9d,False,Total selection includes global-sign loss only with observed G05 and nonzero global-sign weight.,positive means g05_full_reconstruction is better
1692babe9d2153d97a0706d0bece7194c22c1fc53b7f215c8f2260f0b820046c,total,validation_loss.total,g05_sign_only,g05_full_reconstruction,0.0,0,mean_position_mae,41,primary,0.35994944763183595,0.35994944763183595,0.0,-0.0,37,37,0.5906645221710205,0.5906645221710205,f56e5ea3c50e73b994d46437056b262e27904035ea2e1c76c2459729f9c1064a,8ea078f3c54310bed7eab8fd12c9c6870c9e0b8481d3d4e7e9d6aee0ab7efa9d,False,Total selection includes global-sign loss only with observed G05 and nonzero global-sign weight.,positive means g05_full_reconstruction is better
1692babe9d2153d97a0706d0bece7194c22c1fc53b7f215c8f2260f0b820046c,total,validation_loss.total,g05_sign_only,g05_full_reconstruction,0.0,0,mean_position_3d_error,41,primary,0.7332394638061523,0.7332394638061523,0.0,-0.0,37,37,0.5906645221710205,0.5906645221710205,f56e5ea3c50e73b994d46437056b262e27904035ea2e1c76c2459729f9c1064a,8ea078f3c54310bed7eab8fd12c9c6870c9e0b8481d3d4e7e9d6aee0ab7efa9d,False,Total selection includes global-sign loss only with observed G05 and nonzero global-sign weight.,positive means g05_full_reconstruction is better
1692babe9d2153d97a0706d0bece7194c22c1fc53b7f215c8f2260f0b820046c,total,validation_loss.total,g05_sign_only,g05_full_reconstruction,0.0,0,charge_magnitude_mae,41,primary,0.15552479934692381,0.15552479934692381,0.0,-0.0,37,37,0.5906645221710205,0.5906645221710205,f56e5ea3c50e73b994d46437056b262e27904035ea2e1c76c2459729f9c1064a,8ea078f3c54310bed7eab8fd12c9c6870c9e0b8481d3d4e7e9d6aee0ab7efa9d,False,Total selection includes global-sign loss only with observed G05 and nonzero global-sign weight.,positive means g05_full_reconstruction is better
1692babe9d2153d97a0706d0bece7194c22c1fc53b7f215c8f2260f0b820046c,total,validation_loss.total,g05_sign_only,g05_full_reconstruction,0.0,0,relative_sign_accuracy,41,primary,0.9627999954223633,0.9627999954223633,0.0,0.0,37,37,0.5906645221710205,0.5906645221710205,f56e5ea3c50e73b994d46437056b262e27904035ea2e1c76c2459729f9c1064a,8ea078f3c54310bed7eab8fd12c9c6870c9e0b8481d3d4e7e9d6aee0ab7efa9d,False,Total selection includes global-sign loss only with observed G05 and nonzero global-sign weight.,positive means g05_full_reconstruction is better
1692babe9d2153d97a0706d0bece7194c22c1fc53b7f215c8f2260f0b820046c,total,validation_loss.total,g05_sign_only,g05_full_reconstruction,0.0,0,relative_configuration_accuracy,41,primary,0.915,0.915,0.0,0.0,37,37,0.5906645221710205,0.5906645221710205,f56e5ea3c50e73b994d46437056b262e27904035ea2e1c76c2459729f9c1064a,8ea078f3c54310bed7eab8fd12c9c6870c9e0b8481d3d4e7e9d6aee0ab7efa9d,False,Total selection includes global-sign loss only with observed G05 and nonzero global-sign weight.,positive means g05_full_reconstruction is better
1692babe9d2153d97a0706d0bece7194c22c1fc53b7f215c8f2260f0b820046c,total,validation_loss.total,g05_sign_only,g05_full_reconstruction,0.0,0,pairwise_relative_sign_accuracy,41,primary,0.9505999984741211,0.9505999984741211,0.0,0.0,37,37,0.5906645221710205,0.5906645221710205,f56e5ea3c50e73b994d46437056b262e27904035ea2e1c76c2459729f9c1064a,8ea078f3c54310bed7eab8fd12c9c6870c9e0b8481d3d4e7e9d6aee0ab7efa9d,False,Total selection includes global-sign loss only with observed G05 and nonzero global-sign weight.,positive means g05_full_reconstruction is better
1692babe9d2153d97a0706d0bece7194c22c1fc53b7f215c8f2260f0b820046c,total,validation_loss.total,g05_sign_only,g05_full_reconstruction,0.0,0,global_sign_accuracy,41,primary,,,,,37,37,0.5906645221710205,0.5906645221710205,f56e5ea3c50e73b994d46437056b262e27904035ea2e1c76c2459729f9c1064a,8ea078f3c54310bed7eab8fd12c9c6870c9e0b8481d3d4e7e9d6aee0ab7efa9d,False,Total selection includes global-sign loss only with observed G05 and nonzero global-sign weight.,positive means g05_full_reconstruction is better
1692babe9d2153d97a0706d0bece7194c22c1fc53b7f215c8f2260f0b820046c,total,validation_loss.total,g05_sign_only,g05_full_reconstruction,0.0,0,global_sign_bce,41,primary,,,,,37,37,0.5906645221710205,0.5906645221710205,f56e5ea3c50e73b994d46437056b262e27904035ea2e1c76c2459729f9c1064a,8ea078f3c54310bed7eab8fd12c9c6870c9e0b8481d3d4e7e9d6aee0ab7efa9d,False,Total selection includes global-sign loss only with observed G05 and nonzero global-sign weight.,positive means g05_full_reconstruction is better
1692babe9d2153d97a0706d0bece7194c22c1fc53b7f215c8f2260f0b820046c,total,validation_loss.total,g05_sign_only,g05_full_reconstruction,0.0,0,absolute_sign_accuracy,41,primary,,,,,37,37,0.5906645221710205,0.5906645221710205,f56e5ea3c50e73b994d46437056b262e27904035ea2e1c76c2459729f9c1064a,8ea078f3c54310bed7eab8fd12c9c6870c9e0b8481d3d4e7e9d6aee0ab7efa9d,False,Total selection includes global-sign loss only with observed G05 and nonzero global-sign weight.,positive means g05_full_reconstruction is better
1692babe9d2153d97a0706d0bece7194c22c1fc53b7f215c8f2260f0b820046c,total,validation_loss.total,g05_sign_only,g05_full_reconstruction,0.0,0,absolute_sign_set_accuracy,41,primary,,,,,37,37,0.5906645221710205,0.5906645221710205,f56e5ea3c50e73b994d46437056b262e27904035ea2e1c76c2459729f9c1064a,8ea078f3c54310bed7eab8fd12c9c6870c9e0b8481d3d4e7e9d6aee0ab7efa9d,False,Total selection includes global-sign loss only with observed G05 and nonzero global-sign weight.,positive means g05_full_reconstruction is better
1692babe9d2153d97a0706d0bece7194c22c1fc53b7f215c8f2260f0b820046c,total,validation_loss.total,g05_sign_only,g05_full_reconstruction,0.0,0,charge_mae,41,primary,0.19086493301391602,0.19086493301391602,0.0,-0.0,37,37,0.5906645221710205,0.5906645221710205,f56e5ea3c50e73b994d46437056b262e27904035ea2e1c76c2459729f9c1064a,8ea078f3c54310bed7eab8fd12c9c6870c9e0b8481d3d4e7e9d6aee0ab7efa9d,False,Total selection includes global-sign loss only with observed G05 and nonzero global-sign weight.,positive means g05_full_reconstruction is better
1692babe9d2153d97a0706d0bece7194c22c1fc53b7f215c8f2260f0b820046c,total,validation_loss.total,g05_sign_only,g05_full_reconstruction,0.0,0,global_invariant_charge_mae,41,primary,0.19086493301391602,0.19086493301391602,0.0,-0.0,37,37,0.5906645221710205,0.5906645221710205,f56e5ea3c50e73b994d46437056b262e27904035ea2e1c76c2459729f9c1064a,8ea078f3c54310bed7eab8fd12c9c6870c9e0b8481d3d4e7e9d6aee0ab7efa9d,False,Total selection includes global-sign loss only with observed G05 and nonzero global-sign weight.,positive means g05_full_reconstruction is better
1692babe9d2153d97a0706d0bece7194c22c1fc53b7f215c8f2260f0b820046c,total,validation_loss.total,g05_sign_only,g05_full_reconstruction,0.1,3,position_mae_x,41,primary,0.44510157012939455,0.44955273056030276,0.0044511604309082076,-0.0044511604309082076,37,37,0.9627523696422577,0.9663254158496857,10a71341c43e86540f62585616f51216b27df464dae87373c754e7a41ff7aab5,3a047e27a893b61e027d1491b19302afb82116a9c618c4436dd44fb787c7a423,True,Total selection includes global-sign loss only with observed G05 and nonzero global-sign weight.,positive means g05_full_reconstruction is better
1692babe9d2153d97a0706d0bece7194c22c1fc53b7f215c8f2260f0b820046c,total,validation_loss.total,g05_sign_only,g05_full_reconstruction,0.1,3,position_mae_y,41,primary,0.41491066360473633,0.41216368865966796,-0.00274697494506837,0.00274697494506837,37,37,0.9627523696422577,0.9663254158496857,10a71341c43e86540f62585616f51216b27df464dae87373c754e7a41ff7aab5,3a047e27a893b61e027d1491b19302afb82116a9c618c4436dd44fb787c7a423,True,Total selection includes global-sign loss only with observed G05 and nonzero global-sign weight.,positive means g05_full_reconstruction is better
1692babe9d2153d97a0706d0bece7194c22c1fc53b7f215c8f2260f0b820046c,total,validation_loss.total,g05_sign_only,g05_full_reconstruction,0.1,3,position_mae_z,41,primary,0.2198360366821289,0.2227170238494873,0.0028809871673584064,-0.0028809871673584064,37,37,0.9627523696422577,0.9663254158496857,10a71341c43e86540f62585616f51216b27df464dae87373c754e7a41ff7aab5,3a047e27a893b61e027d1491b19302afb82116a9c618c4436dd44fb787c7a423,True,Total selection includes global-sign loss only with observed G05 and nonzero global-sign weight.,positive means g05_full_reconstruction is better
1692babe9d2153d97a0706d0bece7194c22c1fc53b7f215c8f2260f0b820046c,total,validation_loss.total,g05_sign_only,g05_full_reconstruction,0.1,3,mean_position_mae,41,primary,0.35994944763183595,0.36147782516479493,0.00152837753295898,-0.00152837753295898,37,37,0.9627523696422577,0.9663254158496857,10a71341c43e86540f62585616f51216b27df464dae87373c754e7a41ff7aab5,3a047e27a893b61e027d1491b19302afb82116a9c618c4436dd44fb787c7a423,True,Total selection includes global-sign loss only with observed G05 and nonzero global-sign weight.,positive means g05_full_reconstruction is better
1692babe9d2153d97a0706d0bece7194c22c1fc53b7f215c8f2260f0b820046c,total,validation_loss.total,g05_sign_only,g05_full_reconstruction,0.1,3,mean_position_3d_error,41,primary,0.7332394638061523,0.7362384490966797,0.002998985290527334,-0.002998985290527334,37,37,0.9627523696422577,0.9663254158496857,10a71341c43e86540f62585616f51216b27df464dae87373c754e7a41ff7aab5,3a047e27a893b61e027d1491b19302afb82116a9c618c4436dd44fb787c7a423,True,Total selection includes global-sign loss only with observed G05 and nonzero global-sign weight.,positive means g05_full_reconstruction is better
1692babe9d2153d97a0706d0bece7194c22c1fc53b7f215c8f2260f0b820046c,total,validation_loss.total,g05_sign_only,g05_full_reconstruction,0.1,3,charge_magnitude_mae,41,primary,0.15552479934692381,0.15554253387451172,1.7734527587909277e-05,-1.7734527587909277e-05,37,37,0.9627523696422577,0.9663254158496857,10a71341c43e86540f62585616f51216b27df464dae87373c754e7a41ff7aab5,3a047e27a893b61e027d1491b19302afb82116a9c618c4436dd44fb787c7a423,True,Total selection includes global-sign loss only with observed G05 and nonzero global-sign weight.,positive means g05_full_reconstruction is better
1692babe9d2153d97a0706d0bece7194c22c1fc53b7f215c8f2260f0b820046c,total,validation_loss.total,g05_sign_only,g05_full_reconstruction,0.1,3,relative_sign_accuracy,41,primary,0.9627999954223633,0.9575999984741211,-0.005199996948242136,-0.005199996948242136,37,37,0.9627523696422577,0.9663254158496857,10a71341c43e86540f62585616f51216b27df464dae87373c754e7a41ff7aab5,3a047e27a893b61e027d1491b19302afb82116a9c618c4436dd44fb787c7a423,True,Total selection includes global-sign loss only with observed G05 and nonzero global-sign weight.,positive means g05_full_reconstruction is better
1692babe9d2153d97a0706d0bece7194c22c1fc53b7f215c8f2260f0b820046c,total,validation_loss.total,g05_sign_only,g05_full_reconstruction,0.1,3,relative_configuration_accuracy,41,primary,0.915,0.909,-0.006000000000000005,-0.006000000000000005,37,37,0.9627523696422577,0.9663254158496857,10a71341c43e86540f62585616f51216b27df464dae87373c754e7a41ff7aab5,3a047e27a893b61e027d1491b19302afb82116a9c618c4436dd44fb787c7a423,True,Total selection includes global-sign loss only with observed G05 and nonzero global-sign weight.,positive means g05_full_reconstruction is better
1692babe9d2153d97a0706d0bece7194c22c1fc53b7f215c8f2260f0b820046c,total,validation_loss.total,g05_sign_only,g05_full_reconstruction,0.1,3,pairwise_relative_sign_accuracy,41,primary,0.9505999984741211,0.9484000015258789,-0.0021999969482422443,-0.0021999969482422443,37,37,0.9627523696422577,0.9663254158496857,10a71341c43e86540f62585616f51216b27df464dae87373c754e7a41ff7aab5,3a047e27a893b61e027d1491b19302afb82116a9c618c4436dd44fb787c7a423,True,Total selection includes global-sign loss only with observed G05 and nonzero global-sign weight.,positive means g05_full_reconstruction is better
1692babe9d2153d97a0706d0bece7194c22c1fc53b7f215c8f2260f0b820046c,total,validation_loss.total,g05_sign_only,g05_full_reconstruction,0.1,3,global_sign_accuracy,41,primary,0.85,0.851,0.0010000000000000009,0.0010000000000000009,37,37,0.9627523696422577,0.9663254158496857,10a71341c43e86540f62585616f51216b27df464dae87373c754e7a41ff7aab5,3a047e27a893b61e027d1491b19302afb82116a9c618c4436dd44fb787c7a423,True,Total selection includes global-sign loss only with observed G05 and nonzero global-sign weight.,positive means g05_full_reconstruction is better
1692babe9d2153d97a0706d0bece7194c22c1fc53b7f215c8f2260f0b820046c,total,validation_loss.total,g05_sign_only,g05_full_reconstruction,0.1,3,global_sign_bce,41,primary,0.3634685592651367,0.3639967727661133,0.0005282135009765931,-0.0005282135009765931,37,37,0.9627523696422577,0.9663254158496857,10a71341c43e86540f62585616f51216b27df464dae87373c754e7a41ff7aab5,3a047e27a893b61e027d1491b19302afb82116a9c618c4436dd44fb787c7a423,True,Total selection includes global-sign loss only with observed G05 and nonzero global-sign weight.,positive means g05_full_reconstruction is better
1692babe9d2153d97a0706d0bece7194c22c1fc53b7f215c8f2260f0b820046c,total,validation_loss.total,g05_sign_only,g05_full_reconstruction,0.1,3,absolute_sign_accuracy,41,primary,0.8695999984741211,0.8613999938964844,-0.0082000045776367,-0.0082000045776367,37,37,0.9627523696422577,0.9663254158496857,10a71341c43e86540f62585616f51216b27df464dae87373c754e7a41ff7aab5,3a047e27a893b61e027d1491b19302afb82116a9c618c4436dd44fb787c7a423,True,Total selection includes global-sign loss only with observed G05 and nonzero global-sign weight.,positive means g05_full_reconstruction is better
1692babe9d2153d97a0706d0bece7194c22c1fc53b7f215c8f2260f0b820046c,total,validation_loss.total,g05_sign_only,g05_full_reconstruction,0.1,3,absolute_sign_set_accuracy,41,primary,0.831,0.818,-0.013000000000000012,-0.013000000000000012,37,37,0.9627523696422577,0.9663254158496857,10a71341c43e86540f62585616f51216b27df464dae87373c754e7a41ff7aab5,3a047e27a893b61e027d1491b19302afb82116a9c618c4436dd44fb787c7a423,True,Total selection includes global-sign loss only with observed G05 and nonzero global-sign weight.,positive means g05_full_reconstruction is better
1692babe9d2153d97a0706d0bece7194c22c1fc53b7f215c8f2260f0b820046c,total,validation_loss.total,g05_sign_only,g05_full_reconstruction,0.1,3,charge_mae,41,primary,0.2983264942169189,0.3086505813598633,0.01032408714294436,-0.01032408714294436,37,37,0.9627523696422577,0.9663254158496857,10a71341c43e86540f62585616f51216b27df464dae87373c754e7a41ff7aab5,3a047e27a893b61e027d1491b19302afb82116a9c618c4436dd44fb787c7a423,True,Total selection includes global-sign loss only with observed G05 and nonzero global-sign weight.,positive means g05_full_reconstruction is better
1692babe9d2153d97a0706d0bece7194c22c1fc53b7f215c8f2260f0b820046c,total,validation_loss.total,g05_sign_only,g05_full_reconstruction,0.1,3,global_invariant_charge_mae,41,primary,0.19086493301391602,0.19257705116271973,0.001712118148803704,-0.001712118148803704,37,37,0.9627523696422577,0.9663254158496857,10a71341c43e86540f62585616f51216b27df464dae87373c754e7a41ff7aab5,3a047e27a893b61e027d1491b19302afb82116a9c618c4436dd44fb787c7a423,True,Total selection includes global-sign loss only with observed G05 and nonzero global-sign weight.,positive means g05_full_reconstruction is better
1692babe9d2153d97a0706d0bece7194c22c1fc53b7f215c8f2260f0b820046c,total,validation_loss.total,g05_sign_only,g05_full_reconstruction,0.25,8,position_mae_x,41,primary,0.44510157012939455,0.46171228408813475,0.016610713958740198,-0.016610713958740198,37,37,0.935638166666031,0.9519158227443695,662874c8682f33b52660fee3c6fa957e8d979097880ac7f50528d965ef21a6b9,6b8f65cff0c49a3913bff0c564effbb843b429f5fbde352cb92cbac083a8260f,True,Total selection includes global-sign loss only with observed G05 and nonzero global-sign weight.,positive means g05_full_reconstruction is better
1692babe9d2153d97a0706d0bece7194c22c1fc53b7f215c8f2260f0b820046c,total,validation_loss.total,g05_sign_only,g05_full_reconstruction,0.25,8,position_mae_y,41,primary,0.41491066360473633,0.41240371322631836,-0.0025069503784179714,0.0025069503784179714,37,37,0.935638166666031,0.9519158227443695,662874c8682f33b52660fee3c6fa957e8d979097880ac7f50528d965ef21a6b9,6b8f65cff0c49a3913bff0c564effbb843b429f5fbde352cb92cbac083a8260f,True,Total selection includes global-sign loss only with observed G05 and nonzero global-sign weight.,positive means g05_full_reconstruction is better
1692babe9d2153d97a0706d0bece7194c22c1fc53b7f215c8f2260f0b820046c,total,validation_loss.total,g05_sign_only,g05_full_reconstruction,0.25,8,position_mae_z,41,primary,0.2198360366821289,0.22056898880004883,0.0007329521179199328,-0.0007329521179199328,37,37,0.935638166666031,0.9519158227443695,662874c8682f33b52660fee3c6fa957e8d979097880ac7f50528d965ef21a6b9,6b8f65cff0c49a3913bff0c564effbb843b429f5fbde352cb92cbac083a8260f,True,Total selection includes global-sign loss only with observed G05 and nonzero global-sign weight.,positive means g05_full_reconstruction is better
1692babe9d2153d97a0706d0bece7194c22c1fc53b7f215c8f2260f0b820046c,total,validation_loss.total,g05_sign_only,g05_full_reconstruction,0.25,8,mean_position_mae,41,primary,0.35994944763183595,0.3648950042724609,0.00494555664062496,-0.00494555664062496,37,37,0.935638166666031,0.9519158227443695,662874c8682f33b52660fee3c6fa957e8d979097880ac7f50528d965ef21a6b9,6b8f65cff0c49a3913bff0c564effbb843b429f5fbde352cb92cbac083a8260f,True,Total selection includes global-sign loss only with observed G05 and nonzero global-sign weight.,positive means g05_full_reconstruction is better
1692babe9d2153d97a0706d0bece7194c22c1fc53b7f215c8f2260f0b820046c,total,validation_loss.total,g05_sign_only,g05_full_reconstruction,0.25,8,mean_position_3d_error,41,primary,0.7332394638061523,0.7452245559692383,0.011985092163085964,-0.011985092163085964,37,37,0.935638166666031,0.9519158227443695,662874c8682f33b52660fee3c6fa957e8d979097880ac7f50528d965ef21a6b9,6b8f65cff0c49a3913bff0c564effbb843b429f5fbde352cb92cbac083a8260f,True,Total selection includes global-sign loss only with observed G05 and nonzero global-sign weight.,positive means g05_full_reconstruction is better
1692babe9d2153d97a0706d0bece7194c22c1fc53b7f215c8f2260f0b820046c,total,validation_loss.total,g05_sign_only,g05_full_reconstruction,0.25,8,charge_magnitude_mae,41,primary,0.15552479934692381,0.15597239303588867,0.0004475936889648535,-0.0004475936889648535,37,37,0.935638166666031,0.9519158227443695,662874c8682f33b52660fee3c6fa957e8d979097880ac7f50528d965ef21a6b9,6b8f65cff0c49a3913bff0c564effbb843b429f5fbde352cb92cbac083a8260f,True,Total selection includes global-sign loss only with observed G05 and nonzero global-sign weight.,positive means g05_full_reconstruction is better
1692babe9d2153d97a0706d0bece7194c22c1fc53b7f215c8f2260f0b820046c,total,validation_loss.total,g05_sign_only,g05_full_reconstruction,0.25,8,relative_sign_accuracy,41,primary,0.9627999954223633,0.9564000091552735,-0.006399986267089819,-0.006399986267089819,37,37,0.935638166666031,0.9519158227443695,662874c8682f33b52660fee3c6fa957e8d979097880ac7f50528d965ef21a6b9,6b8f65cff0c49a3913bff0c564effbb843b429f5fbde352cb92cbac083a8260f,True,Total selection includes global-sign loss only with observed G05 and nonzero global-sign weight.,positive means g05_full_reconstruction is better
1692babe9d2153d97a0706d0bece7194c22c1fc53b7f215c8f2260f0b820046c,total,validation_loss.total,g05_sign_only,g05_full_reconstruction,0.25,8,relative_configuration_accuracy,41,primary,0.915,0.902,-0.013000000000000012,-0.013000000000000012,37,37,0.935638166666031,0.9519158227443695,662874c8682f33b52660fee3c6fa957e8d979097880ac7f50528d965ef21a6b9,6b8f65cff0c49a3913bff0c564effbb843b429f5fbde352cb92cbac083a8260f,True,Total selection includes global-sign loss only with observed G05 and nonzero global-sign weight.,positive means g05_full_reconstruction is better
1692babe9d2153d97a0706d0bece7194c22c1fc53b7f215c8f2260f0b820046c,total,validation_loss.total,g05_sign_only,g05_full_reconstruction,0.25,8,pairwise_relative_sign_accuracy,41,primary,0.9505999984741211,0.9433999938964843,-0.007200004577636809,-0.007200004577636809,37,37,0.935638166666031,0.9519158227443695,662874c8682f33b52660fee3c6fa957e8d979097880ac7f50528d965ef21a6b9,6b8f65cff0c49a3913bff0c564effbb843b429f5fbde352cb92cbac083a8260f,True,Total selection includes global-sign loss only with observed G05 and nonzero global-sign weight.,positive means g05_full_reconstruction is better
1692babe9d2153d97a0706d0bece7194c22c1fc53b7f215c8f2260f0b820046c,total,validation_loss.total,g05_sign_only,g05_full_reconstruction,0.25,8,global_sign_accuracy,41,primary,0.864,0.862,-0.0020000000000000018,-0.0020000000000000018,37,37,0.935638166666031,0.9519158227443695,662874c8682f33b52660fee3c6fa957e8d979097880ac7f50528d965ef21a6b9,6b8f65cff0c49a3913bff0c564effbb843b429f5fbde352cb92cbac083a8260f,True,Total selection includes global-sign loss only with observed G05 and nonzero global-sign weight.,positive means g05_full_reconstruction is better
1692babe9d2153d97a0706d0bece7194c22c1fc53b7f215c8f2260f0b820046c,total,validation_loss.total,g05_sign_only,g05_full_reconstruction,0.25,8,global_sign_bce,41,primary,0.34991401290893553,0.34903057098388673,-0.0008834419250488001,0.0008834419250488001,37,37,0.935638166666031,0.9519158227443695,662874c8682f33b52660fee3c6fa957e8d979097880ac7f50528d965ef21a6b9,6b8f65cff0c49a3913bff0c564effbb843b429f5fbde352cb92cbac083a8260f,True,Total selection includes global-sign loss only with observed G05 and nonzero global-sign weight.,positive means g05_full_reconstruction is better
1692babe9d2153d97a0706d0bece7194c22c1fc53b7f215c8f2260f0b820046c,total,validation_loss.total,g05_sign_only,g05_full_reconstruction,0.25,8,absolute_sign_accuracy,41,primary,0.8867999954223633,0.8768000030517578,-0.00999999237060556,-0.00999999237060556,37,37,0.935638166666031,0.9519158227443695,662874c8682f33b52660fee3c6fa957e8d979097880ac7f50528d965ef21a6b9,6b8f65cff0c49a3913bff0c564effbb843b429f5fbde352cb92cbac083a8260f,True,Total selection includes global-sign loss only with observed G05 and nonzero global-sign weight.,positive means g05_full_reconstruction is better
1692babe9d2153d97a0706d0bece7194c22c1fc53b7f215c8f2260f0b820046c,total,validation_loss.total,g05_sign_only,g05_full_reconstruction,0.25,8,absolute_sign_set_accuracy,41,primary,0.847,0.83,-0.017000000000000015,-0.017000000000000015,37,37,0.935638166666031,0.9519158227443695,662874c8682f33b52660fee3c6fa957e8d979097880ac7f50528d965ef21a6b9,6b8f65cff0c49a3913bff0c564effbb843b429f5fbde352cb92cbac083a8260f,True,Total selection includes global-sign loss only with observed G05 and nonzero global-sign weight.,positive means g05_full_reconstruction is better
1692babe9d2153d97a0706d0bece7194c22c1fc53b7f215c8f2260f0b820046c,total,validation_loss.total,g05_sign_only,g05_full_reconstruction,0.25,8,charge_mae,41,primary,0.2781946067810059,0.2911668128967285,0.01297220611572264,-0.01297220611572264,37,37,0.935638166666031,0.9519158227443695,662874c8682f33b52660fee3c6fa957e8d979097880ac7f50528d965ef21a6b9,6b8f65cff0c49a3913bff0c564effbb843b429f5fbde352cb92cbac083a8260f,True,Total selection includes global-sign loss only with observed G05 and nonzero global-sign weight.,positive means g05_full_reconstruction is better
1692babe9d2153d97a0706d0bece7194c22c1fc53b7f215c8f2260f0b820046c,total,validation_loss.total,g05_sign_only,g05_full_reconstruction,0.25,8,global_invariant_charge_mae,41,primary,0.19086493301391602,0.1968714771270752,0.006006544113159179,-0.006006544113159179,37,37,0.935638166666031,0.9519158227443695,662874c8682f33b52660fee3c6fa957e8d979097880ac7f50528d965ef21a6b9,6b8f65cff0c49a3913bff0c564effbb843b429f5fbde352cb92cbac083a8260f,True,Total selection includes global-sign loss only with observed G05 and nonzero global-sign weight.,positive means g05_full_reconstruction is better
1692babe9d2153d97a0706d0bece7194c22c1fc53b7f215c8f2260f0b820046c,total,validation_loss.total,g05_sign_only,g05_full_reconstruction,0.5,16,position_mae_x,41,primary,0.44510157012939455,0.4741160659790039,0.029014495849609356,-0.029014495849609356,37,35,0.9398947253227234,0.9726913423538208,c565131aab8b430b2ab0a6f95e28c0c55fcef42fd30500bb22b6fe4abc539298,2e76912911c39b01d6ff4e40ce27742f781297ee8899de83b8ce0cade350b129,True,Total selection includes global-sign loss only with observed G05 and nonzero global-sign weight.,positive means g05_full_reconstruction is better
1692babe9d2153d97a0706d0bece7194c22c1fc53b7f215c8f2260f0b820046c,total,validation_loss.total,g05_sign_only,g05_full_reconstruction,0.5,16,position_mae_y,41,primary,0.41491066360473633,0.42466164398193357,0.009750980377197238,-0.009750980377197238,37,35,0.9398947253227234,0.9726913423538208,c565131aab8b430b2ab0a6f95e28c0c55fcef42fd30500bb22b6fe4abc539298,2e76912911c39b01d6ff4e40ce27742f781297ee8899de83b8ce0cade350b129,True,Total selection includes global-sign loss only with observed G05 and nonzero global-sign weight.,positive means g05_full_reconstruction is better
1692babe9d2153d97a0706d0bece7194c22c1fc53b7f215c8f2260f0b820046c,total,validation_loss.total,g05_sign_only,g05_full_reconstruction,0.5,16,position_mae_z,41,primary,0.2198360366821289,0.2191256980895996,-0.0007103385925292804,0.0007103385925292804,37,35,0.9398947253227234,0.9726913423538208,c565131aab8b430b2ab0a6f95e28c0c55fcef42fd30500bb22b6fe4abc539298,2e76912911c39b01d6ff4e40ce27742f781297ee8899de83b8ce0cade350b129,True,Total selection includes global-sign loss only with observed G05 and nonzero global-sign weight.,positive means g05_full_reconstruction is better
1692babe9d2153d97a0706d0bece7194c22c1fc53b7f215c8f2260f0b820046c,total,validation_loss.total,g05_sign_only,g05_full_reconstruction,0.5,16,mean_position_mae,41,primary,0.35994944763183595,0.3726344871520996,0.012685039520263675,-0.012685039520263675,37,35,0.9398947253227234,0.9726913423538208,c565131aab8b430b2ab0a6f95e28c0c55fcef42fd30500bb22b6fe4abc539298,2e76912911c39b01d6ff4e40ce27742f781297ee8899de83b8ce0cade350b129,True,Total selection includes global-sign loss only with observed G05 and nonzero global-sign weight.,positive means g05_full_reconstruction is better
1692babe9d2153d97a0706d0bece7194c22c1fc53b7f215c8f2260f0b820046c,total,validation_loss.total,g05_sign_only,g05_full_reconstruction,0.5,16,mean_position_3d_error,41,primary,0.7332394638061523,0.7626555862426758,0.029416122436523473,-0.029416122436523473,37,35,0.9398947253227234,0.9726913423538208,c565131aab8b430b2ab0a6f95e28c0c55fcef42fd30500bb22b6fe4abc539298,2e76912911c39b01d6ff4e40ce27742f781297ee8899de83b8ce0cade350b129,True,Total selection includes global-sign loss only with observed G05 and nonzero global-sign weight.,positive means g05_full_reconstruction is better
1692babe9d2153d97a0706d0bece7194c22c1fc53b7f215c8f2260f0b820046c,total,validation_loss.total,g05_sign_only,g05_full_reconstruction,0.5,16,charge_magnitude_mae,41,primary,0.15552479934692381,0.1563466968536377,0.0008218975067138812,-0.0008218975067138812,37,35,0.9398947253227234,0.9726913423538208,c565131aab8b430b2ab0a6f95e28c0c55fcef42fd30500bb22b6fe4abc539298,2e76912911c39b01d6ff4e40ce27742f781297ee8899de83b8ce0cade350b129,True,Total selection includes global-sign loss only with observed G05 and nonzero global-sign weight.,positive means g05_full_reconstruction is better
1692babe9d2153d97a0706d0bece7194c22c1fc53b7f215c8f2260f0b820046c,total,validation_loss.total,g05_sign_only,g05_full_reconstruction,0.5,16,relative_sign_accuracy,41,primary,0.9627999954223633,0.96,-0.0027999954223633106,-0.0027999954223633106,37,35,0.9398947253227234,0.9726913423538208,c565131aab8b430b2ab0a6f95e28c0c55fcef42fd30500bb22b6fe4abc539298,2e76912911c39b01d6ff4e40ce27742f781297ee8899de83b8ce0cade350b129,True,Total selection includes global-sign loss only with observed G05 and nonzero global-sign weight.,positive means g05_full_reconstruction is better
1692babe9d2153d97a0706d0bece7194c22c1fc53b7f215c8f2260f0b820046c,total,validation_loss.total,g05_sign_only,g05_full_reconstruction,0.5,16,relative_configuration_accuracy,41,primary,0.915,0.908,-0.007000000000000006,-0.007000000000000006,37,35,0.9398947253227234,0.9726913423538208,c565131aab8b430b2ab0a6f95e28c0c55fcef42fd30500bb22b6fe4abc539298,2e76912911c39b01d6ff4e40ce27742f781297ee8899de83b8ce0cade350b129,True,Total selection includes global-sign loss only with observed G05 and nonzero global-sign weight.,positive means g05_full_reconstruction is better
1692babe9d2153d97a0706d0bece7194c22c1fc53b7f215c8f2260f0b820046c,total,validation_loss.total,g05_sign_only,g05_full_reconstruction,0.5,16,pairwise_relative_sign_accuracy,41,primary,0.9505999984741211,0.9463999938964843,-0.004200004577636807,-0.004200004577636807,37,35,0.9398947253227234,0.9726913423538208,c565131aab8b430b2ab0a6f95e28c0c55fcef42fd30500bb22b6fe4abc539298,2e76912911c39b01d6ff4e40ce27742f781297ee8899de83b8ce0cade350b129,True,Total selection includes global-sign loss only with observed G05 and nonzero global-sign weight.,positive means g05_full_reconstruction is better
1692babe9d2153d97a0706d0bece7194c22c1fc53b7f215c8f2260f0b820046c,total,validation_loss.total,g05_sign_only,g05_full_reconstruction,0.5,16,global_sign_accuracy,41,primary,0.862,0.862,0.0,0.0,37,35,0.9398947253227234,0.9726913423538208,c565131aab8b430b2ab0a6f95e28c0c55fcef42fd30500bb22b6fe4abc539298,2e76912911c39b01d6ff4e40ce27742f781297ee8899de83b8ce0cade350b129,True,Total selection includes global-sign loss only with observed G05 and nonzero global-sign weight.,positive means g05_full_reconstruction is better
1692babe9d2153d97a0706d0bece7194c22c1fc53b7f215c8f2260f0b820046c,total,validation_loss.total,g05_sign_only,g05_full_reconstruction,0.5,16,global_sign_bce,41,primary,0.3452809066772461,0.34523715209960937,-4.375457763672319e-05,4.375457763672319e-05,37,35,0.9398947253227234,0.9726913423538208,c565131aab8b430b2ab0a6f95e28c0c55fcef42fd30500bb22b6fe4abc539298,2e76912911c39b01d6ff4e40ce27742f781297ee8899de83b8ce0cade350b129,True,Total selection includes global-sign loss only with observed G05 and nonzero global-sign weight.,positive means g05_full_reconstruction is better
1692babe9d2153d97a0706d0bece7194c22c1fc53b7f215c8f2260f0b820046c,total,validation_loss.total,g05_sign_only,g05_full_reconstruction,0.5,16,absolute_sign_accuracy,41,primary,0.88,0.8764000015258789,-0.003599998474121069,-0.003599998474121069,37,35,0.9398947253227234,0.9726913423538208,c565131aab8b430b2ab0a6f95e28c0c55fcef42fd30500bb22b6fe4abc539298,2e76912911c39b01d6ff4e40ce27742f781297ee8899de83b8ce0cade350b129,True,Total selection includes global-sign loss only with observed G05 and nonzero global-sign weight.,positive means g05_full_reconstruction is better
1692babe9d2153d97a0706d0bece7194c22c1fc53b7f215c8f2260f0b820046c,total,validation_loss.total,g05_sign_only,g05_full_reconstruction,0.5,16,absolute_sign_set_accuracy,41,primary,0.841,0.833,-0.008000000000000007,-0.008000000000000007,37,35,0.9398947253227234,0.9726913423538208,c565131aab8b430b2ab0a6f95e28c0c55fcef42fd30500bb22b6fe4abc539298,2e76912911c39b01d6ff4e40ce27742f781297ee8899de83b8ce0cade350b129,True,Total selection includes global-sign loss only with observed G05 and nonzero global-sign weight.,positive means g05_full_reconstruction is better
1692babe9d2153d97a0706d0bece7194c22c1fc53b7f215c8f2260f0b820046c,total,validation_loss.total,g05_sign_only,g05_full_reconstruction,0.5,16,charge_mae,41,primary,0.2870969715118408,0.2942591857910156,0.0071622142791747945,-0.0071622142791747945,37,35,0.9398947253227234,0.9726913423538208,c565131aab8b430b2ab0a6f95e28c0c55fcef42fd30500bb22b6fe4abc539298,2e76912911c39b01d6ff4e40ce27742f781297ee8899de83b8ce0cade350b129,True,Total selection includes global-sign loss only with observed G05 and nonzero global-sign weight.,positive means g05_full_reconstruction is better
1692babe9d2153d97a0706d0bece7194c22c1fc53b7f215c8f2260f0b820046c,total,validation_loss.total,g05_sign_only,g05_full_reconstruction,0.5,16,global_invariant_charge_mae,41,primary,0.19086493301391602,0.19571336555480956,0.004848432540893538,-0.004848432540893538,37,35,0.9398947253227234,0.9726913423538208,c565131aab8b430b2ab0a6f95e28c0c55fcef42fd30500bb22b6fe4abc539298,2e76912911c39b01d6ff4e40ce27742f781297ee8899de83b8ce0cade350b129,True,Total selection includes global-sign loss only with observed G05 and nonzero global-sign weight.,positive means g05_full_reconstruction is better
1692babe9d2153d97a0706d0bece7194c22c1fc53b7f215c8f2260f0b820046c,total,validation_loss.total,g05_sign_only,g05_full_reconstruction,0.75,24,position_mae_x,41,primary,0.44510157012939455,0.46193317794799804,0.01683160781860349,-0.01683160781860349,37,34,0.936997935295105,0.9480395393371581,d55cbe85d9a9b6b086c7f796307da81375d9ac53379632199b64c6a481f0cba2,1880b8d860fe4bd6a5ef849cc1d83f74d3806886f50134656ec03d4ff2c18b6f,True,Total selection includes global-sign loss only with observed G05 and nonzero global-sign weight.,positive means g05_full_reconstruction is better
1692babe9d2153d97a0706d0bece7194c22c1fc53b7f215c8f2260f0b820046c,total,validation_loss.total,g05_sign_only,g05_full_reconstruction,0.75,24,position_mae_y,41,primary,0.41491066360473633,0.4041538581848145,-0.010756805419921855,0.010756805419921855,37,34,0.936997935295105,0.9480395393371581,d55cbe85d9a9b6b086c7f796307da81375d9ac53379632199b64c6a481f0cba2,1880b8d860fe4bd6a5ef849cc1d83f74d3806886f50134656ec03d4ff2c18b6f,True,Total selection includes global-sign loss only with observed G05 and nonzero global-sign weight.,positive means g05_full_reconstruction is better
1692babe9d2153d97a0706d0bece7194c22c1fc53b7f215c8f2260f0b820046c,total,validation_loss.total,g05_sign_only,g05_full_reconstruction,0.75,24,position_mae_z,41,primary,0.2198360366821289,0.22417337799072265,0.004337341308593756,-0.004337341308593756,37,34,0.936997935295105,0.9480395393371581,d55cbe85d9a9b6b086c7f796307da81375d9ac53379632199b64c6a481f0cba2,1880b8d860fe4bd6a5ef849cc1d83f74d3806886f50134656ec03d4ff2c18b6f,True,Total selection includes global-sign loss only with observed G05 and nonzero global-sign weight.,positive means g05_full_reconstruction is better
1692babe9d2153d97a0706d0bece7194c22c1fc53b7f215c8f2260f0b820046c,total,validation_loss.total,g05_sign_only,g05_full_reconstruction,0.75,24,mean_position_mae,41,primary,0.35994944763183595,0.3634201507568359,0.0034707031249999742,-0.0034707031249999742,37,34,0.936997935295105,0.9480395393371581,d55cbe85d9a9b6b086c7f796307da81375d9ac53379632199b64c6a481f0cba2,1880b8d860fe4bd6a5ef849cc1d83f74d3806886f50134656ec03d4ff2c18b6f,True,Total selection includes global-sign loss only with observed G05 and nonzero global-sign weight.,positive means g05_full_reconstruction is better
1692babe9d2153d97a0706d0bece7194c22c1fc53b7f215c8f2260f0b820046c,total,validation_loss.total,g05_sign_only,g05_full_reconstruction,0.75,24,mean_position_3d_error,41,primary,0.7332394638061523,0.74100244140625,0.007762977600097698,-0.007762977600097698,37,34,0.936997935295105,0.9480395393371581,d55cbe85d9a9b6b086c7f796307da81375d9ac53379632199b64c6a481f0cba2,1880b8d860fe4bd6a5ef849cc1d83f74d3806886f50134656ec03d4ff2c18b6f,True,Total selection includes global-sign loss only with observed G05 and nonzero global-sign weight.,positive means g05_full_reconstruction is better
1692babe9d2153d97a0706d0bece7194c22c1fc53b7f215c8f2260f0b820046c,total,validation_loss.total,g05_sign_only,g05_full_reconstruction,0.75,24,charge_magnitude_mae,41,primary,0.15552479934692381,0.15620050430297852,0.0006757049560547068,-0.0006757049560547068,37,34,0.936997935295105,0.9480395393371581,d55cbe85d9a9b6b086c7f796307da81375d9ac53379632199b64c6a481f0cba2,1880b8d860fe4bd6a5ef849cc1d83f74d3806886f50134656ec03d4ff2c18b6f,True,Total selection includes global-sign loss only with observed G05 and nonzero global-sign weight.,positive means g05_full_reconstruction is better
1692babe9d2153d97a0706d0bece7194c22c1fc53b7f215c8f2260f0b820046c,total,validation_loss.total,g05_sign_only,g05_full_reconstruction,0.75,24,relative_sign_accuracy,41,primary,0.9627999954223633,0.9567999877929687,-0.006000007629394566,-0.006000007629394566,37,34,0.936997935295105,0.9480395393371581,d55cbe85d9a9b6b086c7f796307da81375d9ac53379632199b64c6a481f0cba2,1880b8d860fe4bd6a5ef849cc1d83f74d3806886f50134656ec03d4ff2c18b6f,True,Total selection includes global-sign loss only with observed G05 and nonzero global-sign weight.,positive means g05_full_reconstruction is better
1692babe9d2153d97a0706d0bece7194c22c1fc53b7f215c8f2260f0b820046c,total,validation_loss.total,g05_sign_only,g05_full_reconstruction,0.75,24,relative_configuration_accuracy,41,primary,0.915,0.904,-0.01100000000000001,-0.01100000000000001,37,34,0.936997935295105,0.9480395393371581,d55cbe85d9a9b6b086c7f796307da81375d9ac53379632199b64c6a481f0cba2,1880b8d860fe4bd6a5ef849cc1d83f74d3806886f50134656ec03d4ff2c18b6f,True,Total selection includes global-sign loss only with observed G05 and nonzero global-sign weight.,positive means g05_full_reconstruction is better
1692babe9d2153d97a0706d0bece7194c22c1fc53b7f215c8f2260f0b820046c,total,validation_loss.total,g05_sign_only,g05_full_reconstruction,0.75,24,pairwise_relative_sign_accuracy,41,primary,0.9505999984741211,0.9448000106811524,-0.005799987792968753,-0.005799987792968753,37,34,0.936997935295105,0.9480395393371581,d55cbe85d9a9b6b086c7f796307da81375d9ac53379632199b64c6a481f0cba2,1880b8d860fe4bd6a5ef849cc1d83f74d3806886f50134656ec03d4ff2c18b6f,True,Total selection includes global-sign loss only with observed G05 and nonzero global-sign weight.,positive means g05_full_reconstruction is better
1692babe9d2153d97a0706d0bece7194c22c1fc53b7f215c8f2260f0b820046c,total,validation_loss.total,g05_sign_only,g05_full_reconstruction,0.75,24,global_sign_accuracy,41,primary,0.867,0.867,0.0,0.0,37,34,0.936997935295105,0.9480395393371581,d55cbe85d9a9b6b086c7f796307da81375d9ac53379632199b64c6a481f0cba2,1880b8d860fe4bd6a5ef849cc1d83f74d3806886f50134656ec03d4ff2c18b6f,True,Total selection includes global-sign loss only with observed G05 and nonzero global-sign weight.,positive means g05_full_reconstruction is better
1692babe9d2153d97a0706d0bece7194c22c1fc53b7f215c8f2260f0b820046c,total,validation_loss.total,g05_sign_only,g05_full_reconstruction,0.75,24,global_sign_bce,41,primary,0.34232909393310545,0.34574879455566404,0.0034197006225585858,-0.0034197006225585858,37,34,0.936997935295105,0.9480395393371581,d55cbe85d9a9b6b086c7f796307da81375d9ac53379632199b64c6a481f0cba2,1880b8d860fe4bd6a5ef849cc1d83f74d3806886f50134656ec03d4ff2c18b6f,True,Total selection includes global-sign loss only with observed G05 and nonzero global-sign weight.,positive means g05_full_reconstruction is better
1692babe9d2153d97a0706d0bece7194c22c1fc53b7f215c8f2260f0b820046c,total,validation_loss.total,g05_sign_only,g05_full_reconstruction,0.75,24,absolute_sign_accuracy,41,primary,0.885,0.8758000030517578,-0.00919999694824225,-0.00919999694824225,37,34,0.936997935295105,0.9480395393371581,d55cbe85d9a9b6b086c7f796307da81375d9ac53379632199b64c6a481f0cba2,1880b8d860fe4bd6a5ef849cc1d83f74d3806886f50134656ec03d4ff2c18b6f,True,Total selection includes global-sign loss only with observed G05 and nonzero global-sign weight.,positive means g05_full_reconstruction is better
1692babe9d2153d97a0706d0bece7194c22c1fc53b7f215c8f2260f0b820046c,total,validation_loss.total,g05_sign_only,g05_full_reconstruction,0.75,24,absolute_sign_set_accuracy,41,primary,0.847,0.831,-0.016000000000000014,-0.016000000000000014,37,34,0.936997935295105,0.9480395393371581,d55cbe85d9a9b6b086c7f796307da81375d9ac53379632199b64c6a481f0cba2,1880b8d860fe4bd6a5ef849cc1d83f74d3806886f50134656ec03d4ff2c18b6f,True,Total selection includes global-sign loss only with observed G05 and nonzero global-sign weight.,positive means g05_full_reconstruction is better
1692babe9d2153d97a0706d0bece7194c22c1fc53b7f215c8f2260f0b820046c,total,validation_loss.total,g05_sign_only,g05_full_reconstruction,0.75,24,charge_mae,41,primary,0.2811720142364502,0.29477050399780275,0.013598489761352528,-0.013598489761352528,37,34,0.936997935295105,0.9480395393371581,d55cbe85d9a9b6b086c7f796307da81375d9ac53379632199b64c6a481f0cba2,1880b8d860fe4bd6a5ef849cc1d83f74d3806886f50134656ec03d4ff2c18b6f,True,Total selection includes global-sign loss only with observed G05 and nonzero global-sign weight.,positive means g05_full_reconstruction is better
1692babe9d2153d97a0706d0bece7194c22c1fc53b7f215c8f2260f0b820046c,total,validation_loss.total,g05_sign_only,g05_full_reconstruction,0.75,24,global_invariant_charge_mae,41,primary,0.19086493301391602,0.19695333671569823,0.006088403701782208,-0.006088403701782208,37,34,0.936997935295105,0.9480395393371581,d55cbe85d9a9b6b086c7f796307da81375d9ac53379632199b64c6a481f0cba2,1880b8d860fe4bd6a5ef849cc1d83f74d3806886f50134656ec03d4ff2c18b6f,True,Total selection includes global-sign loss only with observed G05 and nonzero global-sign weight.,positive means g05_full_reconstruction is better
1692babe9d2153d97a0706d0bece7194c22c1fc53b7f215c8f2260f0b820046c,total,validation_loss.total,g05_sign_only,g05_full_reconstruction,1.0,32,position_mae_x,41,primary,0.44510157012939455,0.4664375076293945,0.021335937499999957,-0.021335937499999957,37,35,0.9362796866893768,0.9492750208377838,47b3174b2f652a11ce0070b207812d8402a0b11b747b285bb57f8dbd1f130622,acf3506459d6e62455fedcc8350d9ccff12c10b0d636787f2b15c50adf587839,True,Total selection includes global-sign loss only with observed G05 and nonzero global-sign weight.,positive means g05_full_reconstruction is better
1692babe9d2153d97a0706d0bece7194c22c1fc53b7f215c8f2260f0b820046c,total,validation_loss.total,g05_sign_only,g05_full_reconstruction,1.0,32,position_mae_y,41,primary,0.41491066360473633,0.4214212532043457,0.006510589599609373,-0.006510589599609373,37,35,0.9362796866893768,0.9492750208377838,47b3174b2f652a11ce0070b207812d8402a0b11b747b285bb57f8dbd1f130622,acf3506459d6e62455fedcc8350d9ccff12c10b0d636787f2b15c50adf587839,True,Total selection includes global-sign loss only with observed G05 and nonzero global-sign weight.,positive means g05_full_reconstruction is better
1692babe9d2153d97a0706d0bece7194c22c1fc53b7f215c8f2260f0b820046c,total,validation_loss.total,g05_sign_only,g05_full_reconstruction,1.0,32,position_mae_z,41,primary,0.2198360366821289,0.22389054489135743,0.004054508209228536,-0.004054508209228536,37,35,0.9362796866893768,0.9492750208377838,47b3174b2f652a11ce0070b207812d8402a0b11b747b285bb57f8dbd1f130622,acf3506459d6e62455fedcc8350d9ccff12c10b0d636787f2b15c50adf587839,True,Total selection includes global-sign loss only with observed G05 and nonzero global-sign weight.,positive means g05_full_reconstruction is better
1692babe9d2153d97a0706d0bece7194c22c1fc53b7f215c8f2260f0b820046c,total,validation_loss.total,g05_sign_only,g05_full_reconstruction,1.0,32,mean_position_mae,41,primary,0.35994944763183595,0.37058311462402344,0.010633666992187485,-0.010633666992187485,37,35,0.9362796866893768,0.9492750208377838,47b3174b2f652a11ce0070b207812d8402a0b11b747b285bb57f8dbd1f130622,acf3506459d6e62455fedcc8350d9ccff12c10b0d636787f2b15c50adf587839,True,Total selection includes global-sign loss only with observed G05 and nonzero global-sign weight.,positive means g05_full_reconstruction is better
1692babe9d2153d97a0706d0bece7194c22c1fc53b7f215c8f2260f0b820046c,total,validation_loss.total,g05_sign_only,g05_full_reconstruction,1.0,32,mean_position_3d_error,41,primary,0.7332394638061523,0.7555088500976562,0.02226938629150388,-0.02226938629150388,37,35,0.9362796866893768,0.9492750208377838,47b3174b2f652a11ce0070b207812d8402a0b11b747b285bb57f8dbd1f130622,acf3506459d6e62455fedcc8350d9ccff12c10b0d636787f2b15c50adf587839,True,Total selection includes global-sign loss only with observed G05 and nonzero global-sign weight.,positive means g05_full_reconstruction is better
1692babe9d2153d97a0706d0bece7194c22c1fc53b7f215c8f2260f0b820046c,total,validation_loss.total,g05_sign_only,g05_full_reconstruction,1.0,32,charge_magnitude_mae,41,primary,0.15552479934692381,0.1549491500854492,-0.0005756492614746034,0.0005756492614746034,37,35,0.9362796866893768,0.9492750208377838,47b3174b2f652a11ce0070b207812d8402a0b11b747b285bb57f8dbd1f130622,acf3506459d6e62455fedcc8350d9ccff12c10b0d636787f2b15c50adf587839,True,Total selection includes global-sign loss only with observed G05 and nonzero global-sign weight.,positive means g05_full_reconstruction is better
1692babe9d2153d97a0706d0bece7194c22c1fc53b7f215c8f2260f0b820046c,total,validation_loss.total,g05_sign_only,g05_full_reconstruction,1.0,32,relative_sign_accuracy,41,primary,0.9627999954223633,0.9579999923706055,-0.004800003051757762,-0.004800003051757762,37,35,0.9362796866893768,0.9492750208377838,47b3174b2f652a11ce0070b207812d8402a0b11b747b285bb57f8dbd1f130622,acf3506459d6e62455fedcc8350d9ccff12c10b0d636787f2b15c50adf587839,True,Total selection includes global-sign loss only with observed G05 and nonzero global-sign weight.,positive means g05_full_reconstruction is better
1692babe9d2153d97a0706d0bece7194c22c1fc53b7f215c8f2260f0b820046c,total,validation_loss.total,g05_sign_only,g05_full_reconstruction,1.0,32,relative_configuration_accuracy,41,primary,0.915,0.906,-0.009000000000000008,-0.009000000000000008,37,35,0.9362796866893768,0.9492750208377838,47b3174b2f652a11ce0070b207812d8402a0b11b747b285bb57f8dbd1f130622,acf3506459d6e62455fedcc8350d9ccff12c10b0d636787f2b15c50adf587839,True,Total selection includes global-sign loss only with observed G05 and nonzero global-sign weight.,positive means g05_full_reconstruction is better
1692babe9d2153d97a0706d0bece7194c22c1fc53b7f215c8f2260f0b820046c,total,validation_loss.total,g05_sign_only,g05_full_reconstruction,1.0,32,pairwise_relative_sign_accuracy,41,primary,0.9505999984741211,0.9458000183105468,-0.004799980163574302,-0.004799980163574302,37,35,0.9362796866893768,0.9492750208377838,47b3174b2f652a11ce0070b207812d8402a0b11b747b285bb57f8dbd1f130622,acf3506459d6e62455fedcc8350d9ccff12c10b0d636787f2b15c50adf587839,True,Total selection includes global-sign loss only with observed G05 and nonzero global-sign weight.,positive means g05_full_reconstruction is better
1692babe9d2153d97a0706d0bece7194c22c1fc53b7f215c8f2260f0b820046c,total,validation_loss.total,g05_sign_only,g05_full_reconstruction,1.0,32,global_sign_accuracy,41,primary,0.864,0.866,0.0020000000000000018,0.0020000000000000018,37,35,0.9362796866893768,0.9492750208377838,47b3174b2f652a11ce0070b207812d8402a0b11b747b285bb57f8dbd1f130622,acf3506459d6e62455fedcc8350d9ccff12c10b0d636787f2b15c50adf587839,True,Total selection includes global-sign loss only with observed G05 and nonzero global-sign weight.,positive means g05_full_reconstruction is better
1692babe9d2153d97a0706d0bece7194c22c1fc53b7f215c8f2260f0b820046c,total,validation_loss.total,g05_sign_only,g05_full_reconstruction,1.0,32,global_sign_bce,41,primary,0.3403714141845703,0.3399958381652832,-0.0003755760192870605,0.0003755760192870605,37,35,0.9362796866893768,0.9492750208377838,47b3174b2f652a11ce0070b207812d8402a0b11b747b285bb57f8dbd1f130622,acf3506459d6e62455fedcc8350d9ccff12c10b0d636787f2b15c50adf587839,True,Total selection includes global-sign loss only with observed G05 and nonzero global-sign weight.,positive means g05_full_reconstruction is better
1692babe9d2153d97a0706d0bece7194c22c1fc53b7f215c8f2260f0b820046c,total,validation_loss.total,g05_sign_only,g05_full_reconstruction,1.0,32,absolute_sign_accuracy,41,primary,0.8828000030517578,0.8800000076293946,-0.0027999954223631995,-0.0027999954223631995,37,35,0.9362796866893768,0.9492750208377838,47b3174b2f652a11ce0070b207812d8402a0b11b747b285bb57f8dbd1f130622,acf3506459d6e62455fedcc8350d9ccff12c10b0d636787f2b15c50adf587839,True,Total selection includes global-sign loss only with observed G05 and nonzero global-sign weight.,positive means g05_full_reconstruction is better
1692babe9d2153d97a0706d0bece7194c22c1fc53b7f215c8f2260f0b820046c,total,validation_loss.total,g05_sign_only,g05_full_reconstruction,1.0,32,absolute_sign_set_accuracy,41,primary,0.844,0.836,-0.008000000000000007,-0.008000000000000007,37,35,0.9362796866893768,0.9492750208377838,47b3174b2f652a11ce0070b207812d8402a0b11b747b285bb57f8dbd1f130622,acf3506459d6e62455fedcc8350d9ccff12c10b0d636787f2b15c50adf587839,True,Total selection includes global-sign loss only with observed G05 and nonzero global-sign weight.,positive means g05_full_reconstruction is better
1692babe9d2153d97a0706d0bece7194c22c1fc53b7f215c8f2260f0b820046c,total,validation_loss.total,g05_sign_only,g05_full_reconstruction,1.0,32,charge_mae,41,primary,0.28409596824645994,0.289014705657959,0.004918737411499063,-0.004918737411499063,37,35,0.9362796866893768,0.9492750208377838,47b3174b2f652a11ce0070b207812d8402a0b11b747b285bb57f8dbd1f130622,acf3506459d6e62455fedcc8350d9ccff12c10b0d636787f2b15c50adf587839,True,Total selection includes global-sign loss only with observed G05 and nonzero global-sign weight.,positive means g05_full_reconstruction is better
1692babe9d2153d97a0706d0bece7194c22c1fc53b7f215c8f2260f0b820046c,total,validation_loss.total,g05_sign_only,g05_full_reconstruction,1.0,32,global_invariant_charge_mae,41,primary,0.19086493301391602,0.19488438606262207,0.004019453048706045,-0.004019453048706045,37,35,0.9362796866893768,0.9492750208377838,47b3174b2f652a11ce0070b207812d8402a0b11b747b285bb57f8dbd1f130622,acf3506459d6e62455fedcc8350d9ccff12c10b0d636787f2b15c50adf587839,True,Total selection includes global-sign loss only with observed G05 and nonzero global-sign weight.,positive means g05_full_reconstruction is better
