Five-charge routing experiment | device=cuda | G00=(10000, 32, 32) G05=(10000, 32, 3)
Unchanged 120-permutation matching / 16 relative patterns / train-only normalization; G05=1 means all candidates
Structure dropout=0.2; dual-objective early stopping patience=20 (0=off), min_delta=0, min_epochs=0
SMOKE PASS: fraction=0, points=0, parameters=406969 | capacity/init/order/mask/matching/parity/gradients/symmetry/finite/step/checkpoint
SMOKE PASS: fraction=0.1, points=3, parameters=406969 | capacity/init/order/mask/matching/parity/gradients/symmetry/finite/step/checkpoint
SMOKE PASS: fraction=0.25, points=8, parameters=406969 | capacity/init/order/mask/matching/parity/gradients/symmetry/finite/step/checkpoint
SMOKE PASS: fraction=0.5, points=16, parameters=406969 | capacity/init/order/mask/matching/parity/gradients/symmetry/finite/step/checkpoint
SMOKE PASS: fraction=0.75, points=24, parameters=406969 | capacity/init/order/mask/matching/parity/gradients/symmetry/finite/step/checkpoint
SMOKE PASS: fraction=1, points=32, parameters=406969 | capacity/init/order/mask/matching/parity/gradients/symmetry/finite/step/checkpoint
Results: C:\Users\COM\Documents\KK-AI\Modelexperiment11\fraction_sweep_results\seed42_g05_sweep_dropout020
Checkpoints: C:\Users\COM\Documents\KK-AI\Modelexperiment11\fraction_sweep_checkpoints\seed42_g05_sweep_dropout020
RUN g05_sign_only__g05_000pct__seed_42__54b8bb1ae7bf | cuda | start epoch=1
  epoch=001/150 train=1.114715 val_total=0.933479 val_structure=0.933479 best_total=1 best_structure=1 no_improvement=0
  epoch=002/150 train=0.884033 val_total=0.848001 val_structure=0.848001 best_total=2 best_structure=2 no_improvement=0
  epoch=003/150 train=0.836388 val_total=0.812051 val_structure=0.812051 best_total=3 best_structure=3 no_improvement=0
  epoch=004/150 train=0.800171 val_total=0.781917 val_structure=0.781917 best_total=4 best_structure=4 no_improvement=0
  epoch=005/150 train=0.769944 val_total=0.755654 val_structure=0.755654 best_total=5 best_structure=5 no_improvement=0
  epoch=006/150 train=0.743564 val_total=0.735785 val_structure=0.735785 best_total=6 best_structure=6 no_improvement=0
  epoch=007/150 train=0.724710 val_total=0.724232 val_structure=0.724232 best_total=7 best_structure=7 no_improvement=0
  epoch=008/150 train=0.706718 val_total=0.697345 val_structure=0.697345 best_total=8 best_structure=8 no_improvement=0
  epoch=009/150 train=0.694587 val_total=0.685334 val_structure=0.685334 best_total=9 best_structure=9 no_improvement=0
  epoch=010/150 train=0.681238 val_total=0.692502 val_structure=0.692502 best_total=9 best_structure=9 no_improvement=1
  epoch=011/150 train=0.673030 val_total=0.686619 val_structure=0.686619 best_total=9 best_structure=9 no_improvement=2
  epoch=012/150 train=0.663750 val_total=0.671302 val_structure=0.671302 best_total=12 best_structure=12 no_improvement=0
  epoch=013/150 train=0.650992 val_total=0.664042 val_structure=0.664042 best_total=13 best_structure=13 no_improvement=0
  epoch=014/150 train=0.648313 val_total=0.654253 val_structure=0.654253 best_total=14 best_structure=14 no_improvement=0
  epoch=015/150 train=0.638795 val_total=0.655960 val_structure=0.655960 best_total=14 best_structure=14 no_improvement=1
  epoch=016/150 train=0.636370 val_total=0.649371 val_structure=0.649371 best_total=16 best_structure=16 no_improvement=0
  epoch=017/150 train=0.627241 val_total=0.642843 val_structure=0.642843 best_total=17 best_structure=17 no_improvement=0
  epoch=018/150 train=0.619400 val_total=0.638945 val_structure=0.638945 best_total=18 best_structure=18 no_improvement=0
  epoch=019/150 train=0.611953 val_total=0.631806 val_structure=0.631806 best_total=19 best_structure=19 no_improvement=0
  epoch=020/150 train=0.604982 val_total=0.632053 val_structure=0.632053 best_total=19 best_structure=19 no_improvement=1
  epoch=021/150 train=0.596879 val_total=0.636973 val_structure=0.636973 best_total=19 best_structure=19 no_improvement=2
  epoch=022/150 train=0.599322 val_total=0.638647 val_structure=0.638647 best_total=19 best_structure=19 no_improvement=3
  epoch=023/150 train=0.589802 val_total=0.624224 val_structure=0.624224 best_total=23 best_structure=23 no_improvement=0
  epoch=024/150 train=0.584240 val_total=0.622550 val_structure=0.622550 best_total=24 best_structure=24 no_improvement=0
  epoch=025/150 train=0.577376 val_total=0.614480 val_structure=0.614480 best_total=25 best_structure=25 no_improvement=0
  epoch=026/150 train=0.570958 val_total=0.615042 val_structure=0.615042 best_total=25 best_structure=25 no_improvement=1
  epoch=027/150 train=0.569137 val_total=0.616994 val_structure=0.616994 best_total=25 best_structure=25 no_improvement=2
  epoch=028/150 train=0.565385 val_total=0.604399 val_structure=0.604399 best_total=28 best_structure=28 no_improvement=0
  epoch=029/150 train=0.561626 val_total=0.606606 val_structure=0.606606 best_total=28 best_structure=28 no_improvement=1
  epoch=030/150 train=0.551874 val_total=0.609657 val_structure=0.609657 best_total=28 best_structure=28 no_improvement=2
  epoch=031/150 train=0.548661 val_total=0.603643 val_structure=0.603643 best_total=31 best_structure=31 no_improvement=0
  epoch=032/150 train=0.544890 val_total=0.606170 val_structure=0.606170 best_total=31 best_structure=31 no_improvement=1
  epoch=033/150 train=0.537322 val_total=0.594888 val_structure=0.594888 best_total=33 best_structure=33 no_improvement=0
  epoch=034/150 train=0.536739 val_total=0.611975 val_structure=0.611975 best_total=33 best_structure=33 no_improvement=1
  epoch=035/150 train=0.530502 val_total=0.602254 val_structure=0.602254 best_total=33 best_structure=33 no_improvement=2
  epoch=036/150 train=0.525445 val_total=0.601249 val_structure=0.601249 best_total=33 best_structure=33 no_improvement=3
  epoch=037/150 train=0.524338 val_total=0.593810 val_structure=0.593810 best_total=37 best_structure=37 no_improvement=0
  epoch=038/150 train=0.517412 val_total=0.593707 val_structure=0.593707 best_total=38 best_structure=38 no_improvement=0
  epoch=039/150 train=0.514331 val_total=0.589283 val_structure=0.589283 best_total=39 best_structure=39 no_improvement=0
  epoch=040/150 train=0.510216 val_total=0.602025 val_structure=0.602025 best_total=39 best_structure=39 no_improvement=1
  epoch=041/150 train=0.505052 val_total=0.587869 val_structure=0.587869 best_total=41 best_structure=41 no_improvement=0
  epoch=042/150 train=0.505070 val_total=0.589755 val_structure=0.589755 best_total=41 best_structure=41 no_improvement=1
  epoch=043/150 train=0.496055 val_total=0.589244 val_structure=0.589244 best_total=41 best_structure=41 no_improvement=2
  epoch=044/150 train=0.493120 val_total=0.586808 val_structure=0.586808 best_total=44 best_structure=44 no_improvement=0
  epoch=045/150 train=0.492381 val_total=0.589599 val_structure=0.589599 best_total=44 best_structure=44 no_improvement=1
  epoch=046/150 train=0.487947 val_total=0.593285 val_structure=0.593285 best_total=44 best_structure=44 no_improvement=2
  epoch=047/150 train=0.484680 val_total=0.594830 val_structure=0.594830 best_total=44 best_structure=44 no_improvement=3
  epoch=048/150 train=0.481035 val_total=0.586386 val_structure=0.586386 best_total=48 best_structure=48 no_improvement=0
  epoch=049/150 train=0.477661 val_total=0.586532 val_structure=0.586532 best_total=48 best_structure=48 no_improvement=1
  epoch=050/150 train=0.474393 val_total=0.589018 val_structure=0.589018 best_total=48 best_structure=48 no_improvement=2
  epoch=051/150 train=0.473749 val_total=0.590249 val_structure=0.590249 best_total=48 best_structure=48 no_improvement=3
  epoch=052/150 train=0.464146 val_total=0.592435 val_structure=0.592435 best_total=48 best_structure=48 no_improvement=4
  epoch=053/150 train=0.465725 val_total=0.594848 val_structure=0.594848 best_total=48 best_structure=48 no_improvement=5
  epoch=054/150 train=0.459968 val_total=0.590602 val_structure=0.590602 best_total=48 best_structure=48 no_improvement=6
  epoch=055/150 train=0.456252 val_total=0.579643 val_structure=0.579643 best_total=55 best_structure=55 no_improvement=0
  epoch=056/150 train=0.455398 val_total=0.596486 val_structure=0.596486 best_total=55 best_structure=55 no_improvement=1
  epoch=057/150 train=0.453641 val_total=0.587272 val_structure=0.587272 best_total=55 best_structure=55 no_improvement=2
  epoch=058/150 train=0.449606 val_total=0.586883 val_structure=0.586883 best_total=55 best_structure=55 no_improvement=3
  epoch=059/150 train=0.441714 val_total=0.594303 val_structure=0.594303 best_total=55 best_structure=55 no_improvement=4
  epoch=060/150 train=0.439748 val_total=0.583728 val_structure=0.583728 best_total=55 best_structure=55 no_improvement=5
  epoch=061/150 train=0.437768 val_total=0.591740 val_structure=0.591740 best_total=55 best_structure=55 no_improvement=6
  epoch=062/150 train=0.433457 val_total=0.593431 val_structure=0.593431 best_total=55 best_structure=55 no_improvement=7
  epoch=063/150 train=0.430545 val_total=0.583694 val_structure=0.583694 best_total=55 best_structure=55 no_improvement=8
  epoch=064/150 train=0.431949 val_total=0.594673 val_structure=0.594673 best_total=55 best_structure=55 no_improvement=9
  epoch=065/150 train=0.423765 val_total=0.595371 val_structure=0.595371 best_total=55 best_structure=55 no_improvement=10
  epoch=066/150 train=0.425550 val_total=0.595303 val_structure=0.595303 best_total=55 best_structure=55 no_improvement=11
  epoch=067/150 train=0.425129 val_total=0.593245 val_structure=0.593245 best_total=55 best_structure=55 no_improvement=12
  epoch=068/150 train=0.419084 val_total=0.595153 val_structure=0.595153 best_total=55 best_structure=55 no_improvement=13
  epoch=069/150 train=0.419940 val_total=0.597720 val_structure=0.597720 best_total=55 best_structure=55 no_improvement=14
  epoch=070/150 train=0.416447 val_total=0.593672 val_structure=0.593672 best_total=55 best_structure=55 no_improvement=15
  epoch=071/150 train=0.411566 val_total=0.613153 val_structure=0.613153 best_total=55 best_structure=55 no_improvement=16
  epoch=072/150 train=0.409336 val_total=0.601482 val_structure=0.601482 best_total=55 best_structure=55 no_improvement=17
  epoch=073/150 train=0.408584 val_total=0.594625 val_structure=0.594625 best_total=55 best_structure=55 no_improvement=18
  epoch=074/150 train=0.401467 val_total=0.614290 val_structure=0.614290 best_total=55 best_structure=55 no_improvement=19
  epoch=075/150 train=0.404695 val_total=0.606445 val_structure=0.606445 best_total=55 best_structure=55 no_improvement=20
  TRAINING FINISHED: early_stopping at epoch 75/150
  TEST total: position_mae=0.354398 position_3d=0.722286 magnitude=0.158173
  TEST structure: position_mae=0.354398 position_3d=0.722286 magnitude=0.158173
RUN g05_full_reconstruction__g05_000pct__seed_42__ff1133d11a0b | cuda | start epoch=1
  epoch=001/150 train=1.114715 val_total=0.933479 val_structure=0.933479 best_total=1 best_structure=1 no_improvement=0
  epoch=002/150 train=0.884033 val_total=0.848001 val_structure=0.848001 best_total=2 best_structure=2 no_improvement=0
  epoch=003/150 train=0.836388 val_total=0.812051 val_structure=0.812051 best_total=3 best_structure=3 no_improvement=0
  epoch=004/150 train=0.800171 val_total=0.781917 val_structure=0.781917 best_total=4 best_structure=4 no_improvement=0
  epoch=005/150 train=0.769944 val_total=0.755654 val_structure=0.755654 best_total=5 best_structure=5 no_improvement=0
  epoch=006/150 train=0.743564 val_total=0.735785 val_structure=0.735785 best_total=6 best_structure=6 no_improvement=0
  epoch=007/150 train=0.724710 val_total=0.724232 val_structure=0.724232 best_total=7 best_structure=7 no_improvement=0
  epoch=008/150 train=0.706718 val_total=0.697345 val_structure=0.697345 best_total=8 best_structure=8 no_improvement=0
  epoch=009/150 train=0.694587 val_total=0.685334 val_structure=0.685334 best_total=9 best_structure=9 no_improvement=0
  epoch=010/150 train=0.681238 val_total=0.692502 val_structure=0.692502 best_total=9 best_structure=9 no_improvement=1
  epoch=011/150 train=0.673030 val_total=0.686619 val_structure=0.686619 best_total=9 best_structure=9 no_improvement=2
  epoch=012/150 train=0.663750 val_total=0.671302 val_structure=0.671302 best_total=12 best_structure=12 no_improvement=0
  epoch=013/150 train=0.650992 val_total=0.664042 val_structure=0.664042 best_total=13 best_structure=13 no_improvement=0
  epoch=014/150 train=0.648313 val_total=0.654253 val_structure=0.654253 best_total=14 best_structure=14 no_improvement=0
  epoch=015/150 train=0.638795 val_total=0.655960 val_structure=0.655960 best_total=14 best_structure=14 no_improvement=1
  epoch=016/150 train=0.636370 val_total=0.649371 val_structure=0.649371 best_total=16 best_structure=16 no_improvement=0
  epoch=017/150 train=0.627241 val_total=0.642843 val_structure=0.642843 best_total=17 best_structure=17 no_improvement=0
  epoch=018/150 train=0.619400 val_total=0.638945 val_structure=0.638945 best_total=18 best_structure=18 no_improvement=0
  epoch=019/150 train=0.611953 val_total=0.631806 val_structure=0.631806 best_total=19 best_structure=19 no_improvement=0
  epoch=020/150 train=0.604982 val_total=0.632053 val_structure=0.632053 best_total=19 best_structure=19 no_improvement=1
  epoch=021/150 train=0.596879 val_total=0.636973 val_structure=0.636973 best_total=19 best_structure=19 no_improvement=2
  epoch=022/150 train=0.599322 val_total=0.638647 val_structure=0.638647 best_total=19 best_structure=19 no_improvement=3
  epoch=023/150 train=0.589802 val_total=0.624224 val_structure=0.624224 best_total=23 best_structure=23 no_improvement=0
  epoch=024/150 train=0.584240 val_total=0.622550 val_structure=0.622550 best_total=24 best_structure=24 no_improvement=0
  epoch=025/150 train=0.577376 val_total=0.614480 val_structure=0.614480 best_total=25 best_structure=25 no_improvement=0
  epoch=026/150 train=0.570958 val_total=0.615042 val_structure=0.615042 best_total=25 best_structure=25 no_improvement=1
  epoch=027/150 train=0.569137 val_total=0.616994 val_structure=0.616994 best_total=25 best_structure=25 no_improvement=2
  epoch=028/150 train=0.565385 val_total=0.604399 val_structure=0.604399 best_total=28 best_structure=28 no_improvement=0
  epoch=029/150 train=0.561626 val_total=0.606606 val_structure=0.606606 best_total=28 best_structure=28 no_improvement=1
  epoch=030/150 train=0.551874 val_total=0.609657 val_structure=0.609657 best_total=28 best_structure=28 no_improvement=2
  epoch=031/150 train=0.548661 val_total=0.603643 val_structure=0.603643 best_total=31 best_structure=31 no_improvement=0
  epoch=032/150 train=0.544890 val_total=0.606170 val_structure=0.606170 best_total=31 best_structure=31 no_improvement=1
  epoch=033/150 train=0.537322 val_total=0.594888 val_structure=0.594888 best_total=33 best_structure=33 no_improvement=0
  epoch=034/150 train=0.536739 val_total=0.611975 val_structure=0.611975 best_total=33 best_structure=33 no_improvement=1
  epoch=035/150 train=0.530502 val_total=0.602254 val_structure=0.602254 best_total=33 best_structure=33 no_improvement=2
  epoch=036/150 train=0.525445 val_total=0.601249 val_structure=0.601249 best_total=33 best_structure=33 no_improvement=3
  epoch=037/150 train=0.524338 val_total=0.593810 val_structure=0.593810 best_total=37 best_structure=37 no_improvement=0
  epoch=038/150 train=0.517412 val_total=0.593707 val_structure=0.593707 best_total=38 best_structure=38 no_improvement=0
  epoch=039/150 train=0.514331 val_total=0.589283 val_structure=0.589283 best_total=39 best_structure=39 no_improvement=0
  epoch=040/150 train=0.510216 val_total=0.602025 val_structure=0.602025 best_total=39 best_structure=39 no_improvement=1
  epoch=041/150 train=0.505052 val_total=0.587869 val_structure=0.587869 best_total=41 best_structure=41 no_improvement=0
  epoch=042/150 train=0.505070 val_total=0.589755 val_structure=0.589755 best_total=41 best_structure=41 no_improvement=1
  epoch=043/150 train=0.496055 val_total=0.589244 val_structure=0.589244 best_total=41 best_structure=41 no_improvement=2
  epoch=044/150 train=0.493120 val_total=0.586808 val_structure=0.586808 best_total=44 best_structure=44 no_improvement=0
  epoch=045/150 train=0.492381 val_total=0.589599 val_structure=0.589599 best_total=44 best_structure=44 no_improvement=1
  epoch=046/150 train=0.487947 val_total=0.593285 val_structure=0.593285 best_total=44 best_structure=44 no_improvement=2
  epoch=047/150 train=0.484680 val_total=0.594830 val_structure=0.594830 best_total=44 best_structure=44 no_improvement=3
  epoch=048/150 train=0.481035 val_total=0.586386 val_structure=0.586386 best_total=48 best_structure=48 no_improvement=0
  epoch=049/150 train=0.477661 val_total=0.586532 val_structure=0.586532 best_total=48 best_structure=48 no_improvement=1
  epoch=050/150 train=0.474393 val_total=0.589018 val_structure=0.589018 best_total=48 best_structure=48 no_improvement=2
  epoch=051/150 train=0.473749 val_total=0.590249 val_structure=0.590249 best_total=48 best_structure=48 no_improvement=3
  epoch=052/150 train=0.464146 val_total=0.592435 val_structure=0.592435 best_total=48 best_structure=48 no_improvement=4
  epoch=053/150 train=0.465725 val_total=0.594848 val_structure=0.594848 best_total=48 best_structure=48 no_improvement=5
  epoch=054/150 train=0.459968 val_total=0.590602 val_structure=0.590602 best_total=48 best_structure=48 no_improvement=6
  epoch=055/150 train=0.456252 val_total=0.579643 val_structure=0.579643 best_total=55 best_structure=55 no_improvement=0
  epoch=056/150 train=0.455398 val_total=0.596486 val_structure=0.596486 best_total=55 best_structure=55 no_improvement=1
  epoch=057/150 train=0.453641 val_total=0.587272 val_structure=0.587272 best_total=55 best_structure=55 no_improvement=2
  epoch=058/150 train=0.449606 val_total=0.586883 val_structure=0.586883 best_total=55 best_structure=55 no_improvement=3
  epoch=059/150 train=0.441714 val_total=0.594303 val_structure=0.594303 best_total=55 best_structure=55 no_improvement=4
  epoch=060/150 train=0.439748 val_total=0.583728 val_structure=0.583728 best_total=55 best_structure=55 no_improvement=5
  epoch=061/150 train=0.437768 val_total=0.591740 val_structure=0.591740 best_total=55 best_structure=55 no_improvement=6
  epoch=062/150 train=0.433457 val_total=0.593431 val_structure=0.593431 best_total=55 best_structure=55 no_improvement=7
  epoch=063/150 train=0.430545 val_total=0.583694 val_structure=0.583694 best_total=55 best_structure=55 no_improvement=8
  epoch=064/150 train=0.431949 val_total=0.594673 val_structure=0.594673 best_total=55 best_structure=55 no_improvement=9
  epoch=065/150 train=0.423765 val_total=0.595371 val_structure=0.595371 best_total=55 best_structure=55 no_improvement=10
  epoch=066/150 train=0.425550 val_total=0.595303 val_structure=0.595303 best_total=55 best_structure=55 no_improvement=11
  epoch=067/150 train=0.425129 val_total=0.593245 val_structure=0.593245 best_total=55 best_structure=55 no_improvement=12
  epoch=068/150 train=0.419084 val_total=0.595153 val_structure=0.595153 best_total=55 best_structure=55 no_improvement=13
  epoch=069/150 train=0.419940 val_total=0.597720 val_structure=0.597720 best_total=55 best_structure=55 no_improvement=14
  epoch=070/150 train=0.416447 val_total=0.593672 val_structure=0.593672 best_total=55 best_structure=55 no_improvement=15
  epoch=071/150 train=0.411566 val_total=0.613153 val_structure=0.613153 best_total=55 best_structure=55 no_improvement=16
  epoch=072/150 train=0.409336 val_total=0.601482 val_structure=0.601482 best_total=55 best_structure=55 no_improvement=17
  epoch=073/150 train=0.408584 val_total=0.594625 val_structure=0.594625 best_total=55 best_structure=55 no_improvement=18
  epoch=074/150 train=0.401467 val_total=0.614290 val_structure=0.614290 best_total=55 best_structure=55 no_improvement=19
  epoch=075/150 train=0.404695 val_total=0.606445 val_structure=0.606445 best_total=55 best_structure=55 no_improvement=20
  TRAINING FINISHED: early_stopping at epoch 75/150
  TEST total: position_mae=0.354398 position_3d=0.722286 magnitude=0.158173
  TEST structure: position_mae=0.354398 position_3d=0.722286 magnitude=0.158173
RUN g05_sign_only__g05_010pct__seed_42__35f6f60478a6 | cuda | start epoch=1
  epoch=001/150 train=1.800756 val_total=1.605434 val_structure=0.933479 best_total=1 best_structure=1 no_improvement=0
  epoch=002/150 train=1.497081 val_total=1.387965 val_structure=0.848001 best_total=2 best_structure=2 no_improvement=0
  epoch=003/150 train=1.298455 val_total=1.269523 val_structure=0.812051 best_total=3 best_structure=3 no_improvement=0
  epoch=004/150 train=1.204539 val_total=1.195110 val_structure=0.781917 best_total=4 best_structure=4 no_improvement=0
  epoch=005/150 train=1.152493 val_total=1.161224 val_structure=0.755654 best_total=5 best_structure=5 no_improvement=0
  epoch=006/150 train=1.118324 val_total=1.142013 val_structure=0.735785 best_total=6 best_structure=6 no_improvement=0
  epoch=007/150 train=1.093808 val_total=1.113836 val_structure=0.724232 best_total=7 best_structure=7 no_improvement=0
  epoch=008/150 train=1.072430 val_total=1.083402 val_structure=0.697345 best_total=8 best_structure=8 no_improvement=0
  epoch=009/150 train=1.058049 val_total=1.088087 val_structure=0.685334 best_total=8 best_structure=9 no_improvement=0
  epoch=010/150 train=1.046020 val_total=1.078740 val_structure=0.692502 best_total=10 best_structure=9 no_improvement=0
  epoch=011/150 train=1.036567 val_total=1.066940 val_structure=0.686619 best_total=11 best_structure=9 no_improvement=0
  epoch=012/150 train=1.022635 val_total=1.062414 val_structure=0.671302 best_total=12 best_structure=12 no_improvement=0
  epoch=013/150 train=1.010034 val_total=1.045369 val_structure=0.664042 best_total=13 best_structure=13 no_improvement=0
  epoch=014/150 train=1.006661 val_total=1.033692 val_structure=0.654253 best_total=14 best_structure=14 no_improvement=0
  epoch=015/150 train=0.996843 val_total=1.032755 val_structure=0.655960 best_total=15 best_structure=14 no_improvement=0
  epoch=016/150 train=0.995642 val_total=1.029434 val_structure=0.649371 best_total=16 best_structure=16 no_improvement=0
  epoch=017/150 train=0.988230 val_total=1.025275 val_structure=0.642843 best_total=17 best_structure=17 no_improvement=0
  epoch=018/150 train=0.979855 val_total=1.015716 val_structure=0.638945 best_total=18 best_structure=18 no_improvement=0
  epoch=019/150 train=0.970198 val_total=1.012510 val_structure=0.631806 best_total=19 best_structure=19 no_improvement=0
  epoch=020/150 train=0.963880 val_total=1.013321 val_structure=0.632053 best_total=19 best_structure=19 no_improvement=1
  epoch=021/150 train=0.952272 val_total=1.011813 val_structure=0.636973 best_total=21 best_structure=19 no_improvement=0
  epoch=022/150 train=0.956416 val_total=1.024862 val_structure=0.638647 best_total=21 best_structure=19 no_improvement=1
  epoch=023/150 train=0.947346 val_total=1.000383 val_structure=0.624224 best_total=23 best_structure=23 no_improvement=0
  epoch=024/150 train=0.941419 val_total=1.004568 val_structure=0.622550 best_total=23 best_structure=24 no_improvement=0
  epoch=025/150 train=0.933177 val_total=0.989560 val_structure=0.614480 best_total=25 best_structure=25 no_improvement=0
  epoch=026/150 train=0.929726 val_total=0.991352 val_structure=0.615042 best_total=25 best_structure=25 no_improvement=1
  epoch=027/150 train=0.922767 val_total=0.991947 val_structure=0.616994 best_total=25 best_structure=25 no_improvement=2
  epoch=028/150 train=0.919989 val_total=0.982668 val_structure=0.604399 best_total=28 best_structure=28 no_improvement=0
  epoch=029/150 train=0.915226 val_total=0.980986 val_structure=0.606606 best_total=29 best_structure=28 no_improvement=0
  epoch=030/150 train=0.905262 val_total=0.984796 val_structure=0.609657 best_total=29 best_structure=28 no_improvement=1
  epoch=031/150 train=0.904170 val_total=0.979519 val_structure=0.603643 best_total=31 best_structure=31 no_improvement=0
  epoch=032/150 train=0.898800 val_total=0.990608 val_structure=0.606170 best_total=31 best_structure=31 no_improvement=1
  epoch=033/150 train=0.892076 val_total=0.971072 val_structure=0.594888 best_total=33 best_structure=33 no_improvement=0
  epoch=034/150 train=0.889232 val_total=1.007029 val_structure=0.611975 best_total=33 best_structure=33 no_improvement=1
  epoch=035/150 train=0.885542 val_total=0.981126 val_structure=0.602254 best_total=33 best_structure=33 no_improvement=2
  epoch=036/150 train=0.881066 val_total=0.978691 val_structure=0.601249 best_total=33 best_structure=33 no_improvement=3
  epoch=037/150 train=0.877147 val_total=0.970930 val_structure=0.593810 best_total=37 best_structure=37 no_improvement=0
  epoch=038/150 train=0.871746 val_total=0.967657 val_structure=0.593707 best_total=38 best_structure=38 no_improvement=0
  epoch=039/150 train=0.870239 val_total=0.962837 val_structure=0.589283 best_total=39 best_structure=39 no_improvement=0
  epoch=040/150 train=0.863987 val_total=0.985200 val_structure=0.602025 best_total=39 best_structure=39 no_improvement=1
  epoch=041/150 train=0.858908 val_total=0.961556 val_structure=0.587869 best_total=41 best_structure=41 no_improvement=0
  epoch=042/150 train=0.858354 val_total=0.965064 val_structure=0.589755 best_total=41 best_structure=41 no_improvement=1
  epoch=043/150 train=0.848135 val_total=0.969377 val_structure=0.589244 best_total=41 best_structure=41 no_improvement=2
  epoch=044/150 train=0.845574 val_total=0.959086 val_structure=0.586808 best_total=44 best_structure=44 no_improvement=0
  epoch=045/150 train=0.846561 val_total=0.971468 val_structure=0.589599 best_total=44 best_structure=44 no_improvement=1
  epoch=046/150 train=0.841010 val_total=0.966754 val_structure=0.593285 best_total=44 best_structure=44 no_improvement=2
  epoch=047/150 train=0.837824 val_total=0.970674 val_structure=0.594830 best_total=44 best_structure=44 no_improvement=3
  epoch=048/150 train=0.832923 val_total=0.959886 val_structure=0.586386 best_total=44 best_structure=48 no_improvement=0
  epoch=049/150 train=0.830726 val_total=0.963158 val_structure=0.586532 best_total=44 best_structure=48 no_improvement=1
  epoch=050/150 train=0.827647 val_total=0.962530 val_structure=0.589018 best_total=44 best_structure=48 no_improvement=2
  epoch=051/150 train=0.824934 val_total=0.965584 val_structure=0.590249 best_total=44 best_structure=48 no_improvement=3
  epoch=052/150 train=0.815434 val_total=0.964609 val_structure=0.592435 best_total=44 best_structure=48 no_improvement=4
  epoch=053/150 train=0.817067 val_total=0.969885 val_structure=0.594848 best_total=44 best_structure=48 no_improvement=5
  epoch=054/150 train=0.809851 val_total=0.964023 val_structure=0.590602 best_total=44 best_structure=48 no_improvement=6
  epoch=055/150 train=0.809219 val_total=0.956229 val_structure=0.579643 best_total=55 best_structure=55 no_improvement=0
  epoch=056/150 train=0.809454 val_total=0.970264 val_structure=0.596486 best_total=55 best_structure=55 no_improvement=1
  epoch=057/150 train=0.806935 val_total=0.962142 val_structure=0.587272 best_total=55 best_structure=55 no_improvement=2
  epoch=058/150 train=0.800842 val_total=0.960592 val_structure=0.586883 best_total=55 best_structure=55 no_improvement=3
  epoch=059/150 train=0.792712 val_total=0.966463 val_structure=0.594303 best_total=55 best_structure=55 no_improvement=4
  epoch=060/150 train=0.791556 val_total=0.956166 val_structure=0.583728 best_total=60 best_structure=55 no_improvement=0
  epoch=061/150 train=0.791081 val_total=0.964864 val_structure=0.591740 best_total=60 best_structure=55 no_improvement=1
  epoch=062/150 train=0.784602 val_total=0.966163 val_structure=0.593431 best_total=60 best_structure=55 no_improvement=2
  epoch=063/150 train=0.781531 val_total=0.954760 val_structure=0.583694 best_total=63 best_structure=55 no_improvement=0
  epoch=064/150 train=0.781911 val_total=0.967618 val_structure=0.594673 best_total=63 best_structure=55 no_improvement=1
  epoch=065/150 train=0.773841 val_total=0.972317 val_structure=0.595371 best_total=63 best_structure=55 no_improvement=2
  epoch=066/150 train=0.777176 val_total=0.966145 val_structure=0.595303 best_total=63 best_structure=55 no_improvement=3
  epoch=067/150 train=0.774877 val_total=0.968465 val_structure=0.593245 best_total=63 best_structure=55 no_improvement=4
  epoch=068/150 train=0.767934 val_total=0.970376 val_structure=0.595153 best_total=63 best_structure=55 no_improvement=5
  epoch=069/150 train=0.770959 val_total=0.970651 val_structure=0.597720 best_total=63 best_structure=55 no_improvement=6
  epoch=070/150 train=0.765780 val_total=0.964340 val_structure=0.593672 best_total=63 best_structure=55 no_improvement=7
  epoch=071/150 train=0.764445 val_total=0.987787 val_structure=0.613153 best_total=63 best_structure=55 no_improvement=8
  epoch=072/150 train=0.759281 val_total=0.975171 val_structure=0.601482 best_total=63 best_structure=55 no_improvement=9
  epoch=073/150 train=0.759651 val_total=0.968461 val_structure=0.594625 best_total=63 best_structure=55 no_improvement=10
  epoch=074/150 train=0.751294 val_total=0.984875 val_structure=0.614290 best_total=63 best_structure=55 no_improvement=11
  epoch=075/150 train=0.754910 val_total=0.988309 val_structure=0.606445 best_total=63 best_structure=55 no_improvement=12
  epoch=076/150 train=0.746802 val_total=0.981105 val_structure=0.610582 best_total=63 best_structure=55 no_improvement=13
  epoch=077/150 train=0.749189 val_total=0.970352 val_structure=0.598918 best_total=63 best_structure=55 no_improvement=14
  epoch=078/150 train=0.746840 val_total=0.979450 val_structure=0.607924 best_total=63 best_structure=55 no_improvement=15
  epoch=079/150 train=0.741707 val_total=0.970170 val_structure=0.595565 best_total=63 best_structure=55 no_improvement=16
  epoch=080/150 train=0.740920 val_total=0.969508 val_structure=0.597210 best_total=63 best_structure=55 no_improvement=17
  epoch=081/150 train=0.739001 val_total=0.985141 val_structure=0.607596 best_total=63 best_structure=55 no_improvement=18
  epoch=082/150 train=0.741413 val_total=0.980018 val_structure=0.607738 best_total=63 best_structure=55 no_improvement=19
  epoch=083/150 train=0.738115 val_total=0.977617 val_structure=0.604936 best_total=63 best_structure=55 no_improvement=20
  TRAINING FINISHED: early_stopping at epoch 83/150
  TEST total: position_mae=0.352898 position_3d=0.719129 magnitude=0.158249
  TEST structure: position_mae=0.354398 position_3d=0.722286 magnitude=0.158173
RUN g05_full_reconstruction__g05_010pct__seed_42__a01ef7bfc69b | cuda | start epoch=1
  epoch=001/150 train=1.787072 val_total=1.604317 val_structure=0.927916 best_total=1 best_structure=1 no_improvement=0
  epoch=002/150 train=1.506206 val_total=1.408906 val_structure=0.850133 best_total=2 best_structure=2 no_improvement=0
  epoch=003/150 train=1.305921 val_total=1.288975 val_structure=0.822223 best_total=3 best_structure=3 no_improvement=0
  epoch=004/150 train=1.204344 val_total=1.197764 val_structure=0.781891 best_total=4 best_structure=4 no_improvement=0
  epoch=005/150 train=1.144996 val_total=1.165705 val_structure=0.757275 best_total=5 best_structure=5 no_improvement=0
  epoch=006/150 train=1.107078 val_total=1.130954 val_structure=0.729785 best_total=6 best_structure=6 no_improvement=0
  epoch=007/150 train=1.078780 val_total=1.097309 val_structure=0.708290 best_total=7 best_structure=7 no_improvement=0
  epoch=008/150 train=1.062152 val_total=1.076180 val_structure=0.690663 best_total=8 best_structure=8 no_improvement=0
  epoch=009/150 train=1.045673 val_total=1.078227 val_structure=0.679044 best_total=8 best_structure=9 no_improvement=0
  epoch=010/150 train=1.033129 val_total=1.055090 val_structure=0.670270 best_total=10 best_structure=10 no_improvement=0
  epoch=011/150 train=1.026235 val_total=1.057082 val_structure=0.676696 best_total=10 best_structure=10 no_improvement=1
  epoch=012/150 train=1.011122 val_total=1.054755 val_structure=0.662257 best_total=12 best_structure=12 no_improvement=0
  epoch=013/150 train=1.001263 val_total=1.050461 val_structure=0.667794 best_total=13 best_structure=12 no_improvement=0
  epoch=014/150 train=0.992193 val_total=1.023713 val_structure=0.643460 best_total=14 best_structure=14 no_improvement=0
  epoch=015/150 train=0.977958 val_total=1.019465 val_structure=0.641448 best_total=15 best_structure=15 no_improvement=0
  epoch=016/150 train=0.973405 val_total=1.020343 val_structure=0.640720 best_total=15 best_structure=16 no_improvement=0
  epoch=017/150 train=0.968455 val_total=1.019309 val_structure=0.634443 best_total=17 best_structure=17 no_improvement=0
  epoch=018/150 train=0.962443 val_total=1.016186 val_structure=0.636267 best_total=18 best_structure=17 no_improvement=0
  epoch=019/150 train=0.953153 val_total=1.005865 val_structure=0.621163 best_total=19 best_structure=19 no_improvement=0
  epoch=020/150 train=0.946080 val_total=0.997594 val_structure=0.616769 best_total=20 best_structure=20 no_improvement=0
  epoch=021/150 train=0.933937 val_total=1.001098 val_structure=0.623786 best_total=20 best_structure=20 no_improvement=1
  epoch=022/150 train=0.933146 val_total=1.008384 val_structure=0.620607 best_total=20 best_structure=20 no_improvement=2
  epoch=023/150 train=0.928704 val_total=0.999583 val_structure=0.620223 best_total=20 best_structure=20 no_improvement=3
  epoch=024/150 train=0.923058 val_total=0.988029 val_structure=0.604863 best_total=24 best_structure=24 no_improvement=0
  epoch=025/150 train=0.918207 val_total=0.981786 val_structure=0.604281 best_total=25 best_structure=25 no_improvement=0
  epoch=026/150 train=0.910444 val_total=0.982495 val_structure=0.604285 best_total=25 best_structure=25 no_improvement=1
  epoch=027/150 train=0.906091 val_total=0.977834 val_structure=0.600535 best_total=27 best_structure=27 no_improvement=0
  epoch=028/150 train=0.897070 val_total=0.973928 val_structure=0.594164 best_total=28 best_structure=28 no_improvement=0
  epoch=029/150 train=0.893241 val_total=0.975096 val_structure=0.598219 best_total=28 best_structure=28 no_improvement=1
  epoch=030/150 train=0.887406 val_total=0.967342 val_structure=0.590574 best_total=30 best_structure=30 no_improvement=0
  epoch=031/150 train=0.884702 val_total=0.970598 val_structure=0.591631 best_total=30 best_structure=30 no_improvement=1
  epoch=032/150 train=0.877450 val_total=0.990474 val_structure=0.601352 best_total=30 best_structure=30 no_improvement=2
  epoch=033/150 train=0.871687 val_total=0.966228 val_structure=0.589027 best_total=33 best_structure=33 no_improvement=0
  epoch=034/150 train=0.867803 val_total=0.992715 val_structure=0.593613 best_total=33 best_structure=33 no_improvement=1
  epoch=035/150 train=0.863898 val_total=0.969353 val_structure=0.588786 best_total=33 best_structure=35 no_improvement=0
  epoch=036/150 train=0.861569 val_total=0.975818 val_structure=0.596339 best_total=33 best_structure=35 no_improvement=1
  epoch=037/150 train=0.856798 val_total=0.971213 val_structure=0.592772 best_total=33 best_structure=35 no_improvement=2
  epoch=038/150 train=0.850334 val_total=0.959732 val_structure=0.583933 best_total=38 best_structure=38 no_improvement=0
  epoch=039/150 train=0.848268 val_total=0.964444 val_structure=0.590008 best_total=38 best_structure=38 no_improvement=1
  epoch=040/150 train=0.843534 val_total=0.978948 val_structure=0.593356 best_total=38 best_structure=38 no_improvement=2
  epoch=041/150 train=0.844493 val_total=0.974589 val_structure=0.597749 best_total=38 best_structure=38 no_improvement=3
  epoch=042/150 train=0.838171 val_total=0.962694 val_structure=0.584158 best_total=38 best_structure=38 no_improvement=4
  epoch=043/150 train=0.831226 val_total=0.967572 val_structure=0.582776 best_total=38 best_structure=43 no_improvement=0
  epoch=044/150 train=0.826306 val_total=0.956008 val_structure=0.581422 best_total=44 best_structure=44 no_improvement=0
  epoch=045/150 train=0.823325 val_total=0.968361 val_structure=0.587252 best_total=44 best_structure=44 no_improvement=1
  epoch=046/150 train=0.816308 val_total=0.957723 val_structure=0.582157 best_total=44 best_structure=44 no_improvement=2
  epoch=047/150 train=0.817909 val_total=0.962381 val_structure=0.584509 best_total=44 best_structure=44 no_improvement=3
  epoch=048/150 train=0.811644 val_total=0.965782 val_structure=0.589636 best_total=44 best_structure=44 no_improvement=4
  epoch=049/150 train=0.810680 val_total=0.969664 val_structure=0.589464 best_total=44 best_structure=44 no_improvement=5
  epoch=050/150 train=0.808596 val_total=0.962868 val_structure=0.589289 best_total=44 best_structure=44 no_improvement=6
  epoch=051/150 train=0.803038 val_total=0.961503 val_structure=0.585352 best_total=44 best_structure=44 no_improvement=7
  epoch=052/150 train=0.799722 val_total=0.961000 val_structure=0.587192 best_total=44 best_structure=44 no_improvement=8
  epoch=053/150 train=0.797886 val_total=0.971044 val_structure=0.594988 best_total=44 best_structure=44 no_improvement=9
  epoch=054/150 train=0.785752 val_total=0.963196 val_structure=0.588022 best_total=44 best_structure=44 no_improvement=10
  epoch=055/150 train=0.791455 val_total=0.969121 val_structure=0.587131 best_total=44 best_structure=44 no_improvement=11
  epoch=056/150 train=0.786646 val_total=0.971835 val_structure=0.594827 best_total=44 best_structure=44 no_improvement=12
  epoch=057/150 train=0.787260 val_total=0.964591 val_structure=0.589337 best_total=44 best_structure=44 no_improvement=13
  epoch=058/150 train=0.778153 val_total=0.963730 val_structure=0.589771 best_total=44 best_structure=44 no_improvement=14
  epoch=059/150 train=0.772282 val_total=0.960266 val_structure=0.586693 best_total=44 best_structure=44 no_improvement=15
  epoch=060/150 train=0.770826 val_total=0.970592 val_structure=0.596474 best_total=44 best_structure=44 no_improvement=16
  epoch=061/150 train=0.770655 val_total=0.970852 val_structure=0.596068 best_total=44 best_structure=44 no_improvement=17
  epoch=062/150 train=0.767489 val_total=0.963610 val_structure=0.590784 best_total=44 best_structure=44 no_improvement=18
  epoch=063/150 train=0.766389 val_total=0.961243 val_structure=0.589258 best_total=44 best_structure=44 no_improvement=19
  epoch=064/150 train=0.761780 val_total=0.968518 val_structure=0.594816 best_total=44 best_structure=44 no_improvement=20
  TRAINING FINISHED: early_stopping at epoch 64/150
  TEST total: position_mae=0.356298 position_3d=0.728135 magnitude=0.154857
  TEST structure: position_mae=0.356298 position_3d=0.728135 magnitude=0.154857
RUN g05_sign_only__g05_025pct__seed_42__1267aa893b84 | cuda | start epoch=1
  epoch=001/150 train=1.802351 val_total=1.610617 val_structure=0.933479 best_total=1 best_structure=1 no_improvement=0
  epoch=002/150 train=1.514350 val_total=1.415412 val_structure=0.848001 best_total=2 best_structure=2 no_improvement=0
  epoch=003/150 train=1.326741 val_total=1.287196 val_structure=0.812051 best_total=3 best_structure=3 no_improvement=0
  epoch=004/150 train=1.214981 val_total=1.200973 val_structure=0.781917 best_total=4 best_structure=4 no_improvement=0
  epoch=005/150 train=1.152964 val_total=1.163139 val_structure=0.755654 best_total=5 best_structure=5 no_improvement=0
  epoch=006/150 train=1.112039 val_total=1.132001 val_structure=0.735785 best_total=6 best_structure=6 no_improvement=0
  epoch=007/150 train=1.086274 val_total=1.118349 val_structure=0.724232 best_total=7 best_structure=7 no_improvement=0
  epoch=008/150 train=1.061940 val_total=1.085391 val_structure=0.697345 best_total=8 best_structure=8 no_improvement=0
  epoch=009/150 train=1.047133 val_total=1.080998 val_structure=0.685334 best_total=9 best_structure=9 no_improvement=0
  epoch=010/150 train=1.032028 val_total=1.080623 val_structure=0.692502 best_total=10 best_structure=9 no_improvement=0
  epoch=011/150 train=1.024962 val_total=1.064647 val_structure=0.686619 best_total=11 best_structure=9 no_improvement=0
  epoch=012/150 train=1.006699 val_total=1.056703 val_structure=0.671302 best_total=12 best_structure=12 no_improvement=0
  epoch=013/150 train=0.990892 val_total=1.044052 val_structure=0.664042 best_total=13 best_structure=13 no_improvement=0
  epoch=014/150 train=0.988083 val_total=1.028965 val_structure=0.654253 best_total=14 best_structure=14 no_improvement=0
  epoch=015/150 train=0.978248 val_total=1.029602 val_structure=0.655960 best_total=14 best_structure=14 no_improvement=1
  epoch=016/150 train=0.973473 val_total=1.021175 val_structure=0.649371 best_total=16 best_structure=16 no_improvement=0
  epoch=017/150 train=0.968916 val_total=1.018801 val_structure=0.642843 best_total=17 best_structure=17 no_improvement=0
  epoch=018/150 train=0.956401 val_total=1.015140 val_structure=0.638945 best_total=18 best_structure=18 no_improvement=0
  epoch=019/150 train=0.950049 val_total=1.003204 val_structure=0.631806 best_total=19 best_structure=19 no_improvement=0
  epoch=020/150 train=0.937252 val_total=1.004797 val_structure=0.632053 best_total=19 best_structure=19 no_improvement=1
  epoch=021/150 train=0.926832 val_total=1.007091 val_structure=0.636973 best_total=19 best_structure=19 no_improvement=2
  epoch=022/150 train=0.931475 val_total=1.019416 val_structure=0.638647 best_total=19 best_structure=19 no_improvement=3
  epoch=023/150 train=0.919021 val_total=0.990601 val_structure=0.624224 best_total=23 best_structure=23 no_improvement=0
  epoch=024/150 train=0.913406 val_total=0.998361 val_structure=0.622550 best_total=23 best_structure=24 no_improvement=0
  epoch=025/150 train=0.906390 val_total=0.979144 val_structure=0.614480 best_total=25 best_structure=25 no_improvement=0
  epoch=026/150 train=0.903801 val_total=0.984297 val_structure=0.615042 best_total=25 best_structure=25 no_improvement=1
  epoch=027/150 train=0.897628 val_total=0.985783 val_structure=0.616994 best_total=25 best_structure=25 no_improvement=2
  epoch=028/150 train=0.891755 val_total=0.975152 val_structure=0.604399 best_total=28 best_structure=28 no_improvement=0
  epoch=029/150 train=0.887951 val_total=0.970783 val_structure=0.606606 best_total=29 best_structure=28 no_improvement=0
  epoch=030/150 train=0.877687 val_total=0.974608 val_structure=0.609657 best_total=29 best_structure=28 no_improvement=1
  epoch=031/150 train=0.876925 val_total=0.969409 val_structure=0.603643 best_total=31 best_structure=31 no_improvement=0
  epoch=032/150 train=0.869355 val_total=0.986875 val_structure=0.606170 best_total=31 best_structure=31 no_improvement=1
  epoch=033/150 train=0.864060 val_total=0.962688 val_structure=0.594888 best_total=33 best_structure=33 no_improvement=0
  epoch=034/150 train=0.860179 val_total=0.993403 val_structure=0.611975 best_total=33 best_structure=33 no_improvement=1
  epoch=035/150 train=0.853774 val_total=0.972907 val_structure=0.602254 best_total=33 best_structure=33 no_improvement=2
  epoch=036/150 train=0.851517 val_total=0.970503 val_structure=0.601249 best_total=33 best_structure=33 no_improvement=3
  epoch=037/150 train=0.847969 val_total=0.959104 val_structure=0.593810 best_total=37 best_structure=37 no_improvement=0
  epoch=038/150 train=0.842104 val_total=0.956940 val_structure=0.593707 best_total=38 best_structure=38 no_improvement=0
  epoch=039/150 train=0.839405 val_total=0.950967 val_structure=0.589283 best_total=39 best_structure=39 no_improvement=0
  epoch=040/150 train=0.833704 val_total=0.995218 val_structure=0.602025 best_total=39 best_structure=39 no_improvement=1
  epoch=041/150 train=0.827447 val_total=0.955901 val_structure=0.587869 best_total=39 best_structure=41 no_improvement=0
  epoch=042/150 train=0.828292 val_total=0.952077 val_structure=0.589755 best_total=39 best_structure=41 no_improvement=1
  epoch=043/150 train=0.816883 val_total=0.959308 val_structure=0.589244 best_total=39 best_structure=41 no_improvement=2
  epoch=044/150 train=0.813566 val_total=0.949551 val_structure=0.586808 best_total=44 best_structure=44 no_improvement=0
  epoch=045/150 train=0.814299 val_total=0.955299 val_structure=0.589599 best_total=44 best_structure=44 no_improvement=1
  epoch=046/150 train=0.807868 val_total=0.955682 val_structure=0.593285 best_total=44 best_structure=44 no_improvement=2
  epoch=047/150 train=0.802825 val_total=0.954218 val_structure=0.594830 best_total=44 best_structure=44 no_improvement=3
  epoch=048/150 train=0.800506 val_total=0.947598 val_structure=0.586386 best_total=48 best_structure=48 no_improvement=0
  epoch=049/150 train=0.796356 val_total=0.957550 val_structure=0.586532 best_total=48 best_structure=48 no_improvement=1
  epoch=050/150 train=0.792521 val_total=0.951598 val_structure=0.589018 best_total=48 best_structure=48 no_improvement=2
  epoch=051/150 train=0.792112 val_total=0.951036 val_structure=0.590249 best_total=48 best_structure=48 no_improvement=3
  epoch=052/150 train=0.784370 val_total=0.952460 val_structure=0.592435 best_total=48 best_structure=48 no_improvement=4
  epoch=053/150 train=0.784834 val_total=0.954182 val_structure=0.594848 best_total=48 best_structure=48 no_improvement=5
  epoch=054/150 train=0.775754 val_total=0.951110 val_structure=0.590602 best_total=48 best_structure=48 no_improvement=6
  epoch=055/150 train=0.776298 val_total=0.956412 val_structure=0.579643 best_total=48 best_structure=55 no_improvement=0
  epoch=056/150 train=0.771947 val_total=0.952587 val_structure=0.596486 best_total=48 best_structure=55 no_improvement=1
  epoch=057/150 train=0.770962 val_total=0.948330 val_structure=0.587272 best_total=48 best_structure=55 no_improvement=2
  epoch=058/150 train=0.767249 val_total=0.946942 val_structure=0.586883 best_total=58 best_structure=55 no_improvement=0
  epoch=059/150 train=0.757935 val_total=0.952662 val_structure=0.594303 best_total=58 best_structure=55 no_improvement=1
  epoch=060/150 train=0.754942 val_total=0.949364 val_structure=0.583728 best_total=58 best_structure=55 no_improvement=2
  epoch=061/150 train=0.757275 val_total=0.952832 val_structure=0.591740 best_total=58 best_structure=55 no_improvement=3
  epoch=062/150 train=0.752687 val_total=0.949988 val_structure=0.593431 best_total=58 best_structure=55 no_improvement=4
  epoch=063/150 train=0.746967 val_total=0.942873 val_structure=0.583694 best_total=63 best_structure=55 no_improvement=0
  epoch=064/150 train=0.747211 val_total=0.949993 val_structure=0.594673 best_total=63 best_structure=55 no_improvement=1
  epoch=065/150 train=0.739125 val_total=0.952764 val_structure=0.595371 best_total=63 best_structure=55 no_improvement=2
  epoch=066/150 train=0.740886 val_total=0.952633 val_structure=0.595303 best_total=63 best_structure=55 no_improvement=3
  epoch=067/150 train=0.738604 val_total=0.952774 val_structure=0.593245 best_total=63 best_structure=55 no_improvement=4
  epoch=068/150 train=0.733125 val_total=0.972847 val_structure=0.595153 best_total=63 best_structure=55 no_improvement=5
  epoch=069/150 train=0.735222 val_total=0.961094 val_structure=0.597720 best_total=63 best_structure=55 no_improvement=6
  epoch=070/150 train=0.729362 val_total=0.950431 val_structure=0.593672 best_total=63 best_structure=55 no_improvement=7
  epoch=071/150 train=0.726072 val_total=0.974077 val_structure=0.613153 best_total=63 best_structure=55 no_improvement=8
  epoch=072/150 train=0.723477 val_total=0.959766 val_structure=0.601482 best_total=63 best_structure=55 no_improvement=9
  epoch=073/150 train=0.726226 val_total=0.950499 val_structure=0.594625 best_total=63 best_structure=55 no_improvement=10
  epoch=074/150 train=0.714658 val_total=0.967356 val_structure=0.614290 best_total=63 best_structure=55 no_improvement=11
  epoch=075/150 train=0.717893 val_total=0.970057 val_structure=0.606445 best_total=63 best_structure=55 no_improvement=12
  epoch=076/150 train=0.709691 val_total=0.964650 val_structure=0.610582 best_total=63 best_structure=55 no_improvement=13
  epoch=077/150 train=0.712616 val_total=0.951433 val_structure=0.598918 best_total=63 best_structure=55 no_improvement=14
  epoch=078/150 train=0.709375 val_total=0.965445 val_structure=0.607924 best_total=63 best_structure=55 no_improvement=15
  epoch=079/150 train=0.703768 val_total=0.954478 val_structure=0.595565 best_total=63 best_structure=55 no_improvement=16
  epoch=080/150 train=0.705722 val_total=0.952868 val_structure=0.597210 best_total=63 best_structure=55 no_improvement=17
  epoch=081/150 train=0.703504 val_total=0.969345 val_structure=0.607596 best_total=63 best_structure=55 no_improvement=18
  epoch=082/150 train=0.709232 val_total=0.966504 val_structure=0.607738 best_total=63 best_structure=55 no_improvement=19
  epoch=083/150 train=0.703834 val_total=0.959954 val_structure=0.604936 best_total=63 best_structure=55 no_improvement=20
  TRAINING FINISHED: early_stopping at epoch 83/150
  TEST total: position_mae=0.352898 position_3d=0.719129 magnitude=0.158249
  TEST structure: position_mae=0.354398 position_3d=0.722286 magnitude=0.158173
RUN g05_full_reconstruction__g05_025pct__seed_42__48fd06f80f6f | cuda | start epoch=1
  epoch=001/150 train=1.787213 val_total=1.607393 val_structure=0.927958 best_total=1 best_structure=1 no_improvement=0
  epoch=002/150 train=1.521185 val_total=1.435615 val_structure=0.850130 best_total=2 best_structure=2 no_improvement=0
  epoch=003/150 train=1.342132 val_total=1.313791 val_structure=0.821906 best_total=3 best_structure=3 no_improvement=0
  epoch=004/150 train=1.221684 val_total=1.205652 val_structure=0.785803 best_total=4 best_structure=4 no_improvement=0
  epoch=005/150 train=1.152402 val_total=1.160246 val_structure=0.751308 best_total=5 best_structure=5 no_improvement=0
  epoch=006/150 train=1.104539 val_total=1.124899 val_structure=0.730240 best_total=6 best_structure=6 no_improvement=0
  epoch=007/150 train=1.074852 val_total=1.100688 val_structure=0.705977 best_total=7 best_structure=7 no_improvement=0
  epoch=008/150 train=1.055034 val_total=1.076382 val_structure=0.687754 best_total=8 best_structure=8 no_improvement=0
  epoch=009/150 train=1.038996 val_total=1.072623 val_structure=0.679885 best_total=9 best_structure=9 no_improvement=0
  epoch=010/150 train=1.024204 val_total=1.063007 val_structure=0.670978 best_total=10 best_structure=10 no_improvement=0
  epoch=011/150 train=1.013983 val_total=1.051086 val_structure=0.671687 best_total=11 best_structure=10 no_improvement=0
  epoch=012/150 train=0.999809 val_total=1.055584 val_structure=0.667365 best_total=11 best_structure=12 no_improvement=0
  epoch=013/150 train=0.982600 val_total=1.029267 val_structure=0.649965 best_total=13 best_structure=13 no_improvement=0
  epoch=014/150 train=0.975846 val_total=1.027233 val_structure=0.644734 best_total=14 best_structure=14 no_improvement=0
  epoch=015/150 train=0.966952 val_total=1.022299 val_structure=0.646208 best_total=15 best_structure=14 no_improvement=0
  epoch=016/150 train=0.960096 val_total=1.016451 val_structure=0.638322 best_total=16 best_structure=16 no_improvement=0
  epoch=017/150 train=0.955631 val_total=1.011110 val_structure=0.635480 best_total=17 best_structure=17 no_improvement=0
  epoch=018/150 train=0.943147 val_total=1.016301 val_structure=0.634516 best_total=17 best_structure=18 no_improvement=0
  epoch=019/150 train=0.939028 val_total=1.003345 val_structure=0.630392 best_total=19 best_structure=19 no_improvement=0
  epoch=020/150 train=0.925700 val_total=0.988681 val_structure=0.613951 best_total=20 best_structure=20 no_improvement=0
  epoch=021/150 train=0.915114 val_total=1.005517 val_structure=0.629473 best_total=20 best_structure=20 no_improvement=1
  epoch=022/150 train=0.914647 val_total=1.011002 val_structure=0.627285 best_total=20 best_structure=20 no_improvement=2
  epoch=023/150 train=0.906761 val_total=0.978010 val_structure=0.605800 best_total=23 best_structure=23 no_improvement=0
  epoch=024/150 train=0.899313 val_total=0.987883 val_structure=0.607879 best_total=23 best_structure=23 no_improvement=1
  epoch=025/150 train=0.893663 val_total=0.975268 val_structure=0.606242 best_total=25 best_structure=23 no_improvement=0
  epoch=026/150 train=0.891526 val_total=0.974885 val_structure=0.605952 best_total=26 best_structure=23 no_improvement=0
  epoch=027/150 train=0.885105 val_total=0.975702 val_structure=0.603424 best_total=26 best_structure=27 no_improvement=0
  epoch=028/150 train=0.874482 val_total=0.967715 val_structure=0.595111 best_total=28 best_structure=28 no_improvement=0
  epoch=029/150 train=0.867122 val_total=0.971444 val_structure=0.598899 best_total=28 best_structure=28 no_improvement=1
  epoch=030/150 train=0.866395 val_total=0.965882 val_structure=0.595192 best_total=30 best_structure=28 no_improvement=0
  epoch=031/150 train=0.862914 val_total=0.958951 val_structure=0.589128 best_total=31 best_structure=31 no_improvement=0
  epoch=032/150 train=0.852967 val_total=0.997024 val_structure=0.600515 best_total=31 best_structure=31 no_improvement=1
  epoch=033/150 train=0.851943 val_total=0.958347 val_structure=0.585041 best_total=33 best_structure=33 no_improvement=0
  epoch=034/150 train=0.844430 val_total=0.976138 val_structure=0.586328 best_total=33 best_structure=33 no_improvement=1
  epoch=035/150 train=0.835548 val_total=0.965087 val_structure=0.587203 best_total=33 best_structure=33 no_improvement=2
  epoch=036/150 train=0.837575 val_total=0.958156 val_structure=0.590518 best_total=36 best_structure=33 no_improvement=0
  epoch=037/150 train=0.831816 val_total=0.951233 val_structure=0.586408 best_total=37 best_structure=33 no_improvement=0
  epoch=038/150 train=0.824966 val_total=0.951029 val_structure=0.583030 best_total=38 best_structure=38 no_improvement=0
  epoch=039/150 train=0.825033 val_total=0.947861 val_structure=0.585489 best_total=39 best_structure=38 no_improvement=0
  epoch=040/150 train=0.815589 val_total=0.981930 val_structure=0.586293 best_total=39 best_structure=38 no_improvement=1
  epoch=041/150 train=0.812959 val_total=0.951250 val_structure=0.584664 best_total=39 best_structure=38 no_improvement=2
  epoch=042/150 train=0.809738 val_total=0.944412 val_structure=0.583059 best_total=42 best_structure=38 no_improvement=0
  epoch=043/150 train=0.800315 val_total=0.945981 val_structure=0.577920 best_total=42 best_structure=43 no_improvement=0
  epoch=044/150 train=0.795375 val_total=0.936060 val_structure=0.574682 best_total=44 best_structure=44 no_improvement=0
  epoch=045/150 train=0.797571 val_total=0.957433 val_structure=0.587299 best_total=44 best_structure=44 no_improvement=1
  epoch=046/150 train=0.790695 val_total=0.945598 val_structure=0.586250 best_total=44 best_structure=44 no_improvement=2
  epoch=047/150 train=0.788883 val_total=0.952935 val_structure=0.593583 best_total=44 best_structure=44 no_improvement=3
  epoch=048/150 train=0.781478 val_total=0.938610 val_structure=0.580261 best_total=44 best_structure=44 no_improvement=4
  epoch=049/150 train=0.781592 val_total=0.956877 val_structure=0.587029 best_total=44 best_structure=44 no_improvement=5
  epoch=050/150 train=0.775904 val_total=0.943576 val_structure=0.581214 best_total=44 best_structure=44 no_improvement=6
  epoch=051/150 train=0.770707 val_total=0.942514 val_structure=0.579217 best_total=44 best_structure=44 no_improvement=7
  epoch=052/150 train=0.769830 val_total=0.948366 val_structure=0.592104 best_total=44 best_structure=44 no_improvement=8
  epoch=053/150 train=0.769161 val_total=0.963649 val_structure=0.602662 best_total=44 best_structure=44 no_improvement=9
  epoch=054/150 train=0.761647 val_total=0.952589 val_structure=0.591483 best_total=44 best_structure=44 no_improvement=10
  epoch=055/150 train=0.759856 val_total=0.955257 val_structure=0.579733 best_total=44 best_structure=44 no_improvement=11
  epoch=056/150 train=0.751521 val_total=0.941732 val_structure=0.586354 best_total=44 best_structure=44 no_improvement=12
  epoch=057/150 train=0.755648 val_total=0.950493 val_structure=0.588188 best_total=44 best_structure=44 no_improvement=13
  epoch=058/150 train=0.748923 val_total=0.942595 val_structure=0.586560 best_total=44 best_structure=44 no_improvement=14
  epoch=059/150 train=0.743706 val_total=0.946931 val_structure=0.589725 best_total=44 best_structure=44 no_improvement=15
  epoch=060/150 train=0.741078 val_total=0.963097 val_structure=0.597582 best_total=44 best_structure=44 no_improvement=16
  epoch=061/150 train=0.739530 val_total=0.950327 val_structure=0.591495 best_total=44 best_structure=44 no_improvement=17
  epoch=062/150 train=0.738402 val_total=0.955378 val_structure=0.599630 best_total=44 best_structure=44 no_improvement=18
  epoch=063/150 train=0.731918 val_total=0.944278 val_structure=0.587678 best_total=44 best_structure=44 no_improvement=19
  epoch=064/150 train=0.732531 val_total=0.948690 val_structure=0.593485 best_total=44 best_structure=44 no_improvement=20
  TRAINING FINISHED: early_stopping at epoch 64/150
  TEST total: position_mae=0.359541 position_3d=0.732711 magnitude=0.155263
  TEST structure: position_mae=0.359541 position_3d=0.732711 magnitude=0.155263
RUN g05_sign_only__g05_050pct__seed_42__ef00eac47b3c | cuda | start epoch=1
  epoch=001/150 train=1.803156 val_total=1.613402 val_structure=0.933479 best_total=1 best_structure=1 no_improvement=0
  epoch=002/150 train=1.522139 val_total=1.426790 val_structure=0.848001 best_total=2 best_structure=2 no_improvement=0
  epoch=003/150 train=1.345522 val_total=1.298766 val_structure=0.812051 best_total=3 best_structure=3 no_improvement=0
  epoch=004/150 train=1.227495 val_total=1.200132 val_structure=0.781917 best_total=4 best_structure=4 no_improvement=0
  epoch=005/150 train=1.155834 val_total=1.155940 val_structure=0.755654 best_total=5 best_structure=5 no_improvement=0
  epoch=006/150 train=1.110322 val_total=1.123019 val_structure=0.735785 best_total=6 best_structure=6 no_improvement=0
  epoch=007/150 train=1.079967 val_total=1.103367 val_structure=0.724232 best_total=7 best_structure=7 no_improvement=0
  epoch=008/150 train=1.054351 val_total=1.072834 val_structure=0.697345 best_total=8 best_structure=8 no_improvement=0
  epoch=009/150 train=1.038221 val_total=1.067203 val_structure=0.685334 best_total=9 best_structure=9 no_improvement=0
  epoch=010/150 train=1.021218 val_total=1.063023 val_structure=0.692502 best_total=10 best_structure=9 no_improvement=0
  epoch=011/150 train=1.013489 val_total=1.051336 val_structure=0.686619 best_total=11 best_structure=9 no_improvement=0
  epoch=012/150 train=0.997075 val_total=1.044427 val_structure=0.671302 best_total=12 best_structure=12 no_improvement=0
  epoch=013/150 train=0.981894 val_total=1.030250 val_structure=0.664042 best_total=13 best_structure=13 no_improvement=0
  epoch=014/150 train=0.976846 val_total=1.018182 val_structure=0.654253 best_total=14 best_structure=14 no_improvement=0
  epoch=015/150 train=0.966118 val_total=1.018862 val_structure=0.655960 best_total=14 best_structure=14 no_improvement=1
  epoch=016/150 train=0.962392 val_total=1.010425 val_structure=0.649371 best_total=16 best_structure=16 no_improvement=0
  epoch=017/150 train=0.956831 val_total=1.007554 val_structure=0.642843 best_total=17 best_structure=17 no_improvement=0
  epoch=018/150 train=0.945237 val_total=0.997409 val_structure=0.638945 best_total=18 best_structure=18 no_improvement=0
  epoch=019/150 train=0.938796 val_total=0.992939 val_structure=0.631806 best_total=19 best_structure=19 no_improvement=0
  epoch=020/150 train=0.927138 val_total=0.991434 val_structure=0.632053 best_total=20 best_structure=19 no_improvement=0
  epoch=021/150 train=0.917307 val_total=0.996926 val_structure=0.636973 best_total=20 best_structure=19 no_improvement=1
  epoch=022/150 train=0.920817 val_total=1.004763 val_structure=0.638647 best_total=20 best_structure=19 no_improvement=2
  epoch=023/150 train=0.908404 val_total=0.978630 val_structure=0.624224 best_total=23 best_structure=23 no_improvement=0
  epoch=024/150 train=0.904134 val_total=0.988188 val_structure=0.622550 best_total=23 best_structure=24 no_improvement=0
  epoch=025/150 train=0.895352 val_total=0.967839 val_structure=0.614480 best_total=25 best_structure=25 no_improvement=0
  epoch=026/150 train=0.892898 val_total=0.971228 val_structure=0.615042 best_total=25 best_structure=25 no_improvement=1
  epoch=027/150 train=0.888091 val_total=0.975604 val_structure=0.616994 best_total=25 best_structure=25 no_improvement=2
  epoch=028/150 train=0.881429 val_total=0.962768 val_structure=0.604399 best_total=28 best_structure=28 no_improvement=0
  epoch=029/150 train=0.876675 val_total=0.958646 val_structure=0.606606 best_total=29 best_structure=28 no_improvement=0
  epoch=030/150 train=0.866567 val_total=0.962539 val_structure=0.609657 best_total=29 best_structure=28 no_improvement=1
  epoch=031/150 train=0.865422 val_total=0.954304 val_structure=0.603643 best_total=31 best_structure=31 no_improvement=0
  epoch=032/150 train=0.857605 val_total=0.973908 val_structure=0.606170 best_total=31 best_structure=31 no_improvement=1
  epoch=033/150 train=0.852816 val_total=0.948417 val_structure=0.594888 best_total=33 best_structure=33 no_improvement=0
  epoch=034/150 train=0.849152 val_total=0.979859 val_structure=0.611975 best_total=33 best_structure=33 no_improvement=1
  epoch=035/150 train=0.842698 val_total=0.954925 val_structure=0.602254 best_total=33 best_structure=33 no_improvement=2
  epoch=036/150 train=0.840391 val_total=0.970146 val_structure=0.601249 best_total=33 best_structure=33 no_improvement=3
  epoch=037/150 train=0.838890 val_total=0.945173 val_structure=0.593810 best_total=37 best_structure=37 no_improvement=0
  epoch=038/150 train=0.831093 val_total=0.944941 val_structure=0.593707 best_total=38 best_structure=38 no_improvement=0
  epoch=039/150 train=0.829925 val_total=0.937749 val_structure=0.589283 best_total=39 best_structure=39 no_improvement=0
  epoch=040/150 train=0.821106 val_total=0.986387 val_structure=0.602025 best_total=39 best_structure=39 no_improvement=1
  epoch=041/150 train=0.817182 val_total=0.940704 val_structure=0.587869 best_total=39 best_structure=41 no_improvement=0
  epoch=042/150 train=0.817621 val_total=0.940404 val_structure=0.589755 best_total=39 best_structure=41 no_improvement=1
  epoch=043/150 train=0.807130 val_total=0.944685 val_structure=0.589244 best_total=39 best_structure=41 no_improvement=2
  epoch=044/150 train=0.802786 val_total=0.936236 val_structure=0.586808 best_total=44 best_structure=44 no_improvement=0
  epoch=045/150 train=0.803880 val_total=0.943627 val_structure=0.589599 best_total=44 best_structure=44 no_improvement=1
  epoch=046/150 train=0.798641 val_total=0.941851 val_structure=0.593285 best_total=44 best_structure=44 no_improvement=2
  epoch=047/150 train=0.793218 val_total=0.942560 val_structure=0.594830 best_total=44 best_structure=44 no_improvement=3
  epoch=048/150 train=0.789401 val_total=0.933978 val_structure=0.586386 best_total=48 best_structure=48 no_improvement=0
  epoch=049/150 train=0.787877 val_total=0.951443 val_structure=0.586532 best_total=48 best_structure=48 no_improvement=1
  epoch=050/150 train=0.782840 val_total=0.940360 val_structure=0.589018 best_total=48 best_structure=48 no_improvement=2
  epoch=051/150 train=0.781976 val_total=0.936660 val_structure=0.590249 best_total=48 best_structure=48 no_improvement=3
  epoch=052/150 train=0.772266 val_total=0.937302 val_structure=0.592435 best_total=48 best_structure=48 no_improvement=4
  epoch=053/150 train=0.772745 val_total=0.941966 val_structure=0.594848 best_total=48 best_structure=48 no_improvement=5
  epoch=054/150 train=0.764848 val_total=0.937126 val_structure=0.590602 best_total=48 best_structure=48 no_improvement=6
  epoch=055/150 train=0.763997 val_total=0.937565 val_structure=0.579643 best_total=48 best_structure=55 no_improvement=0
  epoch=056/150 train=0.760798 val_total=0.941710 val_structure=0.596486 best_total=48 best_structure=55 no_improvement=1
  epoch=057/150 train=0.760245 val_total=0.935417 val_structure=0.587272 best_total=48 best_structure=55 no_improvement=2
  epoch=058/150 train=0.757956 val_total=0.935793 val_structure=0.586883 best_total=48 best_structure=55 no_improvement=3
  epoch=059/150 train=0.746947 val_total=0.943448 val_structure=0.594303 best_total=48 best_structure=55 no_improvement=4
  epoch=060/150 train=0.744385 val_total=0.931124 val_structure=0.583728 best_total=60 best_structure=55 no_improvement=0
  epoch=061/150 train=0.745128 val_total=0.938781 val_structure=0.591740 best_total=60 best_structure=55 no_improvement=1
  epoch=062/150 train=0.744522 val_total=0.944361 val_structure=0.593431 best_total=60 best_structure=55 no_improvement=2
  epoch=063/150 train=0.735650 val_total=0.934674 val_structure=0.583694 best_total=60 best_structure=55 no_improvement=3
  epoch=064/150 train=0.738291 val_total=0.941515 val_structure=0.594673 best_total=60 best_structure=55 no_improvement=4
  epoch=065/150 train=0.729246 val_total=0.941728 val_structure=0.595371 best_total=60 best_structure=55 no_improvement=5
  epoch=066/150 train=0.730714 val_total=0.941522 val_structure=0.595303 best_total=60 best_structure=55 no_improvement=6
  epoch=067/150 train=0.727227 val_total=0.940616 val_structure=0.593245 best_total=60 best_structure=55 no_improvement=7
  epoch=068/150 train=0.721818 val_total=0.958250 val_structure=0.595153 best_total=60 best_structure=55 no_improvement=8
  epoch=069/150 train=0.723985 val_total=0.948916 val_structure=0.597720 best_total=60 best_structure=55 no_improvement=9
  epoch=070/150 train=0.719076 val_total=0.939250 val_structure=0.593672 best_total=60 best_structure=55 no_improvement=10
  epoch=071/150 train=0.714499 val_total=0.961495 val_structure=0.613153 best_total=60 best_structure=55 no_improvement=11
  epoch=072/150 train=0.712774 val_total=0.947391 val_structure=0.601482 best_total=60 best_structure=55 no_improvement=12
  epoch=073/150 train=0.713897 val_total=0.940774 val_structure=0.594625 best_total=60 best_structure=55 no_improvement=13
  epoch=074/150 train=0.705544 val_total=0.961812 val_structure=0.614290 best_total=60 best_structure=55 no_improvement=14
  epoch=075/150 train=0.708940 val_total=0.963182 val_structure=0.606445 best_total=60 best_structure=55 no_improvement=15
  epoch=076/150 train=0.701101 val_total=0.955398 val_structure=0.610582 best_total=60 best_structure=55 no_improvement=16
  epoch=077/150 train=0.702438 val_total=0.943096 val_structure=0.598918 best_total=60 best_structure=55 no_improvement=17
  epoch=078/150 train=0.699301 val_total=0.953399 val_structure=0.607924 best_total=60 best_structure=55 no_improvement=18
  epoch=079/150 train=0.693912 val_total=0.944361 val_structure=0.595565 best_total=60 best_structure=55 no_improvement=19
  epoch=080/150 train=0.695370 val_total=0.941044 val_structure=0.597210 best_total=60 best_structure=55 no_improvement=20
  TRAINING FINISHED: early_stopping at epoch 80/150
  TEST total: position_mae=0.355976 position_3d=0.724429 magnitude=0.158985
  TEST structure: position_mae=0.354398 position_3d=0.722286 magnitude=0.158173
RUN g05_full_reconstruction__g05_050pct__seed_42__8216c99f4e8a | cuda | start epoch=1
  epoch=001/150 train=1.786423 val_total=1.606777 val_structure=0.923113 best_total=1 best_structure=1 no_improvement=0
  epoch=002/150 train=1.531674 val_total=1.462775 val_structure=0.854441 best_total=2 best_structure=2 no_improvement=0
  epoch=003/150 train=1.365395 val_total=1.338863 val_structure=0.823413 best_total=3 best_structure=3 no_improvement=0
  epoch=004/150 train=1.241078 val_total=1.218889 val_structure=0.782759 best_total=4 best_structure=4 no_improvement=0
  epoch=005/150 train=1.163223 val_total=1.177054 val_structure=0.759109 best_total=5 best_structure=5 no_improvement=0
  epoch=006/150 train=1.110217 val_total=1.131139 val_structure=0.728954 best_total=6 best_structure=6 no_improvement=0
  epoch=007/150 train=1.077999 val_total=1.105582 val_structure=0.710148 best_total=7 best_structure=7 no_improvement=0
  epoch=008/150 train=1.054785 val_total=1.084388 val_structure=0.694849 best_total=8 best_structure=8 no_improvement=0
  epoch=009/150 train=1.037221 val_total=1.081536 val_structure=0.683627 best_total=9 best_structure=9 no_improvement=0
  epoch=010/150 train=1.019222 val_total=1.073354 val_structure=0.689911 best_total=10 best_structure=9 no_improvement=0
  epoch=011/150 train=1.011188 val_total=1.054914 val_structure=0.677635 best_total=11 best_structure=11 no_improvement=0
  epoch=012/150 train=0.997092 val_total=1.053532 val_structure=0.665856 best_total=12 best_structure=12 no_improvement=0
  epoch=013/150 train=0.978331 val_total=1.041821 val_structure=0.668559 best_total=13 best_structure=12 no_improvement=0
  epoch=014/150 train=0.968146 val_total=1.021507 val_structure=0.647261 best_total=14 best_structure=14 no_improvement=0
  epoch=015/150 train=0.958052 val_total=1.019638 val_structure=0.649955 best_total=15 best_structure=14 no_improvement=0
  epoch=016/150 train=0.951761 val_total=1.013181 val_structure=0.641308 best_total=16 best_structure=16 no_improvement=0
  epoch=017/150 train=0.948990 val_total=1.002275 val_structure=0.636139 best_total=17 best_structure=17 no_improvement=0
  epoch=018/150 train=0.933827 val_total=1.006027 val_structure=0.641127 best_total=17 best_structure=17 no_improvement=1
  epoch=019/150 train=0.927477 val_total=0.989763 val_structure=0.627694 best_total=19 best_structure=19 no_improvement=0
  epoch=020/150 train=0.916823 val_total=0.987264 val_structure=0.621682 best_total=20 best_structure=20 no_improvement=0
  epoch=021/150 train=0.905194 val_total=0.990442 val_structure=0.627397 best_total=20 best_structure=20 no_improvement=1
  epoch=022/150 train=0.903425 val_total=0.984255 val_structure=0.619469 best_total=22 best_structure=22 no_improvement=0
  epoch=023/150 train=0.898383 val_total=0.972520 val_structure=0.614370 best_total=23 best_structure=23 no_improvement=0
  epoch=024/150 train=0.888172 val_total=0.974041 val_structure=0.609064 best_total=23 best_structure=24 no_improvement=0
  epoch=025/150 train=0.882299 val_total=0.964370 val_structure=0.607568 best_total=25 best_structure=25 no_improvement=0
  epoch=026/150 train=0.882345 val_total=0.969629 val_structure=0.609228 best_total=25 best_structure=25 no_improvement=1
  epoch=027/150 train=0.872225 val_total=0.963305 val_structure=0.602976 best_total=27 best_structure=27 no_improvement=0
  epoch=028/150 train=0.862290 val_total=0.960072 val_structure=0.599447 best_total=28 best_structure=28 no_improvement=0
  epoch=029/150 train=0.856750 val_total=0.953906 val_structure=0.597620 best_total=29 best_structure=29 no_improvement=0
  epoch=030/150 train=0.857351 val_total=0.951916 val_structure=0.596143 best_total=30 best_structure=30 no_improvement=0
  epoch=031/150 train=0.851237 val_total=0.947572 val_structure=0.594576 best_total=31 best_structure=31 no_improvement=0
  epoch=032/150 train=0.842765 val_total=0.972509 val_structure=0.598295 best_total=31 best_structure=31 no_improvement=1
  epoch=033/150 train=0.837164 val_total=0.948952 val_structure=0.591946 best_total=31 best_structure=33 no_improvement=0
  epoch=034/150 train=0.827935 val_total=0.962157 val_structure=0.590051 best_total=31 best_structure=34 no_improvement=0
  epoch=035/150 train=0.826707 val_total=0.947789 val_structure=0.593470 best_total=31 best_structure=34 no_improvement=1
  epoch=036/150 train=0.824104 val_total=0.958985 val_structure=0.597817 best_total=31 best_structure=34 no_improvement=2
  epoch=037/150 train=0.819240 val_total=0.939390 val_structure=0.586831 best_total=37 best_structure=37 no_improvement=0
  epoch=038/150 train=0.812825 val_total=0.935864 val_structure=0.585189 best_total=38 best_structure=38 no_improvement=0
  epoch=039/150 train=0.810352 val_total=0.933353 val_structure=0.583295 best_total=39 best_structure=39 no_improvement=0
  epoch=040/150 train=0.807174 val_total=0.975572 val_structure=0.586318 best_total=39 best_structure=39 no_improvement=1
  epoch=041/150 train=0.801905 val_total=0.948050 val_structure=0.594082 best_total=39 best_structure=39 no_improvement=2
  epoch=042/150 train=0.798170 val_total=0.933543 val_structure=0.582869 best_total=39 best_structure=42 no_improvement=0
  epoch=043/150 train=0.789148 val_total=0.936877 val_structure=0.579491 best_total=39 best_structure=43 no_improvement=0
  epoch=044/150 train=0.785689 val_total=0.931171 val_structure=0.581843 best_total=44 best_structure=43 no_improvement=0
  epoch=045/150 train=0.784387 val_total=0.939184 val_structure=0.587085 best_total=44 best_structure=43 no_improvement=1
  epoch=046/150 train=0.776802 val_total=0.930883 val_structure=0.581790 best_total=46 best_structure=43 no_improvement=0
  epoch=047/150 train=0.775444 val_total=0.932588 val_structure=0.585605 best_total=46 best_structure=43 no_improvement=1
  epoch=048/150 train=0.770905 val_total=0.931347 val_structure=0.584708 best_total=46 best_structure=43 no_improvement=2
  epoch=049/150 train=0.769537 val_total=0.947301 val_structure=0.579524 best_total=46 best_structure=43 no_improvement=3
  epoch=050/150 train=0.762753 val_total=0.936214 val_structure=0.585387 best_total=46 best_structure=43 no_improvement=4
  epoch=051/150 train=0.759878 val_total=0.931019 val_structure=0.583864 best_total=46 best_structure=43 no_improvement=5
  epoch=052/150 train=0.755537 val_total=0.935329 val_structure=0.590675 best_total=46 best_structure=43 no_improvement=6
  epoch=053/150 train=0.753941 val_total=0.932267 val_structure=0.586498 best_total=46 best_structure=43 no_improvement=7
  epoch=054/150 train=0.745337 val_total=0.931240 val_structure=0.586794 best_total=46 best_structure=43 no_improvement=8
  epoch=055/150 train=0.747537 val_total=0.939903 val_structure=0.583390 best_total=46 best_structure=43 no_improvement=9
  epoch=056/150 train=0.739867 val_total=0.926627 val_structure=0.583189 best_total=56 best_structure=43 no_improvement=0
  epoch=057/150 train=0.743203 val_total=0.925824 val_structure=0.581760 best_total=57 best_structure=43 no_improvement=0
  epoch=058/150 train=0.737608 val_total=0.932814 val_structure=0.586576 best_total=57 best_structure=43 no_improvement=1
  epoch=059/150 train=0.733411 val_total=0.940867 val_structure=0.596065 best_total=57 best_structure=43 no_improvement=2
  epoch=060/150 train=0.730264 val_total=0.935981 val_structure=0.590257 best_total=57 best_structure=43 no_improvement=3
  epoch=061/150 train=0.730905 val_total=0.933877 val_structure=0.589814 best_total=57 best_structure=43 no_improvement=4
  epoch=062/150 train=0.727316 val_total=0.942179 val_structure=0.596096 best_total=57 best_structure=43 no_improvement=5
  epoch=063/150 train=0.719280 val_total=0.937306 val_structure=0.588214 best_total=57 best_structure=43 no_improvement=6
  epoch=064/150 train=0.720972 val_total=0.936370 val_structure=0.594231 best_total=57 best_structure=43 no_improvement=7
  epoch=065/150 train=0.714802 val_total=0.933885 val_structure=0.588091 best_total=57 best_structure=43 no_improvement=8
  epoch=066/150 train=0.717587 val_total=0.932641 val_structure=0.588952 best_total=57 best_structure=43 no_improvement=9
  epoch=067/150 train=0.705680 val_total=0.935854 val_structure=0.590274 best_total=57 best_structure=43 no_improvement=10
  epoch=068/150 train=0.706385 val_total=0.953941 val_structure=0.594269 best_total=57 best_structure=43 no_improvement=11
  epoch=069/150 train=0.706276 val_total=0.939535 val_structure=0.592991 best_total=57 best_structure=43 no_improvement=12
  epoch=070/150 train=0.701878 val_total=0.934876 val_structure=0.591812 best_total=57 best_structure=43 no_improvement=13
  epoch=071/150 train=0.702229 val_total=0.950004 val_structure=0.602153 best_total=57 best_structure=43 no_improvement=14
  epoch=072/150 train=0.700109 val_total=0.945949 val_structure=0.603926 best_total=57 best_structure=43 no_improvement=15
  epoch=073/150 train=0.695496 val_total=0.945773 val_structure=0.604520 best_total=57 best_structure=43 no_improvement=16
  epoch=074/150 train=0.693736 val_total=0.940807 val_structure=0.596874 best_total=57 best_structure=43 no_improvement=17
  epoch=075/150 train=0.692514 val_total=0.948701 val_structure=0.598668 best_total=57 best_structure=43 no_improvement=18
  epoch=076/150 train=0.685264 val_total=0.946783 val_structure=0.607183 best_total=57 best_structure=43 no_improvement=19
  epoch=077/150 train=0.684104 val_total=0.941649 val_structure=0.601617 best_total=57 best_structure=43 no_improvement=20
  TRAINING FINISHED: early_stopping at epoch 77/150
  TEST total: position_mae=0.354109 position_3d=0.723390 magnitude=0.154943
  TEST structure: position_mae=0.360153 position_3d=0.734606 magnitude=0.155313
RUN g05_sign_only__g05_075pct__seed_42__050d313183b8 | cuda | start epoch=1
  epoch=001/150 train=1.802535 val_total=1.613210 val_structure=0.933479 best_total=1 best_structure=1 no_improvement=0
  epoch=002/150 train=1.523352 val_total=1.437340 val_structure=0.848001 best_total=2 best_structure=2 no_improvement=0
  epoch=003/150 train=1.369598 val_total=1.340037 val_structure=0.812051 best_total=3 best_structure=3 no_improvement=0
  epoch=004/150 train=1.263010 val_total=1.233431 val_structure=0.781917 best_total=4 best_structure=4 no_improvement=0
  epoch=005/150 train=1.177893 val_total=1.171652 val_structure=0.755654 best_total=5 best_structure=5 no_improvement=0
  epoch=006/150 train=1.118387 val_total=1.128785 val_structure=0.735785 best_total=6 best_structure=6 no_improvement=0
  epoch=007/150 train=1.081396 val_total=1.108121 val_structure=0.724232 best_total=7 best_structure=7 no_improvement=0
  epoch=008/150 train=1.052632 val_total=1.075745 val_structure=0.697345 best_total=8 best_structure=8 no_improvement=0
  epoch=009/150 train=1.034179 val_total=1.060843 val_structure=0.685334 best_total=9 best_structure=9 no_improvement=0
  epoch=010/150 train=1.015661 val_total=1.065656 val_structure=0.692502 best_total=9 best_structure=9 no_improvement=1
  epoch=011/150 train=1.006922 val_total=1.052256 val_structure=0.686619 best_total=11 best_structure=9 no_improvement=0
  epoch=012/150 train=0.992751 val_total=1.045777 val_structure=0.671302 best_total=12 best_structure=12 no_improvement=0
  epoch=013/150 train=0.976702 val_total=1.026603 val_structure=0.664042 best_total=13 best_structure=13 no_improvement=0
  epoch=014/150 train=0.971059 val_total=1.017532 val_structure=0.654253 best_total=14 best_structure=14 no_improvement=0
  epoch=015/150 train=0.960546 val_total=1.016895 val_structure=0.655960 best_total=15 best_structure=14 no_improvement=0
  epoch=016/150 train=0.957715 val_total=1.005685 val_structure=0.649371 best_total=16 best_structure=16 no_improvement=0
  epoch=017/150 train=0.951690 val_total=1.003508 val_structure=0.642843 best_total=17 best_structure=17 no_improvement=0
  epoch=018/150 train=0.940102 val_total=0.996368 val_structure=0.638945 best_total=18 best_structure=18 no_improvement=0
  epoch=019/150 train=0.930574 val_total=0.986115 val_structure=0.631806 best_total=19 best_structure=19 no_improvement=0
  epoch=020/150 train=0.922101 val_total=0.988046 val_structure=0.632053 best_total=19 best_structure=19 no_improvement=1
  epoch=021/150 train=0.910811 val_total=0.991390 val_structure=0.636973 best_total=19 best_structure=19 no_improvement=2
  epoch=022/150 train=0.914937 val_total=1.001397 val_structure=0.638647 best_total=19 best_structure=19 no_improvement=3
  epoch=023/150 train=0.902723 val_total=0.975537 val_structure=0.624224 best_total=23 best_structure=23 no_improvement=0
  epoch=024/150 train=0.897542 val_total=0.985296 val_structure=0.622550 best_total=23 best_structure=24 no_improvement=0
  epoch=025/150 train=0.889535 val_total=0.962161 val_structure=0.614480 best_total=25 best_structure=25 no_improvement=0
  epoch=026/150 train=0.885262 val_total=0.966037 val_structure=0.615042 best_total=25 best_structure=25 no_improvement=1
  epoch=027/150 train=0.883245 val_total=0.973868 val_structure=0.616994 best_total=25 best_structure=25 no_improvement=2
  epoch=028/150 train=0.876892 val_total=0.953958 val_structure=0.604399 best_total=28 best_structure=28 no_improvement=0
  epoch=029/150 train=0.871492 val_total=0.955612 val_structure=0.606606 best_total=28 best_structure=28 no_improvement=1
  epoch=030/150 train=0.861520 val_total=0.956040 val_structure=0.609657 best_total=28 best_structure=28 no_improvement=2
  epoch=031/150 train=0.860729 val_total=0.951087 val_structure=0.603643 best_total=31 best_structure=31 no_improvement=0
  epoch=032/150 train=0.853548 val_total=0.971981 val_structure=0.606170 best_total=31 best_structure=31 no_improvement=1
  epoch=033/150 train=0.847378 val_total=0.944378 val_structure=0.594888 best_total=33 best_structure=33 no_improvement=0
  epoch=034/150 train=0.844810 val_total=0.969717 val_structure=0.611975 best_total=33 best_structure=33 no_improvement=1
  epoch=035/150 train=0.839132 val_total=0.949706 val_structure=0.602254 best_total=33 best_structure=33 no_improvement=2
  epoch=036/150 train=0.838032 val_total=0.961365 val_structure=0.601249 best_total=33 best_structure=33 no_improvement=3
  epoch=037/150 train=0.833478 val_total=0.939964 val_structure=0.593810 best_total=37 best_structure=37 no_improvement=0
  epoch=038/150 train=0.826571 val_total=0.938883 val_structure=0.593707 best_total=38 best_structure=38 no_improvement=0
  epoch=039/150 train=0.823184 val_total=0.933052 val_structure=0.589283 best_total=39 best_structure=39 no_improvement=0
  epoch=040/150 train=0.818097 val_total=0.984095 val_structure=0.602025 best_total=39 best_structure=39 no_improvement=1
  epoch=041/150 train=0.812520 val_total=0.933780 val_structure=0.587869 best_total=39 best_structure=41 no_improvement=0
  epoch=042/150 train=0.813650 val_total=0.937565 val_structure=0.589755 best_total=39 best_structure=41 no_improvement=1
  epoch=043/150 train=0.803895 val_total=0.936818 val_structure=0.589244 best_total=39 best_structure=41 no_improvement=2
  epoch=044/150 train=0.796994 val_total=0.928076 val_structure=0.586808 best_total=44 best_structure=44 no_improvement=0
  epoch=045/150 train=0.798990 val_total=0.940346 val_structure=0.589599 best_total=44 best_structure=44 no_improvement=1
  epoch=046/150 train=0.795074 val_total=0.935600 val_structure=0.593285 best_total=44 best_structure=44 no_improvement=2
  epoch=047/150 train=0.789367 val_total=0.936178 val_structure=0.594830 best_total=44 best_structure=44 no_improvement=3
  epoch=048/150 train=0.786070 val_total=0.926299 val_structure=0.586386 best_total=48 best_structure=48 no_improvement=0
  epoch=049/150 train=0.782777 val_total=0.942954 val_structure=0.586532 best_total=48 best_structure=48 no_improvement=1
  epoch=050/150 train=0.778120 val_total=0.932937 val_structure=0.589018 best_total=48 best_structure=48 no_improvement=2
  epoch=051/150 train=0.778365 val_total=0.931208 val_structure=0.590249 best_total=48 best_structure=48 no_improvement=3
  epoch=052/150 train=0.767911 val_total=0.931641 val_structure=0.592435 best_total=48 best_structure=48 no_improvement=4
  epoch=053/150 train=0.770109 val_total=0.935866 val_structure=0.594848 best_total=48 best_structure=48 no_improvement=5
  epoch=054/150 train=0.761709 val_total=0.929693 val_structure=0.590602 best_total=48 best_structure=48 no_improvement=6
  epoch=055/150 train=0.759842 val_total=0.931143 val_structure=0.579643 best_total=48 best_structure=55 no_improvement=0
  epoch=056/150 train=0.755726 val_total=0.935510 val_structure=0.596486 best_total=48 best_structure=55 no_improvement=1
  epoch=057/150 train=0.757196 val_total=0.929873 val_structure=0.587272 best_total=48 best_structure=55 no_improvement=2
  epoch=058/150 train=0.755420 val_total=0.926952 val_structure=0.586883 best_total=48 best_structure=55 no_improvement=3
  epoch=059/150 train=0.742956 val_total=0.933540 val_structure=0.594303 best_total=48 best_structure=55 no_improvement=4
  epoch=060/150 train=0.740866 val_total=0.924743 val_structure=0.583728 best_total=60 best_structure=55 no_improvement=0
  epoch=061/150 train=0.741391 val_total=0.932322 val_structure=0.591740 best_total=60 best_structure=55 no_improvement=1
  epoch=062/150 train=0.742032 val_total=0.935410 val_structure=0.593431 best_total=60 best_structure=55 no_improvement=2
  epoch=063/150 train=0.732030 val_total=0.925158 val_structure=0.583694 best_total=60 best_structure=55 no_improvement=3
  epoch=064/150 train=0.733994 val_total=0.931659 val_structure=0.594673 best_total=60 best_structure=55 no_improvement=4
  epoch=065/150 train=0.726076 val_total=0.935564 val_structure=0.595371 best_total=60 best_structure=55 no_improvement=5
  epoch=066/150 train=0.726310 val_total=0.932885 val_structure=0.595303 best_total=60 best_structure=55 no_improvement=6
  epoch=067/150 train=0.723921 val_total=0.933275 val_structure=0.593245 best_total=60 best_structure=55 no_improvement=7
  epoch=068/150 train=0.718100 val_total=0.948704 val_structure=0.595153 best_total=60 best_structure=55 no_improvement=8
  epoch=069/150 train=0.721309 val_total=0.941891 val_structure=0.597720 best_total=60 best_structure=55 no_improvement=9
  epoch=070/150 train=0.716204 val_total=0.930342 val_structure=0.593672 best_total=60 best_structure=55 no_improvement=10
  epoch=071/150 train=0.710806 val_total=0.957244 val_structure=0.613153 best_total=60 best_structure=55 no_improvement=11
  epoch=072/150 train=0.709095 val_total=0.941464 val_structure=0.601482 best_total=60 best_structure=55 no_improvement=12
  epoch=073/150 train=0.710870 val_total=0.933012 val_structure=0.594625 best_total=60 best_structure=55 no_improvement=13
  epoch=074/150 train=0.702384 val_total=0.953377 val_structure=0.614290 best_total=60 best_structure=55 no_improvement=14
  epoch=075/150 train=0.705638 val_total=0.953183 val_structure=0.606445 best_total=60 best_structure=55 no_improvement=15
  epoch=076/150 train=0.697166 val_total=0.948039 val_structure=0.610582 best_total=60 best_structure=55 no_improvement=16
  epoch=077/150 train=0.699271 val_total=0.934876 val_structure=0.598918 best_total=60 best_structure=55 no_improvement=17
  epoch=078/150 train=0.695938 val_total=0.944056 val_structure=0.607924 best_total=60 best_structure=55 no_improvement=18
  epoch=079/150 train=0.690769 val_total=0.932995 val_structure=0.595565 best_total=60 best_structure=55 no_improvement=19
  epoch=080/150 train=0.691339 val_total=0.932669 val_structure=0.597210 best_total=60 best_structure=55 no_improvement=20
  TRAINING FINISHED: early_stopping at epoch 80/150
  TEST total: position_mae=0.355976 position_3d=0.724429 magnitude=0.158985
  TEST structure: position_mae=0.354398 position_3d=0.722286 magnitude=0.158173
RUN g05_full_reconstruction__g05_075pct__seed_42__47fedd9b99d7 | cuda | start epoch=1
  epoch=001/150 train=1.786658 val_total=1.611877 val_structure=0.928699 best_total=1 best_structure=1 no_improvement=0
  epoch=002/150 train=1.530707 val_total=1.460594 val_structure=0.849010 best_total=2 best_structure=2 no_improvement=0
  epoch=003/150 train=1.376612 val_total=1.350181 val_structure=0.818658 best_total=3 best_structure=3 no_improvement=0
  epoch=004/150 train=1.254095 val_total=1.235202 val_structure=0.783376 best_total=4 best_structure=4 no_improvement=0
  epoch=005/150 train=1.164020 val_total=1.170951 val_structure=0.746493 best_total=5 best_structure=5 no_improvement=0
  epoch=006/150 train=1.103259 val_total=1.126759 val_structure=0.725103 best_total=6 best_structure=6 no_improvement=0
  epoch=007/150 train=1.064012 val_total=1.094449 val_structure=0.703646 best_total=7 best_structure=7 no_improvement=0
  epoch=008/150 train=1.038104 val_total=1.071196 val_structure=0.689658 best_total=8 best_structure=8 no_improvement=0
  epoch=009/150 train=1.018716 val_total=1.053944 val_structure=0.674705 best_total=9 best_structure=9 no_improvement=0
  epoch=010/150 train=0.996744 val_total=1.055951 val_structure=0.678021 best_total=9 best_structure=9 no_improvement=1
  epoch=011/150 train=0.986156 val_total=1.042002 val_structure=0.669671 best_total=11 best_structure=11 no_improvement=0
  epoch=012/150 train=0.977200 val_total=1.050976 val_structure=0.669445 best_total=11 best_structure=12 no_improvement=0
  epoch=013/150 train=0.962271 val_total=1.020827 val_structure=0.658222 best_total=13 best_structure=13 no_improvement=0
  epoch=014/150 train=0.950618 val_total=1.010126 val_structure=0.647383 best_total=14 best_structure=14 no_improvement=0
  epoch=015/150 train=0.937799 val_total=0.998399 val_structure=0.638360 best_total=15 best_structure=15 no_improvement=0
  epoch=016/150 train=0.931547 val_total=0.997195 val_structure=0.633868 best_total=16 best_structure=16 no_improvement=0
  epoch=017/150 train=0.927278 val_total=0.996902 val_structure=0.636779 best_total=17 best_structure=16 no_improvement=0
  epoch=018/150 train=0.915070 val_total=1.011088 val_structure=0.646853 best_total=17 best_structure=16 no_improvement=1
  epoch=019/150 train=0.906279 val_total=0.973512 val_structure=0.619501 best_total=19 best_structure=19 no_improvement=0
  epoch=020/150 train=0.900165 val_total=0.968284 val_structure=0.609986 best_total=20 best_structure=20 no_improvement=0
  epoch=021/150 train=0.888804 val_total=0.978939 val_structure=0.625169 best_total=20 best_structure=20 no_improvement=1
  epoch=022/150 train=0.887866 val_total=0.978906 val_structure=0.621125 best_total=20 best_structure=20 no_improvement=2
  epoch=023/150 train=0.877537 val_total=0.961042 val_structure=0.609603 best_total=23 best_structure=23 no_improvement=0
  epoch=024/150 train=0.871482 val_total=0.969179 val_structure=0.608161 best_total=23 best_structure=24 no_improvement=0
  epoch=025/150 train=0.864445 val_total=0.948405 val_structure=0.600368 best_total=25 best_structure=25 no_improvement=0
  epoch=026/150 train=0.860764 val_total=0.956743 val_structure=0.606571 best_total=25 best_structure=25 no_improvement=1
  epoch=027/150 train=0.855880 val_total=0.957318 val_structure=0.606375 best_total=25 best_structure=25 no_improvement=2
  epoch=028/150 train=0.846867 val_total=0.954818 val_structure=0.602901 best_total=25 best_structure=25 no_improvement=3
  epoch=029/150 train=0.843489 val_total=0.945250 val_structure=0.592166 best_total=29 best_structure=29 no_improvement=0
  epoch=030/150 train=0.836768 val_total=0.942641 val_structure=0.596413 best_total=30 best_structure=29 no_improvement=0
  epoch=031/150 train=0.840764 val_total=0.943131 val_structure=0.593665 best_total=30 best_structure=29 no_improvement=1
  epoch=032/150 train=0.827721 val_total=0.981402 val_structure=0.611214 best_total=30 best_structure=29 no_improvement=2
  epoch=033/150 train=0.823786 val_total=0.941644 val_structure=0.592391 best_total=33 best_structure=29 no_improvement=0
  epoch=034/150 train=0.815601 val_total=0.946695 val_structure=0.588942 best_total=33 best_structure=34 no_improvement=0
  epoch=035/150 train=0.814816 val_total=0.939878 val_structure=0.592355 best_total=35 best_structure=34 no_improvement=0
  epoch=036/150 train=0.812982 val_total=0.946963 val_structure=0.594005 best_total=35 best_structure=34 no_improvement=1
  epoch=037/150 train=0.806004 val_total=0.927651 val_structure=0.581501 best_total=37 best_structure=37 no_improvement=0
  epoch=038/150 train=0.799655 val_total=0.931181 val_structure=0.587194 best_total=37 best_structure=37 no_improvement=1
  epoch=039/150 train=0.795375 val_total=0.932063 val_structure=0.586134 best_total=37 best_structure=37 no_improvement=2
  epoch=040/150 train=0.793517 val_total=0.968516 val_structure=0.585877 best_total=37 best_structure=37 no_improvement=3
  epoch=041/150 train=0.789544 val_total=0.932902 val_structure=0.584748 best_total=37 best_structure=37 no_improvement=4
  epoch=042/150 train=0.788535 val_total=0.928949 val_structure=0.584446 best_total=37 best_structure=37 no_improvement=5
  epoch=043/150 train=0.781981 val_total=0.925283 val_structure=0.579553 best_total=43 best_structure=43 no_improvement=0
  epoch=044/150 train=0.773075 val_total=0.922650 val_structure=0.581132 best_total=44 best_structure=43 no_improvement=0
  epoch=045/150 train=0.777716 val_total=0.936806 val_structure=0.583929 best_total=44 best_structure=43 no_improvement=1
  epoch=046/150 train=0.771735 val_total=0.930080 val_structure=0.587446 best_total=44 best_structure=43 no_improvement=2
  epoch=047/150 train=0.767029 val_total=0.924063 val_structure=0.582490 best_total=44 best_structure=43 no_improvement=3
  epoch=048/150 train=0.759745 val_total=0.919903 val_structure=0.580694 best_total=48 best_structure=43 no_improvement=0
  epoch=049/150 train=0.756074 val_total=0.934833 val_structure=0.574576 best_total=48 best_structure=49 no_improvement=0
  epoch=050/150 train=0.751440 val_total=0.929974 val_structure=0.583456 best_total=48 best_structure=49 no_improvement=1
  epoch=051/150 train=0.752674 val_total=0.925125 val_structure=0.583087 best_total=48 best_structure=49 no_improvement=2
  epoch=052/150 train=0.747145 val_total=0.928555 val_structure=0.589472 best_total=48 best_structure=49 no_improvement=3
  epoch=053/150 train=0.746748 val_total=0.934105 val_structure=0.593441 best_total=48 best_structure=49 no_improvement=4
  epoch=054/150 train=0.737917 val_total=0.922084 val_structure=0.582438 best_total=48 best_structure=49 no_improvement=5
  epoch=055/150 train=0.737095 val_total=0.937402 val_structure=0.586923 best_total=48 best_structure=49 no_improvement=6
  epoch=056/150 train=0.728684 val_total=0.913945 val_structure=0.575014 best_total=56 best_structure=49 no_improvement=0
  epoch=057/150 train=0.734783 val_total=0.923809 val_structure=0.581765 best_total=56 best_structure=49 no_improvement=1
  epoch=058/150 train=0.730709 val_total=0.919985 val_structure=0.581069 best_total=56 best_structure=49 no_improvement=2
  epoch=059/150 train=0.723450 val_total=0.924611 val_structure=0.584836 best_total=56 best_structure=49 no_improvement=3
  epoch=060/150 train=0.722102 val_total=0.929419 val_structure=0.588635 best_total=56 best_structure=49 no_improvement=4
  epoch=061/150 train=0.717929 val_total=0.921301 val_structure=0.579642 best_total=56 best_structure=49 no_improvement=5
  epoch=062/150 train=0.719004 val_total=0.929897 val_structure=0.589153 best_total=56 best_structure=49 no_improvement=6
  epoch=063/150 train=0.714658 val_total=0.935131 val_structure=0.592359 best_total=56 best_structure=49 no_improvement=7
  epoch=064/150 train=0.711818 val_total=0.929363 val_structure=0.591268 best_total=56 best_structure=49 no_improvement=8
  epoch=065/150 train=0.705550 val_total=0.932658 val_structure=0.592632 best_total=56 best_structure=49 no_improvement=9
  epoch=066/150 train=0.707620 val_total=0.917773 val_structure=0.579952 best_total=56 best_structure=49 no_improvement=10
  epoch=067/150 train=0.700002 val_total=0.925707 val_structure=0.586317 best_total=56 best_structure=49 no_improvement=11
  epoch=068/150 train=0.698880 val_total=0.951735 val_structure=0.598354 best_total=56 best_structure=49 no_improvement=12
  epoch=069/150 train=0.700220 val_total=0.947272 val_structure=0.601506 best_total=56 best_structure=49 no_improvement=13
  epoch=070/150 train=0.693218 val_total=0.936792 val_structure=0.599101 best_total=56 best_structure=49 no_improvement=14
  epoch=071/150 train=0.689279 val_total=0.940284 val_structure=0.597101 best_total=56 best_structure=49 no_improvement=15
  epoch=072/150 train=0.687793 val_total=0.940762 val_structure=0.599299 best_total=56 best_structure=49 no_improvement=16
  epoch=073/150 train=0.687395 val_total=0.937988 val_structure=0.600819 best_total=56 best_structure=49 no_improvement=17
  epoch=074/150 train=0.684057 val_total=0.938231 val_structure=0.601488 best_total=56 best_structure=49 no_improvement=18
  epoch=075/150 train=0.681042 val_total=0.942151 val_structure=0.599333 best_total=56 best_structure=49 no_improvement=19
  epoch=076/150 train=0.674680 val_total=0.937001 val_structure=0.600058 best_total=56 best_structure=49 no_improvement=20
  TRAINING FINISHED: early_stopping at epoch 76/150
  TEST total: position_mae=0.353617 position_3d=0.722244 magnitude=0.156099
  TEST structure: position_mae=0.355786 position_3d=0.726735 magnitude=0.155683
RUN g05_sign_only__g05_100pct__seed_42__d864eda7962b | cuda | start epoch=1
  epoch=001/150 train=1.803139 val_total=1.614181 val_structure=0.933479 best_total=1 best_structure=1 no_improvement=0
  epoch=002/150 train=1.526326 val_total=1.445154 val_structure=0.848001 best_total=2 best_structure=2 no_improvement=0
  epoch=003/150 train=1.377712 val_total=1.360409 val_structure=0.812051 best_total=3 best_structure=3 no_improvement=0
  epoch=004/150 train=1.272234 val_total=1.248210 val_structure=0.781917 best_total=4 best_structure=4 no_improvement=0
  epoch=005/150 train=1.182512 val_total=1.182360 val_structure=0.755654 best_total=5 best_structure=5 no_improvement=0
  epoch=006/150 train=1.120442 val_total=1.134446 val_structure=0.735785 best_total=6 best_structure=6 no_improvement=0
  epoch=007/150 train=1.081844 val_total=1.108190 val_structure=0.724232 best_total=7 best_structure=7 no_improvement=0
  epoch=008/150 train=1.053218 val_total=1.073750 val_structure=0.697345 best_total=8 best_structure=8 no_improvement=0
  epoch=009/150 train=1.033734 val_total=1.060084 val_structure=0.685334 best_total=9 best_structure=9 no_improvement=0
  epoch=010/150 train=1.015333 val_total=1.061178 val_structure=0.692502 best_total=9 best_structure=9 no_improvement=1
  epoch=011/150 train=1.006111 val_total=1.051436 val_structure=0.686619 best_total=11 best_structure=9 no_improvement=0
  epoch=012/150 train=0.990779 val_total=1.040003 val_structure=0.671302 best_total=12 best_structure=12 no_improvement=0
  epoch=013/150 train=0.974946 val_total=1.024727 val_structure=0.664042 best_total=13 best_structure=13 no_improvement=0
  epoch=014/150 train=0.969799 val_total=1.014381 val_structure=0.654253 best_total=14 best_structure=14 no_improvement=0
  epoch=015/150 train=0.960044 val_total=1.016925 val_structure=0.655960 best_total=14 best_structure=14 no_improvement=1
  epoch=016/150 train=0.957247 val_total=1.003332 val_structure=0.649371 best_total=16 best_structure=16 no_improvement=0
  epoch=017/150 train=0.950468 val_total=1.002475 val_structure=0.642843 best_total=17 best_structure=17 no_improvement=0
  epoch=018/150 train=0.938858 val_total=0.993508 val_structure=0.638945 best_total=18 best_structure=18 no_improvement=0
  epoch=019/150 train=0.930964 val_total=0.985981 val_structure=0.631806 best_total=19 best_structure=19 no_improvement=0
  epoch=020/150 train=0.920658 val_total=0.985718 val_structure=0.632053 best_total=20 best_structure=19 no_improvement=0
  epoch=021/150 train=0.910189 val_total=0.990875 val_structure=0.636973 best_total=20 best_structure=19 no_improvement=1
  epoch=022/150 train=0.914599 val_total=0.999958 val_structure=0.638647 best_total=20 best_structure=19 no_improvement=2
  epoch=023/150 train=0.902827 val_total=0.975140 val_structure=0.624224 best_total=23 best_structure=23 no_improvement=0
  epoch=024/150 train=0.897427 val_total=0.980563 val_structure=0.622550 best_total=23 best_structure=24 no_improvement=0
  epoch=025/150 train=0.888590 val_total=0.961931 val_structure=0.614480 best_total=25 best_structure=25 no_improvement=0
  epoch=026/150 train=0.885461 val_total=0.967320 val_structure=0.615042 best_total=25 best_structure=25 no_improvement=1
  epoch=027/150 train=0.882253 val_total=0.967916 val_structure=0.616994 best_total=25 best_structure=25 no_improvement=2
  epoch=028/150 train=0.875240 val_total=0.953758 val_structure=0.604399 best_total=28 best_structure=28 no_improvement=0
  epoch=029/150 train=0.871088 val_total=0.953458 val_structure=0.606606 best_total=29 best_structure=28 no_improvement=0
  epoch=030/150 train=0.861041 val_total=0.955716 val_structure=0.609657 best_total=29 best_structure=28 no_improvement=1
  epoch=031/150 train=0.859830 val_total=0.949349 val_structure=0.603643 best_total=31 best_structure=31 no_improvement=0
  epoch=032/150 train=0.852668 val_total=0.968449 val_structure=0.606170 best_total=31 best_structure=31 no_improvement=1
  epoch=033/150 train=0.846950 val_total=0.941837 val_structure=0.594888 best_total=33 best_structure=33 no_improvement=0
  epoch=034/150 train=0.844185 val_total=0.967133 val_structure=0.611975 best_total=33 best_structure=33 no_improvement=1
  epoch=035/150 train=0.838054 val_total=0.947762 val_structure=0.602254 best_total=33 best_structure=33 no_improvement=2
  epoch=036/150 train=0.836607 val_total=0.962374 val_structure=0.601249 best_total=33 best_structure=33 no_improvement=3
  epoch=037/150 train=0.833139 val_total=0.938465 val_structure=0.593810 best_total=37 best_structure=37 no_improvement=0
  epoch=038/150 train=0.824835 val_total=0.937866 val_structure=0.593707 best_total=38 best_structure=38 no_improvement=0
  epoch=039/150 train=0.823471 val_total=0.932489 val_structure=0.589283 best_total=39 best_structure=39 no_improvement=0
  epoch=040/150 train=0.816491 val_total=0.982430 val_structure=0.602025 best_total=39 best_structure=39 no_improvement=1
  epoch=041/150 train=0.811884 val_total=0.932555 val_structure=0.587869 best_total=39 best_structure=41 no_improvement=0
  epoch=042/150 train=0.814179 val_total=0.938861 val_structure=0.589755 best_total=39 best_structure=41 no_improvement=1
  epoch=043/150 train=0.801955 val_total=0.936123 val_structure=0.589244 best_total=39 best_structure=41 no_improvement=2
  epoch=044/150 train=0.797820 val_total=0.928548 val_structure=0.586808 best_total=44 best_structure=44 no_improvement=0
  epoch=045/150 train=0.799285 val_total=0.935490 val_structure=0.589599 best_total=44 best_structure=44 no_improvement=1
  epoch=046/150 train=0.794184 val_total=0.934813 val_structure=0.593285 best_total=44 best_structure=44 no_improvement=2
  epoch=047/150 train=0.789494 val_total=0.938352 val_structure=0.594830 best_total=44 best_structure=44 no_improvement=3
  epoch=048/150 train=0.785966 val_total=0.929094 val_structure=0.586386 best_total=44 best_structure=48 no_improvement=0
  epoch=049/150 train=0.782462 val_total=0.942551 val_structure=0.586532 best_total=44 best_structure=48 no_improvement=1
  epoch=050/150 train=0.778222 val_total=0.932023 val_structure=0.589018 best_total=44 best_structure=48 no_improvement=2
  epoch=051/150 train=0.777500 val_total=0.931645 val_structure=0.590249 best_total=44 best_structure=48 no_improvement=3
  epoch=052/150 train=0.766943 val_total=0.931509 val_structure=0.592435 best_total=44 best_structure=48 no_improvement=4
  epoch=053/150 train=0.769408 val_total=0.935210 val_structure=0.594848 best_total=44 best_structure=48 no_improvement=5
  epoch=054/150 train=0.762017 val_total=0.929830 val_structure=0.590602 best_total=44 best_structure=48 no_improvement=6
  epoch=055/150 train=0.761102 val_total=0.927044 val_structure=0.579643 best_total=55 best_structure=55 no_improvement=0
  epoch=056/150 train=0.756668 val_total=0.936760 val_structure=0.596486 best_total=55 best_structure=55 no_improvement=1
  epoch=057/150 train=0.756508 val_total=0.928635 val_structure=0.587272 best_total=55 best_structure=55 no_improvement=2
  epoch=058/150 train=0.753683 val_total=0.925913 val_structure=0.586883 best_total=58 best_structure=55 no_improvement=0
  epoch=059/150 train=0.742903 val_total=0.932879 val_structure=0.594303 best_total=58 best_structure=55 no_improvement=1
  epoch=060/150 train=0.740283 val_total=0.923846 val_structure=0.583728 best_total=60 best_structure=55 no_improvement=0
  epoch=061/150 train=0.741913 val_total=0.935680 val_structure=0.591740 best_total=60 best_structure=55 no_improvement=1
  epoch=062/150 train=0.737121 val_total=0.935407 val_structure=0.593431 best_total=60 best_structure=55 no_improvement=2
  epoch=063/150 train=0.731975 val_total=0.925746 val_structure=0.583694 best_total=60 best_structure=55 no_improvement=3
  epoch=064/150 train=0.732993 val_total=0.932850 val_structure=0.594673 best_total=60 best_structure=55 no_improvement=4
  epoch=065/150 train=0.724422 val_total=0.939812 val_structure=0.595371 best_total=60 best_structure=55 no_improvement=5
  epoch=066/150 train=0.726411 val_total=0.934197 val_structure=0.595303 best_total=60 best_structure=55 no_improvement=6
  epoch=067/150 train=0.723822 val_total=0.933089 val_structure=0.593245 best_total=60 best_structure=55 no_improvement=7
  epoch=068/150 train=0.717306 val_total=0.944400 val_structure=0.595153 best_total=60 best_structure=55 no_improvement=8
  epoch=069/150 train=0.721365 val_total=0.938022 val_structure=0.597720 best_total=60 best_structure=55 no_improvement=9
  epoch=070/150 train=0.715172 val_total=0.931470 val_structure=0.593672 best_total=60 best_structure=55 no_improvement=10
  epoch=071/150 train=0.710439 val_total=0.955673 val_structure=0.613153 best_total=60 best_structure=55 no_improvement=11
  epoch=072/150 train=0.709376 val_total=0.940819 val_structure=0.601482 best_total=60 best_structure=55 no_improvement=12
  epoch=073/150 train=0.710781 val_total=0.933112 val_structure=0.594625 best_total=60 best_structure=55 no_improvement=13
  epoch=074/150 train=0.701797 val_total=0.954629 val_structure=0.614290 best_total=60 best_structure=55 no_improvement=14
  epoch=075/150 train=0.706445 val_total=0.951491 val_structure=0.606445 best_total=60 best_structure=55 no_improvement=15
  epoch=076/150 train=0.696528 val_total=0.948999 val_structure=0.610582 best_total=60 best_structure=55 no_improvement=16
  epoch=077/150 train=0.699332 val_total=0.935373 val_structure=0.598918 best_total=60 best_structure=55 no_improvement=17
  epoch=078/150 train=0.695781 val_total=0.944892 val_structure=0.607924 best_total=60 best_structure=55 no_improvement=18
  epoch=079/150 train=0.690519 val_total=0.931392 val_structure=0.595565 best_total=60 best_structure=55 no_improvement=19
  epoch=080/150 train=0.690415 val_total=0.932694 val_structure=0.597210 best_total=60 best_structure=55 no_improvement=20
  TRAINING FINISHED: early_stopping at epoch 80/150
  TEST total: position_mae=0.355976 position_3d=0.724429 magnitude=0.158985
  TEST structure: position_mae=0.354398 position_3d=0.722286 magnitude=0.158173
RUN g05_full_reconstruction__g05_100pct__seed_42__2d332d1730d1 | cuda | start epoch=1
  epoch=001/150 train=1.787940 val_total=1.612505 val_structure=0.927676 best_total=1 best_structure=1 no_improvement=0
  epoch=002/150 train=1.538309 val_total=1.473132 val_structure=0.848178 best_total=2 best_structure=2 no_improvement=0
  epoch=003/150 train=1.389692 val_total=1.367648 val_structure=0.819920 best_total=3 best_structure=3 no_improvement=0
  epoch=004/150 train=1.270077 val_total=1.258388 val_structure=0.789173 best_total=4 best_structure=4 no_improvement=0
  epoch=005/150 train=1.186084 val_total=1.200446 val_structure=0.759896 best_total=5 best_structure=5 no_improvement=0
  epoch=006/150 train=1.125768 val_total=1.151167 val_structure=0.738817 best_total=6 best_structure=6 no_improvement=0
  epoch=007/150 train=1.082826 val_total=1.113047 val_structure=0.716819 best_total=7 best_structure=7 no_improvement=0
  epoch=008/150 train=1.056113 val_total=1.084562 val_structure=0.699323 best_total=8 best_structure=8 no_improvement=0
  epoch=009/150 train=1.030486 val_total=1.071030 val_structure=0.689823 best_total=9 best_structure=9 no_improvement=0
  epoch=010/150 train=1.008972 val_total=1.073886 val_structure=0.689709 best_total=9 best_structure=10 no_improvement=0
  epoch=011/150 train=0.995394 val_total=1.046746 val_structure=0.670047 best_total=11 best_structure=11 no_improvement=0
  epoch=012/150 train=0.984611 val_total=1.047291 val_structure=0.668535 best_total=11 best_structure=12 no_improvement=0
  epoch=013/150 train=0.966188 val_total=1.019574 val_structure=0.658559 best_total=13 best_structure=13 no_improvement=0
  epoch=014/150 train=0.954055 val_total=1.007798 val_structure=0.646277 best_total=14 best_structure=14 no_improvement=0
  epoch=015/150 train=0.942720 val_total=1.001052 val_structure=0.643161 best_total=15 best_structure=15 no_improvement=0
  epoch=016/150 train=0.938312 val_total=0.992026 val_structure=0.632485 best_total=16 best_structure=16 no_improvement=0
  epoch=017/150 train=0.932585 val_total=0.994979 val_structure=0.637675 best_total=16 best_structure=16 no_improvement=1
  epoch=018/150 train=0.922020 val_total=0.990842 val_structure=0.632531 best_total=18 best_structure=16 no_improvement=0
  epoch=019/150 train=0.911264 val_total=0.977181 val_structure=0.624371 best_total=19 best_structure=19 no_improvement=0
  epoch=020/150 train=0.901707 val_total=0.976575 val_structure=0.621830 best_total=20 best_structure=20 no_improvement=0
  epoch=021/150 train=0.892418 val_total=0.972821 val_structure=0.620396 best_total=21 best_structure=21 no_improvement=0
  epoch=022/150 train=0.890522 val_total=0.976883 val_structure=0.619672 best_total=21 best_structure=22 no_improvement=0
  epoch=023/150 train=0.882596 val_total=0.954756 val_structure=0.605570 best_total=23 best_structure=23 no_improvement=0
  epoch=024/150 train=0.875573 val_total=0.966330 val_structure=0.609904 best_total=23 best_structure=23 no_improvement=1
  epoch=025/150 train=0.865285 val_total=0.952908 val_structure=0.607182 best_total=25 best_structure=23 no_improvement=0
  epoch=026/150 train=0.865119 val_total=0.956134 val_structure=0.605767 best_total=25 best_structure=23 no_improvement=1
  epoch=027/150 train=0.860206 val_total=0.948376 val_structure=0.598631 best_total=27 best_structure=27 no_improvement=0
  epoch=028/150 train=0.849662 val_total=0.946913 val_structure=0.598812 best_total=28 best_structure=27 no_improvement=0
  epoch=029/150 train=0.844290 val_total=0.944255 val_structure=0.598966 best_total=29 best_structure=27 no_improvement=0
  epoch=030/150 train=0.841168 val_total=0.942109 val_structure=0.598950 best_total=30 best_structure=27 no_improvement=0
  epoch=031/150 train=0.838081 val_total=0.940044 val_structure=0.594207 best_total=31 best_structure=31 no_improvement=0
  epoch=032/150 train=0.829555 val_total=0.971009 val_structure=0.604320 best_total=31 best_structure=31 no_improvement=1
  epoch=033/150 train=0.823946 val_total=0.937118 val_structure=0.588152 best_total=33 best_structure=33 no_improvement=0
  epoch=034/150 train=0.816724 val_total=0.947105 val_structure=0.591970 best_total=33 best_structure=33 no_improvement=1
  epoch=035/150 train=0.814076 val_total=0.937811 val_structure=0.593257 best_total=33 best_structure=33 no_improvement=2
  epoch=036/150 train=0.814564 val_total=0.952946 val_structure=0.597373 best_total=33 best_structure=33 no_improvement=3
  epoch=037/150 train=0.805447 val_total=0.930439 val_structure=0.586999 best_total=37 best_structure=37 no_improvement=0
  epoch=038/150 train=0.798924 val_total=0.922906 val_structure=0.580222 best_total=38 best_structure=38 no_improvement=0
  epoch=039/150 train=0.794090 val_total=0.924366 val_structure=0.582307 best_total=38 best_structure=38 no_improvement=1
  epoch=040/150 train=0.788056 val_total=0.967535 val_structure=0.585685 best_total=38 best_structure=38 no_improvement=2
  epoch=041/150 train=0.786138 val_total=0.931525 val_structure=0.587897 best_total=38 best_structure=38 no_improvement=3
  epoch=042/150 train=0.786198 val_total=0.929302 val_structure=0.585766 best_total=38 best_structure=38 no_improvement=4
  epoch=043/150 train=0.775384 val_total=0.927512 val_structure=0.580775 best_total=38 best_structure=38 no_improvement=5
  epoch=044/150 train=0.774514 val_total=0.920911 val_structure=0.580513 best_total=44 best_structure=38 no_improvement=0
  epoch=045/150 train=0.769938 val_total=0.932428 val_structure=0.587533 best_total=44 best_structure=38 no_improvement=1
  epoch=046/150 train=0.761810 val_total=0.935797 val_structure=0.596424 best_total=44 best_structure=38 no_improvement=2
  epoch=047/150 train=0.763865 val_total=0.932810 val_structure=0.592102 best_total=44 best_structure=38 no_improvement=3
  epoch=048/150 train=0.758067 val_total=0.921226 val_structure=0.582107 best_total=44 best_structure=38 no_improvement=4
  epoch=049/150 train=0.754206 val_total=0.941029 val_structure=0.580052 best_total=44 best_structure=49 no_improvement=0
  epoch=050/150 train=0.749275 val_total=0.926652 val_structure=0.584946 best_total=44 best_structure=49 no_improvement=1
  epoch=051/150 train=0.744777 val_total=0.920912 val_structure=0.583284 best_total=44 best_structure=49 no_improvement=2
  epoch=052/150 train=0.742892 val_total=0.921649 val_structure=0.585150 best_total=44 best_structure=49 no_improvement=3
  epoch=053/150 train=0.741799 val_total=0.933512 val_structure=0.595808 best_total=44 best_structure=49 no_improvement=4
  epoch=054/150 train=0.731757 val_total=0.923089 val_structure=0.586083 best_total=44 best_structure=49 no_improvement=5
  epoch=055/150 train=0.731224 val_total=0.938307 val_structure=0.588838 best_total=44 best_structure=49 no_improvement=6
  epoch=056/150 train=0.724849 val_total=0.923512 val_structure=0.587448 best_total=44 best_structure=49 no_improvement=7
  epoch=057/150 train=0.728234 val_total=0.933092 val_structure=0.595168 best_total=44 best_structure=49 no_improvement=8
  epoch=058/150 train=0.722484 val_total=0.927417 val_structure=0.589757 best_total=44 best_structure=49 no_improvement=9
  epoch=059/150 train=0.715625 val_total=0.932384 val_structure=0.595363 best_total=44 best_structure=49 no_improvement=10
  epoch=060/150 train=0.719668 val_total=0.934114 val_structure=0.597157 best_total=44 best_structure=49 no_improvement=11
  epoch=061/150 train=0.714627 val_total=0.928854 val_structure=0.591538 best_total=44 best_structure=49 no_improvement=12
  epoch=062/150 train=0.710472 val_total=0.938756 val_structure=0.599348 best_total=44 best_structure=49 no_improvement=13
  epoch=063/150 train=0.705035 val_total=0.936584 val_structure=0.595935 best_total=44 best_structure=49 no_improvement=14
  epoch=064/150 train=0.704243 val_total=0.943996 val_structure=0.608223 best_total=44 best_structure=49 no_improvement=15
  epoch=065/150 train=0.698201 val_total=0.932798 val_structure=0.593210 best_total=44 best_structure=49 no_improvement=16
  epoch=066/150 train=0.700057 val_total=0.937160 val_structure=0.599579 best_total=44 best_structure=49 no_improvement=17
  epoch=067/150 train=0.690593 val_total=0.940536 val_structure=0.602820 best_total=44 best_structure=49 no_improvement=18
  epoch=068/150 train=0.693330 val_total=0.955815 val_structure=0.610467 best_total=44 best_structure=49 no_improvement=19
  epoch=069/150 train=0.695322 val_total=0.950316 val_structure=0.608827 best_total=44 best_structure=49 no_improvement=20
  TRAINING FINISHED: early_stopping at epoch 69/150
  TEST total: position_mae=0.355824 position_3d=0.724872 magnitude=0.155295
  TEST structure: position_mae=0.354935 position_3d=0.721829 magnitude=0.154723
Experiment complete: new=12, skipped=0, failed=0
Paired comparisons: C:\Users\COM\Documents\KK-AI\Modelexperiment11\fraction_sweep_results\seed42_g05_sweep_dropout020\pairwise_comparisons.csv
Aggregate: C:\Users\COM\Documents\KK-AI\Modelexperiment11\fraction_sweep_results\seed42_g05_sweep_dropout020\pairwise_summary.csv
