protocol_fingerprint,checkpoint_selection,selection_objective,model_a,model_b,g05_fraction,g05_count_per_sample,metric,seed,metric_role,value_a,value_b,delta_b_minus_a,improvement_b_over_a,selected_epoch_a,selected_epoch_b,selected_validation_loss_a,selected_validation_loss_b,run_fingerprint_a,run_fingerprint_b,global_sign_in_selection_objective,global_sign_metrics_note,improvement_definition
8567ef203a5ee597693e62a0d260fe98a784dc1fcc7e208a2e46a44a434c391d,structure,validation_loss.structure,g05_sign_only,g05_full_reconstruction,0.0,0,position_mae_x,42,primary,0.45867706298828126,0.45867706298828126,0.0,-0.0,27,27,0.6065466957092285,0.6065466957092285,7381148c39dbbf857f4e722308fcc5bd0ec89a844f9c7daffd02d76e70ad9c65,7d8ae61c4605d129aec4de9ae4143abb94bfa53a8217ce7d407e0dce4db76b41,False,Global-sign and absolute-sign metrics are secondary diagnostics: structure selection does not optimize global-sign performance; training still uses the unchanged total loss.,positive means g05_full_reconstruction is better
8567ef203a5ee597693e62a0d260fe98a784dc1fcc7e208a2e46a44a434c391d,structure,validation_loss.structure,g05_sign_only,g05_full_reconstruction,0.0,0,position_mae_y,42,primary,0.4339174041748047,0.4339174041748047,0.0,-0.0,27,27,0.6065466957092285,0.6065466957092285,7381148c39dbbf857f4e722308fcc5bd0ec89a844f9c7daffd02d76e70ad9c65,7d8ae61c4605d129aec4de9ae4143abb94bfa53a8217ce7d407e0dce4db76b41,False,Global-sign and absolute-sign metrics are secondary diagnostics: structure selection does not optimize global-sign performance; training still uses the unchanged total loss.,positive means g05_full_reconstruction is better
8567ef203a5ee597693e62a0d260fe98a784dc1fcc7e208a2e46a44a434c391d,structure,validation_loss.structure,g05_sign_only,g05_full_reconstruction,0.0,0,position_mae_z,42,primary,0.2313655548095703,0.2313655548095703,0.0,-0.0,27,27,0.6065466957092285,0.6065466957092285,7381148c39dbbf857f4e722308fcc5bd0ec89a844f9c7daffd02d76e70ad9c65,7d8ae61c4605d129aec4de9ae4143abb94bfa53a8217ce7d407e0dce4db76b41,False,Global-sign and absolute-sign metrics are secondary diagnostics: structure selection does not optimize global-sign performance; training still uses the unchanged total loss.,positive means g05_full_reconstruction is better
8567ef203a5ee597693e62a0d260fe98a784dc1fcc7e208a2e46a44a434c391d,structure,validation_loss.structure,g05_sign_only,g05_full_reconstruction,0.0,0,mean_position_mae,42,primary,0.3746533432006836,0.3746533432006836,0.0,-0.0,27,27,0.6065466957092285,0.6065466957092285,7381148c39dbbf857f4e722308fcc5bd0ec89a844f9c7daffd02d76e70ad9c65,7d8ae61c4605d129aec4de9ae4143abb94bfa53a8217ce7d407e0dce4db76b41,False,Global-sign and absolute-sign metrics are secondary diagnostics: structure selection does not optimize global-sign performance; training still uses the unchanged total loss.,positive means g05_full_reconstruction is better
8567ef203a5ee597693e62a0d260fe98a784dc1fcc7e208a2e46a44a434c391d,structure,validation_loss.structure,g05_sign_only,g05_full_reconstruction,0.0,0,mean_position_3d_error,42,primary,0.76283984375,0.76283984375,0.0,-0.0,27,27,0.6065466957092285,0.6065466957092285,7381148c39dbbf857f4e722308fcc5bd0ec89a844f9c7daffd02d76e70ad9c65,7d8ae61c4605d129aec4de9ae4143abb94bfa53a8217ce7d407e0dce4db76b41,False,Global-sign and absolute-sign metrics are secondary diagnostics: structure selection does not optimize global-sign performance; training still uses the unchanged total loss.,positive means g05_full_reconstruction is better
8567ef203a5ee597693e62a0d260fe98a784dc1fcc7e208a2e46a44a434c391d,structure,validation_loss.structure,g05_sign_only,g05_full_reconstruction,0.0,0,charge_magnitude_mae,42,primary,0.1591237678527832,0.1591237678527832,0.0,-0.0,27,27,0.6065466957092285,0.6065466957092285,7381148c39dbbf857f4e722308fcc5bd0ec89a844f9c7daffd02d76e70ad9c65,7d8ae61c4605d129aec4de9ae4143abb94bfa53a8217ce7d407e0dce4db76b41,False,Global-sign and absolute-sign metrics are secondary diagnostics: structure selection does not optimize global-sign performance; training still uses the unchanged total loss.,positive means g05_full_reconstruction is better
8567ef203a5ee597693e62a0d260fe98a784dc1fcc7e208a2e46a44a434c391d,structure,validation_loss.structure,g05_sign_only,g05_full_reconstruction,0.0,0,relative_sign_accuracy,42,primary,0.9623999938964843,0.9623999938964843,0.0,0.0,27,27,0.6065466957092285,0.6065466957092285,7381148c39dbbf857f4e722308fcc5bd0ec89a844f9c7daffd02d76e70ad9c65,7d8ae61c4605d129aec4de9ae4143abb94bfa53a8217ce7d407e0dce4db76b41,False,Global-sign and absolute-sign metrics are secondary diagnostics: structure selection does not optimize global-sign performance; training still uses the unchanged total loss.,positive means g05_full_reconstruction is better
8567ef203a5ee597693e62a0d260fe98a784dc1fcc7e208a2e46a44a434c391d,structure,validation_loss.structure,g05_sign_only,g05_full_reconstruction,0.0,0,relative_configuration_accuracy,42,primary,0.914,0.914,0.0,0.0,27,27,0.6065466957092285,0.6065466957092285,7381148c39dbbf857f4e722308fcc5bd0ec89a844f9c7daffd02d76e70ad9c65,7d8ae61c4605d129aec4de9ae4143abb94bfa53a8217ce7d407e0dce4db76b41,False,Global-sign and absolute-sign metrics are secondary diagnostics: structure selection does not optimize global-sign performance; training still uses the unchanged total loss.,positive means g05_full_reconstruction is better
8567ef203a5ee597693e62a0d260fe98a784dc1fcc7e208a2e46a44a434c391d,structure,validation_loss.structure,g05_sign_only,g05_full_reconstruction,0.0,0,pairwise_relative_sign_accuracy,42,primary,0.9500000228881836,0.9500000228881836,0.0,0.0,27,27,0.6065466957092285,0.6065466957092285,7381148c39dbbf857f4e722308fcc5bd0ec89a844f9c7daffd02d76e70ad9c65,7d8ae61c4605d129aec4de9ae4143abb94bfa53a8217ce7d407e0dce4db76b41,False,Global-sign and absolute-sign metrics are secondary diagnostics: structure selection does not optimize global-sign performance; training still uses the unchanged total loss.,positive means g05_full_reconstruction is better
8567ef203a5ee597693e62a0d260fe98a784dc1fcc7e208a2e46a44a434c391d,structure,validation_loss.structure,g05_sign_only,g05_full_reconstruction,0.0,0,global_sign_accuracy,42,secondary,,,,,27,27,0.6065466957092285,0.6065466957092285,7381148c39dbbf857f4e722308fcc5bd0ec89a844f9c7daffd02d76e70ad9c65,7d8ae61c4605d129aec4de9ae4143abb94bfa53a8217ce7d407e0dce4db76b41,False,Global-sign and absolute-sign metrics are secondary diagnostics: structure selection does not optimize global-sign performance; training still uses the unchanged total loss.,positive means g05_full_reconstruction is better
8567ef203a5ee597693e62a0d260fe98a784dc1fcc7e208a2e46a44a434c391d,structure,validation_loss.structure,g05_sign_only,g05_full_reconstruction,0.0,0,global_sign_bce,42,secondary,,,,,27,27,0.6065466957092285,0.6065466957092285,7381148c39dbbf857f4e722308fcc5bd0ec89a844f9c7daffd02d76e70ad9c65,7d8ae61c4605d129aec4de9ae4143abb94bfa53a8217ce7d407e0dce4db76b41,False,Global-sign and absolute-sign metrics are secondary diagnostics: structure selection does not optimize global-sign performance; training still uses the unchanged total loss.,positive means g05_full_reconstruction is better
8567ef203a5ee597693e62a0d260fe98a784dc1fcc7e208a2e46a44a434c391d,structure,validation_loss.structure,g05_sign_only,g05_full_reconstruction,0.0,0,absolute_sign_accuracy,42,secondary,,,,,27,27,0.6065466957092285,0.6065466957092285,7381148c39dbbf857f4e722308fcc5bd0ec89a844f9c7daffd02d76e70ad9c65,7d8ae61c4605d129aec4de9ae4143abb94bfa53a8217ce7d407e0dce4db76b41,False,Global-sign and absolute-sign metrics are secondary diagnostics: structure selection does not optimize global-sign performance; training still uses the unchanged total loss.,positive means g05_full_reconstruction is better
8567ef203a5ee597693e62a0d260fe98a784dc1fcc7e208a2e46a44a434c391d,structure,validation_loss.structure,g05_sign_only,g05_full_reconstruction,0.0,0,absolute_sign_set_accuracy,42,secondary,,,,,27,27,0.6065466957092285,0.6065466957092285,7381148c39dbbf857f4e722308fcc5bd0ec89a844f9c7daffd02d76e70ad9c65,7d8ae61c4605d129aec4de9ae4143abb94bfa53a8217ce7d407e0dce4db76b41,False,Global-sign and absolute-sign metrics are secondary diagnostics: structure selection does not optimize global-sign performance; training still uses the unchanged total loss.,positive means g05_full_reconstruction is better
8567ef203a5ee597693e62a0d260fe98a784dc1fcc7e208a2e46a44a434c391d,structure,validation_loss.structure,g05_sign_only,g05_full_reconstruction,0.0,0,charge_mae,42,secondary,0.1953316078186035,0.1953316078186035,0.0,-0.0,27,27,0.6065466957092285,0.6065466957092285,7381148c39dbbf857f4e722308fcc5bd0ec89a844f9c7daffd02d76e70ad9c65,7d8ae61c4605d129aec4de9ae4143abb94bfa53a8217ce7d407e0dce4db76b41,False,Global-sign and absolute-sign metrics are secondary diagnostics: structure selection does not optimize global-sign performance; training still uses the unchanged total loss.,positive means g05_full_reconstruction is better
8567ef203a5ee597693e62a0d260fe98a784dc1fcc7e208a2e46a44a434c391d,structure,validation_loss.structure,g05_sign_only,g05_full_reconstruction,0.0,0,global_invariant_charge_mae,42,secondary,0.1953316078186035,0.1953316078186035,0.0,-0.0,27,27,0.6065466957092285,0.6065466957092285,7381148c39dbbf857f4e722308fcc5bd0ec89a844f9c7daffd02d76e70ad9c65,7d8ae61c4605d129aec4de9ae4143abb94bfa53a8217ce7d407e0dce4db76b41,False,Global-sign and absolute-sign metrics are secondary diagnostics: structure selection does not optimize global-sign performance; training still uses the unchanged total loss.,positive means g05_full_reconstruction is better
8567ef203a5ee597693e62a0d260fe98a784dc1fcc7e208a2e46a44a434c391d,structure,validation_loss.structure,g05_sign_only,g05_full_reconstruction,0.1,3,position_mae_x,42,primary,0.45867706298828126,0.4575963249206543,-0.001080738067626985,0.001080738067626985,27,28,0.6065466957092285,0.602291600227356,c436f6048f8945f4489c692c5fd6cd524ce50ddb3812f03bf65ec81b7ab52d0d,7d4653f145ab5647daf0aae73373c684a0f2ff510d8e6515f96dc8d4bf103f84,False,Global-sign and absolute-sign metrics are secondary diagnostics: structure selection does not optimize global-sign performance; training still uses the unchanged total loss.,positive means g05_full_reconstruction is better
8567ef203a5ee597693e62a0d260fe98a784dc1fcc7e208a2e46a44a434c391d,structure,validation_loss.structure,g05_sign_only,g05_full_reconstruction,0.1,3,position_mae_y,42,primary,0.4339174041748047,0.42182804870605467,-0.012089355468750007,0.012089355468750007,27,28,0.6065466957092285,0.602291600227356,c436f6048f8945f4489c692c5fd6cd524ce50ddb3812f03bf65ec81b7ab52d0d,7d4653f145ab5647daf0aae73373c684a0f2ff510d8e6515f96dc8d4bf103f84,False,Global-sign and absolute-sign metrics are secondary diagnostics: structure selection does not optimize global-sign performance; training still uses the unchanged total loss.,positive means g05_full_reconstruction is better
8567ef203a5ee597693e62a0d260fe98a784dc1fcc7e208a2e46a44a434c391d,structure,validation_loss.structure,g05_sign_only,g05_full_reconstruction,0.1,3,position_mae_z,42,primary,0.2313655548095703,0.22829096794128417,-0.0030745868682861277,0.0030745868682861277,27,28,0.6065466957092285,0.602291600227356,c436f6048f8945f4489c692c5fd6cd524ce50ddb3812f03bf65ec81b7ab52d0d,7d4653f145ab5647daf0aae73373c684a0f2ff510d8e6515f96dc8d4bf103f84,False,Global-sign and absolute-sign metrics are secondary diagnostics: structure selection does not optimize global-sign performance; training still uses the unchanged total loss.,positive means g05_full_reconstruction is better
8567ef203a5ee597693e62a0d260fe98a784dc1fcc7e208a2e46a44a434c391d,structure,validation_loss.structure,g05_sign_only,g05_full_reconstruction,0.1,3,mean_position_mae,42,primary,0.3746533432006836,0.3692384567260742,-0.005414886474609415,0.005414886474609415,27,28,0.6065466957092285,0.602291600227356,c436f6048f8945f4489c692c5fd6cd524ce50ddb3812f03bf65ec81b7ab52d0d,7d4653f145ab5647daf0aae73373c684a0f2ff510d8e6515f96dc8d4bf103f84,False,Global-sign and absolute-sign metrics are secondary diagnostics: structure selection does not optimize global-sign performance; training still uses the unchanged total loss.,positive means g05_full_reconstruction is better
8567ef203a5ee597693e62a0d260fe98a784dc1fcc7e208a2e46a44a434c391d,structure,validation_loss.structure,g05_sign_only,g05_full_reconstruction,0.1,3,mean_position_3d_error,42,primary,0.76283984375,0.7532137603759765,-0.009626083374023486,0.009626083374023486,27,28,0.6065466957092285,0.602291600227356,c436f6048f8945f4489c692c5fd6cd524ce50ddb3812f03bf65ec81b7ab52d0d,7d4653f145ab5647daf0aae73373c684a0f2ff510d8e6515f96dc8d4bf103f84,False,Global-sign and absolute-sign metrics are secondary diagnostics: structure selection does not optimize global-sign performance; training still uses the unchanged total loss.,positive means g05_full_reconstruction is better
8567ef203a5ee597693e62a0d260fe98a784dc1fcc7e208a2e46a44a434c391d,structure,validation_loss.structure,g05_sign_only,g05_full_reconstruction,0.1,3,charge_magnitude_mae,42,primary,0.1591237678527832,0.15742432975769044,-0.0016994380950927646,0.0016994380950927646,27,28,0.6065466957092285,0.602291600227356,c436f6048f8945f4489c692c5fd6cd524ce50ddb3812f03bf65ec81b7ab52d0d,7d4653f145ab5647daf0aae73373c684a0f2ff510d8e6515f96dc8d4bf103f84,False,Global-sign and absolute-sign metrics are secondary diagnostics: structure selection does not optimize global-sign performance; training still uses the unchanged total loss.,positive means g05_full_reconstruction is better
8567ef203a5ee597693e62a0d260fe98a784dc1fcc7e208a2e46a44a434c391d,structure,validation_loss.structure,g05_sign_only,g05_full_reconstruction,0.1,3,relative_sign_accuracy,42,primary,0.9623999938964843,0.9595999908447266,-0.00280000305175776,-0.00280000305175776,27,28,0.6065466957092285,0.602291600227356,c436f6048f8945f4489c692c5fd6cd524ce50ddb3812f03bf65ec81b7ab52d0d,7d4653f145ab5647daf0aae73373c684a0f2ff510d8e6515f96dc8d4bf103f84,False,Global-sign and absolute-sign metrics are secondary diagnostics: structure selection does not optimize global-sign performance; training still uses the unchanged total loss.,positive means g05_full_reconstruction is better
8567ef203a5ee597693e62a0d260fe98a784dc1fcc7e208a2e46a44a434c391d,structure,validation_loss.structure,g05_sign_only,g05_full_reconstruction,0.1,3,relative_configuration_accuracy,42,primary,0.914,0.91,-0.0040000000000000036,-0.0040000000000000036,27,28,0.6065466957092285,0.602291600227356,c436f6048f8945f4489c692c5fd6cd524ce50ddb3812f03bf65ec81b7ab52d0d,7d4653f145ab5647daf0aae73373c684a0f2ff510d8e6515f96dc8d4bf103f84,False,Global-sign and absolute-sign metrics are secondary diagnostics: structure selection does not optimize global-sign performance; training still uses the unchanged total loss.,positive means g05_full_reconstruction is better
8567ef203a5ee597693e62a0d260fe98a784dc1fcc7e208a2e46a44a434c391d,structure,validation_loss.structure,g05_sign_only,g05_full_reconstruction,0.1,3,pairwise_relative_sign_accuracy,42,primary,0.9500000228881836,0.9482000122070312,-0.0018000106811524308,-0.0018000106811524308,27,28,0.6065466957092285,0.602291600227356,c436f6048f8945f4489c692c5fd6cd524ce50ddb3812f03bf65ec81b7ab52d0d,7d4653f145ab5647daf0aae73373c684a0f2ff510d8e6515f96dc8d4bf103f84,False,Global-sign and absolute-sign metrics are secondary diagnostics: structure selection does not optimize global-sign performance; training still uses the unchanged total loss.,positive means g05_full_reconstruction is better
8567ef203a5ee597693e62a0d260fe98a784dc1fcc7e208a2e46a44a434c391d,structure,validation_loss.structure,g05_sign_only,g05_full_reconstruction,0.1,3,global_sign_accuracy,42,secondary,0.849,0.846,-0.0030000000000000027,-0.0030000000000000027,27,28,0.6065466957092285,0.602291600227356,c436f6048f8945f4489c692c5fd6cd524ce50ddb3812f03bf65ec81b7ab52d0d,7d4653f145ab5647daf0aae73373c684a0f2ff510d8e6515f96dc8d4bf103f84,False,Global-sign and absolute-sign metrics are secondary diagnostics: structure selection does not optimize global-sign performance; training still uses the unchanged total loss.,positive means g05_full_reconstruction is better
8567ef203a5ee597693e62a0d260fe98a784dc1fcc7e208a2e46a44a434c391d,structure,validation_loss.structure,g05_sign_only,g05_full_reconstruction,0.1,3,global_sign_bce,42,secondary,0.3644038848876953,0.3676952362060547,0.0032913513183593923,-0.0032913513183593923,27,28,0.6065466957092285,0.602291600227356,c436f6048f8945f4489c692c5fd6cd524ce50ddb3812f03bf65ec81b7ab52d0d,7d4653f145ab5647daf0aae73373c684a0f2ff510d8e6515f96dc8d4bf103f84,False,Global-sign and absolute-sign metrics are secondary diagnostics: structure selection does not optimize global-sign performance; training still uses the unchanged total loss.,positive means g05_full_reconstruction is better
8567ef203a5ee597693e62a0d260fe98a784dc1fcc7e208a2e46a44a434c391d,structure,validation_loss.structure,g05_sign_only,g05_full_reconstruction,0.1,3,absolute_sign_accuracy,42,secondary,0.8698000106811523,0.8608000030517579,-0.009000007629394458,-0.009000007629394458,27,28,0.6065466957092285,0.602291600227356,c436f6048f8945f4489c692c5fd6cd524ce50ddb3812f03bf65ec81b7ab52d0d,7d4653f145ab5647daf0aae73373c684a0f2ff510d8e6515f96dc8d4bf103f84,False,Global-sign and absolute-sign metrics are secondary diagnostics: structure selection does not optimize global-sign performance; training still uses the unchanged total loss.,positive means g05_full_reconstruction is better
8567ef203a5ee597693e62a0d260fe98a784dc1fcc7e208a2e46a44a434c391d,structure,validation_loss.structure,g05_sign_only,g05_full_reconstruction,0.1,3,absolute_sign_set_accuracy,42,secondary,0.829,0.819,-0.010000000000000009,-0.010000000000000009,27,28,0.6065466957092285,0.602291600227356,c436f6048f8945f4489c692c5fd6cd524ce50ddb3812f03bf65ec81b7ab52d0d,7d4653f145ab5647daf0aae73373c684a0f2ff510d8e6515f96dc8d4bf103f84,False,Global-sign and absolute-sign metrics are secondary diagnostics: structure selection does not optimize global-sign performance; training still uses the unchanged total loss.,positive means g05_full_reconstruction is better
8567ef203a5ee597693e62a0d260fe98a784dc1fcc7e208a2e46a44a434c391d,structure,validation_loss.structure,g05_sign_only,g05_full_reconstruction,0.1,3,charge_mae,42,secondary,0.3016634941101074,0.31093827438354493,0.009274780273437533,-0.009274780273437533,27,28,0.6065466957092285,0.602291600227356,c436f6048f8945f4489c692c5fd6cd524ce50ddb3812f03bf65ec81b7ab52d0d,7d4653f145ab5647daf0aae73373c684a0f2ff510d8e6515f96dc8d4bf103f84,False,Global-sign and absolute-sign metrics are secondary diagnostics: structure selection does not optimize global-sign performance; training still uses the unchanged total loss.,positive means g05_full_reconstruction is better
8567ef203a5ee597693e62a0d260fe98a784dc1fcc7e208a2e46a44a434c391d,structure,validation_loss.structure,g05_sign_only,g05_full_reconstruction,0.1,3,global_invariant_charge_mae,42,secondary,0.1953316078186035,0.1963012866973877,0.0009696788787841859,-0.0009696788787841859,27,28,0.6065466957092285,0.602291600227356,c436f6048f8945f4489c692c5fd6cd524ce50ddb3812f03bf65ec81b7ab52d0d,7d4653f145ab5647daf0aae73373c684a0f2ff510d8e6515f96dc8d4bf103f84,False,Global-sign and absolute-sign metrics are secondary diagnostics: structure selection does not optimize global-sign performance; training still uses the unchanged total loss.,positive means g05_full_reconstruction is better
8567ef203a5ee597693e62a0d260fe98a784dc1fcc7e208a2e46a44a434c391d,structure,validation_loss.structure,g05_sign_only,g05_full_reconstruction,0.25,8,position_mae_x,42,primary,0.45867706298828126,0.45504419708251953,-0.0036328659057617285,0.0036328659057617285,27,38,0.6065466957092285,0.598759229183197,6b6220edd43e1beee7262351b53aeff9411d30911725bb6dc1bd722830271397,1ba41dbd95be5ec239b442aa2b2152b6d115cdd5dd59ff4d2dc018633103e7b7,False,Global-sign and absolute-sign metrics are secondary diagnostics: structure selection does not optimize global-sign performance; training still uses the unchanged total loss.,positive means g05_full_reconstruction is better
8567ef203a5ee597693e62a0d260fe98a784dc1fcc7e208a2e46a44a434c391d,structure,validation_loss.structure,g05_sign_only,g05_full_reconstruction,0.25,8,position_mae_y,42,primary,0.4339174041748047,0.42574301528930664,-0.00817438888549804,0.00817438888549804,27,38,0.6065466957092285,0.598759229183197,6b6220edd43e1beee7262351b53aeff9411d30911725bb6dc1bd722830271397,1ba41dbd95be5ec239b442aa2b2152b6d115cdd5dd59ff4d2dc018633103e7b7,False,Global-sign and absolute-sign metrics are secondary diagnostics: structure selection does not optimize global-sign performance; training still uses the unchanged total loss.,positive means g05_full_reconstruction is better
8567ef203a5ee597693e62a0d260fe98a784dc1fcc7e208a2e46a44a434c391d,structure,validation_loss.structure,g05_sign_only,g05_full_reconstruction,0.25,8,position_mae_z,42,primary,0.2313655548095703,0.2296375503540039,-0.0017280044555663954,0.0017280044555663954,27,38,0.6065466957092285,0.598759229183197,6b6220edd43e1beee7262351b53aeff9411d30911725bb6dc1bd722830271397,1ba41dbd95be5ec239b442aa2b2152b6d115cdd5dd59ff4d2dc018633103e7b7,False,Global-sign and absolute-sign metrics are secondary diagnostics: structure selection does not optimize global-sign performance; training still uses the unchanged total loss.,positive means g05_full_reconstruction is better
8567ef203a5ee597693e62a0d260fe98a784dc1fcc7e208a2e46a44a434c391d,structure,validation_loss.structure,g05_sign_only,g05_full_reconstruction,0.25,8,mean_position_mae,42,primary,0.3746533432006836,0.37014159774780275,-0.004511745452880855,0.004511745452880855,27,38,0.6065466957092285,0.598759229183197,6b6220edd43e1beee7262351b53aeff9411d30911725bb6dc1bd722830271397,1ba41dbd95be5ec239b442aa2b2152b6d115cdd5dd59ff4d2dc018633103e7b7,False,Global-sign and absolute-sign metrics are secondary diagnostics: structure selection does not optimize global-sign performance; training still uses the unchanged total loss.,positive means g05_full_reconstruction is better
8567ef203a5ee597693e62a0d260fe98a784dc1fcc7e208a2e46a44a434c391d,structure,validation_loss.structure,g05_sign_only,g05_full_reconstruction,0.25,8,mean_position_3d_error,42,primary,0.76283984375,0.7549397201538086,-0.00790012359619141,0.00790012359619141,27,38,0.6065466957092285,0.598759229183197,6b6220edd43e1beee7262351b53aeff9411d30911725bb6dc1bd722830271397,1ba41dbd95be5ec239b442aa2b2152b6d115cdd5dd59ff4d2dc018633103e7b7,False,Global-sign and absolute-sign metrics are secondary diagnostics: structure selection does not optimize global-sign performance; training still uses the unchanged total loss.,positive means g05_full_reconstruction is better
8567ef203a5ee597693e62a0d260fe98a784dc1fcc7e208a2e46a44a434c391d,structure,validation_loss.structure,g05_sign_only,g05_full_reconstruction,0.25,8,charge_magnitude_mae,42,primary,0.1591237678527832,0.15731939506530762,-0.0018043727874755833,0.0018043727874755833,27,38,0.6065466957092285,0.598759229183197,6b6220edd43e1beee7262351b53aeff9411d30911725bb6dc1bd722830271397,1ba41dbd95be5ec239b442aa2b2152b6d115cdd5dd59ff4d2dc018633103e7b7,False,Global-sign and absolute-sign metrics are secondary diagnostics: structure selection does not optimize global-sign performance; training still uses the unchanged total loss.,positive means g05_full_reconstruction is better
8567ef203a5ee597693e62a0d260fe98a784dc1fcc7e208a2e46a44a434c391d,structure,validation_loss.structure,g05_sign_only,g05_full_reconstruction,0.25,8,relative_sign_accuracy,42,primary,0.9623999938964843,0.9579999923706055,-0.004400001525878827,-0.004400001525878827,27,38,0.6065466957092285,0.598759229183197,6b6220edd43e1beee7262351b53aeff9411d30911725bb6dc1bd722830271397,1ba41dbd95be5ec239b442aa2b2152b6d115cdd5dd59ff4d2dc018633103e7b7,False,Global-sign and absolute-sign metrics are secondary diagnostics: structure selection does not optimize global-sign performance; training still uses the unchanged total loss.,positive means g05_full_reconstruction is better
8567ef203a5ee597693e62a0d260fe98a784dc1fcc7e208a2e46a44a434c391d,structure,validation_loss.structure,g05_sign_only,g05_full_reconstruction,0.25,8,relative_configuration_accuracy,42,primary,0.914,0.907,-0.007000000000000006,-0.007000000000000006,27,38,0.6065466957092285,0.598759229183197,6b6220edd43e1beee7262351b53aeff9411d30911725bb6dc1bd722830271397,1ba41dbd95be5ec239b442aa2b2152b6d115cdd5dd59ff4d2dc018633103e7b7,False,Global-sign and absolute-sign metrics are secondary diagnostics: structure selection does not optimize global-sign performance; training still uses the unchanged total loss.,positive means g05_full_reconstruction is better
8567ef203a5ee597693e62a0d260fe98a784dc1fcc7e208a2e46a44a434c391d,structure,validation_loss.structure,g05_sign_only,g05_full_reconstruction,0.25,8,pairwise_relative_sign_accuracy,42,primary,0.9500000228881836,0.9465999908447266,-0.0034000320434570686,-0.0034000320434570686,27,38,0.6065466957092285,0.598759229183197,6b6220edd43e1beee7262351b53aeff9411d30911725bb6dc1bd722830271397,1ba41dbd95be5ec239b442aa2b2152b6d115cdd5dd59ff4d2dc018633103e7b7,False,Global-sign and absolute-sign metrics are secondary diagnostics: structure selection does not optimize global-sign performance; training still uses the unchanged total loss.,positive means g05_full_reconstruction is better
8567ef203a5ee597693e62a0d260fe98a784dc1fcc7e208a2e46a44a434c391d,structure,validation_loss.structure,g05_sign_only,g05_full_reconstruction,0.25,8,global_sign_accuracy,42,secondary,0.865,0.858,-0.007000000000000006,-0.007000000000000006,27,38,0.6065466957092285,0.598759229183197,6b6220edd43e1beee7262351b53aeff9411d30911725bb6dc1bd722830271397,1ba41dbd95be5ec239b442aa2b2152b6d115cdd5dd59ff4d2dc018633103e7b7,False,Global-sign and absolute-sign metrics are secondary diagnostics: structure selection does not optimize global-sign performance; training still uses the unchanged total loss.,positive means g05_full_reconstruction is better
8567ef203a5ee597693e62a0d260fe98a784dc1fcc7e208a2e46a44a434c391d,structure,validation_loss.structure,g05_sign_only,g05_full_reconstruction,0.25,8,global_sign_bce,42,secondary,0.3582423057556152,0.3687457695007324,0.01050346374511718,-0.01050346374511718,27,38,0.6065466957092285,0.598759229183197,6b6220edd43e1beee7262351b53aeff9411d30911725bb6dc1bd722830271397,1ba41dbd95be5ec239b442aa2b2152b6d115cdd5dd59ff4d2dc018633103e7b7,False,Global-sign and absolute-sign metrics are secondary diagnostics: structure selection does not optimize global-sign performance; training still uses the unchanged total loss.,positive means g05_full_reconstruction is better
8567ef203a5ee597693e62a0d260fe98a784dc1fcc7e208a2e46a44a434c391d,structure,validation_loss.structure,g05_sign_only,g05_full_reconstruction,0.25,8,absolute_sign_accuracy,42,secondary,0.8834000015258789,0.8727999954223633,-0.010600006103515636,-0.010600006103515636,27,38,0.6065466957092285,0.598759229183197,6b6220edd43e1beee7262351b53aeff9411d30911725bb6dc1bd722830271397,1ba41dbd95be5ec239b442aa2b2152b6d115cdd5dd59ff4d2dc018633103e7b7,False,Global-sign and absolute-sign metrics are secondary diagnostics: structure selection does not optimize global-sign performance; training still uses the unchanged total loss.,positive means g05_full_reconstruction is better
8567ef203a5ee597693e62a0d260fe98a784dc1fcc7e208a2e46a44a434c391d,structure,validation_loss.structure,g05_sign_only,g05_full_reconstruction,0.25,8,absolute_sign_set_accuracy,42,secondary,0.844,0.827,-0.017000000000000015,-0.017000000000000015,27,38,0.6065466957092285,0.598759229183197,6b6220edd43e1beee7262351b53aeff9411d30911725bb6dc1bd722830271397,1ba41dbd95be5ec239b442aa2b2152b6d115cdd5dd59ff4d2dc018633103e7b7,False,Global-sign and absolute-sign metrics are secondary diagnostics: structure selection does not optimize global-sign performance; training still uses the unchanged total loss.,positive means g05_full_reconstruction is better
8567ef203a5ee597693e62a0d260fe98a784dc1fcc7e208a2e46a44a434c391d,structure,validation_loss.structure,g05_sign_only,g05_full_reconstruction,0.25,8,charge_mae,42,secondary,0.28646290016174314,0.29926375007629397,0.012800849914550827,-0.012800849914550827,27,38,0.6065466957092285,0.598759229183197,6b6220edd43e1beee7262351b53aeff9411d30911725bb6dc1bd722830271397,1ba41dbd95be5ec239b442aa2b2152b6d115cdd5dd59ff4d2dc018633103e7b7,False,Global-sign and absolute-sign metrics are secondary diagnostics: structure selection does not optimize global-sign performance; training still uses the unchanged total loss.,positive means g05_full_reconstruction is better
8567ef203a5ee597693e62a0d260fe98a784dc1fcc7e208a2e46a44a434c391d,structure,validation_loss.structure,g05_sign_only,g05_full_reconstruction,0.25,8,global_invariant_charge_mae,42,secondary,0.1953316078186035,0.19540309715270995,7.148933410644487e-05,-7.148933410644487e-05,27,38,0.6065466957092285,0.598759229183197,6b6220edd43e1beee7262351b53aeff9411d30911725bb6dc1bd722830271397,1ba41dbd95be5ec239b442aa2b2152b6d115cdd5dd59ff4d2dc018633103e7b7,False,Global-sign and absolute-sign metrics are secondary diagnostics: structure selection does not optimize global-sign performance; training still uses the unchanged total loss.,positive means g05_full_reconstruction is better
8567ef203a5ee597693e62a0d260fe98a784dc1fcc7e208a2e46a44a434c391d,structure,validation_loss.structure,g05_sign_only,g05_full_reconstruction,0.5,16,position_mae_x,42,primary,0.45867706298828126,0.45309569931030275,-0.0055813636779785125,0.0055813636779785125,27,42,0.6065466957092285,0.6017102870941162,3e78c74bbf357cc2747350a693d1f97e968fd1c465106c00273d13fec14b9e05,8c9fbcc55de0ae7081f8010512be9695188cb6a9e3158588dbc04aa3c9126e9d,False,Global-sign and absolute-sign metrics are secondary diagnostics: structure selection does not optimize global-sign performance; training still uses the unchanged total loss.,positive means g05_full_reconstruction is better
8567ef203a5ee597693e62a0d260fe98a784dc1fcc7e208a2e46a44a434c391d,structure,validation_loss.structure,g05_sign_only,g05_full_reconstruction,0.5,16,position_mae_y,42,primary,0.4339174041748047,0.4140042381286621,-0.019913166046142572,0.019913166046142572,27,42,0.6065466957092285,0.6017102870941162,3e78c74bbf357cc2747350a693d1f97e968fd1c465106c00273d13fec14b9e05,8c9fbcc55de0ae7081f8010512be9695188cb6a9e3158588dbc04aa3c9126e9d,False,Global-sign and absolute-sign metrics are secondary diagnostics: structure selection does not optimize global-sign performance; training still uses the unchanged total loss.,positive means g05_full_reconstruction is better
8567ef203a5ee597693e62a0d260fe98a784dc1fcc7e208a2e46a44a434c391d,structure,validation_loss.structure,g05_sign_only,g05_full_reconstruction,0.5,16,position_mae_z,42,primary,0.2313655548095703,0.22480184745788573,-0.006563707351684572,0.006563707351684572,27,42,0.6065466957092285,0.6017102870941162,3e78c74bbf357cc2747350a693d1f97e968fd1c465106c00273d13fec14b9e05,8c9fbcc55de0ae7081f8010512be9695188cb6a9e3158588dbc04aa3c9126e9d,False,Global-sign and absolute-sign metrics are secondary diagnostics: structure selection does not optimize global-sign performance; training still uses the unchanged total loss.,positive means g05_full_reconstruction is better
8567ef203a5ee597693e62a0d260fe98a784dc1fcc7e208a2e46a44a434c391d,structure,validation_loss.structure,g05_sign_only,g05_full_reconstruction,0.5,16,mean_position_mae,42,primary,0.3746533432006836,0.3639672737121582,-0.010686069488525407,0.010686069488525407,27,42,0.6065466957092285,0.6017102870941162,3e78c74bbf357cc2747350a693d1f97e968fd1c465106c00273d13fec14b9e05,8c9fbcc55de0ae7081f8010512be9695188cb6a9e3158588dbc04aa3c9126e9d,False,Global-sign and absolute-sign metrics are secondary diagnostics: structure selection does not optimize global-sign performance; training still uses the unchanged total loss.,positive means g05_full_reconstruction is better
8567ef203a5ee597693e62a0d260fe98a784dc1fcc7e208a2e46a44a434c391d,structure,validation_loss.structure,g05_sign_only,g05_full_reconstruction,0.5,16,mean_position_3d_error,42,primary,0.76283984375,0.7439989242553711,-0.01884091949462896,0.01884091949462896,27,42,0.6065466957092285,0.6017102870941162,3e78c74bbf357cc2747350a693d1f97e968fd1c465106c00273d13fec14b9e05,8c9fbcc55de0ae7081f8010512be9695188cb6a9e3158588dbc04aa3c9126e9d,False,Global-sign and absolute-sign metrics are secondary diagnostics: structure selection does not optimize global-sign performance; training still uses the unchanged total loss.,positive means g05_full_reconstruction is better
8567ef203a5ee597693e62a0d260fe98a784dc1fcc7e208a2e46a44a434c391d,structure,validation_loss.structure,g05_sign_only,g05_full_reconstruction,0.5,16,charge_magnitude_mae,42,primary,0.1591237678527832,0.15650936889648437,-0.0026143989562988357,0.0026143989562988357,27,42,0.6065466957092285,0.6017102870941162,3e78c74bbf357cc2747350a693d1f97e968fd1c465106c00273d13fec14b9e05,8c9fbcc55de0ae7081f8010512be9695188cb6a9e3158588dbc04aa3c9126e9d,False,Global-sign and absolute-sign metrics are secondary diagnostics: structure selection does not optimize global-sign performance; training still uses the unchanged total loss.,positive means g05_full_reconstruction is better
8567ef203a5ee597693e62a0d260fe98a784dc1fcc7e208a2e46a44a434c391d,structure,validation_loss.structure,g05_sign_only,g05_full_reconstruction,0.5,16,relative_sign_accuracy,42,primary,0.9623999938964843,0.9584000091552735,-0.003999984741210882,-0.003999984741210882,27,42,0.6065466957092285,0.6017102870941162,3e78c74bbf357cc2747350a693d1f97e968fd1c465106c00273d13fec14b9e05,8c9fbcc55de0ae7081f8010512be9695188cb6a9e3158588dbc04aa3c9126e9d,False,Global-sign and absolute-sign metrics are secondary diagnostics: structure selection does not optimize global-sign performance; training still uses the unchanged total loss.,positive means g05_full_reconstruction is better
8567ef203a5ee597693e62a0d260fe98a784dc1fcc7e208a2e46a44a434c391d,structure,validation_loss.structure,g05_sign_only,g05_full_reconstruction,0.5,16,relative_configuration_accuracy,42,primary,0.914,0.907,-0.007000000000000006,-0.007000000000000006,27,42,0.6065466957092285,0.6017102870941162,3e78c74bbf357cc2747350a693d1f97e968fd1c465106c00273d13fec14b9e05,8c9fbcc55de0ae7081f8010512be9695188cb6a9e3158588dbc04aa3c9126e9d,False,Global-sign and absolute-sign metrics are secondary diagnostics: structure selection does not optimize global-sign performance; training still uses the unchanged total loss.,positive means g05_full_reconstruction is better
8567ef203a5ee597693e62a0d260fe98a784dc1fcc7e208a2e46a44a434c391d,structure,validation_loss.structure,g05_sign_only,g05_full_reconstruction,0.5,16,pairwise_relative_sign_accuracy,42,primary,0.9500000228881836,0.9463999938964843,-0.003600028991699311,-0.003600028991699311,27,42,0.6065466957092285,0.6017102870941162,3e78c74bbf357cc2747350a693d1f97e968fd1c465106c00273d13fec14b9e05,8c9fbcc55de0ae7081f8010512be9695188cb6a9e3158588dbc04aa3c9126e9d,False,Global-sign and absolute-sign metrics are secondary diagnostics: structure selection does not optimize global-sign performance; training still uses the unchanged total loss.,positive means g05_full_reconstruction is better
8567ef203a5ee597693e62a0d260fe98a784dc1fcc7e208a2e46a44a434c391d,structure,validation_loss.structure,g05_sign_only,g05_full_reconstruction,0.5,16,global_sign_accuracy,42,secondary,0.869,0.866,-0.0030000000000000027,-0.0030000000000000027,27,42,0.6065466957092285,0.6017102870941162,3e78c74bbf357cc2747350a693d1f97e968fd1c465106c00273d13fec14b9e05,8c9fbcc55de0ae7081f8010512be9695188cb6a9e3158588dbc04aa3c9126e9d,False,Global-sign and absolute-sign metrics are secondary diagnostics: structure selection does not optimize global-sign performance; training still uses the unchanged total loss.,positive means g05_full_reconstruction is better
8567ef203a5ee597693e62a0d260fe98a784dc1fcc7e208a2e46a44a434c391d,structure,validation_loss.structure,g05_sign_only,g05_full_reconstruction,0.5,16,global_sign_bce,42,secondary,0.3447511940002441,0.33865685272216794,-0.006094341278076176,0.006094341278076176,27,42,0.6065466957092285,0.6017102870941162,3e78c74bbf357cc2747350a693d1f97e968fd1c465106c00273d13fec14b9e05,8c9fbcc55de0ae7081f8010512be9695188cb6a9e3158588dbc04aa3c9126e9d,False,Global-sign and absolute-sign metrics are secondary diagnostics: structure selection does not optimize global-sign performance; training still uses the unchanged total loss.,positive means g05_full_reconstruction is better
8567ef203a5ee597693e62a0d260fe98a784dc1fcc7e208a2e46a44a434c391d,structure,validation_loss.structure,g05_sign_only,g05_full_reconstruction,0.5,16,absolute_sign_accuracy,42,secondary,0.8898000106811523,0.8755999832153321,-0.014200027465820275,-0.014200027465820275,27,42,0.6065466957092285,0.6017102870941162,3e78c74bbf357cc2747350a693d1f97e968fd1c465106c00273d13fec14b9e05,8c9fbcc55de0ae7081f8010512be9695188cb6a9e3158588dbc04aa3c9126e9d,False,Global-sign and absolute-sign metrics are secondary diagnostics: structure selection does not optimize global-sign performance; training still uses the unchanged total loss.,positive means g05_full_reconstruction is better
8567ef203a5ee597693e62a0d260fe98a784dc1fcc7e208a2e46a44a434c391d,structure,validation_loss.structure,g05_sign_only,g05_full_reconstruction,0.5,16,absolute_sign_set_accuracy,42,secondary,0.85,0.831,-0.019000000000000017,-0.019000000000000017,27,42,0.6065466957092285,0.6017102870941162,3e78c74bbf357cc2747350a693d1f97e968fd1c465106c00273d13fec14b9e05,8c9fbcc55de0ae7081f8010512be9695188cb6a9e3158588dbc04aa3c9126e9d,False,Global-sign and absolute-sign metrics are secondary diagnostics: structure selection does not optimize global-sign performance; training still uses the unchanged total loss.,positive means g05_full_reconstruction is better
8567ef203a5ee597693e62a0d260fe98a784dc1fcc7e208a2e46a44a434c391d,structure,validation_loss.structure,g05_sign_only,g05_full_reconstruction,0.5,16,charge_mae,42,secondary,0.2791120319366455,0.29265279960632323,0.013540767669677711,-0.013540767669677711,27,42,0.6065466957092285,0.6017102870941162,3e78c74bbf357cc2747350a693d1f97e968fd1c465106c00273d13fec14b9e05,8c9fbcc55de0ae7081f8010512be9695188cb6a9e3158588dbc04aa3c9126e9d,False,Global-sign and absolute-sign metrics are secondary diagnostics: structure selection does not optimize global-sign performance; training still uses the unchanged total loss.,positive means g05_full_reconstruction is better
8567ef203a5ee597693e62a0d260fe98a784dc1fcc7e208a2e46a44a434c391d,structure,validation_loss.structure,g05_sign_only,g05_full_reconstruction,0.5,16,global_invariant_charge_mae,42,secondary,0.1953316078186035,0.1964940013885498,0.0011623935699462962,-0.0011623935699462962,27,42,0.6065466957092285,0.6017102870941162,3e78c74bbf357cc2747350a693d1f97e968fd1c465106c00273d13fec14b9e05,8c9fbcc55de0ae7081f8010512be9695188cb6a9e3158588dbc04aa3c9126e9d,False,Global-sign and absolute-sign metrics are secondary diagnostics: structure selection does not optimize global-sign performance; training still uses the unchanged total loss.,positive means g05_full_reconstruction is better
8567ef203a5ee597693e62a0d260fe98a784dc1fcc7e208a2e46a44a434c391d,structure,validation_loss.structure,g05_sign_only,g05_full_reconstruction,0.75,24,position_mae_x,42,primary,0.45867706298828126,0.45291552352905273,-0.005761539459228526,0.005761539459228526,27,33,0.6065466957092285,0.6103228888511658,4f060fadcb77f9a40051e31b88cf8258b61047886fa1fb1e205e82b4f667fe36,ea2fff605788084e9859193267b5b2c4728e5329e9629324e7065aef91b3d6bb,False,Global-sign and absolute-sign metrics are secondary diagnostics: structure selection does not optimize global-sign performance; training still uses the unchanged total loss.,positive means g05_full_reconstruction is better
8567ef203a5ee597693e62a0d260fe98a784dc1fcc7e208a2e46a44a434c391d,structure,validation_loss.structure,g05_sign_only,g05_full_reconstruction,0.75,24,position_mae_y,42,primary,0.4339174041748047,0.4344385719299316,0.00052116775512695,-0.00052116775512695,27,33,0.6065466957092285,0.6103228888511658,4f060fadcb77f9a40051e31b88cf8258b61047886fa1fb1e205e82b4f667fe36,ea2fff605788084e9859193267b5b2c4728e5329e9629324e7065aef91b3d6bb,False,Global-sign and absolute-sign metrics are secondary diagnostics: structure selection does not optimize global-sign performance; training still uses the unchanged total loss.,positive means g05_full_reconstruction is better
8567ef203a5ee597693e62a0d260fe98a784dc1fcc7e208a2e46a44a434c391d,structure,validation_loss.structure,g05_sign_only,g05_full_reconstruction,0.75,24,position_mae_z,42,primary,0.2313655548095703,0.23053388023376464,-0.0008316745758056576,0.0008316745758056576,27,33,0.6065466957092285,0.6103228888511658,4f060fadcb77f9a40051e31b88cf8258b61047886fa1fb1e205e82b4f667fe36,ea2fff605788084e9859193267b5b2c4728e5329e9629324e7065aef91b3d6bb,False,Global-sign and absolute-sign metrics are secondary diagnostics: structure selection does not optimize global-sign performance; training still uses the unchanged total loss.,positive means g05_full_reconstruction is better
8567ef203a5ee597693e62a0d260fe98a784dc1fcc7e208a2e46a44a434c391d,structure,validation_loss.structure,g05_sign_only,g05_full_reconstruction,0.75,24,mean_position_mae,42,primary,0.3746533432006836,0.3726293296813965,-0.0020240135192871045,0.0020240135192871045,27,33,0.6065466957092285,0.6103228888511658,4f060fadcb77f9a40051e31b88cf8258b61047886fa1fb1e205e82b4f667fe36,ea2fff605788084e9859193267b5b2c4728e5329e9629324e7065aef91b3d6bb,False,Global-sign and absolute-sign metrics are secondary diagnostics: structure selection does not optimize global-sign performance; training still uses the unchanged total loss.,positive means g05_full_reconstruction is better
8567ef203a5ee597693e62a0d260fe98a784dc1fcc7e208a2e46a44a434c391d,structure,validation_loss.structure,g05_sign_only,g05_full_reconstruction,0.75,24,mean_position_3d_error,42,primary,0.76283984375,0.7578502273559571,-0.0049896163940429394,0.0049896163940429394,27,33,0.6065466957092285,0.6103228888511658,4f060fadcb77f9a40051e31b88cf8258b61047886fa1fb1e205e82b4f667fe36,ea2fff605788084e9859193267b5b2c4728e5329e9629324e7065aef91b3d6bb,False,Global-sign and absolute-sign metrics are secondary diagnostics: structure selection does not optimize global-sign performance; training still uses the unchanged total loss.,positive means g05_full_reconstruction is better
8567ef203a5ee597693e62a0d260fe98a784dc1fcc7e208a2e46a44a434c391d,structure,validation_loss.structure,g05_sign_only,g05_full_reconstruction,0.75,24,charge_magnitude_mae,42,primary,0.1591237678527832,0.15652999687194824,-0.002593770980834964,0.002593770980834964,27,33,0.6065466957092285,0.6103228888511658,4f060fadcb77f9a40051e31b88cf8258b61047886fa1fb1e205e82b4f667fe36,ea2fff605788084e9859193267b5b2c4728e5329e9629324e7065aef91b3d6bb,False,Global-sign and absolute-sign metrics are secondary diagnostics: structure selection does not optimize global-sign performance; training still uses the unchanged total loss.,positive means g05_full_reconstruction is better
8567ef203a5ee597693e62a0d260fe98a784dc1fcc7e208a2e46a44a434c391d,structure,validation_loss.structure,g05_sign_only,g05_full_reconstruction,0.75,24,relative_sign_accuracy,42,primary,0.9623999938964843,0.9575999984741211,-0.004799995422363201,-0.004799995422363201,27,33,0.6065466957092285,0.6103228888511658,4f060fadcb77f9a40051e31b88cf8258b61047886fa1fb1e205e82b4f667fe36,ea2fff605788084e9859193267b5b2c4728e5329e9629324e7065aef91b3d6bb,False,Global-sign and absolute-sign metrics are secondary diagnostics: structure selection does not optimize global-sign performance; training still uses the unchanged total loss.,positive means g05_full_reconstruction is better
8567ef203a5ee597693e62a0d260fe98a784dc1fcc7e208a2e46a44a434c391d,structure,validation_loss.structure,g05_sign_only,g05_full_reconstruction,0.75,24,relative_configuration_accuracy,42,primary,0.914,0.908,-0.006000000000000005,-0.006000000000000005,27,33,0.6065466957092285,0.6103228888511658,4f060fadcb77f9a40051e31b88cf8258b61047886fa1fb1e205e82b4f667fe36,ea2fff605788084e9859193267b5b2c4728e5329e9629324e7065aef91b3d6bb,False,Global-sign and absolute-sign metrics are secondary diagnostics: structure selection does not optimize global-sign performance; training still uses the unchanged total loss.,positive means g05_full_reconstruction is better
8567ef203a5ee597693e62a0d260fe98a784dc1fcc7e208a2e46a44a434c391d,structure,validation_loss.structure,g05_sign_only,g05_full_reconstruction,0.75,24,pairwise_relative_sign_accuracy,42,primary,0.9500000228881836,0.9475999984741211,-0.002400024414062507,-0.002400024414062507,27,33,0.6065466957092285,0.6103228888511658,4f060fadcb77f9a40051e31b88cf8258b61047886fa1fb1e205e82b4f667fe36,ea2fff605788084e9859193267b5b2c4728e5329e9629324e7065aef91b3d6bb,False,Global-sign and absolute-sign metrics are secondary diagnostics: structure selection does not optimize global-sign performance; training still uses the unchanged total loss.,positive means g05_full_reconstruction is better
8567ef203a5ee597693e62a0d260fe98a784dc1fcc7e208a2e46a44a434c391d,structure,validation_loss.structure,g05_sign_only,g05_full_reconstruction,0.75,24,global_sign_accuracy,42,secondary,0.868,0.865,-0.0030000000000000027,-0.0030000000000000027,27,33,0.6065466957092285,0.6103228888511658,4f060fadcb77f9a40051e31b88cf8258b61047886fa1fb1e205e82b4f667fe36,ea2fff605788084e9859193267b5b2c4728e5329e9629324e7065aef91b3d6bb,False,Global-sign and absolute-sign metrics are secondary diagnostics: structure selection does not optimize global-sign performance; training still uses the unchanged total loss.,positive means g05_full_reconstruction is better
8567ef203a5ee597693e62a0d260fe98a784dc1fcc7e208a2e46a44a434c391d,structure,validation_loss.structure,g05_sign_only,g05_full_reconstruction,0.75,24,global_sign_bce,42,secondary,0.3430964088439941,0.3387003364562988,-0.004396072387695293,0.004396072387695293,27,33,0.6065466957092285,0.6103228888511658,4f060fadcb77f9a40051e31b88cf8258b61047886fa1fb1e205e82b4f667fe36,ea2fff605788084e9859193267b5b2c4728e5329e9629324e7065aef91b3d6bb,False,Global-sign and absolute-sign metrics are secondary diagnostics: structure selection does not optimize global-sign performance; training still uses the unchanged total loss.,positive means g05_full_reconstruction is better
8567ef203a5ee597693e62a0d260fe98a784dc1fcc7e208a2e46a44a434c391d,structure,validation_loss.structure,g05_sign_only,g05_full_reconstruction,0.75,24,absolute_sign_accuracy,42,secondary,0.888,0.8794000015258789,-0.008599998474121073,-0.008599998474121073,27,33,0.6065466957092285,0.6103228888511658,4f060fadcb77f9a40051e31b88cf8258b61047886fa1fb1e205e82b4f667fe36,ea2fff605788084e9859193267b5b2c4728e5329e9629324e7065aef91b3d6bb,False,Global-sign and absolute-sign metrics are secondary diagnostics: structure selection does not optimize global-sign performance; training still uses the unchanged total loss.,positive means g05_full_reconstruction is better
8567ef203a5ee597693e62a0d260fe98a784dc1fcc7e208a2e46a44a434c391d,structure,validation_loss.structure,g05_sign_only,g05_full_reconstruction,0.75,24,absolute_sign_set_accuracy,42,secondary,0.848,0.837,-0.01100000000000001,-0.01100000000000001,27,33,0.6065466957092285,0.6103228888511658,4f060fadcb77f9a40051e31b88cf8258b61047886fa1fb1e205e82b4f667fe36,ea2fff605788084e9859193267b5b2c4728e5329e9629324e7065aef91b3d6bb,False,Global-sign and absolute-sign metrics are secondary diagnostics: structure selection does not optimize global-sign performance; training still uses the unchanged total loss.,positive means g05_full_reconstruction is better
8567ef203a5ee597693e62a0d260fe98a784dc1fcc7e208a2e46a44a434c391d,structure,validation_loss.structure,g05_sign_only,g05_full_reconstruction,0.75,24,charge_mae,42,secondary,0.2812375640869141,0.2899287147521973,0.008691150665283198,-0.008691150665283198,27,33,0.6065466957092285,0.6103228888511658,4f060fadcb77f9a40051e31b88cf8258b61047886fa1fb1e205e82b4f667fe36,ea2fff605788084e9859193267b5b2c4728e5329e9629324e7065aef91b3d6bb,False,Global-sign and absolute-sign metrics are secondary diagnostics: structure selection does not optimize global-sign performance; training still uses the unchanged total loss.,positive means g05_full_reconstruction is better
8567ef203a5ee597693e62a0d260fe98a784dc1fcc7e208a2e46a44a434c391d,structure,validation_loss.structure,g05_sign_only,g05_full_reconstruction,0.75,24,global_invariant_charge_mae,42,secondary,0.1953316078186035,0.19389896774291993,-0.0014326400756835833,0.0014326400756835833,27,33,0.6065466957092285,0.6103228888511658,4f060fadcb77f9a40051e31b88cf8258b61047886fa1fb1e205e82b4f667fe36,ea2fff605788084e9859193267b5b2c4728e5329e9629324e7065aef91b3d6bb,False,Global-sign and absolute-sign metrics are secondary diagnostics: structure selection does not optimize global-sign performance; training still uses the unchanged total loss.,positive means g05_full_reconstruction is better
8567ef203a5ee597693e62a0d260fe98a784dc1fcc7e208a2e46a44a434c391d,structure,validation_loss.structure,g05_sign_only,g05_full_reconstruction,1.0,32,position_mae_x,42,primary,0.45867706298828126,0.46033802032470705,0.0016609573364257946,-0.0016609573364257946,27,40,0.6065466957092285,0.6107982482910156,adefc6a18cb3edf77175365ae5c38befb9c9c80ae6b3cfcf193c15b13940532f,e2a69d92338556b4c78aab8bbe7b99af010d47019de1b4566515d5bdd97cac02,False,Global-sign and absolute-sign metrics are secondary diagnostics: structure selection does not optimize global-sign performance; training still uses the unchanged total loss.,positive means g05_full_reconstruction is better
8567ef203a5ee597693e62a0d260fe98a784dc1fcc7e208a2e46a44a434c391d,structure,validation_loss.structure,g05_sign_only,g05_full_reconstruction,1.0,32,position_mae_y,42,primary,0.4339174041748047,0.4157281265258789,-0.01818927764892575,0.01818927764892575,27,40,0.6065466957092285,0.6107982482910156,adefc6a18cb3edf77175365ae5c38befb9c9c80ae6b3cfcf193c15b13940532f,e2a69d92338556b4c78aab8bbe7b99af010d47019de1b4566515d5bdd97cac02,False,Global-sign and absolute-sign metrics are secondary diagnostics: structure selection does not optimize global-sign performance; training still uses the unchanged total loss.,positive means g05_full_reconstruction is better
8567ef203a5ee597693e62a0d260fe98a784dc1fcc7e208a2e46a44a434c391d,structure,validation_loss.structure,g05_sign_only,g05_full_reconstruction,1.0,32,position_mae_z,42,primary,0.2313655548095703,0.2195853385925293,-0.011780216217041006,0.011780216217041006,27,40,0.6065466957092285,0.6107982482910156,adefc6a18cb3edf77175365ae5c38befb9c9c80ae6b3cfcf193c15b13940532f,e2a69d92338556b4c78aab8bbe7b99af010d47019de1b4566515d5bdd97cac02,False,Global-sign and absolute-sign metrics are secondary diagnostics: structure selection does not optimize global-sign performance; training still uses the unchanged total loss.,positive means g05_full_reconstruction is better
8567ef203a5ee597693e62a0d260fe98a784dc1fcc7e208a2e46a44a434c391d,structure,validation_loss.structure,g05_sign_only,g05_full_reconstruction,1.0,32,mean_position_mae,42,primary,0.3746533432006836,0.36521717071533205,-0.009436172485351557,0.009436172485351557,27,40,0.6065466957092285,0.6107982482910156,adefc6a18cb3edf77175365ae5c38befb9c9c80ae6b3cfcf193c15b13940532f,e2a69d92338556b4c78aab8bbe7b99af010d47019de1b4566515d5bdd97cac02,False,Global-sign and absolute-sign metrics are secondary diagnostics: structure selection does not optimize global-sign performance; training still uses the unchanged total loss.,positive means g05_full_reconstruction is better
8567ef203a5ee597693e62a0d260fe98a784dc1fcc7e208a2e46a44a434c391d,structure,validation_loss.structure,g05_sign_only,g05_full_reconstruction,1.0,32,mean_position_3d_error,42,primary,0.76283984375,0.7472522811889648,-0.015587562561035218,0.015587562561035218,27,40,0.6065466957092285,0.6107982482910156,adefc6a18cb3edf77175365ae5c38befb9c9c80ae6b3cfcf193c15b13940532f,e2a69d92338556b4c78aab8bbe7b99af010d47019de1b4566515d5bdd97cac02,False,Global-sign and absolute-sign metrics are secondary diagnostics: structure selection does not optimize global-sign performance; training still uses the unchanged total loss.,positive means g05_full_reconstruction is better
8567ef203a5ee597693e62a0d260fe98a784dc1fcc7e208a2e46a44a434c391d,structure,validation_loss.structure,g05_sign_only,g05_full_reconstruction,1.0,32,charge_magnitude_mae,42,primary,0.1591237678527832,0.15538612174987793,-0.0037376461029052788,0.0037376461029052788,27,40,0.6065466957092285,0.6107982482910156,adefc6a18cb3edf77175365ae5c38befb9c9c80ae6b3cfcf193c15b13940532f,e2a69d92338556b4c78aab8bbe7b99af010d47019de1b4566515d5bdd97cac02,False,Global-sign and absolute-sign metrics are secondary diagnostics: structure selection does not optimize global-sign performance; training still uses the unchanged total loss.,positive means g05_full_reconstruction is better
8567ef203a5ee597693e62a0d260fe98a784dc1fcc7e208a2e46a44a434c391d,structure,validation_loss.structure,g05_sign_only,g05_full_reconstruction,1.0,32,relative_sign_accuracy,42,primary,0.9623999938964843,0.9548000030517578,-0.007599990844726512,-0.007599990844726512,27,40,0.6065466957092285,0.6107982482910156,adefc6a18cb3edf77175365ae5c38befb9c9c80ae6b3cfcf193c15b13940532f,e2a69d92338556b4c78aab8bbe7b99af010d47019de1b4566515d5bdd97cac02,False,Global-sign and absolute-sign metrics are secondary diagnostics: structure selection does not optimize global-sign performance; training still uses the unchanged total loss.,positive means g05_full_reconstruction is better
8567ef203a5ee597693e62a0d260fe98a784dc1fcc7e208a2e46a44a434c391d,structure,validation_loss.structure,g05_sign_only,g05_full_reconstruction,1.0,32,relative_configuration_accuracy,42,primary,0.914,0.902,-0.01200000000000001,-0.01200000000000001,27,40,0.6065466957092285,0.6107982482910156,adefc6a18cb3edf77175365ae5c38befb9c9c80ae6b3cfcf193c15b13940532f,e2a69d92338556b4c78aab8bbe7b99af010d47019de1b4566515d5bdd97cac02,False,Global-sign and absolute-sign metrics are secondary diagnostics: structure selection does not optimize global-sign performance; training still uses the unchanged total loss.,positive means g05_full_reconstruction is better
8567ef203a5ee597693e62a0d260fe98a784dc1fcc7e208a2e46a44a434c391d,structure,validation_loss.structure,g05_sign_only,g05_full_reconstruction,1.0,32,pairwise_relative_sign_accuracy,42,primary,0.9500000228881836,0.9441999893188476,-0.005800033569336005,-0.005800033569336005,27,40,0.6065466957092285,0.6107982482910156,adefc6a18cb3edf77175365ae5c38befb9c9c80ae6b3cfcf193c15b13940532f,e2a69d92338556b4c78aab8bbe7b99af010d47019de1b4566515d5bdd97cac02,False,Global-sign and absolute-sign metrics are secondary diagnostics: structure selection does not optimize global-sign performance; training still uses the unchanged total loss.,positive means g05_full_reconstruction is better
8567ef203a5ee597693e62a0d260fe98a784dc1fcc7e208a2e46a44a434c391d,structure,validation_loss.structure,g05_sign_only,g05_full_reconstruction,1.0,32,global_sign_accuracy,42,secondary,0.873,0.843,-0.030000000000000027,-0.030000000000000027,27,40,0.6065466957092285,0.6107982482910156,adefc6a18cb3edf77175365ae5c38befb9c9c80ae6b3cfcf193c15b13940532f,e2a69d92338556b4c78aab8bbe7b99af010d47019de1b4566515d5bdd97cac02,False,Global-sign and absolute-sign metrics are secondary diagnostics: structure selection does not optimize global-sign performance; training still uses the unchanged total loss.,positive means g05_full_reconstruction is better
8567ef203a5ee597693e62a0d260fe98a784dc1fcc7e208a2e46a44a434c391d,structure,validation_loss.structure,g05_sign_only,g05_full_reconstruction,1.0,32,global_sign_bce,42,secondary,0.335615909576416,0.38615690994262697,0.05054100036621095,-0.05054100036621095,27,40,0.6065466957092285,0.6107982482910156,adefc6a18cb3edf77175365ae5c38befb9c9c80ae6b3cfcf193c15b13940532f,e2a69d92338556b4c78aab8bbe7b99af010d47019de1b4566515d5bdd97cac02,False,Global-sign and absolute-sign metrics are secondary diagnostics: structure selection does not optimize global-sign performance; training still uses the unchanged total loss.,positive means g05_full_reconstruction is better
8567ef203a5ee597693e62a0d260fe98a784dc1fcc7e208a2e46a44a434c391d,structure,validation_loss.structure,g05_sign_only,g05_full_reconstruction,1.0,32,absolute_sign_accuracy,42,secondary,0.891400001525879,0.865,-0.026400001525878958,-0.026400001525878958,27,40,0.6065466957092285,0.6107982482910156,adefc6a18cb3edf77175365ae5c38befb9c9c80ae6b3cfcf193c15b13940532f,e2a69d92338556b4c78aab8bbe7b99af010d47019de1b4566515d5bdd97cac02,False,Global-sign and absolute-sign metrics are secondary diagnostics: structure selection does not optimize global-sign performance; training still uses the unchanged total loss.,positive means g05_full_reconstruction is better
8567ef203a5ee597693e62a0d260fe98a784dc1fcc7e208a2e46a44a434c391d,structure,validation_loss.structure,g05_sign_only,g05_full_reconstruction,1.0,32,absolute_sign_set_accuracy,42,secondary,0.85,0.82,-0.030000000000000027,-0.030000000000000027,27,40,0.6065466957092285,0.6107982482910156,adefc6a18cb3edf77175365ae5c38befb9c9c80ae6b3cfcf193c15b13940532f,e2a69d92338556b4c78aab8bbe7b99af010d47019de1b4566515d5bdd97cac02,False,Global-sign and absolute-sign metrics are secondary diagnostics: structure selection does not optimize global-sign performance; training still uses the unchanged total loss.,positive means g05_full_reconstruction is better
8567ef203a5ee597693e62a0d260fe98a784dc1fcc7e208a2e46a44a434c391d,structure,validation_loss.structure,g05_sign_only,g05_full_reconstruction,1.0,32,charge_mae,42,secondary,0.277833194732666,0.3060613555908203,0.028228160858154328,-0.028228160858154328,27,40,0.6065466957092285,0.6107982482910156,adefc6a18cb3edf77175365ae5c38befb9c9c80ae6b3cfcf193c15b13940532f,e2a69d92338556b4c78aab8bbe7b99af010d47019de1b4566515d5bdd97cac02,False,Global-sign and absolute-sign metrics are secondary diagnostics: structure selection does not optimize global-sign performance; training still uses the unchanged total loss.,positive means g05_full_reconstruction is better
8567ef203a5ee597693e62a0d260fe98a784dc1fcc7e208a2e46a44a434c391d,structure,validation_loss.structure,g05_sign_only,g05_full_reconstruction,1.0,32,global_invariant_charge_mae,42,secondary,0.1953316078186035,0.1958992214202881,0.0005676136016845856,-0.0005676136016845856,27,40,0.6065466957092285,0.6107982482910156,adefc6a18cb3edf77175365ae5c38befb9c9c80ae6b3cfcf193c15b13940532f,e2a69d92338556b4c78aab8bbe7b99af010d47019de1b4566515d5bdd97cac02,False,Global-sign and absolute-sign metrics are secondary diagnostics: structure selection does not optimize global-sign performance; training still uses the unchanged total loss.,positive means g05_full_reconstruction is better
8567ef203a5ee597693e62a0d260fe98a784dc1fcc7e208a2e46a44a434c391d,total,validation_loss.total,g05_sign_only,g05_full_reconstruction,0.0,0,position_mae_x,42,primary,0.45867706298828126,0.45867706298828126,0.0,-0.0,27,27,0.6065466957092285,0.6065466957092285,7381148c39dbbf857f4e722308fcc5bd0ec89a844f9c7daffd02d76e70ad9c65,7d8ae61c4605d129aec4de9ae4143abb94bfa53a8217ce7d407e0dce4db76b41,False,Total selection includes global-sign loss only with observed G05 and nonzero global-sign weight.,positive means g05_full_reconstruction is better
8567ef203a5ee597693e62a0d260fe98a784dc1fcc7e208a2e46a44a434c391d,total,validation_loss.total,g05_sign_only,g05_full_reconstruction,0.0,0,position_mae_y,42,primary,0.4339174041748047,0.4339174041748047,0.0,-0.0,27,27,0.6065466957092285,0.6065466957092285,7381148c39dbbf857f4e722308fcc5bd0ec89a844f9c7daffd02d76e70ad9c65,7d8ae61c4605d129aec4de9ae4143abb94bfa53a8217ce7d407e0dce4db76b41,False,Total selection includes global-sign loss only with observed G05 and nonzero global-sign weight.,positive means g05_full_reconstruction is better
8567ef203a5ee597693e62a0d260fe98a784dc1fcc7e208a2e46a44a434c391d,total,validation_loss.total,g05_sign_only,g05_full_reconstruction,0.0,0,position_mae_z,42,primary,0.2313655548095703,0.2313655548095703,0.0,-0.0,27,27,0.6065466957092285,0.6065466957092285,7381148c39dbbf857f4e722308fcc5bd0ec89a844f9c7daffd02d76e70ad9c65,7d8ae61c4605d129aec4de9ae4143abb94bfa53a8217ce7d407e0dce4db76b41,False,Total selection includes global-sign loss only with observed G05 and nonzero global-sign weight.,positive means g05_full_reconstruction is better
8567ef203a5ee597693e62a0d260fe98a784dc1fcc7e208a2e46a44a434c391d,total,validation_loss.total,g05_sign_only,g05_full_reconstruction,0.0,0,mean_position_mae,42,primary,0.3746533432006836,0.3746533432006836,0.0,-0.0,27,27,0.6065466957092285,0.6065466957092285,7381148c39dbbf857f4e722308fcc5bd0ec89a844f9c7daffd02d76e70ad9c65,7d8ae61c4605d129aec4de9ae4143abb94bfa53a8217ce7d407e0dce4db76b41,False,Total selection includes global-sign loss only with observed G05 and nonzero global-sign weight.,positive means g05_full_reconstruction is better
8567ef203a5ee597693e62a0d260fe98a784dc1fcc7e208a2e46a44a434c391d,total,validation_loss.total,g05_sign_only,g05_full_reconstruction,0.0,0,mean_position_3d_error,42,primary,0.76283984375,0.76283984375,0.0,-0.0,27,27,0.6065466957092285,0.6065466957092285,7381148c39dbbf857f4e722308fcc5bd0ec89a844f9c7daffd02d76e70ad9c65,7d8ae61c4605d129aec4de9ae4143abb94bfa53a8217ce7d407e0dce4db76b41,False,Total selection includes global-sign loss only with observed G05 and nonzero global-sign weight.,positive means g05_full_reconstruction is better
8567ef203a5ee597693e62a0d260fe98a784dc1fcc7e208a2e46a44a434c391d,total,validation_loss.total,g05_sign_only,g05_full_reconstruction,0.0,0,charge_magnitude_mae,42,primary,0.1591237678527832,0.1591237678527832,0.0,-0.0,27,27,0.6065466957092285,0.6065466957092285,7381148c39dbbf857f4e722308fcc5bd0ec89a844f9c7daffd02d76e70ad9c65,7d8ae61c4605d129aec4de9ae4143abb94bfa53a8217ce7d407e0dce4db76b41,False,Total selection includes global-sign loss only with observed G05 and nonzero global-sign weight.,positive means g05_full_reconstruction is better
8567ef203a5ee597693e62a0d260fe98a784dc1fcc7e208a2e46a44a434c391d,total,validation_loss.total,g05_sign_only,g05_full_reconstruction,0.0,0,relative_sign_accuracy,42,primary,0.9623999938964843,0.9623999938964843,0.0,0.0,27,27,0.6065466957092285,0.6065466957092285,7381148c39dbbf857f4e722308fcc5bd0ec89a844f9c7daffd02d76e70ad9c65,7d8ae61c4605d129aec4de9ae4143abb94bfa53a8217ce7d407e0dce4db76b41,False,Total selection includes global-sign loss only with observed G05 and nonzero global-sign weight.,positive means g05_full_reconstruction is better
8567ef203a5ee597693e62a0d260fe98a784dc1fcc7e208a2e46a44a434c391d,total,validation_loss.total,g05_sign_only,g05_full_reconstruction,0.0,0,relative_configuration_accuracy,42,primary,0.914,0.914,0.0,0.0,27,27,0.6065466957092285,0.6065466957092285,7381148c39dbbf857f4e722308fcc5bd0ec89a844f9c7daffd02d76e70ad9c65,7d8ae61c4605d129aec4de9ae4143abb94bfa53a8217ce7d407e0dce4db76b41,False,Total selection includes global-sign loss only with observed G05 and nonzero global-sign weight.,positive means g05_full_reconstruction is better
8567ef203a5ee597693e62a0d260fe98a784dc1fcc7e208a2e46a44a434c391d,total,validation_loss.total,g05_sign_only,g05_full_reconstruction,0.0,0,pairwise_relative_sign_accuracy,42,primary,0.9500000228881836,0.9500000228881836,0.0,0.0,27,27,0.6065466957092285,0.6065466957092285,7381148c39dbbf857f4e722308fcc5bd0ec89a844f9c7daffd02d76e70ad9c65,7d8ae61c4605d129aec4de9ae4143abb94bfa53a8217ce7d407e0dce4db76b41,False,Total selection includes global-sign loss only with observed G05 and nonzero global-sign weight.,positive means g05_full_reconstruction is better
8567ef203a5ee597693e62a0d260fe98a784dc1fcc7e208a2e46a44a434c391d,total,validation_loss.total,g05_sign_only,g05_full_reconstruction,0.0,0,global_sign_accuracy,42,primary,,,,,27,27,0.6065466957092285,0.6065466957092285,7381148c39dbbf857f4e722308fcc5bd0ec89a844f9c7daffd02d76e70ad9c65,7d8ae61c4605d129aec4de9ae4143abb94bfa53a8217ce7d407e0dce4db76b41,False,Total selection includes global-sign loss only with observed G05 and nonzero global-sign weight.,positive means g05_full_reconstruction is better
8567ef203a5ee597693e62a0d260fe98a784dc1fcc7e208a2e46a44a434c391d,total,validation_loss.total,g05_sign_only,g05_full_reconstruction,0.0,0,global_sign_bce,42,primary,,,,,27,27,0.6065466957092285,0.6065466957092285,7381148c39dbbf857f4e722308fcc5bd0ec89a844f9c7daffd02d76e70ad9c65,7d8ae61c4605d129aec4de9ae4143abb94bfa53a8217ce7d407e0dce4db76b41,False,Total selection includes global-sign loss only with observed G05 and nonzero global-sign weight.,positive means g05_full_reconstruction is better
8567ef203a5ee597693e62a0d260fe98a784dc1fcc7e208a2e46a44a434c391d,total,validation_loss.total,g05_sign_only,g05_full_reconstruction,0.0,0,absolute_sign_accuracy,42,primary,,,,,27,27,0.6065466957092285,0.6065466957092285,7381148c39dbbf857f4e722308fcc5bd0ec89a844f9c7daffd02d76e70ad9c65,7d8ae61c4605d129aec4de9ae4143abb94bfa53a8217ce7d407e0dce4db76b41,False,Total selection includes global-sign loss only with observed G05 and nonzero global-sign weight.,positive means g05_full_reconstruction is better
8567ef203a5ee597693e62a0d260fe98a784dc1fcc7e208a2e46a44a434c391d,total,validation_loss.total,g05_sign_only,g05_full_reconstruction,0.0,0,absolute_sign_set_accuracy,42,primary,,,,,27,27,0.6065466957092285,0.6065466957092285,7381148c39dbbf857f4e722308fcc5bd0ec89a844f9c7daffd02d76e70ad9c65,7d8ae61c4605d129aec4de9ae4143abb94bfa53a8217ce7d407e0dce4db76b41,False,Total selection includes global-sign loss only with observed G05 and nonzero global-sign weight.,positive means g05_full_reconstruction is better
8567ef203a5ee597693e62a0d260fe98a784dc1fcc7e208a2e46a44a434c391d,total,validation_loss.total,g05_sign_only,g05_full_reconstruction,0.0,0,charge_mae,42,primary,0.1953316078186035,0.1953316078186035,0.0,-0.0,27,27,0.6065466957092285,0.6065466957092285,7381148c39dbbf857f4e722308fcc5bd0ec89a844f9c7daffd02d76e70ad9c65,7d8ae61c4605d129aec4de9ae4143abb94bfa53a8217ce7d407e0dce4db76b41,False,Total selection includes global-sign loss only with observed G05 and nonzero global-sign weight.,positive means g05_full_reconstruction is better
8567ef203a5ee597693e62a0d260fe98a784dc1fcc7e208a2e46a44a434c391d,total,validation_loss.total,g05_sign_only,g05_full_reconstruction,0.0,0,global_invariant_charge_mae,42,primary,0.1953316078186035,0.1953316078186035,0.0,-0.0,27,27,0.6065466957092285,0.6065466957092285,7381148c39dbbf857f4e722308fcc5bd0ec89a844f9c7daffd02d76e70ad9c65,7d8ae61c4605d129aec4de9ae4143abb94bfa53a8217ce7d407e0dce4db76b41,False,Total selection includes global-sign loss only with observed G05 and nonzero global-sign weight.,positive means g05_full_reconstruction is better
8567ef203a5ee597693e62a0d260fe98a784dc1fcc7e208a2e46a44a434c391d,total,validation_loss.total,g05_sign_only,g05_full_reconstruction,0.1,3,position_mae_x,42,primary,0.45867706298828126,0.4575963249206543,-0.001080738067626985,0.001080738067626985,27,28,0.9815000081062317,0.9808007848262787,c436f6048f8945f4489c692c5fd6cd524ce50ddb3812f03bf65ec81b7ab52d0d,7d4653f145ab5647daf0aae73373c684a0f2ff510d8e6515f96dc8d4bf103f84,True,Total selection includes global-sign loss only with observed G05 and nonzero global-sign weight.,positive means g05_full_reconstruction is better
8567ef203a5ee597693e62a0d260fe98a784dc1fcc7e208a2e46a44a434c391d,total,validation_loss.total,g05_sign_only,g05_full_reconstruction,0.1,3,position_mae_y,42,primary,0.4339174041748047,0.42182804870605467,-0.012089355468750007,0.012089355468750007,27,28,0.9815000081062317,0.9808007848262787,c436f6048f8945f4489c692c5fd6cd524ce50ddb3812f03bf65ec81b7ab52d0d,7d4653f145ab5647daf0aae73373c684a0f2ff510d8e6515f96dc8d4bf103f84,True,Total selection includes global-sign loss only with observed G05 and nonzero global-sign weight.,positive means g05_full_reconstruction is better
8567ef203a5ee597693e62a0d260fe98a784dc1fcc7e208a2e46a44a434c391d,total,validation_loss.total,g05_sign_only,g05_full_reconstruction,0.1,3,position_mae_z,42,primary,0.2313655548095703,0.22829096794128417,-0.0030745868682861277,0.0030745868682861277,27,28,0.9815000081062317,0.9808007848262787,c436f6048f8945f4489c692c5fd6cd524ce50ddb3812f03bf65ec81b7ab52d0d,7d4653f145ab5647daf0aae73373c684a0f2ff510d8e6515f96dc8d4bf103f84,True,Total selection includes global-sign loss only with observed G05 and nonzero global-sign weight.,positive means g05_full_reconstruction is better
8567ef203a5ee597693e62a0d260fe98a784dc1fcc7e208a2e46a44a434c391d,total,validation_loss.total,g05_sign_only,g05_full_reconstruction,0.1,3,mean_position_mae,42,primary,0.3746533432006836,0.3692384567260742,-0.005414886474609415,0.005414886474609415,27,28,0.9815000081062317,0.9808007848262787,c436f6048f8945f4489c692c5fd6cd524ce50ddb3812f03bf65ec81b7ab52d0d,7d4653f145ab5647daf0aae73373c684a0f2ff510d8e6515f96dc8d4bf103f84,True,Total selection includes global-sign loss only with observed G05 and nonzero global-sign weight.,positive means g05_full_reconstruction is better
8567ef203a5ee597693e62a0d260fe98a784dc1fcc7e208a2e46a44a434c391d,total,validation_loss.total,g05_sign_only,g05_full_reconstruction,0.1,3,mean_position_3d_error,42,primary,0.76283984375,0.7532137603759765,-0.009626083374023486,0.009626083374023486,27,28,0.9815000081062317,0.9808007848262787,c436f6048f8945f4489c692c5fd6cd524ce50ddb3812f03bf65ec81b7ab52d0d,7d4653f145ab5647daf0aae73373c684a0f2ff510d8e6515f96dc8d4bf103f84,True,Total selection includes global-sign loss only with observed G05 and nonzero global-sign weight.,positive means g05_full_reconstruction is better
8567ef203a5ee597693e62a0d260fe98a784dc1fcc7e208a2e46a44a434c391d,total,validation_loss.total,g05_sign_only,g05_full_reconstruction,0.1,3,charge_magnitude_mae,42,primary,0.1591237678527832,0.15742432975769044,-0.0016994380950927646,0.0016994380950927646,27,28,0.9815000081062317,0.9808007848262787,c436f6048f8945f4489c692c5fd6cd524ce50ddb3812f03bf65ec81b7ab52d0d,7d4653f145ab5647daf0aae73373c684a0f2ff510d8e6515f96dc8d4bf103f84,True,Total selection includes global-sign loss only with observed G05 and nonzero global-sign weight.,positive means g05_full_reconstruction is better
8567ef203a5ee597693e62a0d260fe98a784dc1fcc7e208a2e46a44a434c391d,total,validation_loss.total,g05_sign_only,g05_full_reconstruction,0.1,3,relative_sign_accuracy,42,primary,0.9623999938964843,0.9595999908447266,-0.00280000305175776,-0.00280000305175776,27,28,0.9815000081062317,0.9808007848262787,c436f6048f8945f4489c692c5fd6cd524ce50ddb3812f03bf65ec81b7ab52d0d,7d4653f145ab5647daf0aae73373c684a0f2ff510d8e6515f96dc8d4bf103f84,True,Total selection includes global-sign loss only with observed G05 and nonzero global-sign weight.,positive means g05_full_reconstruction is better
8567ef203a5ee597693e62a0d260fe98a784dc1fcc7e208a2e46a44a434c391d,total,validation_loss.total,g05_sign_only,g05_full_reconstruction,0.1,3,relative_configuration_accuracy,42,primary,0.914,0.91,-0.0040000000000000036,-0.0040000000000000036,27,28,0.9815000081062317,0.9808007848262787,c436f6048f8945f4489c692c5fd6cd524ce50ddb3812f03bf65ec81b7ab52d0d,7d4653f145ab5647daf0aae73373c684a0f2ff510d8e6515f96dc8d4bf103f84,True,Total selection includes global-sign loss only with observed G05 and nonzero global-sign weight.,positive means g05_full_reconstruction is better
8567ef203a5ee597693e62a0d260fe98a784dc1fcc7e208a2e46a44a434c391d,total,validation_loss.total,g05_sign_only,g05_full_reconstruction,0.1,3,pairwise_relative_sign_accuracy,42,primary,0.9500000228881836,0.9482000122070312,-0.0018000106811524308,-0.0018000106811524308,27,28,0.9815000081062317,0.9808007848262787,c436f6048f8945f4489c692c5fd6cd524ce50ddb3812f03bf65ec81b7ab52d0d,7d4653f145ab5647daf0aae73373c684a0f2ff510d8e6515f96dc8d4bf103f84,True,Total selection includes global-sign loss only with observed G05 and nonzero global-sign weight.,positive means g05_full_reconstruction is better
8567ef203a5ee597693e62a0d260fe98a784dc1fcc7e208a2e46a44a434c391d,total,validation_loss.total,g05_sign_only,g05_full_reconstruction,0.1,3,global_sign_accuracy,42,primary,0.849,0.846,-0.0030000000000000027,-0.0030000000000000027,27,28,0.9815000081062317,0.9808007848262787,c436f6048f8945f4489c692c5fd6cd524ce50ddb3812f03bf65ec81b7ab52d0d,7d4653f145ab5647daf0aae73373c684a0f2ff510d8e6515f96dc8d4bf103f84,True,Total selection includes global-sign loss only with observed G05 and nonzero global-sign weight.,positive means g05_full_reconstruction is better
8567ef203a5ee597693e62a0d260fe98a784dc1fcc7e208a2e46a44a434c391d,total,validation_loss.total,g05_sign_only,g05_full_reconstruction,0.1,3,global_sign_bce,42,primary,0.3644038848876953,0.3676952362060547,0.0032913513183593923,-0.0032913513183593923,27,28,0.9815000081062317,0.9808007848262787,c436f6048f8945f4489c692c5fd6cd524ce50ddb3812f03bf65ec81b7ab52d0d,7d4653f145ab5647daf0aae73373c684a0f2ff510d8e6515f96dc8d4bf103f84,True,Total selection includes global-sign loss only with observed G05 and nonzero global-sign weight.,positive means g05_full_reconstruction is better
8567ef203a5ee597693e62a0d260fe98a784dc1fcc7e208a2e46a44a434c391d,total,validation_loss.total,g05_sign_only,g05_full_reconstruction,0.1,3,absolute_sign_accuracy,42,primary,0.8698000106811523,0.8608000030517579,-0.009000007629394458,-0.009000007629394458,27,28,0.9815000081062317,0.9808007848262787,c436f6048f8945f4489c692c5fd6cd524ce50ddb3812f03bf65ec81b7ab52d0d,7d4653f145ab5647daf0aae73373c684a0f2ff510d8e6515f96dc8d4bf103f84,True,Total selection includes global-sign loss only with observed G05 and nonzero global-sign weight.,positive means g05_full_reconstruction is better
8567ef203a5ee597693e62a0d260fe98a784dc1fcc7e208a2e46a44a434c391d,total,validation_loss.total,g05_sign_only,g05_full_reconstruction,0.1,3,absolute_sign_set_accuracy,42,primary,0.829,0.819,-0.010000000000000009,-0.010000000000000009,27,28,0.9815000081062317,0.9808007848262787,c436f6048f8945f4489c692c5fd6cd524ce50ddb3812f03bf65ec81b7ab52d0d,7d4653f145ab5647daf0aae73373c684a0f2ff510d8e6515f96dc8d4bf103f84,True,Total selection includes global-sign loss only with observed G05 and nonzero global-sign weight.,positive means g05_full_reconstruction is better
8567ef203a5ee597693e62a0d260fe98a784dc1fcc7e208a2e46a44a434c391d,total,validation_loss.total,g05_sign_only,g05_full_reconstruction,0.1,3,charge_mae,42,primary,0.3016634941101074,0.31093827438354493,0.009274780273437533,-0.009274780273437533,27,28,0.9815000081062317,0.9808007848262787,c436f6048f8945f4489c692c5fd6cd524ce50ddb3812f03bf65ec81b7ab52d0d,7d4653f145ab5647daf0aae73373c684a0f2ff510d8e6515f96dc8d4bf103f84,True,Total selection includes global-sign loss only with observed G05 and nonzero global-sign weight.,positive means g05_full_reconstruction is better
8567ef203a5ee597693e62a0d260fe98a784dc1fcc7e208a2e46a44a434c391d,total,validation_loss.total,g05_sign_only,g05_full_reconstruction,0.1,3,global_invariant_charge_mae,42,primary,0.1953316078186035,0.1963012866973877,0.0009696788787841859,-0.0009696788787841859,27,28,0.9815000081062317,0.9808007848262787,c436f6048f8945f4489c692c5fd6cd524ce50ddb3812f03bf65ec81b7ab52d0d,7d4653f145ab5647daf0aae73373c684a0f2ff510d8e6515f96dc8d4bf103f84,True,Total selection includes global-sign loss only with observed G05 and nonzero global-sign weight.,positive means g05_full_reconstruction is better
8567ef203a5ee597693e62a0d260fe98a784dc1fcc7e208a2e46a44a434c391d,total,validation_loss.total,g05_sign_only,g05_full_reconstruction,0.25,8,position_mae_x,42,primary,0.45818439483642576,0.4497063751220703,-0.008478019714355467,0.008478019714355467,39,48,0.9696615707874298,0.9650122370719909,6b6220edd43e1beee7262351b53aeff9411d30911725bb6dc1bd722830271397,1ba41dbd95be5ec239b442aa2b2152b6d115cdd5dd59ff4d2dc018633103e7b7,True,Total selection includes global-sign loss only with observed G05 and nonzero global-sign weight.,positive means g05_full_reconstruction is better
8567ef203a5ee597693e62a0d260fe98a784dc1fcc7e208a2e46a44a434c391d,total,validation_loss.total,g05_sign_only,g05_full_reconstruction,0.25,8,position_mae_y,42,primary,0.4173245735168457,0.4260362434387207,0.008711669921874998,-0.008711669921874998,39,48,0.9696615707874298,0.9650122370719909,6b6220edd43e1beee7262351b53aeff9411d30911725bb6dc1bd722830271397,1ba41dbd95be5ec239b442aa2b2152b6d115cdd5dd59ff4d2dc018633103e7b7,True,Total selection includes global-sign loss only with observed G05 and nonzero global-sign weight.,positive means g05_full_reconstruction is better
8567ef203a5ee597693e62a0d260fe98a784dc1fcc7e208a2e46a44a434c391d,total,validation_loss.total,g05_sign_only,g05_full_reconstruction,0.25,8,position_mae_z,42,primary,0.22804977416992187,0.22470212364196776,-0.0033476505279541047,0.0033476505279541047,39,48,0.9696615707874298,0.9650122370719909,6b6220edd43e1beee7262351b53aeff9411d30911725bb6dc1bd722830271397,1ba41dbd95be5ec239b442aa2b2152b6d115cdd5dd59ff4d2dc018633103e7b7,True,Total selection includes global-sign loss only with observed G05 and nonzero global-sign weight.,positive means g05_full_reconstruction is better
8567ef203a5ee597693e62a0d260fe98a784dc1fcc7e208a2e46a44a434c391d,total,validation_loss.total,g05_sign_only,g05_full_reconstruction,0.25,8,mean_position_mae,42,primary,0.3678529396057129,0.3668149261474609,-0.0010380134582519962,0.0010380134582519962,39,48,0.9696615707874298,0.9650122370719909,6b6220edd43e1beee7262351b53aeff9411d30911725bb6dc1bd722830271397,1ba41dbd95be5ec239b442aa2b2152b6d115cdd5dd59ff4d2dc018633103e7b7,True,Total selection includes global-sign loss only with observed G05 and nonzero global-sign weight.,positive means g05_full_reconstruction is better
8567ef203a5ee597693e62a0d260fe98a784dc1fcc7e208a2e46a44a434c391d,total,validation_loss.total,g05_sign_only,g05_full_reconstruction,0.25,8,mean_position_3d_error,42,primary,0.7509981384277343,0.7495972824096679,-0.0014008560180663876,0.0014008560180663876,39,48,0.9696615707874298,0.9650122370719909,6b6220edd43e1beee7262351b53aeff9411d30911725bb6dc1bd722830271397,1ba41dbd95be5ec239b442aa2b2152b6d115cdd5dd59ff4d2dc018633103e7b7,True,Total selection includes global-sign loss only with observed G05 and nonzero global-sign weight.,positive means g05_full_reconstruction is better
8567ef203a5ee597693e62a0d260fe98a784dc1fcc7e208a2e46a44a434c391d,total,validation_loss.total,g05_sign_only,g05_full_reconstruction,0.25,8,charge_magnitude_mae,42,primary,0.1580794086456299,0.15654720306396486,-0.0015322055816650304,0.0015322055816650304,39,48,0.9696615707874298,0.9650122370719909,6b6220edd43e1beee7262351b53aeff9411d30911725bb6dc1bd722830271397,1ba41dbd95be5ec239b442aa2b2152b6d115cdd5dd59ff4d2dc018633103e7b7,True,Total selection includes global-sign loss only with observed G05 and nonzero global-sign weight.,positive means g05_full_reconstruction is better
8567ef203a5ee597693e62a0d260fe98a784dc1fcc7e208a2e46a44a434c391d,total,validation_loss.total,g05_sign_only,g05_full_reconstruction,0.25,8,relative_sign_accuracy,42,primary,0.9543999710083008,0.953999984741211,-0.00039998626708981355,-0.00039998626708981355,39,48,0.9696615707874298,0.9650122370719909,6b6220edd43e1beee7262351b53aeff9411d30911725bb6dc1bd722830271397,1ba41dbd95be5ec239b442aa2b2152b6d115cdd5dd59ff4d2dc018633103e7b7,True,Total selection includes global-sign loss only with observed G05 and nonzero global-sign weight.,positive means g05_full_reconstruction is better
8567ef203a5ee597693e62a0d260fe98a784dc1fcc7e208a2e46a44a434c391d,total,validation_loss.total,g05_sign_only,g05_full_reconstruction,0.25,8,relative_configuration_accuracy,42,primary,0.901,0.9,-0.0010000000000000009,-0.0010000000000000009,39,48,0.9696615707874298,0.9650122370719909,6b6220edd43e1beee7262351b53aeff9411d30911725bb6dc1bd722830271397,1ba41dbd95be5ec239b442aa2b2152b6d115cdd5dd59ff4d2dc018633103e7b7,True,Total selection includes global-sign loss only with observed G05 and nonzero global-sign weight.,positive means g05_full_reconstruction is better
8567ef203a5ee597693e62a0d260fe98a784dc1fcc7e208a2e46a44a434c391d,total,validation_loss.total,g05_sign_only,g05_full_reconstruction,0.25,8,pairwise_relative_sign_accuracy,42,primary,0.9435999908447266,0.9429999923706055,-0.0005999984741210662,-0.0005999984741210662,39,48,0.9696615707874298,0.9650122370719909,6b6220edd43e1beee7262351b53aeff9411d30911725bb6dc1bd722830271397,1ba41dbd95be5ec239b442aa2b2152b6d115cdd5dd59ff4d2dc018633103e7b7,True,Total selection includes global-sign loss only with observed G05 and nonzero global-sign weight.,positive means g05_full_reconstruction is better
8567ef203a5ee597693e62a0d260fe98a784dc1fcc7e208a2e46a44a434c391d,total,validation_loss.total,g05_sign_only,g05_full_reconstruction,0.25,8,global_sign_accuracy,42,primary,0.864,0.867,0.0030000000000000027,0.0030000000000000027,39,48,0.9696615707874298,0.9650122370719909,6b6220edd43e1beee7262351b53aeff9411d30911725bb6dc1bd722830271397,1ba41dbd95be5ec239b442aa2b2152b6d115cdd5dd59ff4d2dc018633103e7b7,True,Total selection includes global-sign loss only with observed G05 and nonzero global-sign weight.,positive means g05_full_reconstruction is better
8567ef203a5ee597693e62a0d260fe98a784dc1fcc7e208a2e46a44a434c391d,total,validation_loss.total,g05_sign_only,g05_full_reconstruction,0.25,8,global_sign_bce,42,primary,0.35319912719726565,0.35362299728393554,0.00042387008666988635,-0.00042387008666988635,39,48,0.9696615707874298,0.9650122370719909,6b6220edd43e1beee7262351b53aeff9411d30911725bb6dc1bd722830271397,1ba41dbd95be5ec239b442aa2b2152b6d115cdd5dd59ff4d2dc018633103e7b7,True,Total selection includes global-sign loss only with observed G05 and nonzero global-sign weight.,positive means g05_full_reconstruction is better
8567ef203a5ee597693e62a0d260fe98a784dc1fcc7e208a2e46a44a434c391d,total,validation_loss.total,g05_sign_only,g05_full_reconstruction,0.25,8,absolute_sign_accuracy,42,primary,0.8840000076293946,0.8721999893188477,-0.01180001831054689,-0.01180001831054689,39,48,0.9696615707874298,0.9650122370719909,6b6220edd43e1beee7262351b53aeff9411d30911725bb6dc1bd722830271397,1ba41dbd95be5ec239b442aa2b2152b6d115cdd5dd59ff4d2dc018633103e7b7,True,Total selection includes global-sign loss only with observed G05 and nonzero global-sign weight.,positive means g05_full_reconstruction is better
8567ef203a5ee597693e62a0d260fe98a784dc1fcc7e208a2e46a44a434c391d,total,validation_loss.total,g05_sign_only,g05_full_reconstruction,0.25,8,absolute_sign_set_accuracy,42,primary,0.836,0.824,-0.01200000000000001,-0.01200000000000001,39,48,0.9696615707874298,0.9650122370719909,6b6220edd43e1beee7262351b53aeff9411d30911725bb6dc1bd722830271397,1ba41dbd95be5ec239b442aa2b2152b6d115cdd5dd59ff4d2dc018633103e7b7,True,Total selection includes global-sign loss only with observed G05 and nonzero global-sign weight.,positive means g05_full_reconstruction is better
8567ef203a5ee597693e62a0d260fe98a784dc1fcc7e208a2e46a44a434c391d,total,validation_loss.total,g05_sign_only,g05_full_reconstruction,0.25,8,charge_mae,42,primary,0.2881133613586426,0.2993310890197754,0.011217727661132826,-0.011217727661132826,39,48,0.9696615707874298,0.9650122370719909,6b6220edd43e1beee7262351b53aeff9411d30911725bb6dc1bd722830271397,1ba41dbd95be5ec239b442aa2b2152b6d115cdd5dd59ff4d2dc018633103e7b7,True,Total selection includes global-sign loss only with observed G05 and nonzero global-sign weight.,positive means g05_full_reconstruction is better
8567ef203a5ee597693e62a0d260fe98a784dc1fcc7e208a2e46a44a434c391d,total,validation_loss.total,g05_sign_only,g05_full_reconstruction,0.25,8,global_invariant_charge_mae,42,primary,0.19939108657836915,0.1978984546661377,-0.0014926319122314513,0.0014926319122314513,39,48,0.9696615707874298,0.9650122370719909,6b6220edd43e1beee7262351b53aeff9411d30911725bb6dc1bd722830271397,1ba41dbd95be5ec239b442aa2b2152b6d115cdd5dd59ff4d2dc018633103e7b7,True,Total selection includes global-sign loss only with observed G05 and nonzero global-sign weight.,positive means g05_full_reconstruction is better
8567ef203a5ee597693e62a0d260fe98a784dc1fcc7e208a2e46a44a434c391d,total,validation_loss.total,g05_sign_only,g05_full_reconstruction,0.5,16,position_mae_x,42,primary,0.45818439483642576,0.45309569931030275,-0.0050886955261230105,0.0050886955261230105,39,42,0.9564438395500183,0.952314868927002,3e78c74bbf357cc2747350a693d1f97e968fd1c465106c00273d13fec14b9e05,8c9fbcc55de0ae7081f8010512be9695188cb6a9e3158588dbc04aa3c9126e9d,True,Total selection includes global-sign loss only with observed G05 and nonzero global-sign weight.,positive means g05_full_reconstruction is better
8567ef203a5ee597693e62a0d260fe98a784dc1fcc7e208a2e46a44a434c391d,total,validation_loss.total,g05_sign_only,g05_full_reconstruction,0.5,16,position_mae_y,42,primary,0.4173245735168457,0.4140042381286621,-0.003320335388183604,0.003320335388183604,39,42,0.9564438395500183,0.952314868927002,3e78c74bbf357cc2747350a693d1f97e968fd1c465106c00273d13fec14b9e05,8c9fbcc55de0ae7081f8010512be9695188cb6a9e3158588dbc04aa3c9126e9d,True,Total selection includes global-sign loss only with observed G05 and nonzero global-sign weight.,positive means g05_full_reconstruction is better
8567ef203a5ee597693e62a0d260fe98a784dc1fcc7e208a2e46a44a434c391d,total,validation_loss.total,g05_sign_only,g05_full_reconstruction,0.5,16,position_mae_z,42,primary,0.22804977416992187,0.22480184745788573,-0.0032479267120361366,0.0032479267120361366,39,42,0.9564438395500183,0.952314868927002,3e78c74bbf357cc2747350a693d1f97e968fd1c465106c00273d13fec14b9e05,8c9fbcc55de0ae7081f8010512be9695188cb6a9e3158588dbc04aa3c9126e9d,True,Total selection includes global-sign loss only with observed G05 and nonzero global-sign weight.,positive means g05_full_reconstruction is better
8567ef203a5ee597693e62a0d260fe98a784dc1fcc7e208a2e46a44a434c391d,total,validation_loss.total,g05_sign_only,g05_full_reconstruction,0.5,16,mean_position_mae,42,primary,0.3678529396057129,0.3639672737121582,-0.003885665893554713,0.003885665893554713,39,42,0.9564438395500183,0.952314868927002,3e78c74bbf357cc2747350a693d1f97e968fd1c465106c00273d13fec14b9e05,8c9fbcc55de0ae7081f8010512be9695188cb6a9e3158588dbc04aa3c9126e9d,True,Total selection includes global-sign loss only with observed G05 and nonzero global-sign weight.,positive means g05_full_reconstruction is better
8567ef203a5ee597693e62a0d260fe98a784dc1fcc7e208a2e46a44a434c391d,total,validation_loss.total,g05_sign_only,g05_full_reconstruction,0.5,16,mean_position_3d_error,42,primary,0.7509981384277343,0.7439989242553711,-0.006999214172363266,0.006999214172363266,39,42,0.9564438395500183,0.952314868927002,3e78c74bbf357cc2747350a693d1f97e968fd1c465106c00273d13fec14b9e05,8c9fbcc55de0ae7081f8010512be9695188cb6a9e3158588dbc04aa3c9126e9d,True,Total selection includes global-sign loss only with observed G05 and nonzero global-sign weight.,positive means g05_full_reconstruction is better
8567ef203a5ee597693e62a0d260fe98a784dc1fcc7e208a2e46a44a434c391d,total,validation_loss.total,g05_sign_only,g05_full_reconstruction,0.5,16,charge_magnitude_mae,42,primary,0.1580794086456299,0.15650936889648437,-0.0015700397491455187,0.0015700397491455187,39,42,0.9564438395500183,0.952314868927002,3e78c74bbf357cc2747350a693d1f97e968fd1c465106c00273d13fec14b9e05,8c9fbcc55de0ae7081f8010512be9695188cb6a9e3158588dbc04aa3c9126e9d,True,Total selection includes global-sign loss only with observed G05 and nonzero global-sign weight.,positive means g05_full_reconstruction is better
8567ef203a5ee597693e62a0d260fe98a784dc1fcc7e208a2e46a44a434c391d,total,validation_loss.total,g05_sign_only,g05_full_reconstruction,0.5,16,relative_sign_accuracy,42,primary,0.9543999710083008,0.9584000091552735,0.004000038146972695,0.004000038146972695,39,42,0.9564438395500183,0.952314868927002,3e78c74bbf357cc2747350a693d1f97e968fd1c465106c00273d13fec14b9e05,8c9fbcc55de0ae7081f8010512be9695188cb6a9e3158588dbc04aa3c9126e9d,True,Total selection includes global-sign loss only with observed G05 and nonzero global-sign weight.,positive means g05_full_reconstruction is better
8567ef203a5ee597693e62a0d260fe98a784dc1fcc7e208a2e46a44a434c391d,total,validation_loss.total,g05_sign_only,g05_full_reconstruction,0.5,16,relative_configuration_accuracy,42,primary,0.901,0.907,0.006000000000000005,0.006000000000000005,39,42,0.9564438395500183,0.952314868927002,3e78c74bbf357cc2747350a693d1f97e968fd1c465106c00273d13fec14b9e05,8c9fbcc55de0ae7081f8010512be9695188cb6a9e3158588dbc04aa3c9126e9d,True,Total selection includes global-sign loss only with observed G05 and nonzero global-sign weight.,positive means g05_full_reconstruction is better
8567ef203a5ee597693e62a0d260fe98a784dc1fcc7e208a2e46a44a434c391d,total,validation_loss.total,g05_sign_only,g05_full_reconstruction,0.5,16,pairwise_relative_sign_accuracy,42,primary,0.9435999908447266,0.9463999938964843,0.00280000305175776,0.00280000305175776,39,42,0.9564438395500183,0.952314868927002,3e78c74bbf357cc2747350a693d1f97e968fd1c465106c00273d13fec14b9e05,8c9fbcc55de0ae7081f8010512be9695188cb6a9e3158588dbc04aa3c9126e9d,True,Total selection includes global-sign loss only with observed G05 and nonzero global-sign weight.,positive means g05_full_reconstruction is better
8567ef203a5ee597693e62a0d260fe98a784dc1fcc7e208a2e46a44a434c391d,total,validation_loss.total,g05_sign_only,g05_full_reconstruction,0.5,16,global_sign_accuracy,42,primary,0.873,0.866,-0.007000000000000006,-0.007000000000000006,39,42,0.9564438395500183,0.952314868927002,3e78c74bbf357cc2747350a693d1f97e968fd1c465106c00273d13fec14b9e05,8c9fbcc55de0ae7081f8010512be9695188cb6a9e3158588dbc04aa3c9126e9d,True,Total selection includes global-sign loss only with observed G05 and nonzero global-sign weight.,positive means g05_full_reconstruction is better
8567ef203a5ee597693e62a0d260fe98a784dc1fcc7e208a2e46a44a434c391d,total,validation_loss.total,g05_sign_only,g05_full_reconstruction,0.5,16,global_sign_bce,42,primary,0.3366216621398926,0.33865685272216794,0.002035190582275359,-0.002035190582275359,39,42,0.9564438395500183,0.952314868927002,3e78c74bbf357cc2747350a693d1f97e968fd1c465106c00273d13fec14b9e05,8c9fbcc55de0ae7081f8010512be9695188cb6a9e3158588dbc04aa3c9126e9d,True,Total selection includes global-sign loss only with observed G05 and nonzero global-sign weight.,positive means g05_full_reconstruction is better
8567ef203a5ee597693e62a0d260fe98a784dc1fcc7e208a2e46a44a434c391d,total,validation_loss.total,g05_sign_only,g05_full_reconstruction,0.5,16,absolute_sign_accuracy,42,primary,0.8834000015258789,0.8755999832153321,-0.007800018310546886,-0.007800018310546886,39,42,0.9564438395500183,0.952314868927002,3e78c74bbf357cc2747350a693d1f97e968fd1c465106c00273d13fec14b9e05,8c9fbcc55de0ae7081f8010512be9695188cb6a9e3158588dbc04aa3c9126e9d,True,Total selection includes global-sign loss only with observed G05 and nonzero global-sign weight.,positive means g05_full_reconstruction is better
8567ef203a5ee597693e62a0d260fe98a784dc1fcc7e208a2e46a44a434c391d,total,validation_loss.total,g05_sign_only,g05_full_reconstruction,0.5,16,absolute_sign_set_accuracy,42,primary,0.838,0.831,-0.007000000000000006,-0.007000000000000006,39,42,0.9564438395500183,0.952314868927002,3e78c74bbf357cc2747350a693d1f97e968fd1c465106c00273d13fec14b9e05,8c9fbcc55de0ae7081f8010512be9695188cb6a9e3158588dbc04aa3c9126e9d,True,Total selection includes global-sign loss only with observed G05 and nonzero global-sign weight.,positive means g05_full_reconstruction is better
8567ef203a5ee597693e62a0d260fe98a784dc1fcc7e208a2e46a44a434c391d,total,validation_loss.total,g05_sign_only,g05_full_reconstruction,0.5,16,charge_mae,42,primary,0.2894179382324219,0.29265279960632323,0.003234861373901332,-0.003234861373901332,39,42,0.9564438395500183,0.952314868927002,3e78c74bbf357cc2747350a693d1f97e968fd1c465106c00273d13fec14b9e05,8c9fbcc55de0ae7081f8010512be9695188cb6a9e3158588dbc04aa3c9126e9d,True,Total selection includes global-sign loss only with observed G05 and nonzero global-sign weight.,positive means g05_full_reconstruction is better
8567ef203a5ee597693e62a0d260fe98a784dc1fcc7e208a2e46a44a434c391d,total,validation_loss.total,g05_sign_only,g05_full_reconstruction,0.5,16,global_invariant_charge_mae,42,primary,0.19939108657836915,0.1964940013885498,-0.0028970851898193484,0.0028970851898193484,39,42,0.9564438395500183,0.952314868927002,3e78c74bbf357cc2747350a693d1f97e968fd1c465106c00273d13fec14b9e05,8c9fbcc55de0ae7081f8010512be9695188cb6a9e3158588dbc04aa3c9126e9d,True,Total selection includes global-sign loss only with observed G05 and nonzero global-sign weight.,positive means g05_full_reconstruction is better
8567ef203a5ee597693e62a0d260fe98a784dc1fcc7e208a2e46a44a434c391d,total,validation_loss.total,g05_sign_only,g05_full_reconstruction,0.75,24,position_mae_x,42,primary,0.45818439483642576,0.4532449493408203,-0.004939445495605432,0.004939445495605432,39,35,0.9517466669082641,0.9575091617107392,4f060fadcb77f9a40051e31b88cf8258b61047886fa1fb1e205e82b4f667fe36,ea2fff605788084e9859193267b5b2c4728e5329e9629324e7065aef91b3d6bb,True,Total selection includes global-sign loss only with observed G05 and nonzero global-sign weight.,positive means g05_full_reconstruction is better
8567ef203a5ee597693e62a0d260fe98a784dc1fcc7e208a2e46a44a434c391d,total,validation_loss.total,g05_sign_only,g05_full_reconstruction,0.75,24,position_mae_y,42,primary,0.4173245735168457,0.4325502052307129,0.015225631713867205,-0.015225631713867205,39,35,0.9517466669082641,0.9575091617107392,4f060fadcb77f9a40051e31b88cf8258b61047886fa1fb1e205e82b4f667fe36,ea2fff605788084e9859193267b5b2c4728e5329e9629324e7065aef91b3d6bb,True,Total selection includes global-sign loss only with observed G05 and nonzero global-sign weight.,positive means g05_full_reconstruction is better
8567ef203a5ee597693e62a0d260fe98a784dc1fcc7e208a2e46a44a434c391d,total,validation_loss.total,g05_sign_only,g05_full_reconstruction,0.75,24,position_mae_z,42,primary,0.22804977416992187,0.22917145729064942,0.0011216831207275513,-0.0011216831207275513,39,35,0.9517466669082641,0.9575091617107392,4f060fadcb77f9a40051e31b88cf8258b61047886fa1fb1e205e82b4f667fe36,ea2fff605788084e9859193267b5b2c4728e5329e9629324e7065aef91b3d6bb,True,Total selection includes global-sign loss only with observed G05 and nonzero global-sign weight.,positive means g05_full_reconstruction is better
8567ef203a5ee597693e62a0d260fe98a784dc1fcc7e208a2e46a44a434c391d,total,validation_loss.total,g05_sign_only,g05_full_reconstruction,0.75,24,mean_position_mae,42,primary,0.3678529396057129,0.37165554428100583,0.00380260467529292,-0.00380260467529292,39,35,0.9517466669082641,0.9575091617107392,4f060fadcb77f9a40051e31b88cf8258b61047886fa1fb1e205e82b4f667fe36,ea2fff605788084e9859193267b5b2c4728e5329e9629324e7065aef91b3d6bb,True,Total selection includes global-sign loss only with observed G05 and nonzero global-sign weight.,positive means g05_full_reconstruction is better
8567ef203a5ee597693e62a0d260fe98a784dc1fcc7e208a2e46a44a434c391d,total,validation_loss.total,g05_sign_only,g05_full_reconstruction,0.75,24,mean_position_3d_error,42,primary,0.7509981384277343,0.7571131210327149,0.006114982604980557,-0.006114982604980557,39,35,0.9517466669082641,0.9575091617107392,4f060fadcb77f9a40051e31b88cf8258b61047886fa1fb1e205e82b4f667fe36,ea2fff605788084e9859193267b5b2c4728e5329e9629324e7065aef91b3d6bb,True,Total selection includes global-sign loss only with observed G05 and nonzero global-sign weight.,positive means g05_full_reconstruction is better
8567ef203a5ee597693e62a0d260fe98a784dc1fcc7e208a2e46a44a434c391d,total,validation_loss.total,g05_sign_only,g05_full_reconstruction,0.75,24,charge_magnitude_mae,42,primary,0.1580794086456299,0.1560608444213867,-0.00201856422424318,0.00201856422424318,39,35,0.9517466669082641,0.9575091617107392,4f060fadcb77f9a40051e31b88cf8258b61047886fa1fb1e205e82b4f667fe36,ea2fff605788084e9859193267b5b2c4728e5329e9629324e7065aef91b3d6bb,True,Total selection includes global-sign loss only with observed G05 and nonzero global-sign weight.,positive means g05_full_reconstruction is better
8567ef203a5ee597693e62a0d260fe98a784dc1fcc7e208a2e46a44a434c391d,total,validation_loss.total,g05_sign_only,g05_full_reconstruction,0.75,24,relative_sign_accuracy,42,primary,0.9543999710083008,0.9571999893188476,0.0028000183105468812,0.0028000183105468812,39,35,0.9517466669082641,0.9575091617107392,4f060fadcb77f9a40051e31b88cf8258b61047886fa1fb1e205e82b4f667fe36,ea2fff605788084e9859193267b5b2c4728e5329e9629324e7065aef91b3d6bb,True,Total selection includes global-sign loss only with observed G05 and nonzero global-sign weight.,positive means g05_full_reconstruction is better
8567ef203a5ee597693e62a0d260fe98a784dc1fcc7e208a2e46a44a434c391d,total,validation_loss.total,g05_sign_only,g05_full_reconstruction,0.75,24,relative_configuration_accuracy,42,primary,0.901,0.908,0.007000000000000006,0.007000000000000006,39,35,0.9517466669082641,0.9575091617107392,4f060fadcb77f9a40051e31b88cf8258b61047886fa1fb1e205e82b4f667fe36,ea2fff605788084e9859193267b5b2c4728e5329e9629324e7065aef91b3d6bb,True,Total selection includes global-sign loss only with observed G05 and nonzero global-sign weight.,positive means g05_full_reconstruction is better
8567ef203a5ee597693e62a0d260fe98a784dc1fcc7e208a2e46a44a434c391d,total,validation_loss.total,g05_sign_only,g05_full_reconstruction,0.75,24,pairwise_relative_sign_accuracy,42,primary,0.9435999908447266,0.9478000030517578,0.004200012207031256,0.004200012207031256,39,35,0.9517466669082641,0.9575091617107392,4f060fadcb77f9a40051e31b88cf8258b61047886fa1fb1e205e82b4f667fe36,ea2fff605788084e9859193267b5b2c4728e5329e9629324e7065aef91b3d6bb,True,Total selection includes global-sign loss only with observed G05 and nonzero global-sign weight.,positive means g05_full_reconstruction is better
8567ef203a5ee597693e62a0d260fe98a784dc1fcc7e208a2e46a44a434c391d,total,validation_loss.total,g05_sign_only,g05_full_reconstruction,0.75,24,global_sign_accuracy,42,primary,0.878,0.87,-0.008000000000000007,-0.008000000000000007,39,35,0.9517466669082641,0.9575091617107392,4f060fadcb77f9a40051e31b88cf8258b61047886fa1fb1e205e82b4f667fe36,ea2fff605788084e9859193267b5b2c4728e5329e9629324e7065aef91b3d6bb,True,Total selection includes global-sign loss only with observed G05 and nonzero global-sign weight.,positive means g05_full_reconstruction is better
8567ef203a5ee597693e62a0d260fe98a784dc1fcc7e208a2e46a44a434c391d,total,validation_loss.total,g05_sign_only,g05_full_reconstruction,0.75,24,global_sign_bce,42,primary,0.33488169860839845,0.3388747520446777,0.003993053436279259,-0.003993053436279259,39,35,0.9517466669082641,0.9575091617107392,4f060fadcb77f9a40051e31b88cf8258b61047886fa1fb1e205e82b4f667fe36,ea2fff605788084e9859193267b5b2c4728e5329e9629324e7065aef91b3d6bb,True,Total selection includes global-sign loss only with observed G05 and nonzero global-sign weight.,positive means g05_full_reconstruction is better
8567ef203a5ee597693e62a0d260fe98a784dc1fcc7e208a2e46a44a434c391d,total,validation_loss.total,g05_sign_only,g05_full_reconstruction,0.75,24,absolute_sign_accuracy,42,primary,0.8876000061035156,0.8856000137329102,-0.001999992370605441,-0.001999992370605441,39,35,0.9517466669082641,0.9575091617107392,4f060fadcb77f9a40051e31b88cf8258b61047886fa1fb1e205e82b4f667fe36,ea2fff605788084e9859193267b5b2c4728e5329e9629324e7065aef91b3d6bb,True,Total selection includes global-sign loss only with observed G05 and nonzero global-sign weight.,positive means g05_full_reconstruction is better
8567ef203a5ee597693e62a0d260fe98a784dc1fcc7e208a2e46a44a434c391d,total,validation_loss.total,g05_sign_only,g05_full_reconstruction,0.75,24,absolute_sign_set_accuracy,42,primary,0.842,0.844,0.0020000000000000018,0.0020000000000000018,39,35,0.9517466669082641,0.9575091617107392,4f060fadcb77f9a40051e31b88cf8258b61047886fa1fb1e205e82b4f667fe36,ea2fff605788084e9859193267b5b2c4728e5329e9629324e7065aef91b3d6bb,True,Total selection includes global-sign loss only with observed G05 and nonzero global-sign weight.,positive means g05_full_reconstruction is better
8567ef203a5ee597693e62a0d260fe98a784dc1fcc7e208a2e46a44a434c391d,total,validation_loss.total,g05_sign_only,g05_full_reconstruction,0.75,24,charge_mae,42,primary,0.2842649040222168,0.2831392707824707,-0.0011256332397461266,0.0011256332397461266,39,35,0.9517466669082641,0.9575091617107392,4f060fadcb77f9a40051e31b88cf8258b61047886fa1fb1e205e82b4f667fe36,ea2fff605788084e9859193267b5b2c4728e5329e9629324e7065aef91b3d6bb,True,Total selection includes global-sign loss only with observed G05 and nonzero global-sign weight.,positive means g05_full_reconstruction is better
8567ef203a5ee597693e62a0d260fe98a784dc1fcc7e208a2e46a44a434c391d,total,validation_loss.total,g05_sign_only,g05_full_reconstruction,0.75,24,global_invariant_charge_mae,42,primary,0.19939108657836915,0.19380386924743653,-0.00558721733093262,0.00558721733093262,39,35,0.9517466669082641,0.9575091617107392,4f060fadcb77f9a40051e31b88cf8258b61047886fa1fb1e205e82b4f667fe36,ea2fff605788084e9859193267b5b2c4728e5329e9629324e7065aef91b3d6bb,True,Total selection includes global-sign loss only with observed G05 and nonzero global-sign weight.,positive means g05_full_reconstruction is better
8567ef203a5ee597693e62a0d260fe98a784dc1fcc7e208a2e46a44a434c391d,total,validation_loss.total,g05_sign_only,g05_full_reconstruction,1.0,32,position_mae_x,42,primary,0.45818439483642576,0.4632654342651367,0.005081039428710965,-0.005081039428710965,39,38,0.9511835587024688,0.9530538766384125,adefc6a18cb3edf77175365ae5c38befb9c9c80ae6b3cfcf193c15b13940532f,e2a69d92338556b4c78aab8bbe7b99af010d47019de1b4566515d5bdd97cac02,True,Total selection includes global-sign loss only with observed G05 and nonzero global-sign weight.,positive means g05_full_reconstruction is better
8567ef203a5ee597693e62a0d260fe98a784dc1fcc7e208a2e46a44a434c391d,total,validation_loss.total,g05_sign_only,g05_full_reconstruction,1.0,32,position_mae_y,42,primary,0.4173245735168457,0.4096050109863281,-0.0077195625305175875,0.0077195625305175875,39,38,0.9511835587024688,0.9530538766384125,adefc6a18cb3edf77175365ae5c38befb9c9c80ae6b3cfcf193c15b13940532f,e2a69d92338556b4c78aab8bbe7b99af010d47019de1b4566515d5bdd97cac02,True,Total selection includes global-sign loss only with observed G05 and nonzero global-sign weight.,positive means g05_full_reconstruction is better
8567ef203a5ee597693e62a0d260fe98a784dc1fcc7e208a2e46a44a434c391d,total,validation_loss.total,g05_sign_only,g05_full_reconstruction,1.0,32,position_mae_z,42,primary,0.22804977416992187,0.22249712181091308,-0.005552652359008786,0.005552652359008786,39,38,0.9511835587024688,0.9530538766384125,adefc6a18cb3edf77175365ae5c38befb9c9c80ae6b3cfcf193c15b13940532f,e2a69d92338556b4c78aab8bbe7b99af010d47019de1b4566515d5bdd97cac02,True,Total selection includes global-sign loss only with observed G05 and nonzero global-sign weight.,positive means g05_full_reconstruction is better
8567ef203a5ee597693e62a0d260fe98a784dc1fcc7e208a2e46a44a434c391d,total,validation_loss.total,g05_sign_only,g05_full_reconstruction,1.0,32,mean_position_mae,42,primary,0.3678529396057129,0.3651225395202637,-0.002730400085449225,0.002730400085449225,39,38,0.9511835587024688,0.9530538766384125,adefc6a18cb3edf77175365ae5c38befb9c9c80ae6b3cfcf193c15b13940532f,e2a69d92338556b4c78aab8bbe7b99af010d47019de1b4566515d5bdd97cac02,True,Total selection includes global-sign loss only with observed G05 and nonzero global-sign weight.,positive means g05_full_reconstruction is better
8567ef203a5ee597693e62a0d260fe98a784dc1fcc7e208a2e46a44a434c391d,total,validation_loss.total,g05_sign_only,g05_full_reconstruction,1.0,32,mean_position_3d_error,42,primary,0.7509981384277343,0.7480817413330079,-0.002916397094726464,0.002916397094726464,39,38,0.9511835587024688,0.9530538766384125,adefc6a18cb3edf77175365ae5c38befb9c9c80ae6b3cfcf193c15b13940532f,e2a69d92338556b4c78aab8bbe7b99af010d47019de1b4566515d5bdd97cac02,True,Total selection includes global-sign loss only with observed G05 and nonzero global-sign weight.,positive means g05_full_reconstruction is better
8567ef203a5ee597693e62a0d260fe98a784dc1fcc7e208a2e46a44a434c391d,total,validation_loss.total,g05_sign_only,g05_full_reconstruction,1.0,32,charge_magnitude_mae,42,primary,0.1580794086456299,0.1561046314239502,-0.0019747772216796855,0.0019747772216796855,39,38,0.9511835587024688,0.9530538766384125,adefc6a18cb3edf77175365ae5c38befb9c9c80ae6b3cfcf193c15b13940532f,e2a69d92338556b4c78aab8bbe7b99af010d47019de1b4566515d5bdd97cac02,True,Total selection includes global-sign loss only with observed G05 and nonzero global-sign weight.,positive means g05_full_reconstruction is better
8567ef203a5ee597693e62a0d260fe98a784dc1fcc7e208a2e46a44a434c391d,total,validation_loss.total,g05_sign_only,g05_full_reconstruction,1.0,32,relative_sign_accuracy,42,primary,0.9543999710083008,0.9588000030517578,0.0044000320434570694,0.0044000320434570694,39,38,0.9511835587024688,0.9530538766384125,adefc6a18cb3edf77175365ae5c38befb9c9c80ae6b3cfcf193c15b13940532f,e2a69d92338556b4c78aab8bbe7b99af010d47019de1b4566515d5bdd97cac02,True,Total selection includes global-sign loss only with observed G05 and nonzero global-sign weight.,positive means g05_full_reconstruction is better
8567ef203a5ee597693e62a0d260fe98a784dc1fcc7e208a2e46a44a434c391d,total,validation_loss.total,g05_sign_only,g05_full_reconstruction,1.0,32,relative_configuration_accuracy,42,primary,0.901,0.908,0.007000000000000006,0.007000000000000006,39,38,0.9511835587024688,0.9530538766384125,adefc6a18cb3edf77175365ae5c38befb9c9c80ae6b3cfcf193c15b13940532f,e2a69d92338556b4c78aab8bbe7b99af010d47019de1b4566515d5bdd97cac02,True,Total selection includes global-sign loss only with observed G05 and nonzero global-sign weight.,positive means g05_full_reconstruction is better
8567ef203a5ee597693e62a0d260fe98a784dc1fcc7e208a2e46a44a434c391d,total,validation_loss.total,g05_sign_only,g05_full_reconstruction,1.0,32,pairwise_relative_sign_accuracy,42,primary,0.9435999908447266,0.947,0.003400009155273387,0.003400009155273387,39,38,0.9511835587024688,0.9530538766384125,adefc6a18cb3edf77175365ae5c38befb9c9c80ae6b3cfcf193c15b13940532f,e2a69d92338556b4c78aab8bbe7b99af010d47019de1b4566515d5bdd97cac02,True,Total selection includes global-sign loss only with observed G05 and nonzero global-sign weight.,positive means g05_full_reconstruction is better
8567ef203a5ee597693e62a0d260fe98a784dc1fcc7e208a2e46a44a434c391d,total,validation_loss.total,g05_sign_only,g05_full_reconstruction,1.0,32,global_sign_accuracy,42,primary,0.876,0.867,-0.009000000000000008,-0.009000000000000008,39,38,0.9511835587024688,0.9530538766384125,adefc6a18cb3edf77175365ae5c38befb9c9c80ae6b3cfcf193c15b13940532f,e2a69d92338556b4c78aab8bbe7b99af010d47019de1b4566515d5bdd97cac02,True,Total selection includes global-sign loss only with observed G05 and nonzero global-sign weight.,positive means g05_full_reconstruction is better
8567ef203a5ee597693e62a0d260fe98a784dc1fcc7e208a2e46a44a434c391d,total,validation_loss.total,g05_sign_only,g05_full_reconstruction,1.0,32,global_sign_bce,42,primary,0.33206972885131836,0.33661320877075196,0.004543479919433602,-0.004543479919433602,39,38,0.9511835587024688,0.9530538766384125,adefc6a18cb3edf77175365ae5c38befb9c9c80ae6b3cfcf193c15b13940532f,e2a69d92338556b4c78aab8bbe7b99af010d47019de1b4566515d5bdd97cac02,True,Total selection includes global-sign loss only with observed G05 and nonzero global-sign weight.,positive means g05_full_reconstruction is better
8567ef203a5ee597693e62a0d260fe98a784dc1fcc7e208a2e46a44a434c391d,total,validation_loss.total,g05_sign_only,g05_full_reconstruction,1.0,32,absolute_sign_accuracy,42,primary,0.8847999954223633,0.8866000137329102,0.0018000183105468803,0.0018000183105468803,39,38,0.9511835587024688,0.9530538766384125,adefc6a18cb3edf77175365ae5c38befb9c9c80ae6b3cfcf193c15b13940532f,e2a69d92338556b4c78aab8bbe7b99af010d47019de1b4566515d5bdd97cac02,True,Total selection includes global-sign loss only with observed G05 and nonzero global-sign weight.,positive means g05_full_reconstruction is better
8567ef203a5ee597693e62a0d260fe98a784dc1fcc7e208a2e46a44a434c391d,total,validation_loss.total,g05_sign_only,g05_full_reconstruction,1.0,32,absolute_sign_set_accuracy,42,primary,0.839,0.842,0.0030000000000000027,0.0030000000000000027,39,38,0.9511835587024688,0.9530538766384125,adefc6a18cb3edf77175365ae5c38befb9c9c80ae6b3cfcf193c15b13940532f,e2a69d92338556b4c78aab8bbe7b99af010d47019de1b4566515d5bdd97cac02,True,Total selection includes global-sign loss only with observed G05 and nonzero global-sign weight.,positive means g05_full_reconstruction is better
8567ef203a5ee597693e62a0d260fe98a784dc1fcc7e208a2e46a44a434c391d,total,validation_loss.total,g05_sign_only,g05_full_reconstruction,1.0,32,charge_mae,42,primary,0.28712005043029787,0.2814513397216797,-0.005668710708618185,0.005668710708618185,39,38,0.9511835587024688,0.9530538766384125,adefc6a18cb3edf77175365ae5c38befb9c9c80ae6b3cfcf193c15b13940532f,e2a69d92338556b4c78aab8bbe7b99af010d47019de1b4566515d5bdd97cac02,True,Total selection includes global-sign loss only with observed G05 and nonzero global-sign weight.,positive means g05_full_reconstruction is better
8567ef203a5ee597693e62a0d260fe98a784dc1fcc7e208a2e46a44a434c391d,total,validation_loss.total,g05_sign_only,g05_full_reconstruction,1.0,32,global_invariant_charge_mae,42,primary,0.19939108657836915,0.19357981872558594,-0.005811267852783214,0.005811267852783214,39,38,0.9511835587024688,0.9530538766384125,adefc6a18cb3edf77175365ae5c38befb9c9c80ae6b3cfcf193c15b13940532f,e2a69d92338556b4c78aab8bbe7b99af010d47019de1b4566515d5bdd97cac02,True,Total selection includes global-sign loss only with observed G05 and nonzero global-sign weight.,positive means g05_full_reconstruction is better
