protocol_fingerprint,checkpoint_selection,selection_objective,model_a,model_b,g05_fraction,g05_count_per_sample,metric,seed,metric_role,value_a,value_b,delta_b_minus_a,improvement_b_over_a,selected_epoch_a,selected_epoch_b,selected_validation_loss_a,selected_validation_loss_b,run_fingerprint_a,run_fingerprint_b,global_sign_in_selection_objective,global_sign_metrics_note,improvement_definition
36b558cd20008a7327a4d38992ee67cad6ef17e0621dd994265441fddb5aa397,structure,validation_loss.structure,g05_sign_only,g05_full_reconstruction,0.0,0,position_mae_x,41,primary,0.4285323486328125,0.4285323486328125,0.0,-0.0,41,41,0.5871018548011779,0.5871018548011779,ff48179f8a97674d5d68c0509d3ced16c2f3b35d1abbfa1fd007ea5029d15945,b2f26f6d305f6126c930250bd7a9fdec1ddfaa4b6094214dff7cd71557fcd26d,False,Global-sign and absolute-sign metrics are secondary diagnostics: structure selection does not optimize global-sign performance; training still uses the unchanged total loss.,positive means g05_full_reconstruction is better
36b558cd20008a7327a4d38992ee67cad6ef17e0621dd994265441fddb5aa397,structure,validation_loss.structure,g05_sign_only,g05_full_reconstruction,0.0,0,position_mae_y,41,primary,0.43243793106079104,0.43243793106079104,0.0,-0.0,41,41,0.5871018548011779,0.5871018548011779,ff48179f8a97674d5d68c0509d3ced16c2f3b35d1abbfa1fd007ea5029d15945,b2f26f6d305f6126c930250bd7a9fdec1ddfaa4b6094214dff7cd71557fcd26d,False,Global-sign and absolute-sign metrics are secondary diagnostics: structure selection does not optimize global-sign performance; training still uses the unchanged total loss.,positive means g05_full_reconstruction is better
36b558cd20008a7327a4d38992ee67cad6ef17e0621dd994265441fddb5aa397,structure,validation_loss.structure,g05_sign_only,g05_full_reconstruction,0.0,0,position_mae_z,41,primary,0.21575339317321776,0.21575339317321776,0.0,-0.0,41,41,0.5871018548011779,0.5871018548011779,ff48179f8a97674d5d68c0509d3ced16c2f3b35d1abbfa1fd007ea5029d15945,b2f26f6d305f6126c930250bd7a9fdec1ddfaa4b6094214dff7cd71557fcd26d,False,Global-sign and absolute-sign metrics are secondary diagnostics: structure selection does not optimize global-sign performance; training still uses the unchanged total loss.,positive means g05_full_reconstruction is better
36b558cd20008a7327a4d38992ee67cad6ef17e0621dd994265441fddb5aa397,structure,validation_loss.structure,g05_sign_only,g05_full_reconstruction,0.0,0,mean_position_mae,41,primary,0.3589079093933105,0.3589079093933105,0.0,-0.0,41,41,0.5871018548011779,0.5871018548011779,ff48179f8a97674d5d68c0509d3ced16c2f3b35d1abbfa1fd007ea5029d15945,b2f26f6d305f6126c930250bd7a9fdec1ddfaa4b6094214dff7cd71557fcd26d,False,Global-sign and absolute-sign metrics are secondary diagnostics: structure selection does not optimize global-sign performance; training still uses the unchanged total loss.,positive means g05_full_reconstruction is better
36b558cd20008a7327a4d38992ee67cad6ef17e0621dd994265441fddb5aa397,structure,validation_loss.structure,g05_sign_only,g05_full_reconstruction,0.0,0,mean_position_3d_error,41,primary,0.7316809158325195,0.7316809158325195,0.0,-0.0,41,41,0.5871018548011779,0.5871018548011779,ff48179f8a97674d5d68c0509d3ced16c2f3b35d1abbfa1fd007ea5029d15945,b2f26f6d305f6126c930250bd7a9fdec1ddfaa4b6094214dff7cd71557fcd26d,False,Global-sign and absolute-sign metrics are secondary diagnostics: structure selection does not optimize global-sign performance; training still uses the unchanged total loss.,positive means g05_full_reconstruction is better
36b558cd20008a7327a4d38992ee67cad6ef17e0621dd994265441fddb5aa397,structure,validation_loss.structure,g05_sign_only,g05_full_reconstruction,0.0,0,charge_magnitude_mae,41,primary,0.15801284980773925,0.15801284980773925,0.0,-0.0,41,41,0.5871018548011779,0.5871018548011779,ff48179f8a97674d5d68c0509d3ced16c2f3b35d1abbfa1fd007ea5029d15945,b2f26f6d305f6126c930250bd7a9fdec1ddfaa4b6094214dff7cd71557fcd26d,False,Global-sign and absolute-sign metrics are secondary diagnostics: structure selection does not optimize global-sign performance; training still uses the unchanged total loss.,positive means g05_full_reconstruction is better
36b558cd20008a7327a4d38992ee67cad6ef17e0621dd994265441fddb5aa397,structure,validation_loss.structure,g05_sign_only,g05_full_reconstruction,0.0,0,relative_sign_accuracy,41,primary,0.9611999969482422,0.9611999969482422,0.0,0.0,41,41,0.5871018548011779,0.5871018548011779,ff48179f8a97674d5d68c0509d3ced16c2f3b35d1abbfa1fd007ea5029d15945,b2f26f6d305f6126c930250bd7a9fdec1ddfaa4b6094214dff7cd71557fcd26d,False,Global-sign and absolute-sign metrics are secondary diagnostics: structure selection does not optimize global-sign performance; training still uses the unchanged total loss.,positive means g05_full_reconstruction is better
36b558cd20008a7327a4d38992ee67cad6ef17e0621dd994265441fddb5aa397,structure,validation_loss.structure,g05_sign_only,g05_full_reconstruction,0.0,0,relative_configuration_accuracy,41,primary,0.915,0.915,0.0,0.0,41,41,0.5871018548011779,0.5871018548011779,ff48179f8a97674d5d68c0509d3ced16c2f3b35d1abbfa1fd007ea5029d15945,b2f26f6d305f6126c930250bd7a9fdec1ddfaa4b6094214dff7cd71557fcd26d,False,Global-sign and absolute-sign metrics are secondary diagnostics: structure selection does not optimize global-sign performance; training still uses the unchanged total loss.,positive means g05_full_reconstruction is better
36b558cd20008a7327a4d38992ee67cad6ef17e0621dd994265441fddb5aa397,structure,validation_loss.structure,g05_sign_only,g05_full_reconstruction,0.0,0,pairwise_relative_sign_accuracy,41,primary,0.9513999938964843,0.9513999938964843,0.0,0.0,41,41,0.5871018548011779,0.5871018548011779,ff48179f8a97674d5d68c0509d3ced16c2f3b35d1abbfa1fd007ea5029d15945,b2f26f6d305f6126c930250bd7a9fdec1ddfaa4b6094214dff7cd71557fcd26d,False,Global-sign and absolute-sign metrics are secondary diagnostics: structure selection does not optimize global-sign performance; training still uses the unchanged total loss.,positive means g05_full_reconstruction is better
36b558cd20008a7327a4d38992ee67cad6ef17e0621dd994265441fddb5aa397,structure,validation_loss.structure,g05_sign_only,g05_full_reconstruction,0.0,0,global_sign_accuracy,41,secondary,,,,,41,41,0.5871018548011779,0.5871018548011779,ff48179f8a97674d5d68c0509d3ced16c2f3b35d1abbfa1fd007ea5029d15945,b2f26f6d305f6126c930250bd7a9fdec1ddfaa4b6094214dff7cd71557fcd26d,False,Global-sign and absolute-sign metrics are secondary diagnostics: structure selection does not optimize global-sign performance; training still uses the unchanged total loss.,positive means g05_full_reconstruction is better
36b558cd20008a7327a4d38992ee67cad6ef17e0621dd994265441fddb5aa397,structure,validation_loss.structure,g05_sign_only,g05_full_reconstruction,0.0,0,global_sign_bce,41,secondary,,,,,41,41,0.5871018548011779,0.5871018548011779,ff48179f8a97674d5d68c0509d3ced16c2f3b35d1abbfa1fd007ea5029d15945,b2f26f6d305f6126c930250bd7a9fdec1ddfaa4b6094214dff7cd71557fcd26d,False,Global-sign and absolute-sign metrics are secondary diagnostics: structure selection does not optimize global-sign performance; training still uses the unchanged total loss.,positive means g05_full_reconstruction is better
36b558cd20008a7327a4d38992ee67cad6ef17e0621dd994265441fddb5aa397,structure,validation_loss.structure,g05_sign_only,g05_full_reconstruction,0.0,0,absolute_sign_accuracy,41,secondary,,,,,41,41,0.5871018548011779,0.5871018548011779,ff48179f8a97674d5d68c0509d3ced16c2f3b35d1abbfa1fd007ea5029d15945,b2f26f6d305f6126c930250bd7a9fdec1ddfaa4b6094214dff7cd71557fcd26d,False,Global-sign and absolute-sign metrics are secondary diagnostics: structure selection does not optimize global-sign performance; training still uses the unchanged total loss.,positive means g05_full_reconstruction is better
36b558cd20008a7327a4d38992ee67cad6ef17e0621dd994265441fddb5aa397,structure,validation_loss.structure,g05_sign_only,g05_full_reconstruction,0.0,0,absolute_sign_set_accuracy,41,secondary,,,,,41,41,0.5871018548011779,0.5871018548011779,ff48179f8a97674d5d68c0509d3ced16c2f3b35d1abbfa1fd007ea5029d15945,b2f26f6d305f6126c930250bd7a9fdec1ddfaa4b6094214dff7cd71557fcd26d,False,Global-sign and absolute-sign metrics are secondary diagnostics: structure selection does not optimize global-sign performance; training still uses the unchanged total loss.,positive means g05_full_reconstruction is better
36b558cd20008a7327a4d38992ee67cad6ef17e0621dd994265441fddb5aa397,structure,validation_loss.structure,g05_sign_only,g05_full_reconstruction,0.0,0,charge_mae,41,secondary,0.1924360237121582,0.1924360237121582,0.0,-0.0,41,41,0.5871018548011779,0.5871018548011779,ff48179f8a97674d5d68c0509d3ced16c2f3b35d1abbfa1fd007ea5029d15945,b2f26f6d305f6126c930250bd7a9fdec1ddfaa4b6094214dff7cd71557fcd26d,False,Global-sign and absolute-sign metrics are secondary diagnostics: structure selection does not optimize global-sign performance; training still uses the unchanged total loss.,positive means g05_full_reconstruction is better
36b558cd20008a7327a4d38992ee67cad6ef17e0621dd994265441fddb5aa397,structure,validation_loss.structure,g05_sign_only,g05_full_reconstruction,0.0,0,global_invariant_charge_mae,41,secondary,0.1924360237121582,0.1924360237121582,0.0,-0.0,41,41,0.5871018548011779,0.5871018548011779,ff48179f8a97674d5d68c0509d3ced16c2f3b35d1abbfa1fd007ea5029d15945,b2f26f6d305f6126c930250bd7a9fdec1ddfaa4b6094214dff7cd71557fcd26d,False,Global-sign and absolute-sign metrics are secondary diagnostics: structure selection does not optimize global-sign performance; training still uses the unchanged total loss.,positive means g05_full_reconstruction is better
36b558cd20008a7327a4d38992ee67cad6ef17e0621dd994265441fddb5aa397,structure,validation_loss.structure,g05_sign_only,g05_full_reconstruction,0.1,3,position_mae_x,41,primary,0.4285323486328125,0.42167914962768555,-0.006853199005126931,0.006853199005126931,41,40,0.5871018548011779,0.5715401134490967,421f8389bef7d448057d0b911992066999d71949227584e00cd7c54b203d4201,7249abb18d3a915a38130998fd20eee7f20ceefcb5b454eee167495e5587c78e,False,Global-sign and absolute-sign metrics are secondary diagnostics: structure selection does not optimize global-sign performance; training still uses the unchanged total loss.,positive means g05_full_reconstruction is better
36b558cd20008a7327a4d38992ee67cad6ef17e0621dd994265441fddb5aa397,structure,validation_loss.structure,g05_sign_only,g05_full_reconstruction,0.1,3,position_mae_y,41,primary,0.43243793106079104,0.41637903213500976,-0.016058898925781273,0.016058898925781273,41,40,0.5871018548011779,0.5715401134490967,421f8389bef7d448057d0b911992066999d71949227584e00cd7c54b203d4201,7249abb18d3a915a38130998fd20eee7f20ceefcb5b454eee167495e5587c78e,False,Global-sign and absolute-sign metrics are secondary diagnostics: structure selection does not optimize global-sign performance; training still uses the unchanged total loss.,positive means g05_full_reconstruction is better
36b558cd20008a7327a4d38992ee67cad6ef17e0621dd994265441fddb5aa397,structure,validation_loss.structure,g05_sign_only,g05_full_reconstruction,0.1,3,position_mae_z,41,primary,0.21575339317321776,0.21324550819396973,-0.0025078849792480318,0.0025078849792480318,41,40,0.5871018548011779,0.5715401134490967,421f8389bef7d448057d0b911992066999d71949227584e00cd7c54b203d4201,7249abb18d3a915a38130998fd20eee7f20ceefcb5b454eee167495e5587c78e,False,Global-sign and absolute-sign metrics are secondary diagnostics: structure selection does not optimize global-sign performance; training still uses the unchanged total loss.,positive means g05_full_reconstruction is better
36b558cd20008a7327a4d38992ee67cad6ef17e0621dd994265441fddb5aa397,structure,validation_loss.structure,g05_sign_only,g05_full_reconstruction,0.1,3,mean_position_mae,41,primary,0.3589079093933105,0.35043456268310547,-0.008473346710205054,0.008473346710205054,41,40,0.5871018548011779,0.5715401134490967,421f8389bef7d448057d0b911992066999d71949227584e00cd7c54b203d4201,7249abb18d3a915a38130998fd20eee7f20ceefcb5b454eee167495e5587c78e,False,Global-sign and absolute-sign metrics are secondary diagnostics: structure selection does not optimize global-sign performance; training still uses the unchanged total loss.,positive means g05_full_reconstruction is better
36b558cd20008a7327a4d38992ee67cad6ef17e0621dd994265441fddb5aa397,structure,validation_loss.structure,g05_sign_only,g05_full_reconstruction,0.1,3,mean_position_3d_error,41,primary,0.7316809158325195,0.7159569549560547,-0.01572396087646477,0.01572396087646477,41,40,0.5871018548011779,0.5715401134490967,421f8389bef7d448057d0b911992066999d71949227584e00cd7c54b203d4201,7249abb18d3a915a38130998fd20eee7f20ceefcb5b454eee167495e5587c78e,False,Global-sign and absolute-sign metrics are secondary diagnostics: structure selection does not optimize global-sign performance; training still uses the unchanged total loss.,positive means g05_full_reconstruction is better
36b558cd20008a7327a4d38992ee67cad6ef17e0621dd994265441fddb5aa397,structure,validation_loss.structure,g05_sign_only,g05_full_reconstruction,0.1,3,charge_magnitude_mae,41,primary,0.15801284980773925,0.15574353981018066,-0.0022693099975585884,0.0022693099975585884,41,40,0.5871018548011779,0.5715401134490967,421f8389bef7d448057d0b911992066999d71949227584e00cd7c54b203d4201,7249abb18d3a915a38130998fd20eee7f20ceefcb5b454eee167495e5587c78e,False,Global-sign and absolute-sign metrics are secondary diagnostics: structure selection does not optimize global-sign performance; training still uses the unchanged total loss.,positive means g05_full_reconstruction is better
36b558cd20008a7327a4d38992ee67cad6ef17e0621dd994265441fddb5aa397,structure,validation_loss.structure,g05_sign_only,g05_full_reconstruction,0.1,3,relative_sign_accuracy,41,primary,0.9611999969482422,0.9567999801635743,-0.004400016784667948,-0.004400016784667948,41,40,0.5871018548011779,0.5715401134490967,421f8389bef7d448057d0b911992066999d71949227584e00cd7c54b203d4201,7249abb18d3a915a38130998fd20eee7f20ceefcb5b454eee167495e5587c78e,False,Global-sign and absolute-sign metrics are secondary diagnostics: structure selection does not optimize global-sign performance; training still uses the unchanged total loss.,positive means g05_full_reconstruction is better
36b558cd20008a7327a4d38992ee67cad6ef17e0621dd994265441fddb5aa397,structure,validation_loss.structure,g05_sign_only,g05_full_reconstruction,0.1,3,relative_configuration_accuracy,41,primary,0.915,0.905,-0.010000000000000009,-0.010000000000000009,41,40,0.5871018548011779,0.5715401134490967,421f8389bef7d448057d0b911992066999d71949227584e00cd7c54b203d4201,7249abb18d3a915a38130998fd20eee7f20ceefcb5b454eee167495e5587c78e,False,Global-sign and absolute-sign metrics are secondary diagnostics: structure selection does not optimize global-sign performance; training still uses the unchanged total loss.,positive means g05_full_reconstruction is better
36b558cd20008a7327a4d38992ee67cad6ef17e0621dd994265441fddb5aa397,structure,validation_loss.structure,g05_sign_only,g05_full_reconstruction,0.1,3,pairwise_relative_sign_accuracy,41,primary,0.9513999938964843,0.9456000061035156,-0.005799987792968753,-0.005799987792968753,41,40,0.5871018548011779,0.5715401134490967,421f8389bef7d448057d0b911992066999d71949227584e00cd7c54b203d4201,7249abb18d3a915a38130998fd20eee7f20ceefcb5b454eee167495e5587c78e,False,Global-sign and absolute-sign metrics are secondary diagnostics: structure selection does not optimize global-sign performance; training still uses the unchanged total loss.,positive means g05_full_reconstruction is better
36b558cd20008a7327a4d38992ee67cad6ef17e0621dd994265441fddb5aa397,structure,validation_loss.structure,g05_sign_only,g05_full_reconstruction,0.1,3,global_sign_accuracy,41,secondary,0.836,0.847,0.01100000000000001,0.01100000000000001,41,40,0.5871018548011779,0.5715401134490967,421f8389bef7d448057d0b911992066999d71949227584e00cd7c54b203d4201,7249abb18d3a915a38130998fd20eee7f20ceefcb5b454eee167495e5587c78e,False,Global-sign and absolute-sign metrics are secondary diagnostics: structure selection does not optimize global-sign performance; training still uses the unchanged total loss.,positive means g05_full_reconstruction is better
36b558cd20008a7327a4d38992ee67cad6ef17e0621dd994265441fddb5aa397,structure,validation_loss.structure,g05_sign_only,g05_full_reconstruction,0.1,3,global_sign_bce,41,secondary,0.3783506622314453,0.36754202270507813,-0.01080863952636718,0.01080863952636718,41,40,0.5871018548011779,0.5715401134490967,421f8389bef7d448057d0b911992066999d71949227584e00cd7c54b203d4201,7249abb18d3a915a38130998fd20eee7f20ceefcb5b454eee167495e5587c78e,False,Global-sign and absolute-sign metrics are secondary diagnostics: structure selection does not optimize global-sign performance; training still uses the unchanged total loss.,positive means g05_full_reconstruction is better
36b558cd20008a7327a4d38992ee67cad6ef17e0621dd994265441fddb5aa397,structure,validation_loss.structure,g05_sign_only,g05_full_reconstruction,0.1,3,absolute_sign_accuracy,41,secondary,0.8571999969482422,0.8597999877929687,0.0025999908447265074,0.0025999908447265074,41,40,0.5871018548011779,0.5715401134490967,421f8389bef7d448057d0b911992066999d71949227584e00cd7c54b203d4201,7249abb18d3a915a38130998fd20eee7f20ceefcb5b454eee167495e5587c78e,False,Global-sign and absolute-sign metrics are secondary diagnostics: structure selection does not optimize global-sign performance; training still uses the unchanged total loss.,positive means g05_full_reconstruction is better
36b558cd20008a7327a4d38992ee67cad6ef17e0621dd994265441fddb5aa397,structure,validation_loss.structure,g05_sign_only,g05_full_reconstruction,0.1,3,absolute_sign_set_accuracy,41,secondary,0.818,0.816,-0.0020000000000000018,-0.0020000000000000018,41,40,0.5871018548011779,0.5715401134490967,421f8389bef7d448057d0b911992066999d71949227584e00cd7c54b203d4201,7249abb18d3a915a38130998fd20eee7f20ceefcb5b454eee167495e5587c78e,False,Global-sign and absolute-sign metrics are secondary diagnostics: structure selection does not optimize global-sign performance; training still uses the unchanged total loss.,positive means g05_full_reconstruction is better
36b558cd20008a7327a4d38992ee67cad6ef17e0621dd994265441fddb5aa397,structure,validation_loss.structure,g05_sign_only,g05_full_reconstruction,0.1,3,charge_mae,41,secondary,0.31602298736572265,0.3093794479370117,-0.006643539428710932,0.006643539428710932,41,40,0.5871018548011779,0.5715401134490967,421f8389bef7d448057d0b911992066999d71949227584e00cd7c54b203d4201,7249abb18d3a915a38130998fd20eee7f20ceefcb5b454eee167495e5587c78e,False,Global-sign and absolute-sign metrics are secondary diagnostics: structure selection does not optimize global-sign performance; training still uses the unchanged total loss.,positive means g05_full_reconstruction is better
36b558cd20008a7327a4d38992ee67cad6ef17e0621dd994265441fddb5aa397,structure,validation_loss.structure,g05_sign_only,g05_full_reconstruction,0.1,3,global_invariant_charge_mae,41,secondary,0.1924360237121582,0.19525428199768066,0.002818258285522457,-0.002818258285522457,41,40,0.5871018548011779,0.5715401134490967,421f8389bef7d448057d0b911992066999d71949227584e00cd7c54b203d4201,7249abb18d3a915a38130998fd20eee7f20ceefcb5b454eee167495e5587c78e,False,Global-sign and absolute-sign metrics are secondary diagnostics: structure selection does not optimize global-sign performance; training still uses the unchanged total loss.,positive means g05_full_reconstruction is better
36b558cd20008a7327a4d38992ee67cad6ef17e0621dd994265441fddb5aa397,structure,validation_loss.structure,g05_sign_only,g05_full_reconstruction,0.25,8,position_mae_x,41,primary,0.4285323486328125,0.42698179244995116,-0.001550556182861318,0.001550556182861318,41,37,0.5871018548011779,0.583974130153656,fae391c96c491616d72c7db02022da183262fe9381b5c74477eea1f5359086b4,de663562cf983468cf6f77bda44a6458a3315b6f63e6373dc8c076c14afb4b77,False,Global-sign and absolute-sign metrics are secondary diagnostics: structure selection does not optimize global-sign performance; training still uses the unchanged total loss.,positive means g05_full_reconstruction is better
36b558cd20008a7327a4d38992ee67cad6ef17e0621dd994265441fddb5aa397,structure,validation_loss.structure,g05_sign_only,g05_full_reconstruction,0.25,8,position_mae_y,41,primary,0.43243793106079104,0.4276433868408203,-0.00479454421997072,0.00479454421997072,41,37,0.5871018548011779,0.583974130153656,fae391c96c491616d72c7db02022da183262fe9381b5c74477eea1f5359086b4,de663562cf983468cf6f77bda44a6458a3315b6f63e6373dc8c076c14afb4b77,False,Global-sign and absolute-sign metrics are secondary diagnostics: structure selection does not optimize global-sign performance; training still uses the unchanged total loss.,positive means g05_full_reconstruction is better
36b558cd20008a7327a4d38992ee67cad6ef17e0621dd994265441fddb5aa397,structure,validation_loss.structure,g05_sign_only,g05_full_reconstruction,0.25,8,position_mae_z,41,primary,0.21575339317321776,0.21552751159667968,-0.0002258815765380784,0.0002258815765380784,41,37,0.5871018548011779,0.583974130153656,fae391c96c491616d72c7db02022da183262fe9381b5c74477eea1f5359086b4,de663562cf983468cf6f77bda44a6458a3315b6f63e6373dc8c076c14afb4b77,False,Global-sign and absolute-sign metrics are secondary diagnostics: structure selection does not optimize global-sign performance; training still uses the unchanged total loss.,positive means g05_full_reconstruction is better
36b558cd20008a7327a4d38992ee67cad6ef17e0621dd994265441fddb5aa397,structure,validation_loss.structure,g05_sign_only,g05_full_reconstruction,0.25,8,mean_position_mae,41,primary,0.3589079093933105,0.3567175750732422,-0.002190334320068321,0.002190334320068321,41,37,0.5871018548011779,0.583974130153656,fae391c96c491616d72c7db02022da183262fe9381b5c74477eea1f5359086b4,de663562cf983468cf6f77bda44a6458a3315b6f63e6373dc8c076c14afb4b77,False,Global-sign and absolute-sign metrics are secondary diagnostics: structure selection does not optimize global-sign performance; training still uses the unchanged total loss.,positive means g05_full_reconstruction is better
36b558cd20008a7327a4d38992ee67cad6ef17e0621dd994265441fddb5aa397,structure,validation_loss.structure,g05_sign_only,g05_full_reconstruction,0.25,8,mean_position_3d_error,41,primary,0.7316809158325195,0.727600196838379,-0.004080718994140531,0.004080718994140531,41,37,0.5871018548011779,0.583974130153656,fae391c96c491616d72c7db02022da183262fe9381b5c74477eea1f5359086b4,de663562cf983468cf6f77bda44a6458a3315b6f63e6373dc8c076c14afb4b77,False,Global-sign and absolute-sign metrics are secondary diagnostics: structure selection does not optimize global-sign performance; training still uses the unchanged total loss.,positive means g05_full_reconstruction is better
36b558cd20008a7327a4d38992ee67cad6ef17e0621dd994265441fddb5aa397,structure,validation_loss.structure,g05_sign_only,g05_full_reconstruction,0.25,8,charge_magnitude_mae,41,primary,0.15801284980773925,0.15645231246948244,-0.0015605373382568122,0.0015605373382568122,41,37,0.5871018548011779,0.583974130153656,fae391c96c491616d72c7db02022da183262fe9381b5c74477eea1f5359086b4,de663562cf983468cf6f77bda44a6458a3315b6f63e6373dc8c076c14afb4b77,False,Global-sign and absolute-sign metrics are secondary diagnostics: structure selection does not optimize global-sign performance; training still uses the unchanged total loss.,positive means g05_full_reconstruction is better
36b558cd20008a7327a4d38992ee67cad6ef17e0621dd994265441fddb5aa397,structure,validation_loss.structure,g05_sign_only,g05_full_reconstruction,0.25,8,relative_sign_accuracy,41,primary,0.9611999969482422,0.9583999938964843,-0.002800003051757871,-0.002800003051757871,41,37,0.5871018548011779,0.583974130153656,fae391c96c491616d72c7db02022da183262fe9381b5c74477eea1f5359086b4,de663562cf983468cf6f77bda44a6458a3315b6f63e6373dc8c076c14afb4b77,False,Global-sign and absolute-sign metrics are secondary diagnostics: structure selection does not optimize global-sign performance; training still uses the unchanged total loss.,positive means g05_full_reconstruction is better
36b558cd20008a7327a4d38992ee67cad6ef17e0621dd994265441fddb5aa397,structure,validation_loss.structure,g05_sign_only,g05_full_reconstruction,0.25,8,relative_configuration_accuracy,41,primary,0.915,0.909,-0.006000000000000005,-0.006000000000000005,41,37,0.5871018548011779,0.583974130153656,fae391c96c491616d72c7db02022da183262fe9381b5c74477eea1f5359086b4,de663562cf983468cf6f77bda44a6458a3315b6f63e6373dc8c076c14afb4b77,False,Global-sign and absolute-sign metrics are secondary diagnostics: structure selection does not optimize global-sign performance; training still uses the unchanged total loss.,positive means g05_full_reconstruction is better
36b558cd20008a7327a4d38992ee67cad6ef17e0621dd994265441fddb5aa397,structure,validation_loss.structure,g05_sign_only,g05_full_reconstruction,0.25,8,pairwise_relative_sign_accuracy,41,primary,0.9513999938964843,0.9479999847412109,-0.003400009155273387,-0.003400009155273387,41,37,0.5871018548011779,0.583974130153656,fae391c96c491616d72c7db02022da183262fe9381b5c74477eea1f5359086b4,de663562cf983468cf6f77bda44a6458a3315b6f63e6373dc8c076c14afb4b77,False,Global-sign and absolute-sign metrics are secondary diagnostics: structure selection does not optimize global-sign performance; training still uses the unchanged total loss.,positive means g05_full_reconstruction is better
36b558cd20008a7327a4d38992ee67cad6ef17e0621dd994265441fddb5aa397,structure,validation_loss.structure,g05_sign_only,g05_full_reconstruction,0.25,8,global_sign_accuracy,41,secondary,0.864,0.86,-0.0040000000000000036,-0.0040000000000000036,41,37,0.5871018548011779,0.583974130153656,fae391c96c491616d72c7db02022da183262fe9381b5c74477eea1f5359086b4,de663562cf983468cf6f77bda44a6458a3315b6f63e6373dc8c076c14afb4b77,False,Global-sign and absolute-sign metrics are secondary diagnostics: structure selection does not optimize global-sign performance; training still uses the unchanged total loss.,positive means g05_full_reconstruction is better
36b558cd20008a7327a4d38992ee67cad6ef17e0621dd994265441fddb5aa397,structure,validation_loss.structure,g05_sign_only,g05_full_reconstruction,0.25,8,global_sign_bce,41,secondary,0.35664900588989257,0.34938530731201173,-0.007263698577880839,0.007263698577880839,41,37,0.5871018548011779,0.583974130153656,fae391c96c491616d72c7db02022da183262fe9381b5c74477eea1f5359086b4,de663562cf983468cf6f77bda44a6458a3315b6f63e6373dc8c076c14afb4b77,False,Global-sign and absolute-sign metrics are secondary diagnostics: structure selection does not optimize global-sign performance; training still uses the unchanged total loss.,positive means g05_full_reconstruction is better
36b558cd20008a7327a4d38992ee67cad6ef17e0621dd994265441fddb5aa397,structure,validation_loss.structure,g05_sign_only,g05_full_reconstruction,0.25,8,absolute_sign_accuracy,41,secondary,0.8867999877929688,0.8767999877929687,-0.010000000000000009,-0.010000000000000009,41,37,0.5871018548011779,0.583974130153656,fae391c96c491616d72c7db02022da183262fe9381b5c74477eea1f5359086b4,de663562cf983468cf6f77bda44a6458a3315b6f63e6373dc8c076c14afb4b77,False,Global-sign and absolute-sign metrics are secondary diagnostics: structure selection does not optimize global-sign performance; training still uses the unchanged total loss.,positive means g05_full_reconstruction is better
36b558cd20008a7327a4d38992ee67cad6ef17e0621dd994265441fddb5aa397,structure,validation_loss.structure,g05_sign_only,g05_full_reconstruction,0.25,8,absolute_sign_set_accuracy,41,secondary,0.847,0.833,-0.014000000000000012,-0.014000000000000012,41,37,0.5871018548011779,0.583974130153656,fae391c96c491616d72c7db02022da183262fe9381b5c74477eea1f5359086b4,de663562cf983468cf6f77bda44a6458a3315b6f63e6373dc8c076c14afb4b77,False,Global-sign and absolute-sign metrics are secondary diagnostics: structure selection does not optimize global-sign performance; training still uses the unchanged total loss.,positive means g05_full_reconstruction is better
36b558cd20008a7327a4d38992ee67cad6ef17e0621dd994265441fddb5aa397,structure,validation_loss.structure,g05_sign_only,g05_full_reconstruction,0.25,8,charge_mae,41,secondary,0.28195250511169434,0.29185539627075197,0.009902891159057625,-0.009902891159057625,41,37,0.5871018548011779,0.583974130153656,fae391c96c491616d72c7db02022da183262fe9381b5c74477eea1f5359086b4,de663562cf983468cf6f77bda44a6458a3315b6f63e6373dc8c076c14afb4b77,False,Global-sign and absolute-sign metrics are secondary diagnostics: structure selection does not optimize global-sign performance; training still uses the unchanged total loss.,positive means g05_full_reconstruction is better
36b558cd20008a7327a4d38992ee67cad6ef17e0621dd994265441fddb5aa397,structure,validation_loss.structure,g05_sign_only,g05_full_reconstruction,0.25,8,global_invariant_charge_mae,41,secondary,0.1924360237121582,0.19441993522644044,0.0019839115142822328,-0.0019839115142822328,41,37,0.5871018548011779,0.583974130153656,fae391c96c491616d72c7db02022da183262fe9381b5c74477eea1f5359086b4,de663562cf983468cf6f77bda44a6458a3315b6f63e6373dc8c076c14afb4b77,False,Global-sign and absolute-sign metrics are secondary diagnostics: structure selection does not optimize global-sign performance; training still uses the unchanged total loss.,positive means g05_full_reconstruction is better
36b558cd20008a7327a4d38992ee67cad6ef17e0621dd994265441fddb5aa397,structure,validation_loss.structure,g05_sign_only,g05_full_reconstruction,0.5,16,position_mae_x,41,primary,0.4285323486328125,0.4296790542602539,0.0011467056274414023,-0.0011467056274414023,41,41,0.5871018548011779,0.5793865365982056,2b11687ea84bb4063570327b264186b59e48e21eac34c560a29d2f299c2cd181,7e568cf9b973c2a79ae7c802e1ec33569591895d7ae5766b93a726a8d1f51d11,False,Global-sign and absolute-sign metrics are secondary diagnostics: structure selection does not optimize global-sign performance; training still uses the unchanged total loss.,positive means g05_full_reconstruction is better
36b558cd20008a7327a4d38992ee67cad6ef17e0621dd994265441fddb5aa397,structure,validation_loss.structure,g05_sign_only,g05_full_reconstruction,0.5,16,position_mae_y,41,primary,0.43243793106079104,0.4181793594360352,-0.014258571624755856,0.014258571624755856,41,41,0.5871018548011779,0.5793865365982056,2b11687ea84bb4063570327b264186b59e48e21eac34c560a29d2f299c2cd181,7e568cf9b973c2a79ae7c802e1ec33569591895d7ae5766b93a726a8d1f51d11,False,Global-sign and absolute-sign metrics are secondary diagnostics: structure selection does not optimize global-sign performance; training still uses the unchanged total loss.,positive means g05_full_reconstruction is better
36b558cd20008a7327a4d38992ee67cad6ef17e0621dd994265441fddb5aa397,structure,validation_loss.structure,g05_sign_only,g05_full_reconstruction,0.5,16,position_mae_z,41,primary,0.21575339317321776,0.21594023704528809,0.0001868438720703247,-0.0001868438720703247,41,41,0.5871018548011779,0.5793865365982056,2b11687ea84bb4063570327b264186b59e48e21eac34c560a29d2f299c2cd181,7e568cf9b973c2a79ae7c802e1ec33569591895d7ae5766b93a726a8d1f51d11,False,Global-sign and absolute-sign metrics are secondary diagnostics: structure selection does not optimize global-sign performance; training still uses the unchanged total loss.,positive means g05_full_reconstruction is better
36b558cd20008a7327a4d38992ee67cad6ef17e0621dd994265441fddb5aa397,structure,validation_loss.structure,g05_sign_only,g05_full_reconstruction,0.5,16,mean_position_mae,41,primary,0.3589079093933105,0.35459955596923826,-0.004308353424072264,0.004308353424072264,41,41,0.5871018548011779,0.5793865365982056,2b11687ea84bb4063570327b264186b59e48e21eac34c560a29d2f299c2cd181,7e568cf9b973c2a79ae7c802e1ec33569591895d7ae5766b93a726a8d1f51d11,False,Global-sign and absolute-sign metrics are secondary diagnostics: structure selection does not optimize global-sign performance; training still uses the unchanged total loss.,positive means g05_full_reconstruction is better
36b558cd20008a7327a4d38992ee67cad6ef17e0621dd994265441fddb5aa397,structure,validation_loss.structure,g05_sign_only,g05_full_reconstruction,0.5,16,mean_position_3d_error,41,primary,0.7316809158325195,0.7214263534545898,-0.010254562377929655,0.010254562377929655,41,41,0.5871018548011779,0.5793865365982056,2b11687ea84bb4063570327b264186b59e48e21eac34c560a29d2f299c2cd181,7e568cf9b973c2a79ae7c802e1ec33569591895d7ae5766b93a726a8d1f51d11,False,Global-sign and absolute-sign metrics are secondary diagnostics: structure selection does not optimize global-sign performance; training still uses the unchanged total loss.,positive means g05_full_reconstruction is better
36b558cd20008a7327a4d38992ee67cad6ef17e0621dd994265441fddb5aa397,structure,validation_loss.structure,g05_sign_only,g05_full_reconstruction,0.5,16,charge_magnitude_mae,41,primary,0.15801284980773925,0.15564853477478027,-0.0023643150329589746,0.0023643150329589746,41,41,0.5871018548011779,0.5793865365982056,2b11687ea84bb4063570327b264186b59e48e21eac34c560a29d2f299c2cd181,7e568cf9b973c2a79ae7c802e1ec33569591895d7ae5766b93a726a8d1f51d11,False,Global-sign and absolute-sign metrics are secondary diagnostics: structure selection does not optimize global-sign performance; training still uses the unchanged total loss.,positive means g05_full_reconstruction is better
36b558cd20008a7327a4d38992ee67cad6ef17e0621dd994265441fddb5aa397,structure,validation_loss.structure,g05_sign_only,g05_full_reconstruction,0.5,16,relative_sign_accuracy,41,primary,0.9611999969482422,0.9599999923706055,-0.001200004577636693,-0.001200004577636693,41,41,0.5871018548011779,0.5793865365982056,2b11687ea84bb4063570327b264186b59e48e21eac34c560a29d2f299c2cd181,7e568cf9b973c2a79ae7c802e1ec33569591895d7ae5766b93a726a8d1f51d11,False,Global-sign and absolute-sign metrics are secondary diagnostics: structure selection does not optimize global-sign performance; training still uses the unchanged total loss.,positive means g05_full_reconstruction is better
36b558cd20008a7327a4d38992ee67cad6ef17e0621dd994265441fddb5aa397,structure,validation_loss.structure,g05_sign_only,g05_full_reconstruction,0.5,16,relative_configuration_accuracy,41,primary,0.915,0.91,-0.0050000000000000044,-0.0050000000000000044,41,41,0.5871018548011779,0.5793865365982056,2b11687ea84bb4063570327b264186b59e48e21eac34c560a29d2f299c2cd181,7e568cf9b973c2a79ae7c802e1ec33569591895d7ae5766b93a726a8d1f51d11,False,Global-sign and absolute-sign metrics are secondary diagnostics: structure selection does not optimize global-sign performance; training still uses the unchanged total loss.,positive means g05_full_reconstruction is better
36b558cd20008a7327a4d38992ee67cad6ef17e0621dd994265441fddb5aa397,structure,validation_loss.structure,g05_sign_only,g05_full_reconstruction,0.5,16,pairwise_relative_sign_accuracy,41,primary,0.9513999938964843,0.9480000076293945,-0.003399986267089816,-0.003399986267089816,41,41,0.5871018548011779,0.5793865365982056,2b11687ea84bb4063570327b264186b59e48e21eac34c560a29d2f299c2cd181,7e568cf9b973c2a79ae7c802e1ec33569591895d7ae5766b93a726a8d1f51d11,False,Global-sign and absolute-sign metrics are secondary diagnostics: structure selection does not optimize global-sign performance; training still uses the unchanged total loss.,positive means g05_full_reconstruction is better
36b558cd20008a7327a4d38992ee67cad6ef17e0621dd994265441fddb5aa397,structure,validation_loss.structure,g05_sign_only,g05_full_reconstruction,0.5,16,global_sign_accuracy,41,secondary,0.857,0.859,0.0020000000000000018,0.0020000000000000018,41,41,0.5871018548011779,0.5793865365982056,2b11687ea84bb4063570327b264186b59e48e21eac34c560a29d2f299c2cd181,7e568cf9b973c2a79ae7c802e1ec33569591895d7ae5766b93a726a8d1f51d11,False,Global-sign and absolute-sign metrics are secondary diagnostics: structure selection does not optimize global-sign performance; training still uses the unchanged total loss.,positive means g05_full_reconstruction is better
36b558cd20008a7327a4d38992ee67cad6ef17e0621dd994265441fddb5aa397,structure,validation_loss.structure,g05_sign_only,g05_full_reconstruction,0.5,16,global_sign_bce,41,secondary,0.3497740669250488,0.34684923934936523,-0.002924827575683575,0.002924827575683575,41,41,0.5871018548011779,0.5793865365982056,2b11687ea84bb4063570327b264186b59e48e21eac34c560a29d2f299c2cd181,7e568cf9b973c2a79ae7c802e1ec33569591895d7ae5766b93a726a8d1f51d11,False,Global-sign and absolute-sign metrics are secondary diagnostics: structure selection does not optimize global-sign performance; training still uses the unchanged total loss.,positive means g05_full_reconstruction is better
36b558cd20008a7327a4d38992ee67cad6ef17e0621dd994265441fddb5aa397,structure,validation_loss.structure,g05_sign_only,g05_full_reconstruction,0.5,16,absolute_sign_accuracy,41,secondary,0.8773999938964844,0.875000015258789,-0.002399978637695366,-0.002399978637695366,41,41,0.5871018548011779,0.5793865365982056,2b11687ea84bb4063570327b264186b59e48e21eac34c560a29d2f299c2cd181,7e568cf9b973c2a79ae7c802e1ec33569591895d7ae5766b93a726a8d1f51d11,False,Global-sign and absolute-sign metrics are secondary diagnostics: structure selection does not optimize global-sign performance; training still uses the unchanged total loss.,positive means g05_full_reconstruction is better
36b558cd20008a7327a4d38992ee67cad6ef17e0621dd994265441fddb5aa397,structure,validation_loss.structure,g05_sign_only,g05_full_reconstruction,0.5,16,absolute_sign_set_accuracy,41,secondary,0.838,0.833,-0.0050000000000000044,-0.0050000000000000044,41,41,0.5871018548011779,0.5793865365982056,2b11687ea84bb4063570327b264186b59e48e21eac34c560a29d2f299c2cd181,7e568cf9b973c2a79ae7c802e1ec33569591895d7ae5766b93a726a8d1f51d11,False,Global-sign and absolute-sign metrics are secondary diagnostics: structure selection does not optimize global-sign performance; training still uses the unchanged total loss.,positive means g05_full_reconstruction is better
36b558cd20008a7327a4d38992ee67cad6ef17e0621dd994265441fddb5aa397,structure,validation_loss.structure,g05_sign_only,g05_full_reconstruction,0.5,16,charge_mae,41,secondary,0.2927198753356934,0.29507210540771484,0.002352230072021455,-0.002352230072021455,41,41,0.5871018548011779,0.5793865365982056,2b11687ea84bb4063570327b264186b59e48e21eac34c560a29d2f299c2cd181,7e568cf9b973c2a79ae7c802e1ec33569591895d7ae5766b93a726a8d1f51d11,False,Global-sign and absolute-sign metrics are secondary diagnostics: structure selection does not optimize global-sign performance; training still uses the unchanged total loss.,positive means g05_full_reconstruction is better
36b558cd20008a7327a4d38992ee67cad6ef17e0621dd994265441fddb5aa397,structure,validation_loss.structure,g05_sign_only,g05_full_reconstruction,0.5,16,global_invariant_charge_mae,41,secondary,0.1924360237121582,0.1932273063659668,0.0007912826538085949,-0.0007912826538085949,41,41,0.5871018548011779,0.5793865365982056,2b11687ea84bb4063570327b264186b59e48e21eac34c560a29d2f299c2cd181,7e568cf9b973c2a79ae7c802e1ec33569591895d7ae5766b93a726a8d1f51d11,False,Global-sign and absolute-sign metrics are secondary diagnostics: structure selection does not optimize global-sign performance; training still uses the unchanged total loss.,positive means g05_full_reconstruction is better
36b558cd20008a7327a4d38992ee67cad6ef17e0621dd994265441fddb5aa397,structure,validation_loss.structure,g05_sign_only,g05_full_reconstruction,0.75,24,position_mae_x,41,primary,0.4285323486328125,0.42959659957885743,0.0010642509460449534,-0.0010642509460449534,41,40,0.5871018548011779,0.5731584792137145,ca088f12f469b4fd0056cff47aeb99a7bf81ef72f3b63bd05319eb59c379a5f5,83c66bcf4070df873c746d2ea4fd066d7358e236cd1b56cc05a093f104da482d,False,Global-sign and absolute-sign metrics are secondary diagnostics: structure selection does not optimize global-sign performance; training still uses the unchanged total loss.,positive means g05_full_reconstruction is better
36b558cd20008a7327a4d38992ee67cad6ef17e0621dd994265441fddb5aa397,structure,validation_loss.structure,g05_sign_only,g05_full_reconstruction,0.75,24,position_mae_y,41,primary,0.43243793106079104,0.423803581237793,-0.008634349822998044,0.008634349822998044,41,40,0.5871018548011779,0.5731584792137145,ca088f12f469b4fd0056cff47aeb99a7bf81ef72f3b63bd05319eb59c379a5f5,83c66bcf4070df873c746d2ea4fd066d7358e236cd1b56cc05a093f104da482d,False,Global-sign and absolute-sign metrics are secondary diagnostics: structure selection does not optimize global-sign performance; training still uses the unchanged total loss.,positive means g05_full_reconstruction is better
36b558cd20008a7327a4d38992ee67cad6ef17e0621dd994265441fddb5aa397,structure,validation_loss.structure,g05_sign_only,g05_full_reconstruction,0.75,24,position_mae_z,41,primary,0.21575339317321776,0.2144877529144287,-0.001265640258789058,0.001265640258789058,41,40,0.5871018548011779,0.5731584792137145,ca088f12f469b4fd0056cff47aeb99a7bf81ef72f3b63bd05319eb59c379a5f5,83c66bcf4070df873c746d2ea4fd066d7358e236cd1b56cc05a093f104da482d,False,Global-sign and absolute-sign metrics are secondary diagnostics: structure selection does not optimize global-sign performance; training still uses the unchanged total loss.,positive means g05_full_reconstruction is better
36b558cd20008a7327a4d38992ee67cad6ef17e0621dd994265441fddb5aa397,structure,validation_loss.structure,g05_sign_only,g05_full_reconstruction,0.75,24,mean_position_mae,41,primary,0.3589079093933105,0.3559626579284668,-0.002945251464843701,0.002945251464843701,41,40,0.5871018548011779,0.5731584792137145,ca088f12f469b4fd0056cff47aeb99a7bf81ef72f3b63bd05319eb59c379a5f5,83c66bcf4070df873c746d2ea4fd066d7358e236cd1b56cc05a093f104da482d,False,Global-sign and absolute-sign metrics are secondary diagnostics: structure selection does not optimize global-sign performance; training still uses the unchanged total loss.,positive means g05_full_reconstruction is better
36b558cd20008a7327a4d38992ee67cad6ef17e0621dd994265441fddb5aa397,structure,validation_loss.structure,g05_sign_only,g05_full_reconstruction,0.75,24,mean_position_3d_error,41,primary,0.7316809158325195,0.7248392791748047,-0.006841636657714756,0.006841636657714756,41,40,0.5871018548011779,0.5731584792137145,ca088f12f469b4fd0056cff47aeb99a7bf81ef72f3b63bd05319eb59c379a5f5,83c66bcf4070df873c746d2ea4fd066d7358e236cd1b56cc05a093f104da482d,False,Global-sign and absolute-sign metrics are secondary diagnostics: structure selection does not optimize global-sign performance; training still uses the unchanged total loss.,positive means g05_full_reconstruction is better
36b558cd20008a7327a4d38992ee67cad6ef17e0621dd994265441fddb5aa397,structure,validation_loss.structure,g05_sign_only,g05_full_reconstruction,0.75,24,charge_magnitude_mae,41,primary,0.15801284980773925,0.1545030632019043,-0.0035097866058349525,0.0035097866058349525,41,40,0.5871018548011779,0.5731584792137145,ca088f12f469b4fd0056cff47aeb99a7bf81ef72f3b63bd05319eb59c379a5f5,83c66bcf4070df873c746d2ea4fd066d7358e236cd1b56cc05a093f104da482d,False,Global-sign and absolute-sign metrics are secondary diagnostics: structure selection does not optimize global-sign performance; training still uses the unchanged total loss.,positive means g05_full_reconstruction is better
36b558cd20008a7327a4d38992ee67cad6ef17e0621dd994265441fddb5aa397,structure,validation_loss.structure,g05_sign_only,g05_full_reconstruction,0.75,24,relative_sign_accuracy,41,primary,0.9611999969482422,0.9588000106811524,-0.0023999862670898153,-0.0023999862670898153,41,40,0.5871018548011779,0.5731584792137145,ca088f12f469b4fd0056cff47aeb99a7bf81ef72f3b63bd05319eb59c379a5f5,83c66bcf4070df873c746d2ea4fd066d7358e236cd1b56cc05a093f104da482d,False,Global-sign and absolute-sign metrics are secondary diagnostics: structure selection does not optimize global-sign performance; training still uses the unchanged total loss.,positive means g05_full_reconstruction is better
36b558cd20008a7327a4d38992ee67cad6ef17e0621dd994265441fddb5aa397,structure,validation_loss.structure,g05_sign_only,g05_full_reconstruction,0.75,24,relative_configuration_accuracy,41,primary,0.915,0.909,-0.006000000000000005,-0.006000000000000005,41,40,0.5871018548011779,0.5731584792137145,ca088f12f469b4fd0056cff47aeb99a7bf81ef72f3b63bd05319eb59c379a5f5,83c66bcf4070df873c746d2ea4fd066d7358e236cd1b56cc05a093f104da482d,False,Global-sign and absolute-sign metrics are secondary diagnostics: structure selection does not optimize global-sign performance; training still uses the unchanged total loss.,positive means g05_full_reconstruction is better
36b558cd20008a7327a4d38992ee67cad6ef17e0621dd994265441fddb5aa397,structure,validation_loss.structure,g05_sign_only,g05_full_reconstruction,0.75,24,pairwise_relative_sign_accuracy,41,primary,0.9513999938964843,0.9477999877929687,-0.0036000061035156294,-0.0036000061035156294,41,40,0.5871018548011779,0.5731584792137145,ca088f12f469b4fd0056cff47aeb99a7bf81ef72f3b63bd05319eb59c379a5f5,83c66bcf4070df873c746d2ea4fd066d7358e236cd1b56cc05a093f104da482d,False,Global-sign and absolute-sign metrics are secondary diagnostics: structure selection does not optimize global-sign performance; training still uses the unchanged total loss.,positive means g05_full_reconstruction is better
36b558cd20008a7327a4d38992ee67cad6ef17e0621dd994265441fddb5aa397,structure,validation_loss.structure,g05_sign_only,g05_full_reconstruction,0.75,24,global_sign_accuracy,41,secondary,0.864,0.857,-0.007000000000000006,-0.007000000000000006,41,40,0.5871018548011779,0.5731584792137145,ca088f12f469b4fd0056cff47aeb99a7bf81ef72f3b63bd05319eb59c379a5f5,83c66bcf4070df873c746d2ea4fd066d7358e236cd1b56cc05a093f104da482d,False,Global-sign and absolute-sign metrics are secondary diagnostics: structure selection does not optimize global-sign performance; training still uses the unchanged total loss.,positive means g05_full_reconstruction is better
36b558cd20008a7327a4d38992ee67cad6ef17e0621dd994265441fddb5aa397,structure,validation_loss.structure,g05_sign_only,g05_full_reconstruction,0.75,24,global_sign_bce,41,secondary,0.3464077682495117,0.3561869659423828,0.009779197692871111,-0.009779197692871111,41,40,0.5871018548011779,0.5731584792137145,ca088f12f469b4fd0056cff47aeb99a7bf81ef72f3b63bd05319eb59c379a5f5,83c66bcf4070df873c746d2ea4fd066d7358e236cd1b56cc05a093f104da482d,False,Global-sign and absolute-sign metrics are secondary diagnostics: structure selection does not optimize global-sign performance; training still uses the unchanged total loss.,positive means g05_full_reconstruction is better
36b558cd20008a7327a4d38992ee67cad6ef17e0621dd994265441fddb5aa397,structure,validation_loss.structure,g05_sign_only,g05_full_reconstruction,0.75,24,absolute_sign_accuracy,41,secondary,0.8851999893188477,0.8685999984741211,-0.01659999084472663,-0.01659999084472663,41,40,0.5871018548011779,0.5731584792137145,ca088f12f469b4fd0056cff47aeb99a7bf81ef72f3b63bd05319eb59c379a5f5,83c66bcf4070df873c746d2ea4fd066d7358e236cd1b56cc05a093f104da482d,False,Global-sign and absolute-sign metrics are secondary diagnostics: structure selection does not optimize global-sign performance; training still uses the unchanged total loss.,positive means g05_full_reconstruction is better
36b558cd20008a7327a4d38992ee67cad6ef17e0621dd994265441fddb5aa397,structure,validation_loss.structure,g05_sign_only,g05_full_reconstruction,0.75,24,absolute_sign_set_accuracy,41,secondary,0.846,0.827,-0.019000000000000017,-0.019000000000000017,41,40,0.5871018548011779,0.5731584792137145,ca088f12f469b4fd0056cff47aeb99a7bf81ef72f3b63bd05319eb59c379a5f5,83c66bcf4070df873c746d2ea4fd066d7358e236cd1b56cc05a093f104da482d,False,Global-sign and absolute-sign metrics are secondary diagnostics: structure selection does not optimize global-sign performance; training still uses the unchanged total loss.,positive means g05_full_reconstruction is better
36b558cd20008a7327a4d38992ee67cad6ef17e0621dd994265441fddb5aa397,structure,validation_loss.structure,g05_sign_only,g05_full_reconstruction,0.75,24,charge_mae,41,secondary,0.283816162109375,0.3007978477478027,0.016981685638427724,-0.016981685638427724,41,40,0.5871018548011779,0.5731584792137145,ca088f12f469b4fd0056cff47aeb99a7bf81ef72f3b63bd05319eb59c379a5f5,83c66bcf4070df873c746d2ea4fd066d7358e236cd1b56cc05a093f104da482d,False,Global-sign and absolute-sign metrics are secondary diagnostics: structure selection does not optimize global-sign performance; training still uses the unchanged total loss.,positive means g05_full_reconstruction is better
36b558cd20008a7327a4d38992ee67cad6ef17e0621dd994265441fddb5aa397,structure,validation_loss.structure,g05_sign_only,g05_full_reconstruction,0.75,24,global_invariant_charge_mae,41,secondary,0.1924360237121582,0.1925822353363037,0.0001462116241454925,-0.0001462116241454925,41,40,0.5871018548011779,0.5731584792137145,ca088f12f469b4fd0056cff47aeb99a7bf81ef72f3b63bd05319eb59c379a5f5,83c66bcf4070df873c746d2ea4fd066d7358e236cd1b56cc05a093f104da482d,False,Global-sign and absolute-sign metrics are secondary diagnostics: structure selection does not optimize global-sign performance; training still uses the unchanged total loss.,positive means g05_full_reconstruction is better
36b558cd20008a7327a4d38992ee67cad6ef17e0621dd994265441fddb5aa397,structure,validation_loss.structure,g05_sign_only,g05_full_reconstruction,1.0,32,position_mae_x,41,primary,0.4285323486328125,0.4217759475708008,-0.0067564010620116965,0.0067564010620116965,41,46,0.5871018548011779,0.5755271415710449,3ed7f29774792be21a4e18019e6c858f294bef115b4e7627b39c4e2dd835af04,bd0d5e9687ff8a0fda63eceae95b3282122a62cc013f58f8afd2077441d741a8,False,Global-sign and absolute-sign metrics are secondary diagnostics: structure selection does not optimize global-sign performance; training still uses the unchanged total loss.,positive means g05_full_reconstruction is better
36b558cd20008a7327a4d38992ee67cad6ef17e0621dd994265441fddb5aa397,structure,validation_loss.structure,g05_sign_only,g05_full_reconstruction,1.0,32,position_mae_y,41,primary,0.43243793106079104,0.4128770408630371,-0.019560890197753922,0.019560890197753922,41,46,0.5871018548011779,0.5755271415710449,3ed7f29774792be21a4e18019e6c858f294bef115b4e7627b39c4e2dd835af04,bd0d5e9687ff8a0fda63eceae95b3282122a62cc013f58f8afd2077441d741a8,False,Global-sign and absolute-sign metrics are secondary diagnostics: structure selection does not optimize global-sign performance; training still uses the unchanged total loss.,positive means g05_full_reconstruction is better
36b558cd20008a7327a4d38992ee67cad6ef17e0621dd994265441fddb5aa397,structure,validation_loss.structure,g05_sign_only,g05_full_reconstruction,1.0,32,position_mae_z,41,primary,0.21575339317321776,0.21169460105895996,-0.004058792114257803,0.004058792114257803,41,46,0.5871018548011779,0.5755271415710449,3ed7f29774792be21a4e18019e6c858f294bef115b4e7627b39c4e2dd835af04,bd0d5e9687ff8a0fda63eceae95b3282122a62cc013f58f8afd2077441d741a8,False,Global-sign and absolute-sign metrics are secondary diagnostics: structure selection does not optimize global-sign performance; training still uses the unchanged total loss.,positive means g05_full_reconstruction is better
36b558cd20008a7327a4d38992ee67cad6ef17e0621dd994265441fddb5aa397,structure,validation_loss.structure,g05_sign_only,g05_full_reconstruction,1.0,32,mean_position_mae,41,primary,0.3589079093933105,0.34878254318237306,-0.010125366210937459,0.010125366210937459,41,46,0.5871018548011779,0.5755271415710449,3ed7f29774792be21a4e18019e6c858f294bef115b4e7627b39c4e2dd835af04,bd0d5e9687ff8a0fda63eceae95b3282122a62cc013f58f8afd2077441d741a8,False,Global-sign and absolute-sign metrics are secondary diagnostics: structure selection does not optimize global-sign performance; training still uses the unchanged total loss.,positive means g05_full_reconstruction is better
36b558cd20008a7327a4d38992ee67cad6ef17e0621dd994265441fddb5aa397,structure,validation_loss.structure,g05_sign_only,g05_full_reconstruction,1.0,32,mean_position_3d_error,41,primary,0.7316809158325195,0.7121461105346679,-0.019534805297851565,0.019534805297851565,41,46,0.5871018548011779,0.5755271415710449,3ed7f29774792be21a4e18019e6c858f294bef115b4e7627b39c4e2dd835af04,bd0d5e9687ff8a0fda63eceae95b3282122a62cc013f58f8afd2077441d741a8,False,Global-sign and absolute-sign metrics are secondary diagnostics: structure selection does not optimize global-sign performance; training still uses the unchanged total loss.,positive means g05_full_reconstruction is better
36b558cd20008a7327a4d38992ee67cad6ef17e0621dd994265441fddb5aa397,structure,validation_loss.structure,g05_sign_only,g05_full_reconstruction,1.0,32,charge_magnitude_mae,41,primary,0.15801284980773925,0.1568609619140625,-0.001151887893676734,0.001151887893676734,41,46,0.5871018548011779,0.5755271415710449,3ed7f29774792be21a4e18019e6c858f294bef115b4e7627b39c4e2dd835af04,bd0d5e9687ff8a0fda63eceae95b3282122a62cc013f58f8afd2077441d741a8,False,Global-sign and absolute-sign metrics are secondary diagnostics: structure selection does not optimize global-sign performance; training still uses the unchanged total loss.,positive means g05_full_reconstruction is better
36b558cd20008a7327a4d38992ee67cad6ef17e0621dd994265441fddb5aa397,structure,validation_loss.structure,g05_sign_only,g05_full_reconstruction,1.0,32,relative_sign_accuracy,41,primary,0.9611999969482422,0.9571999969482422,-0.0040000000000000036,-0.0040000000000000036,41,46,0.5871018548011779,0.5755271415710449,3ed7f29774792be21a4e18019e6c858f294bef115b4e7627b39c4e2dd835af04,bd0d5e9687ff8a0fda63eceae95b3282122a62cc013f58f8afd2077441d741a8,False,Global-sign and absolute-sign metrics are secondary diagnostics: structure selection does not optimize global-sign performance; training still uses the unchanged total loss.,positive means g05_full_reconstruction is better
36b558cd20008a7327a4d38992ee67cad6ef17e0621dd994265441fddb5aa397,structure,validation_loss.structure,g05_sign_only,g05_full_reconstruction,1.0,32,relative_configuration_accuracy,41,primary,0.915,0.906,-0.009000000000000008,-0.009000000000000008,41,46,0.5871018548011779,0.5755271415710449,3ed7f29774792be21a4e18019e6c858f294bef115b4e7627b39c4e2dd835af04,bd0d5e9687ff8a0fda63eceae95b3282122a62cc013f58f8afd2077441d741a8,False,Global-sign and absolute-sign metrics are secondary diagnostics: structure selection does not optimize global-sign performance; training still uses the unchanged total loss.,positive means g05_full_reconstruction is better
36b558cd20008a7327a4d38992ee67cad6ef17e0621dd994265441fddb5aa397,structure,validation_loss.structure,g05_sign_only,g05_full_reconstruction,1.0,32,pairwise_relative_sign_accuracy,41,primary,0.9513999938964843,0.9462000198364258,-0.005199974060058565,-0.005199974060058565,41,46,0.5871018548011779,0.5755271415710449,3ed7f29774792be21a4e18019e6c858f294bef115b4e7627b39c4e2dd835af04,bd0d5e9687ff8a0fda63eceae95b3282122a62cc013f58f8afd2077441d741a8,False,Global-sign and absolute-sign metrics are secondary diagnostics: structure selection does not optimize global-sign performance; training still uses the unchanged total loss.,positive means g05_full_reconstruction is better
36b558cd20008a7327a4d38992ee67cad6ef17e0621dd994265441fddb5aa397,structure,validation_loss.structure,g05_sign_only,g05_full_reconstruction,1.0,32,global_sign_accuracy,41,secondary,0.865,0.861,-0.0040000000000000036,-0.0040000000000000036,41,46,0.5871018548011779,0.5755271415710449,3ed7f29774792be21a4e18019e6c858f294bef115b4e7627b39c4e2dd835af04,bd0d5e9687ff8a0fda63eceae95b3282122a62cc013f58f8afd2077441d741a8,False,Global-sign and absolute-sign metrics are secondary diagnostics: structure selection does not optimize global-sign performance; training still uses the unchanged total loss.,positive means g05_full_reconstruction is better
36b558cd20008a7327a4d38992ee67cad6ef17e0621dd994265441fddb5aa397,structure,validation_loss.structure,g05_sign_only,g05_full_reconstruction,1.0,32,global_sign_bce,41,secondary,0.3409734306335449,0.35038222885131837,0.009408798217773462,-0.009408798217773462,41,46,0.5871018548011779,0.5755271415710449,3ed7f29774792be21a4e18019e6c858f294bef115b4e7627b39c4e2dd835af04,bd0d5e9687ff8a0fda63eceae95b3282122a62cc013f58f8afd2077441d741a8,False,Global-sign and absolute-sign metrics are secondary diagnostics: structure selection does not optimize global-sign performance; training still uses the unchanged total loss.,positive means g05_full_reconstruction is better
36b558cd20008a7327a4d38992ee67cad6ef17e0621dd994265441fddb5aa397,structure,validation_loss.structure,g05_sign_only,g05_full_reconstruction,1.0,32,absolute_sign_accuracy,41,secondary,0.8845999908447265,0.8749999923706054,-0.009599998474121074,-0.009599998474121074,41,46,0.5871018548011779,0.5755271415710449,3ed7f29774792be21a4e18019e6c858f294bef115b4e7627b39c4e2dd835af04,bd0d5e9687ff8a0fda63eceae95b3282122a62cc013f58f8afd2077441d741a8,False,Global-sign and absolute-sign metrics are secondary diagnostics: structure selection does not optimize global-sign performance; training still uses the unchanged total loss.,positive means g05_full_reconstruction is better
36b558cd20008a7327a4d38992ee67cad6ef17e0621dd994265441fddb5aa397,structure,validation_loss.structure,g05_sign_only,g05_full_reconstruction,1.0,32,absolute_sign_set_accuracy,41,secondary,0.845,0.831,-0.014000000000000012,-0.014000000000000012,41,46,0.5871018548011779,0.5755271415710449,3ed7f29774792be21a4e18019e6c858f294bef115b4e7627b39c4e2dd835af04,bd0d5e9687ff8a0fda63eceae95b3282122a62cc013f58f8afd2077441d741a8,False,Global-sign and absolute-sign metrics are secondary diagnostics: structure selection does not optimize global-sign performance; training still uses the unchanged total loss.,positive means g05_full_reconstruction is better
36b558cd20008a7327a4d38992ee67cad6ef17e0621dd994265441fddb5aa397,structure,validation_loss.structure,g05_sign_only,g05_full_reconstruction,1.0,32,charge_mae,41,secondary,0.2850603542327881,0.2956435890197754,0.010583234786987306,-0.010583234786987306,41,46,0.5871018548011779,0.5755271415710449,3ed7f29774792be21a4e18019e6c858f294bef115b4e7627b39c4e2dd835af04,bd0d5e9687ff8a0fda63eceae95b3282122a62cc013f58f8afd2077441d741a8,False,Global-sign and absolute-sign metrics are secondary diagnostics: structure selection does not optimize global-sign performance; training still uses the unchanged total loss.,positive means g05_full_reconstruction is better
36b558cd20008a7327a4d38992ee67cad6ef17e0621dd994265441fddb5aa397,structure,validation_loss.structure,g05_sign_only,g05_full_reconstruction,1.0,32,global_invariant_charge_mae,41,secondary,0.1924360237121582,0.19639835357666016,0.003962329864501957,-0.003962329864501957,41,46,0.5871018548011779,0.5755271415710449,3ed7f29774792be21a4e18019e6c858f294bef115b4e7627b39c4e2dd835af04,bd0d5e9687ff8a0fda63eceae95b3282122a62cc013f58f8afd2077441d741a8,False,Global-sign and absolute-sign metrics are secondary diagnostics: structure selection does not optimize global-sign performance; training still uses the unchanged total loss.,positive means g05_full_reconstruction is better
36b558cd20008a7327a4d38992ee67cad6ef17e0621dd994265441fddb5aa397,total,validation_loss.total,g05_sign_only,g05_full_reconstruction,0.0,0,position_mae_x,41,primary,0.4285323486328125,0.4285323486328125,0.0,-0.0,41,41,0.5871018548011779,0.5871018548011779,ff48179f8a97674d5d68c0509d3ced16c2f3b35d1abbfa1fd007ea5029d15945,b2f26f6d305f6126c930250bd7a9fdec1ddfaa4b6094214dff7cd71557fcd26d,False,Total selection includes global-sign loss only with observed G05 and nonzero global-sign weight.,positive means g05_full_reconstruction is better
36b558cd20008a7327a4d38992ee67cad6ef17e0621dd994265441fddb5aa397,total,validation_loss.total,g05_sign_only,g05_full_reconstruction,0.0,0,position_mae_y,41,primary,0.43243793106079104,0.43243793106079104,0.0,-0.0,41,41,0.5871018548011779,0.5871018548011779,ff48179f8a97674d5d68c0509d3ced16c2f3b35d1abbfa1fd007ea5029d15945,b2f26f6d305f6126c930250bd7a9fdec1ddfaa4b6094214dff7cd71557fcd26d,False,Total selection includes global-sign loss only with observed G05 and nonzero global-sign weight.,positive means g05_full_reconstruction is better
36b558cd20008a7327a4d38992ee67cad6ef17e0621dd994265441fddb5aa397,total,validation_loss.total,g05_sign_only,g05_full_reconstruction,0.0,0,position_mae_z,41,primary,0.21575339317321776,0.21575339317321776,0.0,-0.0,41,41,0.5871018548011779,0.5871018548011779,ff48179f8a97674d5d68c0509d3ced16c2f3b35d1abbfa1fd007ea5029d15945,b2f26f6d305f6126c930250bd7a9fdec1ddfaa4b6094214dff7cd71557fcd26d,False,Total selection includes global-sign loss only with observed G05 and nonzero global-sign weight.,positive means g05_full_reconstruction is better
36b558cd20008a7327a4d38992ee67cad6ef17e0621dd994265441fddb5aa397,total,validation_loss.total,g05_sign_only,g05_full_reconstruction,0.0,0,mean_position_mae,41,primary,0.3589079093933105,0.3589079093933105,0.0,-0.0,41,41,0.5871018548011779,0.5871018548011779,ff48179f8a97674d5d68c0509d3ced16c2f3b35d1abbfa1fd007ea5029d15945,b2f26f6d305f6126c930250bd7a9fdec1ddfaa4b6094214dff7cd71557fcd26d,False,Total selection includes global-sign loss only with observed G05 and nonzero global-sign weight.,positive means g05_full_reconstruction is better
36b558cd20008a7327a4d38992ee67cad6ef17e0621dd994265441fddb5aa397,total,validation_loss.total,g05_sign_only,g05_full_reconstruction,0.0,0,mean_position_3d_error,41,primary,0.7316809158325195,0.7316809158325195,0.0,-0.0,41,41,0.5871018548011779,0.5871018548011779,ff48179f8a97674d5d68c0509d3ced16c2f3b35d1abbfa1fd007ea5029d15945,b2f26f6d305f6126c930250bd7a9fdec1ddfaa4b6094214dff7cd71557fcd26d,False,Total selection includes global-sign loss only with observed G05 and nonzero global-sign weight.,positive means g05_full_reconstruction is better
36b558cd20008a7327a4d38992ee67cad6ef17e0621dd994265441fddb5aa397,total,validation_loss.total,g05_sign_only,g05_full_reconstruction,0.0,0,charge_magnitude_mae,41,primary,0.15801284980773925,0.15801284980773925,0.0,-0.0,41,41,0.5871018548011779,0.5871018548011779,ff48179f8a97674d5d68c0509d3ced16c2f3b35d1abbfa1fd007ea5029d15945,b2f26f6d305f6126c930250bd7a9fdec1ddfaa4b6094214dff7cd71557fcd26d,False,Total selection includes global-sign loss only with observed G05 and nonzero global-sign weight.,positive means g05_full_reconstruction is better
36b558cd20008a7327a4d38992ee67cad6ef17e0621dd994265441fddb5aa397,total,validation_loss.total,g05_sign_only,g05_full_reconstruction,0.0,0,relative_sign_accuracy,41,primary,0.9611999969482422,0.9611999969482422,0.0,0.0,41,41,0.5871018548011779,0.5871018548011779,ff48179f8a97674d5d68c0509d3ced16c2f3b35d1abbfa1fd007ea5029d15945,b2f26f6d305f6126c930250bd7a9fdec1ddfaa4b6094214dff7cd71557fcd26d,False,Total selection includes global-sign loss only with observed G05 and nonzero global-sign weight.,positive means g05_full_reconstruction is better
36b558cd20008a7327a4d38992ee67cad6ef17e0621dd994265441fddb5aa397,total,validation_loss.total,g05_sign_only,g05_full_reconstruction,0.0,0,relative_configuration_accuracy,41,primary,0.915,0.915,0.0,0.0,41,41,0.5871018548011779,0.5871018548011779,ff48179f8a97674d5d68c0509d3ced16c2f3b35d1abbfa1fd007ea5029d15945,b2f26f6d305f6126c930250bd7a9fdec1ddfaa4b6094214dff7cd71557fcd26d,False,Total selection includes global-sign loss only with observed G05 and nonzero global-sign weight.,positive means g05_full_reconstruction is better
36b558cd20008a7327a4d38992ee67cad6ef17e0621dd994265441fddb5aa397,total,validation_loss.total,g05_sign_only,g05_full_reconstruction,0.0,0,pairwise_relative_sign_accuracy,41,primary,0.9513999938964843,0.9513999938964843,0.0,0.0,41,41,0.5871018548011779,0.5871018548011779,ff48179f8a97674d5d68c0509d3ced16c2f3b35d1abbfa1fd007ea5029d15945,b2f26f6d305f6126c930250bd7a9fdec1ddfaa4b6094214dff7cd71557fcd26d,False,Total selection includes global-sign loss only with observed G05 and nonzero global-sign weight.,positive means g05_full_reconstruction is better
36b558cd20008a7327a4d38992ee67cad6ef17e0621dd994265441fddb5aa397,total,validation_loss.total,g05_sign_only,g05_full_reconstruction,0.0,0,global_sign_accuracy,41,primary,,,,,41,41,0.5871018548011779,0.5871018548011779,ff48179f8a97674d5d68c0509d3ced16c2f3b35d1abbfa1fd007ea5029d15945,b2f26f6d305f6126c930250bd7a9fdec1ddfaa4b6094214dff7cd71557fcd26d,False,Total selection includes global-sign loss only with observed G05 and nonzero global-sign weight.,positive means g05_full_reconstruction is better
36b558cd20008a7327a4d38992ee67cad6ef17e0621dd994265441fddb5aa397,total,validation_loss.total,g05_sign_only,g05_full_reconstruction,0.0,0,global_sign_bce,41,primary,,,,,41,41,0.5871018548011779,0.5871018548011779,ff48179f8a97674d5d68c0509d3ced16c2f3b35d1abbfa1fd007ea5029d15945,b2f26f6d305f6126c930250bd7a9fdec1ddfaa4b6094214dff7cd71557fcd26d,False,Total selection includes global-sign loss only with observed G05 and nonzero global-sign weight.,positive means g05_full_reconstruction is better
36b558cd20008a7327a4d38992ee67cad6ef17e0621dd994265441fddb5aa397,total,validation_loss.total,g05_sign_only,g05_full_reconstruction,0.0,0,absolute_sign_accuracy,41,primary,,,,,41,41,0.5871018548011779,0.5871018548011779,ff48179f8a97674d5d68c0509d3ced16c2f3b35d1abbfa1fd007ea5029d15945,b2f26f6d305f6126c930250bd7a9fdec1ddfaa4b6094214dff7cd71557fcd26d,False,Total selection includes global-sign loss only with observed G05 and nonzero global-sign weight.,positive means g05_full_reconstruction is better
36b558cd20008a7327a4d38992ee67cad6ef17e0621dd994265441fddb5aa397,total,validation_loss.total,g05_sign_only,g05_full_reconstruction,0.0,0,absolute_sign_set_accuracy,41,primary,,,,,41,41,0.5871018548011779,0.5871018548011779,ff48179f8a97674d5d68c0509d3ced16c2f3b35d1abbfa1fd007ea5029d15945,b2f26f6d305f6126c930250bd7a9fdec1ddfaa4b6094214dff7cd71557fcd26d,False,Total selection includes global-sign loss only with observed G05 and nonzero global-sign weight.,positive means g05_full_reconstruction is better
36b558cd20008a7327a4d38992ee67cad6ef17e0621dd994265441fddb5aa397,total,validation_loss.total,g05_sign_only,g05_full_reconstruction,0.0,0,charge_mae,41,primary,0.1924360237121582,0.1924360237121582,0.0,-0.0,41,41,0.5871018548011779,0.5871018548011779,ff48179f8a97674d5d68c0509d3ced16c2f3b35d1abbfa1fd007ea5029d15945,b2f26f6d305f6126c930250bd7a9fdec1ddfaa4b6094214dff7cd71557fcd26d,False,Total selection includes global-sign loss only with observed G05 and nonzero global-sign weight.,positive means g05_full_reconstruction is better
36b558cd20008a7327a4d38992ee67cad6ef17e0621dd994265441fddb5aa397,total,validation_loss.total,g05_sign_only,g05_full_reconstruction,0.0,0,global_invariant_charge_mae,41,primary,0.1924360237121582,0.1924360237121582,0.0,-0.0,41,41,0.5871018548011779,0.5871018548011779,ff48179f8a97674d5d68c0509d3ced16c2f3b35d1abbfa1fd007ea5029d15945,b2f26f6d305f6126c930250bd7a9fdec1ddfaa4b6094214dff7cd71557fcd26d,False,Total selection includes global-sign loss only with observed G05 and nonzero global-sign weight.,positive means g05_full_reconstruction is better
36b558cd20008a7327a4d38992ee67cad6ef17e0621dd994265441fddb5aa397,total,validation_loss.total,g05_sign_only,g05_full_reconstruction,0.1,3,position_mae_x,41,primary,0.43152187728881836,0.42173930740356447,-0.009782569885253889,0.009782569885253889,34,46,0.9603456289768219,0.9445471048355103,421f8389bef7d448057d0b911992066999d71949227584e00cd7c54b203d4201,7249abb18d3a915a38130998fd20eee7f20ceefcb5b454eee167495e5587c78e,True,Total selection includes global-sign loss only with observed G05 and nonzero global-sign weight.,positive means g05_full_reconstruction is better
36b558cd20008a7327a4d38992ee67cad6ef17e0621dd994265441fddb5aa397,total,validation_loss.total,g05_sign_only,g05_full_reconstruction,0.1,3,position_mae_y,41,primary,0.4334191665649414,0.40773056030273436,-0.025688606262207037,0.025688606262207037,34,46,0.9603456289768219,0.9445471048355103,421f8389bef7d448057d0b911992066999d71949227584e00cd7c54b203d4201,7249abb18d3a915a38130998fd20eee7f20ceefcb5b454eee167495e5587c78e,True,Total selection includes global-sign loss only with observed G05 and nonzero global-sign weight.,positive means g05_full_reconstruction is better
36b558cd20008a7327a4d38992ee67cad6ef17e0621dd994265441fddb5aa397,total,validation_loss.total,g05_sign_only,g05_full_reconstruction,0.1,3,position_mae_z,41,primary,0.21889839363098146,0.21104358673095702,-0.007854806900024436,0.007854806900024436,34,46,0.9603456289768219,0.9445471048355103,421f8389bef7d448057d0b911992066999d71949227584e00cd7c54b203d4201,7249abb18d3a915a38130998fd20eee7f20ceefcb5b454eee167495e5587c78e,True,Total selection includes global-sign loss only with observed G05 and nonzero global-sign weight.,positive means g05_full_reconstruction is better
36b558cd20008a7327a4d38992ee67cad6ef17e0621dd994265441fddb5aa397,total,validation_loss.total,g05_sign_only,g05_full_reconstruction,0.1,3,mean_position_mae,41,primary,0.36127982330322267,0.3468378219604492,-0.014442001342773458,0.014442001342773458,34,46,0.9603456289768219,0.9445471048355103,421f8389bef7d448057d0b911992066999d71949227584e00cd7c54b203d4201,7249abb18d3a915a38130998fd20eee7f20ceefcb5b454eee167495e5587c78e,True,Total selection includes global-sign loss only with observed G05 and nonzero global-sign weight.,positive means g05_full_reconstruction is better
36b558cd20008a7327a4d38992ee67cad6ef17e0621dd994265441fddb5aa397,total,validation_loss.total,g05_sign_only,g05_full_reconstruction,0.1,3,mean_position_3d_error,41,primary,0.7367838821411132,0.7086183395385742,-0.028165542602539007,0.028165542602539007,34,46,0.9603456289768219,0.9445471048355103,421f8389bef7d448057d0b911992066999d71949227584e00cd7c54b203d4201,7249abb18d3a915a38130998fd20eee7f20ceefcb5b454eee167495e5587c78e,True,Total selection includes global-sign loss only with observed G05 and nonzero global-sign weight.,positive means g05_full_reconstruction is better
36b558cd20008a7327a4d38992ee67cad6ef17e0621dd994265441fddb5aa397,total,validation_loss.total,g05_sign_only,g05_full_reconstruction,0.1,3,charge_magnitude_mae,41,primary,0.15801670837402343,0.15556396102905273,-0.002452747344970696,0.002452747344970696,34,46,0.9603456289768219,0.9445471048355103,421f8389bef7d448057d0b911992066999d71949227584e00cd7c54b203d4201,7249abb18d3a915a38130998fd20eee7f20ceefcb5b454eee167495e5587c78e,True,Total selection includes global-sign loss only with observed G05 and nonzero global-sign weight.,positive means g05_full_reconstruction is better
36b558cd20008a7327a4d38992ee67cad6ef17e0621dd994265441fddb5aa397,total,validation_loss.total,g05_sign_only,g05_full_reconstruction,0.1,3,relative_sign_accuracy,41,primary,0.9607999954223633,0.9599999923706055,-0.0008000030517577583,-0.0008000030517577583,34,46,0.9603456289768219,0.9445471048355103,421f8389bef7d448057d0b911992066999d71949227584e00cd7c54b203d4201,7249abb18d3a915a38130998fd20eee7f20ceefcb5b454eee167495e5587c78e,True,Total selection includes global-sign loss only with observed G05 and nonzero global-sign weight.,positive means g05_full_reconstruction is better
36b558cd20008a7327a4d38992ee67cad6ef17e0621dd994265441fddb5aa397,total,validation_loss.total,g05_sign_only,g05_full_reconstruction,0.1,3,relative_configuration_accuracy,41,primary,0.914,0.91,-0.0040000000000000036,-0.0040000000000000036,34,46,0.9603456289768219,0.9445471048355103,421f8389bef7d448057d0b911992066999d71949227584e00cd7c54b203d4201,7249abb18d3a915a38130998fd20eee7f20ceefcb5b454eee167495e5587c78e,True,Total selection includes global-sign loss only with observed G05 and nonzero global-sign weight.,positive means g05_full_reconstruction is better
36b558cd20008a7327a4d38992ee67cad6ef17e0621dd994265441fddb5aa397,total,validation_loss.total,g05_sign_only,g05_full_reconstruction,0.1,3,pairwise_relative_sign_accuracy,41,primary,0.9507999877929687,0.9480000076293945,-0.0027999801635741894,-0.0027999801635741894,34,46,0.9603456289768219,0.9445471048355103,421f8389bef7d448057d0b911992066999d71949227584e00cd7c54b203d4201,7249abb18d3a915a38130998fd20eee7f20ceefcb5b454eee167495e5587c78e,True,Total selection includes global-sign loss only with observed G05 and nonzero global-sign weight.,positive means g05_full_reconstruction is better
36b558cd20008a7327a4d38992ee67cad6ef17e0621dd994265441fddb5aa397,total,validation_loss.total,g05_sign_only,g05_full_reconstruction,0.1,3,global_sign_accuracy,41,primary,0.847,0.847,0.0,0.0,34,46,0.9603456289768219,0.9445471048355103,421f8389bef7d448057d0b911992066999d71949227584e00cd7c54b203d4201,7249abb18d3a915a38130998fd20eee7f20ceefcb5b454eee167495e5587c78e,True,Total selection includes global-sign loss only with observed G05 and nonzero global-sign weight.,positive means g05_full_reconstruction is better
36b558cd20008a7327a4d38992ee67cad6ef17e0621dd994265441fddb5aa397,total,validation_loss.total,g05_sign_only,g05_full_reconstruction,0.1,3,global_sign_bce,41,primary,0.3642760887145996,0.3693453941345215,0.005069305419921899,-0.005069305419921899,34,46,0.9603456289768219,0.9445471048355103,421f8389bef7d448057d0b911992066999d71949227584e00cd7c54b203d4201,7249abb18d3a915a38130998fd20eee7f20ceefcb5b454eee167495e5587c78e,True,Total selection includes global-sign loss only with observed G05 and nonzero global-sign weight.,positive means g05_full_reconstruction is better
36b558cd20008a7327a4d38992ee67cad6ef17e0621dd994265441fddb5aa397,total,validation_loss.total,g05_sign_only,g05_full_reconstruction,0.1,3,absolute_sign_accuracy,41,primary,0.8654000015258789,0.8637999954223633,-0.0016000061035156277,-0.0016000061035156277,34,46,0.9603456289768219,0.9445471048355103,421f8389bef7d448057d0b911992066999d71949227584e00cd7c54b203d4201,7249abb18d3a915a38130998fd20eee7f20ceefcb5b454eee167495e5587c78e,True,Total selection includes global-sign loss only with observed G05 and nonzero global-sign weight.,positive means g05_full_reconstruction is better
36b558cd20008a7327a4d38992ee67cad6ef17e0621dd994265441fddb5aa397,total,validation_loss.total,g05_sign_only,g05_full_reconstruction,0.1,3,absolute_sign_set_accuracy,41,primary,0.825,0.82,-0.0050000000000000044,-0.0050000000000000044,34,46,0.9603456289768219,0.9445471048355103,421f8389bef7d448057d0b911992066999d71949227584e00cd7c54b203d4201,7249abb18d3a915a38130998fd20eee7f20ceefcb5b454eee167495e5587c78e,True,Total selection includes global-sign loss only with observed G05 and nonzero global-sign weight.,positive means g05_full_reconstruction is better
36b558cd20008a7327a4d38992ee67cad6ef17e0621dd994265441fddb5aa397,total,validation_loss.total,g05_sign_only,g05_full_reconstruction,0.1,3,charge_mae,41,primary,0.30590401840209963,0.30609093856811526,0.000186920166015625,-0.000186920166015625,34,46,0.9603456289768219,0.9445471048355103,421f8389bef7d448057d0b911992066999d71949227584e00cd7c54b203d4201,7249abb18d3a915a38130998fd20eee7f20ceefcb5b454eee167495e5587c78e,True,Total selection includes global-sign loss only with observed G05 and nonzero global-sign weight.,positive means g05_full_reconstruction is better
36b558cd20008a7327a4d38992ee67cad6ef17e0621dd994265441fddb5aa397,total,validation_loss.total,g05_sign_only,g05_full_reconstruction,0.1,3,global_invariant_charge_mae,41,primary,0.1937187442779541,0.1933808765411377,-0.00033786773681640514,0.00033786773681640514,34,46,0.9603456289768219,0.9445471048355103,421f8389bef7d448057d0b911992066999d71949227584e00cd7c54b203d4201,7249abb18d3a915a38130998fd20eee7f20ceefcb5b454eee167495e5587c78e,True,Total selection includes global-sign loss only with observed G05 and nonzero global-sign weight.,positive means g05_full_reconstruction is better
36b558cd20008a7327a4d38992ee67cad6ef17e0621dd994265441fddb5aa397,total,validation_loss.total,g05_sign_only,g05_full_reconstruction,0.25,8,position_mae_x,41,primary,0.4285323486328125,0.42698179244995116,-0.001550556182861318,0.001550556182861318,41,37,0.933411906003952,0.9281904435157775,fae391c96c491616d72c7db02022da183262fe9381b5c74477eea1f5359086b4,de663562cf983468cf6f77bda44a6458a3315b6f63e6373dc8c076c14afb4b77,True,Total selection includes global-sign loss only with observed G05 and nonzero global-sign weight.,positive means g05_full_reconstruction is better
36b558cd20008a7327a4d38992ee67cad6ef17e0621dd994265441fddb5aa397,total,validation_loss.total,g05_sign_only,g05_full_reconstruction,0.25,8,position_mae_y,41,primary,0.43243793106079104,0.4276433868408203,-0.00479454421997072,0.00479454421997072,41,37,0.933411906003952,0.9281904435157775,fae391c96c491616d72c7db02022da183262fe9381b5c74477eea1f5359086b4,de663562cf983468cf6f77bda44a6458a3315b6f63e6373dc8c076c14afb4b77,True,Total selection includes global-sign loss only with observed G05 and nonzero global-sign weight.,positive means g05_full_reconstruction is better
36b558cd20008a7327a4d38992ee67cad6ef17e0621dd994265441fddb5aa397,total,validation_loss.total,g05_sign_only,g05_full_reconstruction,0.25,8,position_mae_z,41,primary,0.21575339317321776,0.21552751159667968,-0.0002258815765380784,0.0002258815765380784,41,37,0.933411906003952,0.9281904435157775,fae391c96c491616d72c7db02022da183262fe9381b5c74477eea1f5359086b4,de663562cf983468cf6f77bda44a6458a3315b6f63e6373dc8c076c14afb4b77,True,Total selection includes global-sign loss only with observed G05 and nonzero global-sign weight.,positive means g05_full_reconstruction is better
36b558cd20008a7327a4d38992ee67cad6ef17e0621dd994265441fddb5aa397,total,validation_loss.total,g05_sign_only,g05_full_reconstruction,0.25,8,mean_position_mae,41,primary,0.3589079093933105,0.3567175750732422,-0.002190334320068321,0.002190334320068321,41,37,0.933411906003952,0.9281904435157775,fae391c96c491616d72c7db02022da183262fe9381b5c74477eea1f5359086b4,de663562cf983468cf6f77bda44a6458a3315b6f63e6373dc8c076c14afb4b77,True,Total selection includes global-sign loss only with observed G05 and nonzero global-sign weight.,positive means g05_full_reconstruction is better
36b558cd20008a7327a4d38992ee67cad6ef17e0621dd994265441fddb5aa397,total,validation_loss.total,g05_sign_only,g05_full_reconstruction,0.25,8,mean_position_3d_error,41,primary,0.7316809158325195,0.727600196838379,-0.004080718994140531,0.004080718994140531,41,37,0.933411906003952,0.9281904435157775,fae391c96c491616d72c7db02022da183262fe9381b5c74477eea1f5359086b4,de663562cf983468cf6f77bda44a6458a3315b6f63e6373dc8c076c14afb4b77,True,Total selection includes global-sign loss only with observed G05 and nonzero global-sign weight.,positive means g05_full_reconstruction is better
36b558cd20008a7327a4d38992ee67cad6ef17e0621dd994265441fddb5aa397,total,validation_loss.total,g05_sign_only,g05_full_reconstruction,0.25,8,charge_magnitude_mae,41,primary,0.15801284980773925,0.15645231246948244,-0.0015605373382568122,0.0015605373382568122,41,37,0.933411906003952,0.9281904435157775,fae391c96c491616d72c7db02022da183262fe9381b5c74477eea1f5359086b4,de663562cf983468cf6f77bda44a6458a3315b6f63e6373dc8c076c14afb4b77,True,Total selection includes global-sign loss only with observed G05 and nonzero global-sign weight.,positive means g05_full_reconstruction is better
36b558cd20008a7327a4d38992ee67cad6ef17e0621dd994265441fddb5aa397,total,validation_loss.total,g05_sign_only,g05_full_reconstruction,0.25,8,relative_sign_accuracy,41,primary,0.9611999969482422,0.9583999938964843,-0.002800003051757871,-0.002800003051757871,41,37,0.933411906003952,0.9281904435157775,fae391c96c491616d72c7db02022da183262fe9381b5c74477eea1f5359086b4,de663562cf983468cf6f77bda44a6458a3315b6f63e6373dc8c076c14afb4b77,True,Total selection includes global-sign loss only with observed G05 and nonzero global-sign weight.,positive means g05_full_reconstruction is better
36b558cd20008a7327a4d38992ee67cad6ef17e0621dd994265441fddb5aa397,total,validation_loss.total,g05_sign_only,g05_full_reconstruction,0.25,8,relative_configuration_accuracy,41,primary,0.915,0.909,-0.006000000000000005,-0.006000000000000005,41,37,0.933411906003952,0.9281904435157775,fae391c96c491616d72c7db02022da183262fe9381b5c74477eea1f5359086b4,de663562cf983468cf6f77bda44a6458a3315b6f63e6373dc8c076c14afb4b77,True,Total selection includes global-sign loss only with observed G05 and nonzero global-sign weight.,positive means g05_full_reconstruction is better
36b558cd20008a7327a4d38992ee67cad6ef17e0621dd994265441fddb5aa397,total,validation_loss.total,g05_sign_only,g05_full_reconstruction,0.25,8,pairwise_relative_sign_accuracy,41,primary,0.9513999938964843,0.9479999847412109,-0.003400009155273387,-0.003400009155273387,41,37,0.933411906003952,0.9281904435157775,fae391c96c491616d72c7db02022da183262fe9381b5c74477eea1f5359086b4,de663562cf983468cf6f77bda44a6458a3315b6f63e6373dc8c076c14afb4b77,True,Total selection includes global-sign loss only with observed G05 and nonzero global-sign weight.,positive means g05_full_reconstruction is better
36b558cd20008a7327a4d38992ee67cad6ef17e0621dd994265441fddb5aa397,total,validation_loss.total,g05_sign_only,g05_full_reconstruction,0.25,8,global_sign_accuracy,41,primary,0.864,0.86,-0.0040000000000000036,-0.0040000000000000036,41,37,0.933411906003952,0.9281904435157775,fae391c96c491616d72c7db02022da183262fe9381b5c74477eea1f5359086b4,de663562cf983468cf6f77bda44a6458a3315b6f63e6373dc8c076c14afb4b77,True,Total selection includes global-sign loss only with observed G05 and nonzero global-sign weight.,positive means g05_full_reconstruction is better
36b558cd20008a7327a4d38992ee67cad6ef17e0621dd994265441fddb5aa397,total,validation_loss.total,g05_sign_only,g05_full_reconstruction,0.25,8,global_sign_bce,41,primary,0.35664900588989257,0.34938530731201173,-0.007263698577880839,0.007263698577880839,41,37,0.933411906003952,0.9281904435157775,fae391c96c491616d72c7db02022da183262fe9381b5c74477eea1f5359086b4,de663562cf983468cf6f77bda44a6458a3315b6f63e6373dc8c076c14afb4b77,True,Total selection includes global-sign loss only with observed G05 and nonzero global-sign weight.,positive means g05_full_reconstruction is better
36b558cd20008a7327a4d38992ee67cad6ef17e0621dd994265441fddb5aa397,total,validation_loss.total,g05_sign_only,g05_full_reconstruction,0.25,8,absolute_sign_accuracy,41,primary,0.8867999877929688,0.8767999877929687,-0.010000000000000009,-0.010000000000000009,41,37,0.933411906003952,0.9281904435157775,fae391c96c491616d72c7db02022da183262fe9381b5c74477eea1f5359086b4,de663562cf983468cf6f77bda44a6458a3315b6f63e6373dc8c076c14afb4b77,True,Total selection includes global-sign loss only with observed G05 and nonzero global-sign weight.,positive means g05_full_reconstruction is better
36b558cd20008a7327a4d38992ee67cad6ef17e0621dd994265441fddb5aa397,total,validation_loss.total,g05_sign_only,g05_full_reconstruction,0.25,8,absolute_sign_set_accuracy,41,primary,0.847,0.833,-0.014000000000000012,-0.014000000000000012,41,37,0.933411906003952,0.9281904435157775,fae391c96c491616d72c7db02022da183262fe9381b5c74477eea1f5359086b4,de663562cf983468cf6f77bda44a6458a3315b6f63e6373dc8c076c14afb4b77,True,Total selection includes global-sign loss only with observed G05 and nonzero global-sign weight.,positive means g05_full_reconstruction is better
36b558cd20008a7327a4d38992ee67cad6ef17e0621dd994265441fddb5aa397,total,validation_loss.total,g05_sign_only,g05_full_reconstruction,0.25,8,charge_mae,41,primary,0.28195250511169434,0.29185539627075197,0.009902891159057625,-0.009902891159057625,41,37,0.933411906003952,0.9281904435157775,fae391c96c491616d72c7db02022da183262fe9381b5c74477eea1f5359086b4,de663562cf983468cf6f77bda44a6458a3315b6f63e6373dc8c076c14afb4b77,True,Total selection includes global-sign loss only with observed G05 and nonzero global-sign weight.,positive means g05_full_reconstruction is better
36b558cd20008a7327a4d38992ee67cad6ef17e0621dd994265441fddb5aa397,total,validation_loss.total,g05_sign_only,g05_full_reconstruction,0.25,8,global_invariant_charge_mae,41,primary,0.1924360237121582,0.19441993522644044,0.0019839115142822328,-0.0019839115142822328,41,37,0.933411906003952,0.9281904435157775,fae391c96c491616d72c7db02022da183262fe9381b5c74477eea1f5359086b4,de663562cf983468cf6f77bda44a6458a3315b6f63e6373dc8c076c14afb4b77,True,Total selection includes global-sign loss only with observed G05 and nonzero global-sign weight.,positive means g05_full_reconstruction is better
36b558cd20008a7327a4d38992ee67cad6ef17e0621dd994265441fddb5aa397,total,validation_loss.total,g05_sign_only,g05_full_reconstruction,0.5,16,position_mae_x,41,primary,0.4285323486328125,0.4296790542602539,0.0011467056274414023,-0.0011467056274414023,41,41,0.9343230335712432,0.929975379228592,2b11687ea84bb4063570327b264186b59e48e21eac34c560a29d2f299c2cd181,7e568cf9b973c2a79ae7c802e1ec33569591895d7ae5766b93a726a8d1f51d11,True,Total selection includes global-sign loss only with observed G05 and nonzero global-sign weight.,positive means g05_full_reconstruction is better
36b558cd20008a7327a4d38992ee67cad6ef17e0621dd994265441fddb5aa397,total,validation_loss.total,g05_sign_only,g05_full_reconstruction,0.5,16,position_mae_y,41,primary,0.43243793106079104,0.4181793594360352,-0.014258571624755856,0.014258571624755856,41,41,0.9343230335712432,0.929975379228592,2b11687ea84bb4063570327b264186b59e48e21eac34c560a29d2f299c2cd181,7e568cf9b973c2a79ae7c802e1ec33569591895d7ae5766b93a726a8d1f51d11,True,Total selection includes global-sign loss only with observed G05 and nonzero global-sign weight.,positive means g05_full_reconstruction is better
36b558cd20008a7327a4d38992ee67cad6ef17e0621dd994265441fddb5aa397,total,validation_loss.total,g05_sign_only,g05_full_reconstruction,0.5,16,position_mae_z,41,primary,0.21575339317321776,0.21594023704528809,0.0001868438720703247,-0.0001868438720703247,41,41,0.9343230335712432,0.929975379228592,2b11687ea84bb4063570327b264186b59e48e21eac34c560a29d2f299c2cd181,7e568cf9b973c2a79ae7c802e1ec33569591895d7ae5766b93a726a8d1f51d11,True,Total selection includes global-sign loss only with observed G05 and nonzero global-sign weight.,positive means g05_full_reconstruction is better
36b558cd20008a7327a4d38992ee67cad6ef17e0621dd994265441fddb5aa397,total,validation_loss.total,g05_sign_only,g05_full_reconstruction,0.5,16,mean_position_mae,41,primary,0.3589079093933105,0.35459955596923826,-0.004308353424072264,0.004308353424072264,41,41,0.9343230335712432,0.929975379228592,2b11687ea84bb4063570327b264186b59e48e21eac34c560a29d2f299c2cd181,7e568cf9b973c2a79ae7c802e1ec33569591895d7ae5766b93a726a8d1f51d11,True,Total selection includes global-sign loss only with observed G05 and nonzero global-sign weight.,positive means g05_full_reconstruction is better
36b558cd20008a7327a4d38992ee67cad6ef17e0621dd994265441fddb5aa397,total,validation_loss.total,g05_sign_only,g05_full_reconstruction,0.5,16,mean_position_3d_error,41,primary,0.7316809158325195,0.7214263534545898,-0.010254562377929655,0.010254562377929655,41,41,0.9343230335712432,0.929975379228592,2b11687ea84bb4063570327b264186b59e48e21eac34c560a29d2f299c2cd181,7e568cf9b973c2a79ae7c802e1ec33569591895d7ae5766b93a726a8d1f51d11,True,Total selection includes global-sign loss only with observed G05 and nonzero global-sign weight.,positive means g05_full_reconstruction is better
36b558cd20008a7327a4d38992ee67cad6ef17e0621dd994265441fddb5aa397,total,validation_loss.total,g05_sign_only,g05_full_reconstruction,0.5,16,charge_magnitude_mae,41,primary,0.15801284980773925,0.15564853477478027,-0.0023643150329589746,0.0023643150329589746,41,41,0.9343230335712432,0.929975379228592,2b11687ea84bb4063570327b264186b59e48e21eac34c560a29d2f299c2cd181,7e568cf9b973c2a79ae7c802e1ec33569591895d7ae5766b93a726a8d1f51d11,True,Total selection includes global-sign loss only with observed G05 and nonzero global-sign weight.,positive means g05_full_reconstruction is better
36b558cd20008a7327a4d38992ee67cad6ef17e0621dd994265441fddb5aa397,total,validation_loss.total,g05_sign_only,g05_full_reconstruction,0.5,16,relative_sign_accuracy,41,primary,0.9611999969482422,0.9599999923706055,-0.001200004577636693,-0.001200004577636693,41,41,0.9343230335712432,0.929975379228592,2b11687ea84bb4063570327b264186b59e48e21eac34c560a29d2f299c2cd181,7e568cf9b973c2a79ae7c802e1ec33569591895d7ae5766b93a726a8d1f51d11,True,Total selection includes global-sign loss only with observed G05 and nonzero global-sign weight.,positive means g05_full_reconstruction is better
36b558cd20008a7327a4d38992ee67cad6ef17e0621dd994265441fddb5aa397,total,validation_loss.total,g05_sign_only,g05_full_reconstruction,0.5,16,relative_configuration_accuracy,41,primary,0.915,0.91,-0.0050000000000000044,-0.0050000000000000044,41,41,0.9343230335712432,0.929975379228592,2b11687ea84bb4063570327b264186b59e48e21eac34c560a29d2f299c2cd181,7e568cf9b973c2a79ae7c802e1ec33569591895d7ae5766b93a726a8d1f51d11,True,Total selection includes global-sign loss only with observed G05 and nonzero global-sign weight.,positive means g05_full_reconstruction is better
36b558cd20008a7327a4d38992ee67cad6ef17e0621dd994265441fddb5aa397,total,validation_loss.total,g05_sign_only,g05_full_reconstruction,0.5,16,pairwise_relative_sign_accuracy,41,primary,0.9513999938964843,0.9480000076293945,-0.003399986267089816,-0.003399986267089816,41,41,0.9343230335712432,0.929975379228592,2b11687ea84bb4063570327b264186b59e48e21eac34c560a29d2f299c2cd181,7e568cf9b973c2a79ae7c802e1ec33569591895d7ae5766b93a726a8d1f51d11,True,Total selection includes global-sign loss only with observed G05 and nonzero global-sign weight.,positive means g05_full_reconstruction is better
36b558cd20008a7327a4d38992ee67cad6ef17e0621dd994265441fddb5aa397,total,validation_loss.total,g05_sign_only,g05_full_reconstruction,0.5,16,global_sign_accuracy,41,primary,0.857,0.859,0.0020000000000000018,0.0020000000000000018,41,41,0.9343230335712432,0.929975379228592,2b11687ea84bb4063570327b264186b59e48e21eac34c560a29d2f299c2cd181,7e568cf9b973c2a79ae7c802e1ec33569591895d7ae5766b93a726a8d1f51d11,True,Total selection includes global-sign loss only with observed G05 and nonzero global-sign weight.,positive means g05_full_reconstruction is better
36b558cd20008a7327a4d38992ee67cad6ef17e0621dd994265441fddb5aa397,total,validation_loss.total,g05_sign_only,g05_full_reconstruction,0.5,16,global_sign_bce,41,primary,0.3497740669250488,0.34684923934936523,-0.002924827575683575,0.002924827575683575,41,41,0.9343230335712432,0.929975379228592,2b11687ea84bb4063570327b264186b59e48e21eac34c560a29d2f299c2cd181,7e568cf9b973c2a79ae7c802e1ec33569591895d7ae5766b93a726a8d1f51d11,True,Total selection includes global-sign loss only with observed G05 and nonzero global-sign weight.,positive means g05_full_reconstruction is better
36b558cd20008a7327a4d38992ee67cad6ef17e0621dd994265441fddb5aa397,total,validation_loss.total,g05_sign_only,g05_full_reconstruction,0.5,16,absolute_sign_accuracy,41,primary,0.8773999938964844,0.875000015258789,-0.002399978637695366,-0.002399978637695366,41,41,0.9343230335712432,0.929975379228592,2b11687ea84bb4063570327b264186b59e48e21eac34c560a29d2f299c2cd181,7e568cf9b973c2a79ae7c802e1ec33569591895d7ae5766b93a726a8d1f51d11,True,Total selection includes global-sign loss only with observed G05 and nonzero global-sign weight.,positive means g05_full_reconstruction is better
36b558cd20008a7327a4d38992ee67cad6ef17e0621dd994265441fddb5aa397,total,validation_loss.total,g05_sign_only,g05_full_reconstruction,0.5,16,absolute_sign_set_accuracy,41,primary,0.838,0.833,-0.0050000000000000044,-0.0050000000000000044,41,41,0.9343230335712432,0.929975379228592,2b11687ea84bb4063570327b264186b59e48e21eac34c560a29d2f299c2cd181,7e568cf9b973c2a79ae7c802e1ec33569591895d7ae5766b93a726a8d1f51d11,True,Total selection includes global-sign loss only with observed G05 and nonzero global-sign weight.,positive means g05_full_reconstruction is better
36b558cd20008a7327a4d38992ee67cad6ef17e0621dd994265441fddb5aa397,total,validation_loss.total,g05_sign_only,g05_full_reconstruction,0.5,16,charge_mae,41,primary,0.2927198753356934,0.29507210540771484,0.002352230072021455,-0.002352230072021455,41,41,0.9343230335712432,0.929975379228592,2b11687ea84bb4063570327b264186b59e48e21eac34c560a29d2f299c2cd181,7e568cf9b973c2a79ae7c802e1ec33569591895d7ae5766b93a726a8d1f51d11,True,Total selection includes global-sign loss only with observed G05 and nonzero global-sign weight.,positive means g05_full_reconstruction is better
36b558cd20008a7327a4d38992ee67cad6ef17e0621dd994265441fddb5aa397,total,validation_loss.total,g05_sign_only,g05_full_reconstruction,0.5,16,global_invariant_charge_mae,41,primary,0.1924360237121582,0.1932273063659668,0.0007912826538085949,-0.0007912826538085949,41,41,0.9343230335712432,0.929975379228592,2b11687ea84bb4063570327b264186b59e48e21eac34c560a29d2f299c2cd181,7e568cf9b973c2a79ae7c802e1ec33569591895d7ae5766b93a726a8d1f51d11,True,Total selection includes global-sign loss only with observed G05 and nonzero global-sign weight.,positive means g05_full_reconstruction is better
36b558cd20008a7327a4d38992ee67cad6ef17e0621dd994265441fddb5aa397,total,validation_loss.total,g05_sign_only,g05_full_reconstruction,0.75,24,position_mae_x,41,primary,0.4285323486328125,0.42893940734863284,0.0004070587158203631,-0.0004070587158203631,41,45,0.9324219486713409,0.9246286273002624,ca088f12f469b4fd0056cff47aeb99a7bf81ef72f3b63bd05319eb59c379a5f5,83c66bcf4070df873c746d2ea4fd066d7358e236cd1b56cc05a093f104da482d,True,Total selection includes global-sign loss only with observed G05 and nonzero global-sign weight.,positive means g05_full_reconstruction is better
36b558cd20008a7327a4d38992ee67cad6ef17e0621dd994265441fddb5aa397,total,validation_loss.total,g05_sign_only,g05_full_reconstruction,0.75,24,position_mae_y,41,primary,0.43243793106079104,0.4243827972412109,-0.008055133819580118,0.008055133819580118,41,45,0.9324219486713409,0.9246286273002624,ca088f12f469b4fd0056cff47aeb99a7bf81ef72f3b63bd05319eb59c379a5f5,83c66bcf4070df873c746d2ea4fd066d7358e236cd1b56cc05a093f104da482d,True,Total selection includes global-sign loss only with observed G05 and nonzero global-sign weight.,positive means g05_full_reconstruction is better
36b558cd20008a7327a4d38992ee67cad6ef17e0621dd994265441fddb5aa397,total,validation_loss.total,g05_sign_only,g05_full_reconstruction,0.75,24,position_mae_z,41,primary,0.21575339317321776,0.21428370857238768,-0.001469684600830079,0.001469684600830079,41,45,0.9324219486713409,0.9246286273002624,ca088f12f469b4fd0056cff47aeb99a7bf81ef72f3b63bd05319eb59c379a5f5,83c66bcf4070df873c746d2ea4fd066d7358e236cd1b56cc05a093f104da482d,True,Total selection includes global-sign loss only with observed G05 and nonzero global-sign weight.,positive means g05_full_reconstruction is better
36b558cd20008a7327a4d38992ee67cad6ef17e0621dd994265441fddb5aa397,total,validation_loss.total,g05_sign_only,g05_full_reconstruction,0.75,24,mean_position_mae,41,primary,0.3589079093933105,0.35586864852905276,-0.0030392608642577645,0.0030392608642577645,41,45,0.9324219486713409,0.9246286273002624,ca088f12f469b4fd0056cff47aeb99a7bf81ef72f3b63bd05319eb59c379a5f5,83c66bcf4070df873c746d2ea4fd066d7358e236cd1b56cc05a093f104da482d,True,Total selection includes global-sign loss only with observed G05 and nonzero global-sign weight.,positive means g05_full_reconstruction is better
36b558cd20008a7327a4d38992ee67cad6ef17e0621dd994265441fddb5aa397,total,validation_loss.total,g05_sign_only,g05_full_reconstruction,0.75,24,mean_position_3d_error,41,primary,0.7316809158325195,0.7246974563598633,-0.006983459472656217,0.006983459472656217,41,45,0.9324219486713409,0.9246286273002624,ca088f12f469b4fd0056cff47aeb99a7bf81ef72f3b63bd05319eb59c379a5f5,83c66bcf4070df873c746d2ea4fd066d7358e236cd1b56cc05a093f104da482d,True,Total selection includes global-sign loss only with observed G05 and nonzero global-sign weight.,positive means g05_full_reconstruction is better
36b558cd20008a7327a4d38992ee67cad6ef17e0621dd994265441fddb5aa397,total,validation_loss.total,g05_sign_only,g05_full_reconstruction,0.75,24,charge_magnitude_mae,41,primary,0.15801284980773925,0.15581269836425782,-0.0022001514434814295,0.0022001514434814295,41,45,0.9324219486713409,0.9246286273002624,ca088f12f469b4fd0056cff47aeb99a7bf81ef72f3b63bd05319eb59c379a5f5,83c66bcf4070df873c746d2ea4fd066d7358e236cd1b56cc05a093f104da482d,True,Total selection includes global-sign loss only with observed G05 and nonzero global-sign weight.,positive means g05_full_reconstruction is better
36b558cd20008a7327a4d38992ee67cad6ef17e0621dd994265441fddb5aa397,total,validation_loss.total,g05_sign_only,g05_full_reconstruction,0.75,24,relative_sign_accuracy,41,primary,0.9611999969482422,0.9611999893188476,-7.629394560559888e-09,-7.629394560559888e-09,41,45,0.9324219486713409,0.9246286273002624,ca088f12f469b4fd0056cff47aeb99a7bf81ef72f3b63bd05319eb59c379a5f5,83c66bcf4070df873c746d2ea4fd066d7358e236cd1b56cc05a093f104da482d,True,Total selection includes global-sign loss only with observed G05 and nonzero global-sign weight.,positive means g05_full_reconstruction is better
36b558cd20008a7327a4d38992ee67cad6ef17e0621dd994265441fddb5aa397,total,validation_loss.total,g05_sign_only,g05_full_reconstruction,0.75,24,relative_configuration_accuracy,41,primary,0.915,0.911,-0.0040000000000000036,-0.0040000000000000036,41,45,0.9324219486713409,0.9246286273002624,ca088f12f469b4fd0056cff47aeb99a7bf81ef72f3b63bd05319eb59c379a5f5,83c66bcf4070df873c746d2ea4fd066d7358e236cd1b56cc05a093f104da482d,True,Total selection includes global-sign loss only with observed G05 and nonzero global-sign weight.,positive means g05_full_reconstruction is better
36b558cd20008a7327a4d38992ee67cad6ef17e0621dd994265441fddb5aa397,total,validation_loss.total,g05_sign_only,g05_full_reconstruction,0.75,24,pairwise_relative_sign_accuracy,41,primary,0.9513999938964843,0.9481999969482422,-0.003199996948242134,-0.003199996948242134,41,45,0.9324219486713409,0.9246286273002624,ca088f12f469b4fd0056cff47aeb99a7bf81ef72f3b63bd05319eb59c379a5f5,83c66bcf4070df873c746d2ea4fd066d7358e236cd1b56cc05a093f104da482d,True,Total selection includes global-sign loss only with observed G05 and nonzero global-sign weight.,positive means g05_full_reconstruction is better
36b558cd20008a7327a4d38992ee67cad6ef17e0621dd994265441fddb5aa397,total,validation_loss.total,g05_sign_only,g05_full_reconstruction,0.75,24,global_sign_accuracy,41,primary,0.864,0.867,0.0030000000000000027,0.0030000000000000027,41,45,0.9324219486713409,0.9246286273002624,ca088f12f469b4fd0056cff47aeb99a7bf81ef72f3b63bd05319eb59c379a5f5,83c66bcf4070df873c746d2ea4fd066d7358e236cd1b56cc05a093f104da482d,True,Total selection includes global-sign loss only with observed G05 and nonzero global-sign weight.,positive means g05_full_reconstruction is better
36b558cd20008a7327a4d38992ee67cad6ef17e0621dd994265441fddb5aa397,total,validation_loss.total,g05_sign_only,g05_full_reconstruction,0.75,24,global_sign_bce,41,primary,0.3464077682495117,0.3436353378295898,-0.0027724304199218675,0.0027724304199218675,41,45,0.9324219486713409,0.9246286273002624,ca088f12f469b4fd0056cff47aeb99a7bf81ef72f3b63bd05319eb59c379a5f5,83c66bcf4070df873c746d2ea4fd066d7358e236cd1b56cc05a093f104da482d,True,Total selection includes global-sign loss only with observed G05 and nonzero global-sign weight.,positive means g05_full_reconstruction is better
36b558cd20008a7327a4d38992ee67cad6ef17e0621dd994265441fddb5aa397,total,validation_loss.total,g05_sign_only,g05_full_reconstruction,0.75,24,absolute_sign_accuracy,41,primary,0.8851999893188477,0.8761999969482421,-0.008999992370605558,-0.008999992370605558,41,45,0.9324219486713409,0.9246286273002624,ca088f12f469b4fd0056cff47aeb99a7bf81ef72f3b63bd05319eb59c379a5f5,83c66bcf4070df873c746d2ea4fd066d7358e236cd1b56cc05a093f104da482d,True,Total selection includes global-sign loss only with observed G05 and nonzero global-sign weight.,positive means g05_full_reconstruction is better
36b558cd20008a7327a4d38992ee67cad6ef17e0621dd994265441fddb5aa397,total,validation_loss.total,g05_sign_only,g05_full_reconstruction,0.75,24,absolute_sign_set_accuracy,41,primary,0.846,0.836,-0.010000000000000009,-0.010000000000000009,41,45,0.9324219486713409,0.9246286273002624,ca088f12f469b4fd0056cff47aeb99a7bf81ef72f3b63bd05319eb59c379a5f5,83c66bcf4070df873c746d2ea4fd066d7358e236cd1b56cc05a093f104da482d,True,Total selection includes global-sign loss only with observed G05 and nonzero global-sign weight.,positive means g05_full_reconstruction is better
36b558cd20008a7327a4d38992ee67cad6ef17e0621dd994265441fddb5aa397,total,validation_loss.total,g05_sign_only,g05_full_reconstruction,0.75,24,charge_mae,41,primary,0.283816162109375,0.2921160945892334,0.008299932479858385,-0.008299932479858385,41,45,0.9324219486713409,0.9246286273002624,ca088f12f469b4fd0056cff47aeb99a7bf81ef72f3b63bd05319eb59c379a5f5,83c66bcf4070df873c746d2ea4fd066d7358e236cd1b56cc05a093f104da482d,True,Total selection includes global-sign loss only with observed G05 and nonzero global-sign weight.,positive means g05_full_reconstruction is better
36b558cd20008a7327a4d38992ee67cad6ef17e0621dd994265441fddb5aa397,total,validation_loss.total,g05_sign_only,g05_full_reconstruction,0.75,24,global_invariant_charge_mae,41,primary,0.1924360237121582,0.1945793342590332,0.002143310546874999,-0.002143310546874999,41,45,0.9324219486713409,0.9246286273002624,ca088f12f469b4fd0056cff47aeb99a7bf81ef72f3b63bd05319eb59c379a5f5,83c66bcf4070df873c746d2ea4fd066d7358e236cd1b56cc05a093f104da482d,True,Total selection includes global-sign loss only with observed G05 and nonzero global-sign weight.,positive means g05_full_reconstruction is better
36b558cd20008a7327a4d38992ee67cad6ef17e0621dd994265441fddb5aa397,total,validation_loss.total,g05_sign_only,g05_full_reconstruction,1.0,32,position_mae_x,41,primary,0.4285323486328125,0.4206430587768555,-0.007889289855956994,0.007889289855956994,41,45,0.9297990272045136,0.9195337259769439,3ed7f29774792be21a4e18019e6c858f294bef115b4e7627b39c4e2dd835af04,bd0d5e9687ff8a0fda63eceae95b3282122a62cc013f58f8afd2077441d741a8,True,Total selection includes global-sign loss only with observed G05 and nonzero global-sign weight.,positive means g05_full_reconstruction is better
36b558cd20008a7327a4d38992ee67cad6ef17e0621dd994265441fddb5aa397,total,validation_loss.total,g05_sign_only,g05_full_reconstruction,1.0,32,position_mae_y,41,primary,0.43243793106079104,0.4236053352355957,-0.008832595825195355,0.008832595825195355,41,45,0.9297990272045136,0.9195337259769439,3ed7f29774792be21a4e18019e6c858f294bef115b4e7627b39c4e2dd835af04,bd0d5e9687ff8a0fda63eceae95b3282122a62cc013f58f8afd2077441d741a8,True,Total selection includes global-sign loss only with observed G05 and nonzero global-sign weight.,positive means g05_full_reconstruction is better
36b558cd20008a7327a4d38992ee67cad6ef17e0621dd994265441fddb5aa397,total,validation_loss.total,g05_sign_only,g05_full_reconstruction,1.0,32,position_mae_z,41,primary,0.21575339317321776,0.21147098922729493,-0.00428240394592283,0.00428240394592283,41,45,0.9297990272045136,0.9195337259769439,3ed7f29774792be21a4e18019e6c858f294bef115b4e7627b39c4e2dd835af04,bd0d5e9687ff8a0fda63eceae95b3282122a62cc013f58f8afd2077441d741a8,True,Total selection includes global-sign loss only with observed G05 and nonzero global-sign weight.,positive means g05_full_reconstruction is better
36b558cd20008a7327a4d38992ee67cad6ef17e0621dd994265441fddb5aa397,total,validation_loss.total,g05_sign_only,g05_full_reconstruction,1.0,32,mean_position_mae,41,primary,0.3589079093933105,0.3519064750671387,-0.00700143432617184,0.00700143432617184,41,45,0.9297990272045136,0.9195337259769439,3ed7f29774792be21a4e18019e6c858f294bef115b4e7627b39c4e2dd835af04,bd0d5e9687ff8a0fda63eceae95b3282122a62cc013f58f8afd2077441d741a8,True,Total selection includes global-sign loss only with observed G05 and nonzero global-sign weight.,positive means g05_full_reconstruction is better
36b558cd20008a7327a4d38992ee67cad6ef17e0621dd994265441fddb5aa397,total,validation_loss.total,g05_sign_only,g05_full_reconstruction,1.0,32,mean_position_3d_error,41,primary,0.7316809158325195,0.7187159271240234,-0.01296498870849605,0.01296498870849605,41,45,0.9297990272045136,0.9195337259769439,3ed7f29774792be21a4e18019e6c858f294bef115b4e7627b39c4e2dd835af04,bd0d5e9687ff8a0fda63eceae95b3282122a62cc013f58f8afd2077441d741a8,True,Total selection includes global-sign loss only with observed G05 and nonzero global-sign weight.,positive means g05_full_reconstruction is better
36b558cd20008a7327a4d38992ee67cad6ef17e0621dd994265441fddb5aa397,total,validation_loss.total,g05_sign_only,g05_full_reconstruction,1.0,32,charge_magnitude_mae,41,primary,0.15801284980773925,0.157202787399292,-0.0008100624084472485,0.0008100624084472485,41,45,0.9297990272045136,0.9195337259769439,3ed7f29774792be21a4e18019e6c858f294bef115b4e7627b39c4e2dd835af04,bd0d5e9687ff8a0fda63eceae95b3282122a62cc013f58f8afd2077441d741a8,True,Total selection includes global-sign loss only with observed G05 and nonzero global-sign weight.,positive means g05_full_reconstruction is better
36b558cd20008a7327a4d38992ee67cad6ef17e0621dd994265441fddb5aa397,total,validation_loss.total,g05_sign_only,g05_full_reconstruction,1.0,32,relative_sign_accuracy,41,primary,0.9611999969482422,0.9592000122070312,-0.0019999847412109917,-0.0019999847412109917,41,45,0.9297990272045136,0.9195337259769439,3ed7f29774792be21a4e18019e6c858f294bef115b4e7627b39c4e2dd835af04,bd0d5e9687ff8a0fda63eceae95b3282122a62cc013f58f8afd2077441d741a8,True,Total selection includes global-sign loss only with observed G05 and nonzero global-sign weight.,positive means g05_full_reconstruction is better
36b558cd20008a7327a4d38992ee67cad6ef17e0621dd994265441fddb5aa397,total,validation_loss.total,g05_sign_only,g05_full_reconstruction,1.0,32,relative_configuration_accuracy,41,primary,0.915,0.91,-0.0050000000000000044,-0.0050000000000000044,41,45,0.9297990272045136,0.9195337259769439,3ed7f29774792be21a4e18019e6c858f294bef115b4e7627b39c4e2dd835af04,bd0d5e9687ff8a0fda63eceae95b3282122a62cc013f58f8afd2077441d741a8,True,Total selection includes global-sign loss only with observed G05 and nonzero global-sign weight.,positive means g05_full_reconstruction is better
36b558cd20008a7327a4d38992ee67cad6ef17e0621dd994265441fddb5aa397,total,validation_loss.total,g05_sign_only,g05_full_reconstruction,1.0,32,pairwise_relative_sign_accuracy,41,primary,0.9513999938964843,0.9483999938964843,-0.0030000000000000027,-0.0030000000000000027,41,45,0.9297990272045136,0.9195337259769439,3ed7f29774792be21a4e18019e6c858f294bef115b4e7627b39c4e2dd835af04,bd0d5e9687ff8a0fda63eceae95b3282122a62cc013f58f8afd2077441d741a8,True,Total selection includes global-sign loss only with observed G05 and nonzero global-sign weight.,positive means g05_full_reconstruction is better
36b558cd20008a7327a4d38992ee67cad6ef17e0621dd994265441fddb5aa397,total,validation_loss.total,g05_sign_only,g05_full_reconstruction,1.0,32,global_sign_accuracy,41,primary,0.865,0.87,0.0050000000000000044,0.0050000000000000044,41,45,0.9297990272045136,0.9195337259769439,3ed7f29774792be21a4e18019e6c858f294bef115b4e7627b39c4e2dd835af04,bd0d5e9687ff8a0fda63eceae95b3282122a62cc013f58f8afd2077441d741a8,True,Total selection includes global-sign loss only with observed G05 and nonzero global-sign weight.,positive means g05_full_reconstruction is better
36b558cd20008a7327a4d38992ee67cad6ef17e0621dd994265441fddb5aa397,total,validation_loss.total,g05_sign_only,g05_full_reconstruction,1.0,32,global_sign_bce,41,primary,0.3409734306335449,0.3351615104675293,-0.005811920166015616,0.005811920166015616,41,45,0.9297990272045136,0.9195337259769439,3ed7f29774792be21a4e18019e6c858f294bef115b4e7627b39c4e2dd835af04,bd0d5e9687ff8a0fda63eceae95b3282122a62cc013f58f8afd2077441d741a8,True,Total selection includes global-sign loss only with observed G05 and nonzero global-sign weight.,positive means g05_full_reconstruction is better
36b558cd20008a7327a4d38992ee67cad6ef17e0621dd994265441fddb5aa397,total,validation_loss.total,g05_sign_only,g05_full_reconstruction,1.0,32,absolute_sign_accuracy,41,primary,0.8845999908447265,0.8748000259399414,-0.009799964904785075,-0.009799964904785075,41,45,0.9297990272045136,0.9195337259769439,3ed7f29774792be21a4e18019e6c858f294bef115b4e7627b39c4e2dd835af04,bd0d5e9687ff8a0fda63eceae95b3282122a62cc013f58f8afd2077441d741a8,True,Total selection includes global-sign loss only with observed G05 and nonzero global-sign weight.,positive means g05_full_reconstruction is better
36b558cd20008a7327a4d38992ee67cad6ef17e0621dd994265441fddb5aa397,total,validation_loss.total,g05_sign_only,g05_full_reconstruction,1.0,32,absolute_sign_set_accuracy,41,primary,0.845,0.833,-0.01200000000000001,-0.01200000000000001,41,45,0.9297990272045136,0.9195337259769439,3ed7f29774792be21a4e18019e6c858f294bef115b4e7627b39c4e2dd835af04,bd0d5e9687ff8a0fda63eceae95b3282122a62cc013f58f8afd2077441d741a8,True,Total selection includes global-sign loss only with observed G05 and nonzero global-sign weight.,positive means g05_full_reconstruction is better
36b558cd20008a7327a4d38992ee67cad6ef17e0621dd994265441fddb5aa397,total,validation_loss.total,g05_sign_only,g05_full_reconstruction,1.0,32,charge_mae,41,primary,0.2850603542327881,0.2956295738220215,0.010569219589233403,-0.010569219589233403,41,45,0.9297990272045136,0.9195337259769439,3ed7f29774792be21a4e18019e6c858f294bef115b4e7627b39c4e2dd835af04,bd0d5e9687ff8a0fda63eceae95b3282122a62cc013f58f8afd2077441d741a8,True,Total selection includes global-sign loss only with observed G05 and nonzero global-sign weight.,positive means g05_full_reconstruction is better
36b558cd20008a7327a4d38992ee67cad6ef17e0621dd994265441fddb5aa397,total,validation_loss.total,g05_sign_only,g05_full_reconstruction,1.0,32,global_invariant_charge_mae,41,primary,0.1924360237121582,0.19536303901672364,0.0029270153045654335,-0.0029270153045654335,41,45,0.9297990272045136,0.9195337259769439,3ed7f29774792be21a4e18019e6c858f294bef115b4e7627b39c4e2dd835af04,bd0d5e9687ff8a0fda63eceae95b3282122a62cc013f58f8afd2077441d741a8,True,Total selection includes global-sign loss only with observed G05 and nonzero global-sign weight.,positive means g05_full_reconstruction is better
