test_example_index,mean_position_mae,mean_position_3d_error,position_mae_x,position_mae_y,position_mae_z,charge_magnitude_mae,charge_mae,global_invariant_charge_mae,relative_sign_accuracy,relative_configuration_accuracy,global_sign_accuracy,absolute_sign_accuracy,absolute_sign_set_accuracy,geometric_relative_sign_accuracy,geometric_relative_configuration_accuracy,geometric_mean_position_3d_error,relative_negative_count_accuracy,global_probability,global_target,global_confidence,relative_confidence,global_oracle_charge_mae,field_relative_l2,magnitude_field_relative_l2,g00_relative_l2
1629,0.3060672879219055,0.6823245286941528,0.17784330248832703,0.5960672497749329,0.14429138600826263,0.09797985851764679,0.09797985851764679,0.09797985851764679,1.0,1.0,1.0,1.0,1.0,1.0,1.0,0.6823245286941528,1.0,0.17653888463974,0.0,0.82346111536026,0.9997703433036804,0.09797985851764679,0.32450108254670257,0.30384920223022616,0.5204468725479999
6384,0.3449974060058594,0.7200763821601868,0.2544954717159271,0.5822338461875916,0.19826287031173706,0.17865309119224548,0.17865309119224548,0.17865309119224548,1.0,1.0,1.0,1.0,1.0,1.0,1.0,0.7200763821601868,1.0,0.00980894174426794,0.0,0.9901910424232483,0.998322069644928,0.17865309119224548,0.3292519686202442,0.2850452406444474,0.5627599508906255
9436,0.31385061144828796,0.6501266956329346,0.23477855324745178,0.5544342398643494,0.15233898162841797,0.22374168038368225,0.22374168038368225,0.22374168038368225,1.0,1.0,1.0,1.0,1.0,0.6000000238418579,0.0,0.5086585283279419,1.0,0.9679453372955322,1.0,0.9679453372955322,0.998761773109436,0.22374168038368225,0.3014983875830384,0.2986261855547129,0.45080879225097165
5028,0.2251432090997696,0.440390408039093,0.18004652857780457,0.2901202142238617,0.20526288449764252,0.12374088913202286,0.12374088913202286,0.12374088913202286,1.0,1.0,1.0,1.0,1.0,1.0,1.0,0.440390408039093,1.0,0.02560914307832718,0.0,0.9743908643722534,0.9912962913513184,0.12374088913202286,0.06936292854137643,0.06936292854137643,0.135457079652741
4722,0.23325090110301971,0.5068174004554749,0.1819097399711609,0.4161616861820221,0.10168125480413437,0.18636615574359894,0.18636615574359894,0.18636615574359894,1.0,1.0,1.0,1.0,1.0,0.6000000238418579,0.0,0.4429245889186859,1.0,0.8205161690711975,1.0,0.8205161690711975,0.6567762494087219,0.18636615574359894,0.19645638230945806,0.19645638230945806,0.3589627912629536
7930,0.5236276388168335,1.0208691358566284,0.7468594908714294,0.5134519338607788,0.31057146191596985,0.27539053559303284,0.27539053559303284,0.27539053559303284,1.0,1.0,1.0,1.0,1.0,0.6000000238418579,0.0,1.0605885982513428,1.0,0.01773270219564438,0.0,0.9822673201560974,0.9147458076477051,0.27539053559303284,0.08811016351413793,0.08811016351413793,0.2002058400881431
2785,0.1905730664730072,0.3790273070335388,0.13744041323661804,0.18439607322216034,0.2498827427625656,0.08878429234027863,0.08878429234027863,0.08878429234027863,1.0,1.0,1.0,1.0,1.0,1.0,1.0,0.3790273070335388,1.0,0.019273139536380768,0.0,0.9807268381118774,0.9884631037712097,0.08878429234027863,0.21423418922080437,0.21423418922080437,0.5421154244916268
5523,0.4020764231681824,0.8456657528877258,0.46525508165359497,0.5833083391189575,0.15766587853431702,0.18867269158363342,0.18867269158363342,0.18867269158363342,1.0,1.0,1.0,1.0,1.0,0.6000000238418579,0.0,0.7299389839172363,1.0,0.5733902454376221,1.0,0.5733902454376221,0.9998719692230225,0.18867269158363342,0.8166582109728708,0.7586768706618591,0.9083445048318632
1488,0.29913899302482605,0.6520399451255798,0.3759027123451233,0.276963472366333,0.24455080926418304,0.1433059424161911,0.1433059424161911,0.1433059424161911,1.0,1.0,1.0,1.0,1.0,1.0,1.0,0.6520399451255798,1.0,0.012524917721748352,0.0,0.9874750971794128,0.9945566654205322,0.1433059424161911,0.4264513565525692,0.4264513565525692,1.8394217931307295
8763,0.3227650821208954,0.6056351065635681,0.32559511065483093,0.31583115458488464,0.3268689811229706,0.13906989991664886,0.13906989991664886,0.13906989991664886,1.0,1.0,1.0,1.0,1.0,1.0,1.0,0.6056351065635681,1.0,0.9502447843551636,1.0,0.9502447843551636,0.999850869178772,0.13906989991664886,0.5917132051966558,0.5660071291780719,0.8516859678198297
3325,0.44621291756629944,0.8737297058105469,0.59349125623703,0.5641866326332092,0.18096081912517548,0.23287764191627502,0.23287764191627502,0.23287764191627502,1.0,1.0,1.0,1.0,1.0,0.6000000238418579,0.0,0.7837865352630615,1.0,0.9451310634613037,1.0,0.9451310634613037,0.9990566372871399,0.23287764191627502,0.3122887434045706,0.29322170279506377,0.46409228922444323
7163,0.36123374104499817,0.6882726550102234,0.45458459854125977,0.32259413599967957,0.3065224289894104,0.14649100601673126,0.14649100601673126,0.14649100601673126,1.0,1.0,1.0,1.0,1.0,0.6000000238418579,0.0,0.6258989572525024,1.0,0.04639517515897751,0.0,0.9536048173904419,0.9679428339004517,0.14649100601673126,0.1679553128803747,0.1679553128803747,0.4064029214270805
3908,0.333577424287796,0.7144232988357544,0.6063423156738281,0.23950600624084473,0.15488390624523163,0.20159004628658295,0.20159004628658295,0.20159004628658295,1.0,1.0,1.0,1.0,1.0,1.0,1.0,0.7144232988357544,1.0,0.037100668996572495,0.0,0.9628993272781372,0.9995779395103455,0.20159004628658295,0.44599184007127635,0.3403124732144599,0.319058289634478
7636,0.5295615792274475,1.0753124952316284,0.5021446347236633,0.7022745013237,0.3842655122280121,0.23322844505310059,0.8108661770820618,0.7703299522399902,0.6000000238418579,0.0,0.0,0.4000000059604645,0.0,0.20000000298023224,0.0,0.7857207655906677,0.0,0.0192305576056242,1.0,0.9807694554328918,0.9899319410324097,0.7703299522399902,0.23316192080748657,0.23316192080748657,0.47775629019335475
2960,0.421830952167511,0.760949432849884,0.43627139925956726,0.4410323202610016,0.3881891667842865,0.167470321059227,1.3842717409133911,0.167470321059227,1.0,1.0,0.0,0.0,0.0,0.6000000238418579,0.0,0.7205900549888611,1.0,0.7408056259155273,0.0,0.7408056259155273,0.8113223314285278,0.167470321059227,1.8060955832410466,0.2818785624769176,0.622304841449898
8828,0.5568076372146606,1.1759226322174072,0.4477192461490631,0.9507952928543091,0.27190837264060974,0.1791187971830368,0.1791187971830368,0.1791187971830368,1.0,1.0,1.0,1.0,1.0,1.0,1.0,1.1759226322174072,1.0,0.10773716866970062,0.0,0.8922628164291382,0.9307055473327637,0.1791187971830368,0.39782308403197303,0.3698850007505445,0.7348567992304721
8812,0.3367157280445099,0.6735154986381531,0.4600946605205536,0.4331265985965729,0.11692585051059723,0.1784990131855011,0.1784990131855011,0.1784990131855011,1.0,1.0,1.0,1.0,1.0,1.0,1.0,0.6735154986381531,1.0,0.5942369103431702,1.0,0.5942369103431702,0.34910520911216736,0.1784990131855011,0.17805948624083653,0.17805948624083653,0.3481263878085011
1523,0.3790326714515686,0.7861273884773254,0.43999767303466797,0.4642420709133148,0.23285816609859467,0.12107092142105103,0.12107092142105103,0.12107092142105103,1.0,1.0,1.0,1.0,1.0,1.0,1.0,0.7861273884773254,1.0,0.8859597444534302,1.0,0.8859597444534302,0.9987406134605408,0.12107092142105103,0.37768296858253647,0.3378549696264072,0.7727001761914749
750,0.2635788321495056,0.5452131032943726,0.290108859539032,0.3185274302959442,0.18210023641586304,0.13675148785114288,0.13675148785114288,0.13675148785114288,1.0,1.0,1.0,1.0,1.0,1.0,1.0,0.5452131032943726,1.0,0.5679545998573303,1.0,0.5679545998573303,0.8595932722091675,0.13675148785114288,0.2778119339215916,0.27585151996558444,0.7032429351336199
6564,0.39136216044425964,0.8275473713874817,0.5725096464157104,0.3678668141365051,0.2337098866701126,0.07872427999973297,0.07872427999973297,0.07872427999973297,1.0,1.0,1.0,1.0,1.0,0.6000000238418579,0.0,0.7587283253669739,1.0,0.8650304079055786,1.0,0.8650304079055786,0.9232190251350403,0.07872427999973297,0.1898086138453569,0.1898086138453569,0.31019967318348823
8993,0.543493390083313,1.0760788917541504,0.8142269253730774,0.5883401036262512,0.22791306674480438,0.19302332401275635,0.19302332401275635,0.19302332401275635,1.0,1.0,1.0,1.0,1.0,0.6000000238418579,0.0,0.9900416731834412,1.0,0.02972816862165928,0.0,0.9702718257904053,0.9999303817749023,0.19302332401275635,1.0352135262123534,0.9330680048066533,1.168495324460603
1971,0.5041251182556152,0.9670435190200806,0.41644784808158875,0.6909534335136414,0.4049738943576813,0.2185928374528885,0.8310556411743164,0.7617244720458984,0.6000000238418579,0.0,0.0,0.4000000059604645,0.0,0.20000000298023224,0.0,0.5306870341300964,0.0,0.9156967401504517,0.0,0.9156967401504517,0.9286693334579468,0.7617244720458984,0.2720420287258267,0.2720420287258267,0.6981419912271042
9883,0.5160408020019531,1.082904577255249,0.4103755056858063,0.8524195551872253,0.2853274345397949,0.14916887879371643,0.14916887879371643,0.14916887879371643,1.0,1.0,1.0,1.0,1.0,1.0,1.0,1.082904577255249,1.0,0.9151867032051086,1.0,0.9151867032051086,0.9996520280838013,0.14916887879371643,0.3429161278847767,0.3429161278847767,0.7655405986830559
1800,0.5121151804924011,1.0376166105270386,0.518086850643158,0.817432701587677,0.2008260041475296,0.15723916888237,0.15723916888237,0.15723916888237,1.0,1.0,1.0,1.0,1.0,0.6000000238418579,0.0,1.0150387287139893,1.0,0.8697881102561951,1.0,0.8697881102561951,0.9991455078125,0.15723916888237,0.35508305745077706,0.3423055646345179,0.533120173918564
7853,0.4066527187824249,0.823810875415802,0.4351276457309723,0.5000261664390564,0.28480440378189087,0.17735986411571503,0.17735986411571503,0.17735986411571503,1.0,1.0,1.0,1.0,1.0,0.6000000238418579,0.0,0.7590513229370117,1.0,0.13407675921916962,0.0,0.8659232258796692,0.9198938608169556,0.17735986411571503,0.5067434802974493,0.46481353053850444,0.6854718777326276
1832,0.4456927478313446,0.9040420651435852,0.5897740721702576,0.45842811465263367,0.2888760268688202,0.2119973748922348,0.2119973748922348,0.2119973748922348,1.0,1.0,1.0,1.0,1.0,0.6000000238418579,0.0,0.8251247406005859,1.0,0.9361690282821655,1.0,0.9361690282821655,0.99290931224823,0.2119973748922348,0.3490684302196337,0.3388862971186011,0.7090246788715255
2929,0.20239250361919403,0.47246620059013367,0.2319701761007309,0.30923619866371155,0.06597118824720383,0.11779806762933731,0.11779806762933731,0.11779806762933731,1.0,1.0,1.0,1.0,1.0,1.0,1.0,0.47246620059013367,1.0,0.021251056343317032,0.0,0.9787489175796509,0.9986715316772461,0.11779806762933731,0.30081924181368624,0.26189896257478124,0.49135063102875337
3001,0.3903224468231201,0.7606098055839539,0.41229531168937683,0.5700182318687439,0.18865381181240082,0.1334344893693924,0.1334344893693924,0.1334344893693924,1.0,1.0,1.0,1.0,1.0,1.0,1.0,0.7606098055839539,1.0,0.0191279798746109,0.0,0.9808720350265503,0.9965236783027649,0.1334344893693924,0.16941594617944017,0.16838866717162088,0.38132155461682954
5593,0.5158279538154602,1.0180017948150635,0.8214252591133118,0.477497398853302,0.24856118857860565,0.23764167726039886,0.23764167726039886,0.23764167726039886,1.0,1.0,1.0,1.0,1.0,0.6000000238418579,0.0,1.0122156143188477,1.0,0.984237015247345,1.0,0.984237015247345,0.9996346235275269,0.23764167726039886,0.3870719088865628,0.3846398536691285,1.2119277418826957
5315,0.4151216745376587,0.8244867324829102,0.581304669380188,0.4508778154850006,0.21318243443965912,0.06660377234220505,0.06660377234220505,0.06660377234220505,1.0,1.0,1.0,1.0,1.0,0.6000000238418579,0.0,0.7283504009246826,1.0,0.1519097089767456,0.0,0.8480902910232544,0.9999361038208008,0.06660377234220505,0.4893536878711455,0.4350458513732193,0.6072375424744512
2541,0.4725891649723053,0.903244137763977,0.49411526322364807,0.481560081243515,0.4420921504497528,0.0984770655632019,1.2992745637893677,0.0984770655632019,1.0,1.0,0.0,0.0,0.0,0.20000000298023224,0.0,0.8035938143730164,1.0,0.93353670835495,0.0,0.93353670835495,0.9999594688415527,0.0984770655632019,0.9983665495679032,0.8998054565718682,0.9971218715078382
9561,0.4105919599533081,0.8690716028213501,0.3830038011074066,0.6578132510185242,0.19095882773399353,0.18713197112083435,0.18713197112083435,0.18713197112083435,1.0,1.0,1.0,1.0,1.0,0.6000000238418579,0.0,0.8695549964904785,1.0,0.9042962193489075,1.0,0.9042962193489075,0.8980305790901184,0.18713197112083435,0.11376335651064488,0.11376335651064488,0.2296918238296722
3562,0.35036423802375793,0.7220053672790527,0.41326481103897095,0.5064100027084351,0.1314179003238678,0.10803717374801636,0.10803717374801636,0.10803717374801636,1.0,1.0,1.0,1.0,1.0,0.6000000238418579,0.0,0.7284447550773621,1.0,0.9873310923576355,1.0,0.9873310923576355,0.9240735173225403,0.10803717374801636,0.196664647733957,0.196664647733957,0.3219202328709266
6717,0.5904743075370789,1.167047142982483,0.8289316296577454,0.6934009790420532,0.24909019470214844,0.12174546718597412,0.12174546718597412,0.12174546718597412,1.0,1.0,1.0,1.0,1.0,0.20000000298023224,0.0,0.9538423418998718,1.0,0.9268144965171814,1.0,0.9268144965171814,0.9998588562011719,0.12174546718597412,0.7488597079131747,0.6627454193438486,0.8017843971110948
8168,0.4234958589076996,0.861238420009613,0.689599871635437,0.38963016867637634,0.19125747680664062,0.23750577867031097,0.23750577867031097,0.23750577867031097,1.0,1.0,1.0,1.0,1.0,1.0,1.0,0.861238420009613,1.0,0.05465381592512131,0.0,0.9453461766242981,0.8972356915473938,0.23750577867031097,0.25120598911421166,0.25120598911421166,0.5535484962459359
7261,0.292456716299057,0.5883265733718872,0.23369674384593964,0.3819252550601959,0.2617480456829071,0.162575826048851,0.162575826048851,0.162575826048851,1.0,1.0,1.0,1.0,1.0,0.6000000238418579,0.0,0.4444602429866791,1.0,0.11518238484859467,0.0,0.8848176002502441,0.9997192025184631,0.162575826048851,0.5155316234537247,0.5137360397585138,0.8460284042955072
6635,0.31200864911079407,0.6219298243522644,0.29729607701301575,0.43666574358940125,0.20206408202648163,0.21249739825725555,0.21249739825725555,0.21249739825725555,1.0,1.0,1.0,1.0,1.0,1.0,1.0,0.6219298243522644,1.0,0.9801943302154541,1.0,0.9801943302154541,0.9873554110527039,0.21249739825725555,0.3148511986338333,0.3148511986338333,0.912568179182474
4516,0.40140727162361145,0.90394127368927,0.3218207359313965,0.7607725262641907,0.12162851542234421,0.1884019672870636,0.1884019672870636,0.1884019672870636,1.0,1.0,1.0,1.0,1.0,0.6000000238418579,0.0,0.8355956077575684,1.0,0.019388889893889427,0.0,0.9806110858917236,0.9979096055030823,0.1884019672870636,0.5174442820392733,0.4783628090125142,0.7312929863647183
5003,0.36456021666526794,0.8553563356399536,0.5650202631950378,0.3720303475856781,0.15662993490695953,0.15415744483470917,0.15415744483470917,0.15415744483470917,1.0,1.0,1.0,1.0,1.0,1.0,1.0,0.8553563356399536,1.0,0.3576827645301819,0.0,0.6423172354698181,0.7877321839332581,0.15415744483470917,0.2048927229819179,0.2048927229819179,0.709819796719229
9066,0.2999807596206665,0.5854217410087585,0.37368378043174744,0.32541224360466003,0.20084618031978607,0.13451214134693146,0.6841856837272644,0.5138436555862427,0.6000000238418579,0.0,0.0,0.4000000059604645,0.0,0.20000000298023224,0.0,0.5880293846130371,0.0,0.21719031035900116,1.0,0.7828096747398376,0.7896835803985596,0.5138436555862427,0.14928479459908117,0.14928479459908117,0.3537582921148135
5427,0.23588421940803528,0.5571090579032898,0.38814571499824524,0.18788956105709076,0.13161732256412506,0.1877257525920868,0.1877257525920868,0.1877257525920868,1.0,1.0,1.0,1.0,1.0,1.0,1.0,0.5571090579032898,1.0,0.03338909521698952,0.0,0.9666109085083008,0.985870897769928,0.1877257525920868,0.11690514401321671,0.11690514401321671,0.3202402150747845
7131,0.29973170161247253,0.6538169980049133,0.5459182858467102,0.1785813868045807,0.1746954768896103,0.14264631271362305,0.14264631271362305,0.14264631271362305,1.0,1.0,1.0,1.0,1.0,1.0,1.0,0.6538169980049133,1.0,0.9296889901161194,1.0,0.9296889901161194,0.9612252712249756,0.14264631271362305,0.14199100558211294,0.14199100558211294,0.3788009440342426
5035,0.5902073383331299,1.2671394348144531,0.2426702231168747,1.1622774600982666,0.36567431688308716,0.15222053229808807,0.15222053229808807,0.15222053229808807,1.0,1.0,1.0,1.0,1.0,1.0,1.0,1.2671394348144531,1.0,0.9751163125038147,1.0,0.9751163125038147,0.9402799606323242,0.15222053229808807,0.32431068157430953,0.32431068157430953,0.7470673643645319
6277,0.27934202551841736,0.5561766028404236,0.36095577478408813,0.33800289034843445,0.13906735181808472,0.20960374176502228,0.20960374176502228,0.20960374176502228,1.0,1.0,1.0,1.0,1.0,1.0,1.0,0.5561766028404236,1.0,0.9827509522438049,1.0,0.9827509522438049,0.9956974983215332,0.20960374176502228,0.600475392466666,0.5280110539314744,0.9995478389270785
817,0.4816710352897644,0.9277252554893494,0.5178706049919128,0.6763454079627991,0.25079694390296936,0.15983504056930542,0.15983504056930542,0.15983504056930542,1.0,1.0,1.0,1.0,1.0,0.6000000238418579,0.0,0.9131488800048828,1.0,0.10365404188632965,0.0,0.8963459730148315,0.8301032781600952,0.15983504056930542,0.34888036492379193,0.34888036492379193,0.5977074167336326
6773,0.32273587584495544,0.6235184669494629,0.3997149169445038,0.38603973388671875,0.18245302140712738,0.2135990709066391,0.2135990709066391,0.2135990709066391,1.0,1.0,1.0,1.0,1.0,1.0,1.0,0.6235184669494629,1.0,0.042424414306879044,0.0,0.9575755596160889,0.992713987827301,0.2135990709066391,0.26083703008927195,0.26083703008927195,0.5170295638548572
1079,0.4634212851524353,0.8948603868484497,0.6407944560050964,0.5624035596847534,0.18706567585468292,0.1652146875858307,0.1652146875858307,0.1652146875858307,1.0,1.0,1.0,1.0,1.0,1.0,1.0,0.8948603868484497,1.0,0.6156458258628845,1.0,0.6156458258628845,0.772788405418396,0.1652146875858307,0.2078167567425127,0.2078167567425127,0.5112180343786938
9712,0.3487536907196045,0.7997426390647888,0.7435174584388733,0.17481830716133118,0.12792526185512543,0.2406349927186966,0.2406349927186966,0.2406349927186966,1.0,1.0,1.0,1.0,1.0,1.0,1.0,0.7997426390647888,1.0,0.024953510612249374,0.0,0.9750465154647827,0.9711815714836121,0.2406349927186966,0.14357384693666386,0.14357384693666386,0.3218750249947422
4192,0.37795397639274597,0.7284687161445618,0.453496515750885,0.32121703028678894,0.3591483235359192,0.15467770397663116,0.15467770397663116,0.15467770397663116,1.0,1.0,1.0,1.0,1.0,1.0,1.0,0.7284687161445618,1.0,0.08766420185565948,0.0,0.9123358130455017,0.8587287068367004,0.15467770397663116,0.30345844127234917,0.28226094201409874,0.5151183300077893
2697,0.315128356218338,0.715920090675354,0.22870047390460968,0.543152391910553,0.1735321283340454,0.10036212205886841,0.10036212205886841,0.10036212205886841,1.0,1.0,1.0,1.0,1.0,1.0,1.0,0.715920090675354,1.0,0.9358992576599121,1.0,0.9358992576599121,0.9874372482299805,0.10036212205886841,0.1678586115377886,0.1678586115377886,0.29387268034710196
9660,0.403839111328125,0.8157660365104675,0.3064832091331482,0.6287721991539001,0.27626195549964905,0.15152747929096222,0.15152747929096222,0.15152747929096222,1.0,1.0,1.0,1.0,1.0,0.6000000238418579,0.0,0.736146092414856,1.0,0.34788089990615845,0.0,0.6521191000938416,0.9999775886535645,0.15152747929096222,0.9854829603250839,0.8456803933625804,0.96541799623344
905,0.4208095371723175,0.8176670074462891,0.35560229420661926,0.5460786819458008,0.3607475757598877,0.12820841372013092,0.12820841372013092,0.12820841372013092,1.0,1.0,1.0,1.0,1.0,0.6000000238418579,0.0,0.7147892117500305,1.0,0.04578014835715294,0.0,0.9542198777198792,0.9992663264274597,0.12820841372013092,0.6143838384314808,0.3743182754819167,0.5560135967242594
3527,0.20233574509620667,0.3834645450115204,0.19166326522827148,0.18076260387897491,0.2345813363790512,0.10859189182519913,0.10859189182519913,0.10859189182519913,1.0,1.0,1.0,1.0,1.0,1.0,1.0,0.3834645450115204,1.0,0.06286540627479553,0.0,0.9371346235275269,0.9254708886146545,0.10859189182519913,0.06170572963647638,0.06170572963647638,0.13486299817985906
6712,0.323607474565506,0.6514427065849304,0.4100731909275055,0.31659331917762756,0.2441558837890625,0.14320266246795654,0.14320266246795654,0.14320266246795654,1.0,1.0,1.0,1.0,1.0,0.6000000238418579,0.0,0.6036891341209412,1.0,0.012397153303027153,0.0,0.9876028299331665,0.9826918840408325,0.14320266246795654,0.3841561437857548,0.38093715474412854,0.7657993374092622
808,0.31922170519828796,0.6575841307640076,0.30251267552375793,0.5226573944091797,0.13249503076076508,0.09541674703359604,0.09541674703359604,0.09541674703359604,1.0,1.0,1.0,1.0,1.0,1.0,1.0,0.6575841307640076,1.0,0.9729194641113281,1.0,0.9729194641113281,0.989849328994751,0.09541674703359604,0.31221030168410924,0.31221030168410924,1.088487206865401
9663,0.24889953434467316,0.5012728571891785,0.27153950929641724,0.3155987858772278,0.15956032276153564,0.23266248404979706,0.23266248404979706,0.23266248404979706,1.0,1.0,1.0,1.0,1.0,1.0,1.0,0.5012728571891785,1.0,0.9170731902122498,1.0,0.9170731902122498,0.999864935874939,0.23266248404979706,0.6894498860011845,0.6862233777212462,0.939302842196983
1887,0.18064822256565094,0.3999638259410858,0.3359754979610443,0.03341543674468994,0.17255376279354095,0.31387874484062195,0.31387874484062195,0.31387874484062195,1.0,1.0,1.0,1.0,1.0,1.0,1.0,0.3999638259410858,1.0,0.03338160365819931,0.0,0.9666184186935425,0.9997596144676208,0.31387874484062195,0.3006632778410462,0.29110570197151603,0.40521936825333105
4269,0.5101365447044373,1.0322779417037964,0.6714869737625122,0.49802538752555847,0.3608972430229187,0.2298974096775055,0.2298974096775055,0.2298974096775055,1.0,1.0,1.0,1.0,1.0,1.0,1.0,1.0322779417037964,1.0,0.01985916495323181,0.0,0.9801408052444458,0.9385074973106384,0.2298974096775055,0.1580617503778405,0.1580617503778405,0.3629989168480127
3786,0.28910955786705017,0.5982313752174377,0.4699877202510834,0.21992214024066925,0.1774187833070755,0.15958137810230255,0.15958137810230255,0.15958137810230255,1.0,1.0,1.0,1.0,1.0,1.0,1.0,0.5982313752174377,1.0,0.11112533509731293,0.0,0.8888746500015259,0.9995891451835632,0.15958137810230255,0.4728575202872941,0.4657600561324841,0.7746711946169406
6829,0.4613920748233795,0.8805209994316101,0.5715014338493347,0.5899736285209656,0.22270110249519348,0.1833166480064392,0.1833166480064392,0.1833166480064392,1.0,1.0,1.0,1.0,1.0,0.6000000238418579,0.0,0.8327293395996094,1.0,0.1969585418701172,0.0,0.8030414581298828,0.9999855756759644,0.1833166480064392,0.32873885515433554,0.30797816385364873,0.4913089809687216
7858,0.29168179631233215,0.5974233746528625,0.4178592264652252,0.27877408266067505,0.17841200530529022,0.20108845829963684,0.20108845829963684,0.20108845829963684,1.0,1.0,1.0,1.0,1.0,1.0,1.0,0.5974233746528625,1.0,0.012457136996090412,0.0,0.9875428676605225,0.9873895645141602,0.20108845829963684,0.08155822555483054,0.08155822555483054,0.16749209323777478
3816,0.5041016936302185,1.133313775062561,0.6959204077720642,0.751807689666748,0.06457687169313431,0.22607699036598206,0.22607699036598206,0.22607699036598206,1.0,1.0,1.0,1.0,1.0,0.6000000238418579,0.0,1.099696397781372,1.0,0.8062394857406616,1.0,0.8062394857406616,0.9606255888938904,0.22607699036598206,0.7346075156079964,0.5623131925352158,0.9007402382249525
9225,0.3501187264919281,0.6686990857124329,0.2959328293800354,0.4985976815223694,0.25582557916641235,0.1706305891275406,0.1706305891275406,0.1706305891275406,1.0,1.0,1.0,1.0,1.0,1.0,1.0,0.6686990857124329,1.0,0.9636086225509644,1.0,0.9636086225509644,0.9995957016944885,0.1706305891275406,0.5990372487335437,0.5000599408344304,0.7518455028460627
5018,0.26697731018066406,0.5422257781028748,0.2001577913761139,0.3221852481365204,0.2785889804363251,0.08872655779123306,0.08872655779123306,0.08872655779123306,1.0,1.0,1.0,1.0,1.0,1.0,1.0,0.5422257781028748,1.0,0.038728516548871994,0.0,0.9612714648246765,0.999699592590332,0.08872655779123306,0.5905652311754285,0.5258952435410946,0.7749574025269781
4925,0.33200544118881226,0.6595752239227295,0.31597012281417847,0.437286376953125,0.2427598237991333,0.07563384622335434,0.07563384622335434,0.07563384622335434,1.0,1.0,1.0,1.0,1.0,0.6000000238418579,0.0,0.6372687220573425,1.0,0.023782862350344658,0.0,0.9762171506881714,0.9992119073867798,0.07563384622335434,0.28026233050862065,0.2792673855031215,0.4228681784932826
97,0.36234813928604126,0.6735498309135437,0.3620207905769348,0.4508138597011566,0.274209588766098,0.11200471222400665,0.11200471222400665,0.11200471222400665,1.0,1.0,1.0,1.0,1.0,1.0,1.0,0.6735498309135437,1.0,0.8298192024230957,1.0,0.8298192024230957,0.9998975992202759,0.11200471222400665,0.31812939704127396,0.30554230360414775,0.400723558946347
8304,0.5267835855484009,1.0963460206985474,0.7352296710014343,0.7343406677246094,0.11078047007322311,0.07015028595924377,0.7668763399124146,0.6028723120689392,0.6000000238418579,0.0,0.0,0.4000000059604645,0.0,0.6000000238418579,0.0,1.0963460206985474,0.0,0.7995787262916565,0.0,0.7995787262916565,0.6044901013374329,0.6028723120689392,0.39227945108277046,0.3806980513460719,0.6459775889607898
4517,0.3886364698410034,0.8895206451416016,0.2802119851112366,0.7641915678977966,0.12150602787733078,0.16199205815792084,0.16199205815792084,0.16199205815792084,1.0,1.0,1.0,1.0,1.0,1.0,1.0,0.8895206451416016,1.0,0.20917902886867523,0.0,0.7908209562301636,0.9983200430870056,0.16199205815792084,0.2984580813528532,0.26361306327942396,0.4227667251955222
7476,0.2932044267654419,0.6083995699882507,0.40631595253944397,0.29336997866630554,0.1799272894859314,0.14382489025592804,0.14382489025592804,0.14382489025592804,1.0,1.0,1.0,1.0,1.0,1.0,1.0,0.6083995699882507,1.0,0.005395689979195595,0.0,0.9946042895317078,0.9986085295677185,0.14382489025592804,0.23438913386568566,0.23438913386568566,0.6326193955727656
5691,0.33964797854423523,0.6982171535491943,0.26703688502311707,0.47130703926086426,0.2805999517440796,0.16216865181922913,0.16216865181922913,0.16216865181922913,1.0,1.0,1.0,1.0,1.0,1.0,1.0,0.6982171535491943,1.0,0.012232307344675064,0.0,0.9877676963806152,0.9974609613418579,0.16216865181922913,0.3011064919514869,0.3011051542704923,0.5006187673790025
484,0.40806636214256287,0.7969958782196045,0.5983042120933533,0.39879152178764343,0.22710326313972473,0.13036377727985382,0.13036377727985382,0.13036377727985382,1.0,1.0,1.0,1.0,1.0,1.0,1.0,0.7969958782196045,1.0,0.20883405208587646,0.0,0.7911659479141235,0.7866476774215698,0.13036377727985382,0.18476870318282693,0.18406446244674593,0.345993467357669
3725,0.22384832799434662,0.42211151123046875,0.23590508103370667,0.27194738388061523,0.16369250416755676,0.1694730818271637,0.1694730818271637,0.1694730818271637,1.0,1.0,1.0,1.0,1.0,1.0,1.0,0.42211151123046875,1.0,0.054920826107263565,0.0,0.9450791478157043,0.9732455611228943,0.1694730818271637,0.334944368290847,0.3256948235322865,0.9416904118978698
6854,0.22255991399288177,0.4440278112888336,0.2656671702861786,0.17725764214992523,0.22475488483905792,0.14276885986328125,0.14276885986328125,0.14276885986328125,1.0,1.0,1.0,1.0,1.0,1.0,1.0,0.4440278112888336,1.0,0.04803212732076645,0.0,0.9519678950309753,0.997698962688446,0.14276885986328125,0.14765047817911472,0.14765047817911472,0.33966574759008594
7300,0.2997099459171295,0.5955482721328735,0.21093951165676117,0.4726124405860901,0.2155778855085373,0.12190055847167969,0.12190055847167969,0.12190055847167969,1.0,1.0,1.0,1.0,1.0,1.0,1.0,0.5955482721328735,1.0,0.5866586565971375,1.0,0.5866586565971375,0.632226288318634,0.12190055847167969,0.17526298120999365,0.17526298120999365,0.29471097545075087
3496,0.28992578387260437,0.5744245648384094,0.28120157122612,0.3751336932182312,0.21344204246997833,0.13564728200435638,0.13564728200435638,0.13564728200435638,1.0,1.0,1.0,1.0,1.0,1.0,1.0,0.5744245648384094,1.0,0.8962156176567078,1.0,0.8962156176567078,0.9995781779289246,0.13564728200435638,0.39241823543152843,0.34343795652595166,0.36154073833779504
8418,0.15175215899944305,0.33757179975509644,0.22916515171527863,0.1952996402978897,0.030791684985160828,0.13913631439208984,0.13913631439208984,0.13913631439208984,1.0,1.0,1.0,1.0,1.0,1.0,1.0,0.33757179975509644,1.0,0.036693111062049866,0.0,0.9633069038391113,0.9976276755332947,0.13913631439208984,0.17999347090938317,0.179823274386515,0.34221526178900624
3161,0.5748434662818909,1.2673431634902954,0.8305841684341431,0.7366184592247009,0.15732769668102264,0.1454124003648758,1.3081002235412598,0.1454124003648758,1.0,1.0,0.0,0.0,0.0,0.20000000298023224,0.0,0.8584216237068176,1.0,0.073323093354702,1.0,0.9266769289970398,0.9990842342376709,0.1454124003648758,0.3853074697080925,0.3841576902053828,0.5991263119559935
2241,0.3251669704914093,0.6538535952568054,0.5114225745201111,0.2579052150249481,0.2061731368303299,0.09417598694562912,1.3910259008407593,0.09417598694562912,1.0,1.0,0.0,0.0,0.0,0.6000000238418579,0.0,0.6641945242881775,1.0,0.6916607618331909,0.0,0.6916607618331909,0.7253631949424744,0.09417598694562912,1.7974151064657633,0.2986020541114159,0.484698575933433
1640,0.33278846740722656,0.6771820187568665,0.40507516264915466,0.3719683587551117,0.22132185101509094,0.21581430733203888,0.21581430733203888,0.21581430733203888,1.0,1.0,1.0,1.0,1.0,1.0,1.0,0.6771820187568665,1.0,0.803816556930542,1.0,0.803816556930542,0.8259165287017822,0.21581430733203888,0.5844845057850326,0.5844845057850326,1.3151606527920803
4728,0.30134493112564087,0.6313223242759705,0.4534241855144501,0.2301221340894699,0.22048845887184143,0.1619046926498413,0.1619046926498413,0.1619046926498413,1.0,1.0,1.0,1.0,1.0,1.0,1.0,0.6313223242759705,1.0,0.03311222419142723,0.0,0.9668877720832825,0.9965786337852478,0.1619046926498413,0.18785204875304445,0.17047771565080283,0.3758297149425504
3977,0.33674323558807373,0.7518517374992371,0.6022411584854126,0.27066418528556824,0.13732436299324036,0.11797355860471725,0.11797355860471725,0.11797355860471725,1.0,1.0,1.0,1.0,1.0,1.0,1.0,0.7518517374992371,1.0,0.6642253398895264,1.0,0.6642253398895264,0.9999849796295166,0.11797355860471725,1.1735935655922958,1.1367824356411695,3.6207976654382943
4107,0.3505551815032959,0.7150071859359741,0.4294876158237457,0.43391790986061096,0.1882600486278534,0.10470082610845566,0.10470082610845566,0.10470082610845566,1.0,1.0,1.0,1.0,1.0,0.6000000238418579,0.0,0.696268618106842,1.0,0.8975054025650024,1.0,0.8975054025650024,0.9997996687889099,0.10470082610845566,0.6246315601465754,0.6131272089869881,0.9166411405590807
1315,0.2729374170303345,0.5389646291732788,0.37879738211631775,0.3050796687602997,0.13493512570858002,0.20088110864162445,0.20088110864162445,0.20088110864162445,1.0,1.0,1.0,1.0,1.0,1.0,1.0,0.5389646291732788,1.0,0.9486451148986816,1.0,0.9486451148986816,0.9834453463554382,0.20088110864162445,0.4388801092161948,0.41799040367154217,0.6482607734684914
5947,0.23044829070568085,0.486934632062912,0.17346720397472382,0.2966439127922058,0.22123372554779053,0.1479797065258026,0.1479797065258026,0.1479797065258026,1.0,1.0,1.0,1.0,1.0,1.0,1.0,0.486934632062912,1.0,0.03412740305066109,0.0,0.965872585773468,0.9881365299224854,0.1479797065258026,0.07812686904520237,0.07812686904520237,0.18772700917220148
8128,0.3581169843673706,0.7392610907554626,0.4140186905860901,0.4894935190677643,0.17083872854709625,0.18039606511592865,0.18039606511592865,0.18039606511592865,1.0,1.0,1.0,1.0,1.0,1.0,1.0,0.7392610907554626,1.0,0.9587173461914062,1.0,0.9587173461914062,0.9998544454574585,0.18039606511592865,0.4693660704839672,0.4688604031497116,0.7853221196564314
3742,0.22679422795772552,0.4904983639717102,0.35776999592781067,0.2587946057319641,0.06381800770759583,0.18515823781490326,0.18515823781490326,0.18515823781490326,1.0,1.0,1.0,1.0,1.0,1.0,1.0,0.4904983639717102,1.0,0.9764490127563477,1.0,0.9764490127563477,0.9550848007202148,0.18515823781490326,0.1061485799383637,0.1061485799383637,0.20775169691546042
5796,0.5229952335357666,1.0950034856796265,0.8293213248252869,0.5324289202690125,0.2072354108095169,0.07220148295164108,0.07220148295164108,0.07220148295164108,1.0,1.0,1.0,1.0,1.0,0.20000000298023224,0.0,0.8467810750007629,1.0,0.47409743070602417,0.0,0.5259025692939758,0.9999492168426514,0.07220148295164108,1.1716923238602324,0.8948771847829632,1.0004630368327552
8880,0.28703761100769043,0.5342303514480591,0.2611669600009918,0.32131147384643555,0.2786343991756439,0.18607275187969208,0.18607275187969208,0.18607275187969208,1.0,1.0,1.0,1.0,1.0,0.6000000238418579,0.0,0.4912187159061432,1.0,0.03372390195727348,0.0,0.9662761092185974,0.9941483736038208,0.18607275187969208,0.2991839441435,0.2961316668469602,0.32057766668306076
2116,0.2986181974411011,0.5889744162559509,0.23259587585926056,0.4835452735424042,0.17971351742744446,0.16173414885997772,1.2558761835098267,0.16173414885997772,1.0,1.0,0.0,0.0,0.0,1.0,1.0,0.5889744162559509,1.0,0.4602588713169098,1.0,0.5397411584854126,0.7979033589363098,0.16173414885997772,2.1524598391064944,0.3323443492362451,0.5067123429824198
3308,0.22190150618553162,0.5044605731964111,0.16357280313968658,0.39745596051216125,0.1046757623553276,0.10042748600244522,0.10042748600244522,0.10042748600244522,1.0,1.0,1.0,1.0,1.0,1.0,1.0,0.5044605731964111,1.0,0.017040269449353218,0.0,0.9829597473144531,0.9608150124549866,0.10042748600244522,0.07414107560460413,0.07414107560460413,0.13499847329046183
9756,0.5514920353889465,1.1990679502487183,0.9871088266372681,0.28380411863327026,0.3835631310939789,0.08967618644237518,1.1651725769042969,0.08967618644237518,1.0,1.0,0.0,0.0,0.0,0.20000000298023224,0.0,0.6124167442321777,1.0,0.18108907341957092,1.0,0.8189109563827515,0.9997299313545227,0.08967618644237518,0.44725429679987017,0.4446393922577076,1.6889615347588387
2923,0.45916226506233215,1.034612774848938,0.4435069262981415,0.7878720164299011,0.14610779285430908,0.062084656208753586,0.062084656208753586,0.062084656208753586,1.0,1.0,1.0,1.0,1.0,0.6000000238418579,0.0,0.798416256904602,1.0,0.2188093066215515,0.0,0.7811906933784485,0.9998668432235718,0.062084656208753586,0.7512151928216607,0.6996066548555446,0.8165279646995606
5998,0.4298552870750427,0.9459185004234314,0.6827839612960815,0.46433529257774353,0.14244644343852997,0.15432409942150116,0.15432409942150116,0.15432409942150116,1.0,1.0,1.0,1.0,1.0,0.6000000238418579,0.0,0.8806945085525513,1.0,0.04138642176985741,0.0,0.9586135745048523,0.9559202194213867,0.15432409942150116,0.19810188313184907,0.19810188313184907,0.41290272520629445
8581,0.6391798853874207,1.3036025762557983,0.5066975951194763,1.1013227701187134,0.3095194399356842,0.14675071835517883,0.790492832660675,0.6408568620681763,0.6000000238418579,0.0,0.0,0.4000000059604645,0.0,0.20000000298023224,0.0,0.8213861584663391,0.0,0.6680263876914978,0.0,0.6680263876914978,0.8685984015464783,0.6408568620681763,0.21704907949538102,0.21704907949538102,0.4152317356079559
1740,0.4545077979564667,0.8834778070449829,0.3790246248245239,0.6440286040306091,0.3404700756072998,0.19520246982574463,0.19520246982574463,0.19520246982574463,1.0,1.0,1.0,1.0,1.0,1.0,1.0,0.8834778070449829,1.0,0.06902490556240082,0.0,0.930975079536438,0.9972943663597107,0.19520246982574463,0.29369611167733134,0.2777288146514039,0.35716393925598416
3114,0.30015671253204346,0.6799950003623962,0.23600077629089355,0.49244973063468933,0.1720195710659027,0.14799487590789795,0.14799487590789795,0.14799487590789795,1.0,1.0,1.0,1.0,1.0,1.0,1.0,0.6799950003623962,1.0,0.035514526069164276,0.0,0.9644854664802551,0.9810104966163635,0.14799487590789795,0.08329331212720131,0.08329331212720131,0.19594863944973992
61,0.3702370524406433,0.7762422561645508,0.39488956332206726,0.5560497641563416,0.1597718447446823,0.05537067726254463,0.05537067726254463,0.05537067726254463,1.0,1.0,1.0,1.0,1.0,1.0,1.0,0.7762422561645508,1.0,0.9802592992782593,1.0,0.9802592992782593,0.918308436870575,0.05537067726254463,0.16489352726499662,0.16489352726499662,0.3798122935931829
6792,0.40328511595726013,0.8076114058494568,0.4883374869823456,0.42942285537719727,0.2920949161052704,0.1592489331960678,0.1592489331960678,0.1592489331960678,1.0,1.0,1.0,1.0,1.0,1.0,1.0,0.8076114058494568,1.0,0.0313459113240242,0.0,0.9686540961265564,0.9914141297340393,0.1592489331960678,0.2429813487524675,0.2429813487524675,0.548916141230044
7794,0.2504381835460663,0.5322080850601196,0.27078747749328613,0.2537686824798584,0.22675836086273193,0.20092616975307465,0.20092616975307465,0.20092616975307465,1.0,1.0,1.0,1.0,1.0,1.0,1.0,0.5322080850601196,1.0,0.7301188111305237,1.0,0.7301188111305237,0.9908114671707153,0.20092616975307465,0.18780575224643564,0.1857061358624026,0.37490588782689854
128,0.4005754590034485,0.7844816446304321,0.47462454438209534,0.4638487994670868,0.26325294375419617,0.2210770696401596,0.2210770696401596,0.2210770696401596,1.0,1.0,1.0,1.0,1.0,0.6000000238418579,0.0,0.7849831581115723,1.0,0.021104367449879646,0.0,0.9788956046104431,0.9939727187156677,0.2210770696401596,0.155729036291638,0.155729036291638,0.30905676222480105
6492,0.49825549125671387,0.9711993336677551,0.5434285998344421,0.7152660489082336,0.23607182502746582,0.12439695745706558,0.12439695745706558,0.12439695745706558,1.0,1.0,1.0,1.0,1.0,0.6000000238418579,0.0,0.9817081689834595,1.0,0.09533531963825226,0.0,0.9046646952629089,0.9669177532196045,0.12439695745706558,0.1432211766414876,0.1432211766414876,0.29732931854367606
3101,0.3178941309452057,0.7022030353546143,0.43858224153518677,0.29617539048194885,0.21892480552196503,0.1295492798089981,0.1295492798089981,0.1295492798089981,1.0,1.0,1.0,1.0,1.0,1.0,1.0,0.7022030353546143,1.0,0.03730888292193413,0.0,0.9626911282539368,0.9968283772468567,0.1295492798089981,0.4372527453269363,0.40933343046659076,0.7575111932563423
1954,0.5531643629074097,1.0248287916183472,0.4935719072818756,0.7418322563171387,0.4240889549255371,0.0404355525970459,0.0404355525970459,0.0404355525970459,1.0,1.0,1.0,1.0,1.0,1.0,1.0,1.0248287916183472,1.0,0.06154194474220276,0.0,0.9384580850601196,0.9100115895271301,0.0404355525970459,0.5173786452186279,0.5173786452186279,0.8982422294583473
2562,0.4242488443851471,0.9002787470817566,0.6175104975700378,0.44387802481651306,0.2113579362630844,0.1921389400959015,0.1921389400959015,0.1921389400959015,1.0,1.0,1.0,1.0,1.0,1.0,1.0,0.9002787470817566,1.0,0.22097846865653992,0.0,0.7790215015411377,0.8147682547569275,0.1921389400959015,0.15617259796411556,0.15617259796411556,0.3074709057405651
2577,0.5056003928184509,1.0282005071640015,0.7460428476333618,0.5892348289489746,0.18152324855327606,0.14565259218215942,1.3982728719711304,0.14565259218215942,1.0,1.0,0.0,0.0,0.0,0.6000000238418579,0.0,0.9090550541877747,1.0,0.5113554000854492,0.0,0.5113554000854492,0.9999330043792725,0.14565259218215942,1.120739981907338,0.8127218480378883,0.9724499193643416
6030,0.3027910590171814,0.6330006718635559,0.11714988201856613,0.553924024105072,0.23729930818080902,0.11448738723993301,0.7552357912063599,0.6784499883651733,0.6000000238418579,0.0,0.0,0.4000000059604645,0.0,0.20000000298023224,0.0,0.5218145251274109,0.0,0.9271761775016785,0.0,0.9271761775016785,0.7254395484924316,0.6784499883651733,0.16816623910003226,0.16816623910003226,0.38441151242726096
9677,0.2823095917701721,0.5877916216850281,0.4706331193447113,0.16093778610229492,0.2153577357530594,0.12976369261741638,0.12976369261741638,0.12976369261741638,1.0,1.0,1.0,1.0,1.0,1.0,1.0,0.5877916216850281,1.0,0.940688967704773,1.0,0.940688967704773,0.9993190765380859,0.12976369261741638,0.3218452515790087,0.30857526130099344,0.4373799830542947
8695,0.579137921333313,1.2489773035049438,0.38159140944480896,1.0298402309417725,0.32598206400871277,0.2052600383758545,0.2052600383758545,0.2052600383758545,1.0,1.0,1.0,1.0,1.0,1.0,1.0,1.2489773035049438,1.0,0.8490638136863708,1.0,0.8490638136863708,0.9999252557754517,0.2052600383758545,0.6146123897606818,0.5419454000865063,0.7727881620639466
9594,0.2927281856536865,0.6236883401870728,0.207736536860466,0.45547613501548767,0.21497176587581635,0.1174444928765297,0.1174444928765297,0.1174444928765297,1.0,1.0,1.0,1.0,1.0,1.0,1.0,0.6236883401870728,1.0,0.6113487482070923,1.0,0.6113487482070923,0.1347728669643402,0.1174444928765297,0.2318288532341341,0.2318288532341341,0.7538090837058358
8198,0.4169638454914093,0.8087047934532166,0.3811500668525696,0.5608015060424805,0.30893993377685547,0.22609053552150726,0.22609053552150726,0.22609053552150726,1.0,1.0,1.0,1.0,1.0,0.6000000238418579,0.0,0.7910173535346985,1.0,0.36205822229385376,0.0,0.6379417777061462,0.7199762463569641,0.22609053552150726,0.4386020806654878,0.43753549248631507,0.7472249004346377
1995,0.2598121464252472,0.5309156179428101,0.3767337501049042,0.2099945992231369,0.19270801544189453,0.15008370578289032,0.15008370578289032,0.15008370578289032,1.0,1.0,1.0,1.0,1.0,0.6000000238418579,0.0,0.6136524081230164,1.0,0.01746099628508091,0.0,0.9825389981269836,0.9883397817611694,0.15008370578289032,0.19135224195729295,0.19135224195729295,0.23406150341910928
9734,0.47527509927749634,0.9222747087478638,0.6283358335494995,0.575169026851654,0.22232043743133545,0.06151151657104492,0.5841094255447388,0.5841094255447388,0.6000000238418579,0.0,1.0,0.6000000238418579,0.0,0.20000000298023224,0.0,0.7487875819206238,0.0,0.2097867727279663,0.0,0.7902132272720337,0.6907249093055725,0.5841094255447388,2.1113789483105485,0.4551410087377554,0.6436529938082134
1292,0.5177323818206787,1.1601613759994507,0.6808728575706482,0.6819731593132019,0.19035103917121887,0.16733305156230927,1.2061289548873901,0.34342822432518005,0.20000000298023224,0.0,1.0,0.20000000298023224,0.0,0.20000000298023224,0.0,0.9817438125610352,0.0,0.5573861598968506,1.0,0.5573861598968506,0.3287333846092224,1.2061289548873901,2.1829476526099136,0.21681387174344766,0.49756789414044483
5099,0.3694993853569031,0.7698062658309937,0.3185182213783264,0.6150107383728027,0.17496906220912933,0.0768929123878479,0.0768929123878479,0.0768929123878479,1.0,1.0,1.0,1.0,1.0,1.0,1.0,0.7698062658309937,1.0,0.6887180209159851,1.0,0.6887180209159851,0.5591084957122803,0.0768929123878479,0.45780697936381065,0.45780697936381065,2.303834532693678
1955,0.425773024559021,0.9242634773254395,0.6416167616844177,0.5303567051887512,0.10534562915563583,0.1938745379447937,0.1938745379447937,0.1938745379447937,1.0,1.0,1.0,1.0,1.0,0.6000000238418579,0.0,0.9508199691772461,1.0,0.9871548414230347,1.0,0.9871548414230347,0.9892796874046326,0.1938745379447937,0.13282280785472297,0.13282280785472297,0.3323841006906073
6963,0.44058507680892944,0.9476475119590759,0.5000765323638916,0.43651676177978516,0.3851618468761444,0.10583194345235825,0.10583194345235825,0.10583194345235825,1.0,1.0,1.0,1.0,1.0,0.6000000238418579,0.0,0.9424242377281189,1.0,0.796737551689148,1.0,0.796737551689148,0.9997084736824036,0.10583194345235825,0.9149479956799538,0.883505455646369,2.52109083141824
8263,0.3216084837913513,0.6560255885124207,0.4682106673717499,0.3134027421474457,0.18321210145950317,0.1831102818250656,0.1831102818250656,0.1831102818250656,1.0,1.0,1.0,1.0,1.0,1.0,1.0,0.6560255885124207,1.0,0.9682109951972961,1.0,0.9682109951972961,0.9913484454154968,0.1831102818250656,0.30283432248145814,0.2510898886861035,0.515135730827105
8556,0.39694467186927795,0.7455005049705505,0.43177613615989685,0.4012288749217987,0.3578290045261383,0.14410559833049774,0.14410559833049774,0.14410559833049774,1.0,1.0,1.0,1.0,1.0,1.0,1.0,0.7455005049705505,1.0,0.9436476826667786,1.0,0.9436476826667786,0.9996800422668457,0.14410559833049774,0.48336499057659404,0.46406123285609613,0.6794889177246597
5246,0.45408397912979126,0.925313413143158,0.4431319236755371,0.6358341574668884,0.28328582644462585,0.12262184917926788,0.12262184917926788,0.12262184917926788,1.0,1.0,1.0,1.0,1.0,0.20000000298023224,0.0,0.8641998171806335,1.0,0.055679455399513245,0.0,0.944320559501648,0.9999483823776245,0.12262184917926788,1.1154206698126972,0.78126634518763,0.9607513813255221
2525,0.31057092547416687,0.6277103424072266,0.5100441575050354,0.24270763993263245,0.17896097898483276,0.2045092135667801,0.2045092135667801,0.2045092135667801,1.0,1.0,1.0,1.0,1.0,1.0,1.0,0.6277103424072266,1.0,0.04874951392412186,0.0,0.9512504935264587,0.9959080219268799,0.2045092135667801,0.4506243236114934,0.4229398482530296,0.6455184791363618
229,0.3611474633216858,0.7484635710716248,0.3734341859817505,0.47901174426078796,0.23099640011787415,0.15731853246688843,0.15731853246688843,0.15731853246688843,1.0,1.0,1.0,1.0,1.0,1.0,1.0,0.7484635710716248,1.0,0.31120648980140686,0.0,0.6887935400009155,0.937935471534729,0.15731853246688843,0.39447988303730824,0.39447988303730824,0.8126732715851868
2913,0.2987819314002991,0.6840291619300842,0.4667959213256836,0.14386720955371857,0.28568264842033386,0.15821288526058197,0.15821288526058197,0.15821288526058197,1.0,1.0,1.0,1.0,1.0,0.6000000238418579,0.0,0.6324442028999329,1.0,0.9890018701553345,1.0,0.9890018701553345,0.9999953508377075,0.15821288526058197,0.42405576818541546,0.41392058216606614,0.7760238402988211
382,0.6094316244125366,1.1951825618743896,0.8483137488365173,0.6971264481544495,0.2828546166419983,0.10643978416919708,0.10643978416919708,0.10643978416919708,1.0,1.0,1.0,1.0,1.0,0.6000000238418579,0.0,0.8242424130439758,1.0,0.15818367898464203,0.0,0.8418163061141968,0.999994158744812,0.10643978416919708,1.7681548108760934,1.1570074737410598,1.5868863609171233
3931,0.5266267657279968,1.0849746465682983,0.8156571388244629,0.5223071575164795,0.2419157475233078,0.20363759994506836,0.20363759994506836,0.20363759994506836,1.0,1.0,1.0,1.0,1.0,0.6000000238418579,0.0,1.1226868629455566,1.0,0.9797511696815491,1.0,0.9797511696815491,0.9997010827064514,0.20363759994506836,0.6109652870341333,0.5704099088692864,0.782729436769689
9042,0.4315808117389679,0.8858515024185181,0.6459482908248901,0.469011127948761,0.17978300154209137,0.11485757678747177,0.11485757678747177,0.11485757678747177,1.0,1.0,1.0,1.0,1.0,0.20000000298023224,0.0,0.8811621069908142,1.0,0.7503392696380615,1.0,0.7503392696380615,0.8956344127655029,0.11485757678747177,0.247156405099171,0.247156405099171,0.47217315287003186
9073,0.37784573435783386,0.76186603307724,0.5030814409255981,0.2732255756855011,0.35723015666007996,0.15643151104450226,0.15643151104450226,0.15643151104450226,1.0,1.0,1.0,1.0,1.0,1.0,1.0,0.7334189414978027,1.0,0.027809305116534233,0.0,0.9721906781196594,0.9395712614059448,0.15643151104450226,0.3397103100861476,0.3397103100861476,2.77401375152366
9334,0.3687432110309601,0.7453486323356628,0.35569122433662415,0.5196049213409424,0.23093347251415253,0.18906204402446747,0.18906204402446747,0.18906204402446747,1.0,1.0,1.0,1.0,1.0,1.0,1.0,0.7453486323356628,1.0,0.2289106398820877,0.0,0.7710893750190735,0.9996798038482666,0.18906204402446747,0.5266250723811209,0.5246675754024024,0.8522841310327853
6327,0.2409660518169403,0.4749673008918762,0.2790113389492035,0.25818315148353577,0.18570365011692047,0.14947687089443207,0.14947687089443207,0.14947687089443207,1.0,1.0,1.0,1.0,1.0,1.0,1.0,0.4749673008918762,1.0,0.9273764491081238,1.0,0.9273764491081238,0.9015448689460754,0.14947687089443207,0.11585510644204895,0.11585510644204895,0.2415947015791092
4084,0.4466601312160492,0.9976922869682312,0.322317898273468,0.8853971362113953,0.13226528465747833,0.08637570589780807,1.2454729080200195,0.08637570589780807,1.0,1.0,0.0,0.0,0.0,0.6000000238418579,0.0,0.8676072955131531,1.0,0.38004833459854126,1.0,0.6199516654014587,0.7250860333442688,0.08637570589780807,1.9540811916742329,0.5070598103294873,3.504101295627287
3159,0.3517063856124878,0.6903245449066162,0.3304971158504486,0.47429558634757996,0.2503264546394348,0.19705086946487427,0.19705086946487427,0.19705086946487427,1.0,1.0,1.0,1.0,1.0,1.0,1.0,0.6903245449066162,1.0,0.7886719107627869,1.0,0.7886719107627869,0.8676770329475403,0.19705086946487427,0.08407611576481933,0.08407611576481933,0.18126480924338562
7530,0.3046833574771881,0.6380690932273865,0.36973127722740173,0.36429837346076965,0.18002040684223175,0.1234792098402977,0.1234792098402977,0.1234792098402977,1.0,1.0,1.0,1.0,1.0,1.0,1.0,0.6380690932273865,1.0,0.04540880024433136,0.0,0.9545912146568298,0.9956933856010437,0.1234792098402977,0.1713388633918155,0.16974389781482283,0.3574513942248976
4053,0.21379603445529938,0.45540592074394226,0.1923389881849289,0.25725534558296204,0.19179372489452362,0.14789412915706635,0.14789412915706635,0.14789412915706635,1.0,1.0,1.0,1.0,1.0,1.0,1.0,0.45540592074394226,1.0,0.01391863264143467,0.0,0.9860813617706299,0.9997745156288147,0.14789412915706635,0.38974861107227343,0.33437022486109885,0.4732908128183007
2788,0.3624213933944702,0.7485279440879822,0.3294852674007416,0.5081270933151245,0.24965181946754456,0.18034735321998596,0.18034735321998596,0.18034735321998596,1.0,1.0,1.0,1.0,1.0,0.6000000238418579,0.0,0.7506805062294006,1.0,0.9873082041740417,1.0,0.9873082041740417,0.993891716003418,0.18034735321998596,0.6440915342831013,0.48828404875565456,0.6839036297616563
7374,0.6030287742614746,1.2180553674697876,0.552441418170929,0.8168289065361023,0.4398157298564911,0.1072375550866127,1.4704068899154663,0.1072375550866127,1.0,1.0,0.0,0.0,0.0,0.20000000298023224,0.0,0.9552597999572754,1.0,0.5763311386108398,0.0,0.5763311386108398,0.9999994039535522,0.1072375550866127,1.217402533642369,0.8210669860546007,1.150209900135646
9265,0.319023460149765,0.6776401996612549,0.40751248598098755,0.34850478172302246,0.20105306804180145,0.08647759258747101,0.08647759258747101,0.08647759258747101,1.0,1.0,1.0,1.0,1.0,1.0,1.0,0.6776401996612549,1.0,0.9189791679382324,1.0,0.9189791679382324,0.99674391746521,0.08647759258747101,0.28807635597391584,0.25443002798099684,0.3290283815268892
2329,0.46296268701553345,0.9821138381958008,0.4755898416042328,0.6064102649688721,0.3068879544734955,0.09994586557149887,1.242240309715271,0.09994586557149887,1.0,1.0,0.0,0.0,0.0,0.6000000238418579,0.0,0.8464633822441101,1.0,0.38235992193222046,1.0,0.6176400780677795,0.9999104738235474,0.09994586557149887,0.8146792725616994,0.7380619152686272,0.9076500123941112
6011,0.5133922100067139,1.0412647724151611,0.6221439242362976,0.7835171222686768,0.13451552391052246,0.1804061233997345,0.1804061233997345,0.1804061233997345,1.0,1.0,1.0,1.0,1.0,0.6000000238418579,0.0,0.9431995749473572,1.0,0.09652810543775558,0.0,0.9034718871116638,0.8591234087944031,0.1804061233997345,0.23783502912623045,0.23771235286202697,0.4978975524877415
6926,0.298788458108902,0.6408838033676147,0.39036107063293457,0.3445061445236206,0.16149809956550598,0.11028534173965454,0.11028534173965454,0.11028534173965454,1.0,1.0,1.0,1.0,1.0,0.6000000238418579,0.0,0.5764423608779907,1.0,0.9354659914970398,1.0,0.9354659914970398,0.9998962879180908,0.11028534173965454,0.7382170518639242,0.689181360830727,0.8754527880716922
5516,0.6652876734733582,1.4363257884979248,1.2256666421890259,0.6704203486442566,0.09977587312459946,0.18645696341991425,0.7907833456993103,0.6348139047622681,0.6000000238418579,0.0,0.0,0.4000000059604645,0.0,0.20000000298023224,0.0,0.6425104737281799,0.0,0.26570358872413635,1.0,0.734296441078186,0.9731531143188477,0.6348139047622681,0.35047387840099953,0.3432561481083502,0.6477074017036109
7891,0.6730551719665527,1.291052222251892,0.8064848184585571,0.8720173239707947,0.34066325426101685,0.20481157302856445,0.20481157302856445,0.20481157302856445,1.0,1.0,1.0,1.0,1.0,0.6000000238418579,0.0,1.2956072092056274,1.0,0.8279749751091003,1.0,0.8279749751091003,0.9992511868476868,0.20481157302856445,0.391802805199078,0.3738390079134716,0.6451991233132436
5252,0.4282097816467285,0.9658767580986023,0.24761711061000824,0.7733309268951416,0.2636812925338745,0.19416041672229767,0.19416041672229767,0.19416041672229767,1.0,1.0,1.0,1.0,1.0,0.6000000238418579,0.0,0.9628275036811829,1.0,0.9282929301261902,1.0,0.9282929301261902,0.9975428581237793,0.19416041672229767,0.336364948687427,0.336364948687427,0.7248120878972442
8580,0.35793131589889526,0.6820046305656433,0.42271167039871216,0.3928641378879547,0.25821807980537415,0.18521228432655334,0.7860196828842163,0.668193519115448,0.6000000238418579,0.0,0.0,0.4000000059604645,0.0,0.20000000298023224,0.0,0.5745519995689392,0.0,0.8253712058067322,0.0,0.8253712058067322,0.7986976504325867,0.668193519115448,0.21127645039191986,0.21127645039191986,0.49203885436068834
6744,0.396772176027298,0.770516574382782,0.2711925506591797,0.5744547843933105,0.3446691632270813,0.12593428790569305,0.12593428790569305,0.12593428790569305,1.0,1.0,1.0,1.0,1.0,1.0,1.0,0.770516574382782,1.0,0.9233021140098572,1.0,0.9233021140098572,0.9461467266082764,0.12593428790569305,0.20020515296785837,0.20020515296785837,0.3912785525240115
4464,0.42299872636795044,0.830326497554779,0.5260797739028931,0.4786653518676758,0.26425108313560486,0.14352068305015564,0.14352068305015564,0.14352068305015564,1.0,1.0,1.0,1.0,1.0,0.6000000238418579,0.0,0.743643581867218,1.0,0.2639326751232147,0.0,0.7360672950744629,0.5635274648666382,0.14352068305015564,0.3237417179946489,0.3237417179946489,0.5869365950408792
9178,0.4040779769420624,0.8164560198783875,0.3828977942466736,0.4759591519832611,0.3533768653869629,0.1366255134344101,0.1366255134344101,0.1366255134344101,1.0,1.0,1.0,1.0,1.0,1.0,1.0,0.8164560198783875,1.0,0.061887096613645554,0.0,0.9381129145622253,0.8602296113967896,0.1366255134344101,0.3057605891903278,0.3057605891903278,0.630050383708576
8618,0.313445121049881,0.6146199107170105,0.17912113666534424,0.4485102593898773,0.3127039074897766,0.18832162022590637,0.6471478343009949,0.5388473868370056,0.6000000238418579,0.0,0.0,0.4000000059604645,0.0,0.6000000238418579,0.0,0.6146199107170105,0.0,0.5793501734733582,0.0,0.5793501734733582,0.6807118058204651,0.5388473868370056,0.3500376015445009,0.3500376015445009,0.5786502331767548
9808,0.31093326210975647,0.6387030482292175,0.4497818946838379,0.25712820887565613,0.22588959336280823,0.14583665132522583,0.14583665132522583,0.14583665132522583,1.0,1.0,1.0,1.0,1.0,0.6000000238418579,0.0,0.6546201109886169,1.0,0.07151344418525696,0.0,0.9284865856170654,0.9633349180221558,0.14583665132522583,0.37547412688735143,0.35434869964433674,0.7080769107946834
8775,0.32122722268104553,0.7181550860404968,0.4915909767150879,0.40143463015556335,0.07065602391958237,0.0992124006152153,0.0992124006152153,0.0992124006152153,1.0,1.0,1.0,1.0,1.0,1.0,1.0,0.7181550860404968,1.0,0.38592708110809326,0.0,0.6140729188919067,0.7680001258850098,0.0992124006152153,0.2717533638041966,0.24022201877896496,0.4159820370388476
308,0.3579200506210327,0.7640647292137146,0.6005147099494934,0.20665045082569122,0.2665949761867523,0.25274211168289185,0.25274211168289185,0.25274211168289185,1.0,1.0,1.0,1.0,1.0,0.6000000238418579,0.0,0.7137309908866882,1.0,0.9727621078491211,1.0,0.9727621078491211,0.9542370438575745,0.25274211168289185,0.1706124601131786,0.1706124601131786,0.38379768981259116
2168,0.46703222393989563,0.9149470329284668,0.4601668417453766,0.6358293890953064,0.3051004111766815,0.21607890725135803,0.21607890725135803,0.21607890725135803,1.0,1.0,1.0,1.0,1.0,0.6000000238418579,0.0,0.8433799147605896,1.0,0.4368622601032257,0.0,0.5631377696990967,0.6492220163345337,0.21607890725135803,0.3555620298941846,0.3555620298941846,0.7273813816650169
4093,0.3031674921512604,0.6031630039215088,0.3460567891597748,0.414454847574234,0.14899079501628876,0.2035248726606369,0.2035248726606369,0.2035248726606369,1.0,1.0,1.0,1.0,1.0,1.0,1.0,0.6031630039215088,1.0,0.06510729342699051,0.0,0.9348927140235901,0.9991545677185059,0.2035248726606369,0.1568973150132416,0.15591530693041344,0.1980376120531067
4349,0.35782986879348755,0.7535322308540344,0.4745050370693207,0.451733261346817,0.14725135266780853,0.1650470346212387,0.1650470346212387,0.1650470346212387,1.0,1.0,1.0,1.0,1.0,1.0,1.0,0.7535322308540344,1.0,0.14836035668849945,0.0,0.8516396284103394,0.33435219526290894,0.1650470346212387,0.12266956881984678,0.12266956881984678,0.24151229057630572
2312,0.20741896331310272,0.4194563031196594,0.17218822240829468,0.24151645600795746,0.20855216681957245,0.1705787628889084,0.1705787628889084,0.1705787628889084,1.0,1.0,1.0,1.0,1.0,1.0,1.0,0.4194563031196594,1.0,0.2063983827829361,0.0,0.7936016321182251,0.9659352898597717,0.1705787628889084,0.5429382662979559,0.5429382662979559,6.330754436475536
1974,0.42798230051994324,0.9941098093986511,0.2897076904773712,0.8467512130737305,0.14748795330524445,0.17784611880779266,0.17784611880779266,0.17784611880779266,1.0,1.0,1.0,1.0,1.0,0.6000000238418579,0.0,0.8857253193855286,1.0,0.288543164730072,0.0,0.711456835269928,0.9999855756759644,0.17784611880779266,1.1807745534801584,0.8906994660193029,1.0786271829268979
2696,0.38141462206840515,0.7509687542915344,0.4018438458442688,0.4898408055305481,0.2525591552257538,0.12132509797811508,0.12132509797811508,0.12132509797811508,1.0,1.0,1.0,1.0,1.0,1.0,1.0,0.7509687542915344,1.0,0.9646312594413757,1.0,0.9646312594413757,0.9999796152114868,0.12132509797811508,0.5804875895246726,0.5760272463632863,1.0403748799782482
1764,0.46754246950149536,0.9794462323188782,0.7289983034133911,0.48456674814224243,0.1890624314546585,0.1575130969285965,0.7911181449890137,0.540777862071991,0.6000000238418579,0.0,0.0,0.4000000059604645,0.0,0.6000000238418579,0.0,0.8560333251953125,0.0,0.22907106578350067,1.0,0.7709289193153381,0.6007598042488098,0.540777862071991,0.3245225853962457,0.3245225853962457,0.7007290232587453
6657,0.40696749091148376,0.7528382539749146,0.28915858268737793,0.5527390837669373,0.37900474667549133,0.15381912887096405,0.15381912887096405,0.15381912887096405,1.0,1.0,1.0,1.0,1.0,0.6000000238418579,0.0,0.7963741421699524,1.0,0.8691491484642029,1.0,0.8691491484642029,0.7972142696380615,0.15381912887096405,0.18045480591099222,0.18045480591099222,0.27507738897970263
6495,0.30796605348587036,0.6458793878555298,0.5242820978164673,0.12505248188972473,0.2745634913444519,0.1532747596502304,0.1532747596502304,0.1532747596502304,1.0,1.0,1.0,1.0,1.0,1.0,1.0,0.6458793878555298,1.0,0.045146699994802475,0.0,0.9548532962799072,0.9723072648048401,0.1532747596502304,0.2257223680584762,0.2123935412399908,0.4868070116383571
1560,0.3957505226135254,0.745109498500824,0.43557682633399963,0.48076197504997253,0.2709127366542816,0.17050720751285553,0.17050720751285553,0.17050720751285553,1.0,1.0,1.0,1.0,1.0,1.0,1.0,0.745109498500824,1.0,0.8537771701812744,1.0,0.8537771701812744,0.9522738456726074,0.17050720751285553,0.7143944307936488,0.7143944307936488,5.994723644292472
5659,0.6353954672813416,1.276201605796814,0.7663713693618774,0.8475615382194519,0.2922534942626953,0.21910662949085236,0.21910662949085236,0.21910662949085236,1.0,1.0,1.0,1.0,1.0,0.6000000238418579,0.0,1.1998943090438843,1.0,0.3684048652648926,0.0,0.6315951347351074,0.9144826531410217,0.21910662949085236,0.6612642712301501,0.592513883975317,0.9482500057115449
5363,0.4242842495441437,0.8328647613525391,0.4059496819972992,0.5785085558891296,0.2883945405483246,0.17520037293434143,0.17520037293434143,0.17520037293434143,1.0,1.0,1.0,1.0,1.0,1.0,1.0,0.8328647613525391,1.0,0.9509009122848511,1.0,0.9509009122848511,0.9800999760627747,0.17520037293434143,0.20176453704868869,0.20176453704868869,0.485056405832305
4235,0.2719259262084961,0.500869870185852,0.3290155827999115,0.2111809104681015,0.27558135986328125,0.19346337020397186,0.19346337020397186,0.19346337020397186,1.0,1.0,1.0,1.0,1.0,1.0,1.0,0.500869870185852,1.0,0.9471898674964905,1.0,0.9471898674964905,0.9990524649620056,0.19346337020397186,0.38515851143180324,0.366813916829792,0.6089101366802322
5631,0.3603171110153198,0.7624064683914185,0.30896511673927307,0.5471623539924622,0.22482386231422424,0.07717973738908768,0.07717973738908768,0.07717973738908768,1.0,1.0,1.0,1.0,1.0,0.6000000238418579,0.0,0.7327990531921387,1.0,0.13608793914318085,0.0,0.863912045955658,0.999862790107727,0.07717973738908768,0.7066842113254056,0.6452802903644917,0.8067085329956263
1242,0.43233567476272583,0.8681502342224121,0.705997884273529,0.3745865523815155,0.21642246842384338,0.17793773114681244,0.17793773114681244,0.17793773114681244,1.0,1.0,1.0,1.0,1.0,0.6000000238418579,0.0,0.794543445110321,1.0,0.9640477895736694,1.0,0.9640477895736694,0.9479878544807434,0.17793773114681244,0.32589337660979945,0.32589337660979945,0.5998431240957575
35,0.37958553433418274,0.7571960687637329,0.28713157773017883,0.5964803695678711,0.2551446557044983,0.20038676261901855,0.20038676261901855,0.20038676261901855,1.0,1.0,1.0,1.0,1.0,1.0,1.0,0.7571960687637329,1.0,0.073424331843853,0.0,0.9265756607055664,0.9983956217765808,0.20038676261901855,0.3727091877104503,0.36338922680351565,0.5416488110837303
7931,0.4638459086418152,0.9035005569458008,0.6092501878738403,0.5576144456863403,0.2246731072664261,0.1491895318031311,0.1491895318031311,0.1491895318031311,1.0,1.0,1.0,1.0,1.0,1.0,1.0,0.9035005569458008,1.0,0.9734830856323242,1.0,0.9734830856323242,0.9997138381004333,0.1491895318031311,0.5548416128193103,0.5489687006780751,0.5726825841599241
6259,0.30010026693344116,0.6115725636482239,0.4419367015361786,0.307684063911438,0.1506800353527069,0.13629215955734253,0.13629215955734253,0.13629215955734253,1.0,1.0,1.0,1.0,1.0,1.0,1.0,0.5302292704582214,1.0,0.03415904939174652,0.0,0.9658409357070923,0.9723861217498779,0.13629215955734253,0.21255590405495378,0.21255590405495378,0.5269254744191849
4341,0.3546498417854309,0.7475242018699646,0.6413748860359192,0.2962225079536438,0.12635217607021332,0.11904852837324142,0.11904852837324142,0.11904852837324142,1.0,1.0,1.0,1.0,1.0,1.0,1.0,0.7475242018699646,1.0,0.6737575531005859,1.0,0.6737575531005859,0.529296338558197,0.11904852837324142,0.33880253191908577,0.3090382268090127,0.527875527974286
736,0.3799012303352356,0.7705801129341125,0.4849759042263031,0.39399993419647217,0.2607278525829315,0.16807618737220764,0.16807618737220764,0.16807618737220764,1.0,1.0,1.0,1.0,1.0,1.0,1.0,0.7705801129341125,1.0,0.7847627401351929,1.0,0.7847627401351929,0.9863471388816833,0.16807618737220764,0.3891269099953941,0.3879612124006451,0.7815883277589574
1202,0.39606255292892456,0.7816312909126282,0.4855685830116272,0.5245344042778015,0.17808474600315094,0.11285364627838135,0.11285364627838135,0.11285364627838135,1.0,1.0,1.0,1.0,1.0,0.6000000238418579,0.0,0.6079398989677429,1.0,0.978305995464325,1.0,0.978305995464325,0.9855037331581116,0.11285364627838135,0.29618448957717497,0.2926149703463844,0.6609872522504915
2673,0.5395457148551941,1.0431193113327026,0.6031598448753357,0.6821522116661072,0.3333251178264618,0.2102222442626953,1.1762193441390991,0.2102222442626953,1.0,1.0,0.0,0.0,0.0,0.6000000238418579,0.0,0.7137565016746521,1.0,0.022186918184161186,1.0,0.9778130650520325,0.9989649057388306,0.2102222442626953,1.377367819137544,0.6500786892097099,0.8771520896326506
7108,0.4201352596282959,0.8432249426841736,0.48786240816116333,0.4994300901889801,0.27311328053474426,0.05526753142476082,0.05526753142476082,0.05526753142476082,1.0,1.0,1.0,1.0,1.0,1.0,1.0,0.8432249426841736,1.0,0.052566513419151306,0.0,0.9474334716796875,0.9278643131256104,0.05526753142476082,0.44695800429493215,0.44695800429493215,0.8013933890658969
6770,0.3518749475479126,0.7094914317131042,0.5277707576751709,0.39748725295066833,0.13036678731441498,0.1044580265879631,0.1044580265879631,0.1044580265879631,1.0,1.0,1.0,1.0,1.0,0.6000000238418579,0.0,0.5618801712989807,1.0,0.623525857925415,1.0,0.623525857925415,0.9999982118606567,0.1044580265879631,1.2488665734706055,0.7461020361252466,0.937763102037954
3894,0.3469711244106293,0.7798958420753479,0.37690019607543945,0.5461365580558777,0.11787652224302292,0.09233995527029037,0.09233995527029037,0.09233995527029037,1.0,1.0,1.0,1.0,1.0,0.6000000238418579,0.0,0.7704139947891235,1.0,0.4892843961715698,0.0,0.5107156038284302,0.9999061822891235,0.09233995527029037,0.5005694117401992,0.49955020688219753,0.76028116285131
8742,0.48653289675712585,1.043412208557129,0.516740620136261,0.6854199171066284,0.25743815302848816,0.10748471319675446,0.10748471319675446,0.10748471319675446,1.0,1.0,1.0,1.0,1.0,1.0,1.0,1.043412208557129,1.0,0.23524059355258942,0.0,0.7647594213485718,0.9366087317466736,0.10748471319675446,0.4106685819553166,0.3381485533712748,0.5895917732917402
5542,0.22876067459583282,0.4565253257751465,0.28347402811050415,0.12575869262218475,0.2770492136478424,0.16325892508029938,0.16325892508029938,0.16325892508029938,1.0,1.0,1.0,1.0,1.0,1.0,1.0,0.4565253257751465,1.0,0.9778702259063721,1.0,0.9778702259063721,0.9841557741165161,0.16325892508029938,0.1919862837575506,0.1919862837575506,0.5991945458179782
2752,0.26904386281967163,0.502480685710907,0.17041455209255219,0.3303491771221161,0.30636781454086304,0.09738726913928986,0.09738726913928986,0.09738726913928986,1.0,1.0,1.0,1.0,1.0,1.0,1.0,0.502480685710907,1.0,0.029603466391563416,0.0,0.9703965187072754,0.9941954016685486,0.09738726913928986,0.15389965413919615,0.15389965413919615,0.3195358579248029
3331,0.3505750298500061,0.757941722869873,0.1982821822166443,0.6629866361618042,0.19045619666576385,0.18301649391651154,0.18301649391651154,0.18301649391651154,1.0,1.0,1.0,1.0,1.0,0.6000000238418579,0.0,0.6939062476158142,1.0,0.9797362089157104,1.0,0.9797362089157104,0.9998522996902466,0.18301649391651154,0.8308204325297396,0.5274401581980366,0.8964686175234535
6718,0.289271742105484,0.6034719347953796,0.37373054027557373,0.38823118805885315,0.10585353523492813,0.12440388649702072,1.3442573547363281,0.12440388649702072,1.0,1.0,0.0,0.0,0.0,1.0,1.0,0.6034719347953796,1.0,0.5236164927482605,0.0,0.5236164927482605,0.24497507512569427,0.12440388649702072,1.8365322650178826,0.17375096453146832,0.30591785831839235
3219,0.3201969861984253,0.6201712489128113,0.24509893357753754,0.42112651467323303,0.29436546564102173,0.13409772515296936,0.803902804851532,0.5243551135063171,0.6000000238418579,0.0,0.0,0.4000000059604645,0.0,0.20000000298023224,0.0,0.6156408190727234,0.0,0.8551864624023438,0.0,0.8551864624023438,0.8822770118713379,0.5243551135063171,0.21189965551138437,0.21189965551138437,0.4024337472457923
4465,0.518042802810669,1.0263166427612305,0.48694491386413574,0.808811604976654,0.2583718001842499,0.16569791734218597,0.16569791734218597,0.16569791734218597,1.0,1.0,1.0,1.0,1.0,0.6000000238418579,0.0,0.9977763295173645,1.0,0.7099736928939819,1.0,0.7099736928939819,0.9999411106109619,0.16569791734218597,0.8646668509280354,0.7874870802132458,0.9381368116424776
1697,0.3728833794593811,0.7856199145317078,0.5056235194206238,0.5931367874145508,0.01988961175084114,0.1569918692111969,0.1569918692111969,0.1569918692111969,1.0,1.0,1.0,1.0,1.0,1.0,1.0,0.7856199145317078,1.0,0.768717348575592,1.0,0.768717348575592,0.9999885559082031,0.1569918692111969,0.5890773007545685,0.5484820828581447,0.8158243318062797
4892,0.46310263872146606,0.958375871181488,0.7880910038948059,0.5082166790962219,0.09300016611814499,0.13849245011806488,0.13849245011806488,0.13849245011806488,1.0,1.0,1.0,1.0,1.0,0.6000000238418579,0.0,0.9218993186950684,1.0,0.9740930795669556,1.0,0.9740930795669556,0.9911414384841919,0.13849245011806488,0.16480741851876093,0.15519937171804288,0.25642179587719977
950,0.2619237005710602,0.5113739967346191,0.16729596257209778,0.3398558795452118,0.2786191999912262,0.2064935266971588,0.2064935266971588,0.2064935266971588,1.0,1.0,1.0,1.0,1.0,1.0,1.0,0.5113739967346191,1.0,0.9787469506263733,1.0,0.9787469506263733,0.9999730587005615,0.2064935266971588,0.5026658258410605,0.49470475478276715,1.6456073948282062
5387,0.3243377208709717,0.6608636975288391,0.3299609124660492,0.4356766641139984,0.20737557113170624,0.18457554280757904,0.18457554280757904,0.18457554280757904,1.0,1.0,1.0,1.0,1.0,1.0,1.0,0.6608636975288391,1.0,0.03494172915816307,0.0,0.9650582671165466,0.9965716600418091,0.18457554280757904,0.43065827961843856,0.42395386996612666,0.747550788144223
4871,0.3303986191749573,0.6361056566238403,0.5276812314987183,0.21029292047023773,0.25322169065475464,0.10639690607786179,0.10639690607786179,0.10639690607786179,1.0,1.0,1.0,1.0,1.0,0.6000000238418579,0.0,0.6505895256996155,1.0,0.015609308145940304,0.0,0.9843906760215759,0.997763991355896,0.10639690607786179,0.3759710723145241,0.29444742593679274,0.33026385291613697
5279,0.21979044377803802,0.47442999482154846,0.15802763402462006,0.42103609442710876,0.08030755072832108,0.09187179058790207,0.09187179058790207,0.09187179058790207,1.0,1.0,1.0,1.0,1.0,1.0,1.0,0.47442999482154846,1.0,0.9459508657455444,1.0,0.9459508657455444,0.9879209995269775,0.09187179058790207,0.09988215208632166,0.09988215208632166,0.20248289917001044
2371,0.6228320002555847,1.2900259494781494,1.0290412902832031,0.6060927510261536,0.23336195945739746,0.17890724539756775,0.17890724539756775,0.17890724539756775,1.0,1.0,1.0,1.0,1.0,0.6000000238418579,0.0,0.8678268790245056,1.0,0.43364161252975464,0.0,0.5663583874702454,0.9994648098945618,0.17890724539756775,1.035480195525508,0.6526489182857924,0.8617240382906216
3047,0.4288441836833954,0.8647312521934509,0.6231147646903992,0.40139293670654297,0.26202481985092163,0.17387162148952484,0.17387162148952484,0.17387162148952484,1.0,1.0,1.0,1.0,1.0,0.6000000238418579,0.0,0.7848736047744751,1.0,0.8480069637298584,1.0,0.8480069637298584,0.9998286962509155,0.17387162148952484,0.685708028174511,0.6417030585270551,1.020608519964823
9160,0.33050379157066345,0.6891321539878845,0.2602311968803406,0.5500162243843079,0.1812639832496643,0.12284364551305771,0.12284364551305771,0.12284364551305771,1.0,1.0,1.0,1.0,1.0,1.0,1.0,0.6891321539878845,1.0,0.01840323582291603,0.0,0.9815967679023743,0.9978312849998474,0.12284364551305771,0.19609323379695393,0.19609323379695393,0.8561360745394034
970,0.255252480506897,0.5013142228126526,0.2770335376262665,0.21851591765880585,0.2702079713344574,0.1395801305770874,0.1395801305770874,0.1395801305770874,1.0,1.0,1.0,1.0,1.0,1.0,1.0,0.5013142228126526,1.0,0.9624157547950745,1.0,0.9624157547950745,0.9804352521896362,0.1395801305770874,0.14014296962887526,0.14014296962887526,0.32679004358958536
4749,0.5273345708847046,1.1686010360717773,0.9407888650894165,0.4676218032836914,0.17359307408332825,0.04730011895298958,1.4208202362060547,0.04730011895298958,1.0,1.0,0.0,0.0,0.0,0.6000000238418579,0.0,0.8862201571464539,1.0,0.5600704550743103,0.0,0.5600704550743103,0.9999991655349731,0.04730011895298958,1.7971163032461213,1.363372393110687,2.8515116285136943
7899,0.48079654574394226,0.9729175567626953,0.5356685519218445,0.5855092406272888,0.32121187448501587,0.15116505324840546,0.15116505324840546,0.15116505324840546,1.0,1.0,1.0,1.0,1.0,0.6000000238418579,0.0,0.8607670664787292,1.0,0.3992595672607422,0.0,0.6007404327392578,0.8778863549232483,0.15116505324840546,0.45617851915194524,0.4561585035382893,0.6549704178879971
6506,0.35471606254577637,0.7669684290885925,0.6227761507034302,0.27517935633659363,0.16619272530078888,0.14137275516986847,0.14137275516986847,0.14137275516986847,1.0,1.0,1.0,1.0,1.0,0.6000000238418579,0.0,0.7540547847747803,1.0,0.984353244304657,1.0,0.984353244304657,0.9993829727172852,0.14137275516986847,0.3841839341329223,0.35540246551825366,0.4659967070999017
558,0.37357860803604126,0.7591005563735962,0.35030871629714966,0.5923332571983337,0.17809386551380157,0.13593558967113495,0.13593558967113495,0.13593558967113495,1.0,1.0,1.0,1.0,1.0,0.6000000238418579,0.0,0.6351388096809387,1.0,0.10304571688175201,0.0,0.8969542980194092,0.997485876083374,0.13593558967113495,0.5455535431858992,0.502795159894427,0.6992018271608011
5558,0.3062109649181366,0.6270834803581238,0.3935036063194275,0.3272356390953064,0.19789372384548187,0.12864506244659424,0.12864506244659424,0.12864506244659424,1.0,1.0,1.0,1.0,1.0,1.0,1.0,0.6270834803581238,1.0,0.6824153661727905,1.0,0.6824153661727905,0.8546543717384338,0.12864506244659424,0.2571013469880322,0.2571013469880322,0.9613863177413644
4035,0.2367447316646576,0.4992384612560272,0.3378392159938812,0.2188827246427536,0.15351220965385437,0.16207490861415863,0.16207490861415863,0.16207490861415863,1.0,1.0,1.0,1.0,1.0,1.0,1.0,0.4992384612560272,1.0,0.9735921025276184,1.0,0.9735921025276184,0.9953238368034363,0.16207490861415863,0.11644989599756243,0.11644989599756243,0.24864820475845748
8870,0.42483872175216675,0.8883605003356934,0.3518306314945221,0.7133205533027649,0.20936493575572968,0.19289563596248627,0.19289563596248627,0.19289563596248627,1.0,1.0,1.0,1.0,1.0,0.6000000238418579,0.0,0.8336066603660583,1.0,0.0384400375187397,0.0,0.9615599513053894,0.9979464411735535,0.19289563596248627,0.6455291022168351,0.5326516563219471,0.7402823325694345
7866,0.3168688416481018,0.612825334072113,0.2781481444835663,0.5055042505264282,0.16695411503314972,0.14405596256256104,0.14405596256256104,0.14405596256256104,1.0,1.0,1.0,1.0,1.0,1.0,1.0,0.612825334072113,1.0,0.4398532211780548,0.0,0.5601468086242676,0.2762261927127838,0.14405596256256104,0.11795506000200323,0.11795506000200323,0.21300655992657314
9936,0.42303967475891113,0.9334377646446228,0.5276015400886536,0.5793972015380859,0.1621202677488327,0.15416626632213593,0.15416626632213593,0.15416626632213593,1.0,1.0,1.0,1.0,1.0,0.6000000238418579,0.0,0.8413753509521484,1.0,0.9535021781921387,1.0,0.9535021781921387,0.9968709349632263,0.15416626632213593,0.5006791258358735,0.4773302207295867,0.675370952630268
1281,0.705719530582428,1.3703879117965698,0.7234609723091125,0.8809229731559753,0.5127745866775513,0.1683424562215805,1.2070788145065308,0.1683424562215805,1.0,1.0,0.0,0.0,0.0,0.6000000238418579,0.0,0.7441353797912598,1.0,0.03746730834245682,1.0,0.9625326991081238,0.9960357546806335,0.1683424562215805,0.6503540081136812,0.6237168351634548,0.9345641792218651
6480,0.3638327121734619,0.761727511882782,0.6120537519454956,0.383188933134079,0.09625544399023056,0.13291622698307037,0.13291622698307037,0.13291622698307037,1.0,1.0,1.0,1.0,1.0,1.0,1.0,0.761727511882782,1.0,0.021123524755239487,0.0,0.9788764715194702,0.9592847228050232,0.13291622698307037,0.2635023242933665,0.2635023242933665,0.7344713185325386
3334,0.32804474234580994,0.6707081198692322,0.5642252564430237,0.29098325967788696,0.12892571091651917,0.2567516267299652,0.2567516267299652,0.2567516267299652,1.0,1.0,1.0,1.0,1.0,1.0,1.0,0.6707081198692322,1.0,0.9788967967033386,1.0,0.9788967967033386,0.9804511666297913,0.2567516267299652,0.3232470745231511,0.3232470745231511,0.7387174970698084
7779,0.39612898230552673,0.8187496066093445,0.526465117931366,0.47750815749168396,0.18441370129585266,0.11371403187513351,0.11371403187513351,0.11371403187513351,1.0,1.0,1.0,1.0,1.0,1.0,1.0,0.8187496066093445,1.0,0.3353690207004547,0.0,0.6646310091018677,0.9999430179595947,0.11371403187513351,0.5643867508617078,0.5630950299814865,0.8315896298060454
9558,0.3419210910797119,0.6962120532989502,0.32476937770843506,0.48579683899879456,0.21519699692726135,0.18731845915317535,0.18731845915317535,0.18731845915317535,1.0,1.0,1.0,1.0,1.0,1.0,1.0,0.6962120532989502,1.0,0.04800351709127426,0.0,0.9519965052604675,0.9964319467544556,0.18731845915317535,0.39912960649227447,0.37685482677481547,0.6183484720518141
1591,0.5035015940666199,1.0610897541046143,0.8370410203933716,0.515489935874939,0.1579737663269043,0.15971046686172485,0.7750387191772461,0.759011447429657,0.6000000238418579,0.0,0.0,0.4000000059604645,0.0,0.20000000298023224,0.0,0.5550585389137268,0.0,0.9475796222686768,0.0,0.9475796222686768,0.9137211441993713,0.759011447429657,0.15547683646097524,0.15547683646097524,0.3557520560026891
891,0.2893373966217041,0.5898904204368591,0.24262957274913788,0.4840054512023926,0.14137709140777588,0.13633710145950317,0.13633710145950317,0.13633710145950317,1.0,1.0,1.0,1.0,1.0,1.0,1.0,0.5511085987091064,1.0,0.04635322466492653,0.0,0.9536467790603638,0.9998836517333984,0.13633710145950317,0.4772501965908357,0.44140687942955315,0.5341679782855197
8762,0.4648456871509552,0.9222988486289978,0.6149352192878723,0.44036388397216797,0.33923789858818054,0.2208929806947708,0.875379741191864,0.5440759062767029,0.6000000238418579,0.0,0.0,0.4000000059604645,0.0,0.20000000298023224,0.0,0.6676837801933289,0.0,0.18891693651676178,1.0,0.8110830783843994,0.8910292983055115,0.5440759062767029,0.39478799130860115,0.380378349478636,0.7451356445152687
8766,0.20775780081748962,0.4025513231754303,0.27831706404685974,0.19233198463916779,0.15262436866760254,0.15463466942310333,0.15463466942310333,0.15463466942310333,1.0,1.0,1.0,1.0,1.0,0.6000000238418579,0.0,0.36283060908317566,1.0,0.02092110924422741,0.0,0.9790788888931274,0.988323450088501,0.15463466942310333,0.09791577043044815,0.09791577043044815,0.2152855972924379
7,0.49088913202285767,0.977533757686615,0.575559139251709,0.6287254691123962,0.2683827579021454,0.10837314277887344,0.10837314277887344,0.10837314277887344,1.0,1.0,1.0,1.0,1.0,0.20000000298023224,0.0,0.6522637009620667,1.0,0.5732272267341614,1.0,0.5732272267341614,0.9999864101409912,0.10837314277887344,1.010070994771504,0.7919423491035634,0.9724760940914065
5749,0.31674855947494507,0.6522237658500671,0.47319507598876953,0.25164809823036194,0.22540245950222015,0.17824681103229523,0.17824681103229523,0.17824681103229523,1.0,1.0,1.0,1.0,1.0,1.0,1.0,0.6522237658500671,1.0,0.9729301929473877,1.0,0.9729301929473877,0.9976398944854736,0.17824681103229523,0.10802663082112153,0.10802663082112153,0.2723979082351505
9245,0.4413714110851288,0.8802804946899414,0.4103272557258606,0.6463636755943298,0.26742321252822876,0.1523733139038086,0.1523733139038086,0.1523733139038086,1.0,1.0,1.0,1.0,1.0,0.20000000298023224,0.0,0.8521650433540344,1.0,0.966077983379364,1.0,0.966077983379364,0.9996253252029419,0.1523733139038086,0.8556907209240402,0.7465092912256478,0.9378384887357226
1562,0.35332268476486206,0.7518521547317505,0.2605558931827545,0.5738840103149414,0.2255280315876007,0.24604272842407227,0.24604272842407227,0.24604272842407227,1.0,1.0,1.0,1.0,1.0,1.0,1.0,0.7518521547317505,1.0,0.917166531085968,1.0,0.917166531085968,0.9194987416267395,0.24604272842407227,0.1641053819613686,0.16385191423412954,0.28396324258615946
6179,0.3368144631385803,0.7108309268951416,0.3115369975566864,0.5402514338493347,0.15865491330623627,0.18825311958789825,0.18825311958789825,0.18825311958789825,1.0,1.0,1.0,1.0,1.0,1.0,1.0,0.7108309268951416,1.0,0.9768889546394348,1.0,0.9768889546394348,0.9998666048049927,0.18825311958789825,0.27602548533366755,0.26875650307818105,0.3866942595689128
9144,0.24703936278820038,0.4675869941711426,0.2672559320926666,0.28635358810424805,0.1875084936618805,0.09668978303670883,0.09668978303670883,0.09668978303670883,1.0,1.0,1.0,1.0,1.0,0.6000000238418579,0.0,0.3905760943889618,1.0,0.8294933438301086,1.0,0.8294933438301086,0.6697395443916321,0.09668978303670883,0.210769873621207,0.210769873621207,0.3060791616844627
4051,0.35349878668785095,0.7029823064804077,0.45256367325782776,0.47743701934814453,0.13049577176570892,0.15363557636737823,0.15363557636737823,0.15363557636737823,1.0,1.0,1.0,1.0,1.0,0.6000000238418579,0.0,0.6758888363838196,1.0,0.8391844630241394,1.0,0.8391844630241394,0.5188445448875427,0.15363557636737823,0.23958526021312604,0.23958526021312604,0.6395109581080174
7107,0.4117584228515625,0.8791607022285461,0.36595144867897034,0.5617750287055969,0.30754873156547546,0.17194101214408875,0.17194101214408875,0.17194101214408875,1.0,1.0,1.0,1.0,1.0,0.6000000238418579,0.0,0.8393962979316711,1.0,0.30932244658470154,0.0,0.6906775236129761,0.7792021036148071,0.17194101214408875,0.32895147070398667,0.32895147070398667,0.6579283115482616
7538,0.36409029364585876,0.7493522763252258,0.6337978839874268,0.2662518620491028,0.19222107529640198,0.1444362848997116,0.1444362848997116,0.1444362848997116,1.0,1.0,1.0,1.0,1.0,1.0,1.0,0.7493522763252258,1.0,0.8224199414253235,1.0,0.8224199414253235,0.8695339560508728,0.1444362848997116,0.08180522776861356,0.08180522776861356,0.18464712690752066
7489,0.3884158432483673,0.772651195526123,0.619130551815033,0.3438437581062317,0.2022731602191925,0.28031474351882935,0.28031474351882935,0.28031474351882935,1.0,1.0,1.0,1.0,1.0,1.0,1.0,0.772651195526123,1.0,0.975409984588623,1.0,0.975409984588623,0.9828763604164124,0.28031474351882935,0.18538928205089827,0.18538928205089827,0.4008488302446707
4513,0.44996708631515503,0.871071457862854,0.5779823660850525,0.511537492275238,0.2603814899921417,0.07827794551849365,0.07827794551849365,0.07827794551849365,1.0,1.0,1.0,1.0,1.0,1.0,1.0,0.871071457862854,1.0,0.015779893845319748,0.0,0.9842200875282288,0.9847608208656311,0.07827794551849365,0.31762497005003026,0.3039065438561579,0.6224082765741338
9867,0.2567647695541382,0.5173429846763611,0.19629566371440887,0.3246956765651703,0.24930284917354584,0.10505840927362442,0.10505840927362442,0.10505840927362442,1.0,1.0,1.0,1.0,1.0,1.0,1.0,0.5173429846763611,1.0,0.16648712754249573,0.0,0.8335129022598267,0.9793215394020081,0.10505840927362442,0.11395389712100613,0.11395389712100613,0.2590448879245444
3038,0.3508860170841217,0.7606306076049805,0.46855050325393677,0.360885351896286,0.22322216629981995,0.061876047402620316,0.061876047402620316,0.061876047402620316,1.0,1.0,1.0,1.0,1.0,0.6000000238418579,0.0,0.7886928915977478,1.0,0.12552203238010406,0.0,0.8744779825210571,0.9999572038650513,0.061876047402620316,1.2073260895514404,0.7708408324946869,1.0042645702800632
3834,0.34930315613746643,0.7095492482185364,0.5323967933654785,0.29699623584747314,0.21851642429828644,0.1779458075761795,0.1779458075761795,0.1779458075761795,1.0,1.0,1.0,1.0,1.0,1.0,1.0,0.7095492482185364,1.0,0.9140187501907349,1.0,0.9140187501907349,0.9995520710945129,0.1779458075761795,0.4721537334539163,0.43040819817270426,0.558447869918243
5725,0.4210694134235382,0.8285968899726868,0.3675687909126282,0.6757715344429016,0.21986794471740723,0.250984787940979,0.250984787940979,0.250984787940979,1.0,1.0,1.0,1.0,1.0,0.6000000238418579,0.0,0.6647866368293762,1.0,0.9616683721542358,1.0,0.9616683721542358,0.9988616704940796,0.250984787940979,1.0395764499252143,0.589573975960893,0.8131369580025775
707,0.49058395624160767,1.0257662534713745,0.8968093991279602,0.4144001007080078,0.16054239869117737,0.12255680561065674,0.7598669528961182,0.6271380186080933,0.6000000238418579,0.0,0.0,0.4000000059604645,0.0,0.20000000298023224,0.0,0.8803235292434692,0.0,0.6930673718452454,0.0,0.6930673718452454,0.6945258378982544,0.6271380186080933,0.25107682337489284,0.2484275614555411,0.39798216383149976
7478,0.26617807149887085,0.5368636846542358,0.1308068037033081,0.45886918902397156,0.20885825157165527,0.07653941959142685,0.07653941959142685,0.07653941959142685,1.0,1.0,1.0,1.0,1.0,1.0,1.0,0.5368636846542358,1.0,0.09896138310432434,0.0,0.901038646697998,0.6197190284729004,0.07653941959142685,0.12275754073321982,0.12275754073321982,0.21043338857372715
3063,0.5783795714378357,1.1500307321548462,0.7365962266921997,0.7951388359069824,0.20340381562709808,0.256181001663208,0.256181001663208,0.256181001663208,1.0,1.0,1.0,1.0,1.0,0.6000000238418579,0.0,1.146051287651062,1.0,0.013067567721009254,0.0,0.9869324564933777,0.9955344200134277,0.256181001663208,0.2362686370748821,0.2320752944606006,0.3078354179452015
328,0.4228447377681732,0.8468934893608093,0.5543720126152039,0.4522496163845062,0.2619125545024872,0.13821884989738464,0.13821884989738464,0.13821884989738464,1.0,1.0,1.0,1.0,1.0,0.6000000238418579,0.0,0.8391257524490356,1.0,0.9636873006820679,1.0,0.9636873006820679,0.9999492168426514,0.13821884989738464,0.744913598092277,0.7045214856052284,0.9735537842329361
4393,0.5021876692771912,0.9952920079231262,0.5101824998855591,0.780581533908844,0.21579883992671967,0.1437869817018509,0.1437869817018509,0.1437869817018509,1.0,1.0,1.0,1.0,1.0,1.0,1.0,0.8324125409126282,1.0,0.9812586903572083,1.0,0.9812586903572083,0.9943401217460632,0.1437869817018509,0.23510939811591952,0.21789269723569338,0.47413035338758297
7935,0.22924739122390747,0.44800034165382385,0.1933765709400177,0.3444238603115082,0.14994168281555176,0.15087585151195526,0.15087585151195526,0.15087585151195526,1.0,1.0,1.0,1.0,1.0,1.0,1.0,0.44800034165382385,1.0,0.9400199055671692,1.0,0.9400199055671692,0.9999258518218994,0.15087585151195526,0.22103723729594205,0.21835293761549449,0.3452144943748343
5084,0.32247036695480347,0.6399094462394714,0.3844780921936035,0.3592057526111603,0.22372721135616302,0.1809425950050354,0.1809425950050354,0.1809425950050354,1.0,1.0,1.0,1.0,1.0,1.0,1.0,0.6399094462394714,1.0,0.20742091536521912,0.0,0.7925790548324585,0.7267197966575623,0.1809425950050354,0.18631465456858534,0.18631465456858534,0.42987248644947934
6114,0.40932396054267883,0.8320083022117615,0.5169076919555664,0.5089889764785767,0.20207524299621582,0.23865628242492676,0.23865628242492676,0.23865628242492676,1.0,1.0,1.0,1.0,1.0,1.0,1.0,0.8320083022117615,1.0,0.7870276570320129,1.0,0.7870276570320129,0.8375508785247803,0.23865628242492676,0.2924631119018326,0.28500474854449737,0.5917888749552754
5820,0.5718878507614136,1.132048487663269,0.9712507128715515,0.46961164474487305,0.2748011648654938,0.20564787089824677,0.20564787089824677,0.20564787089824677,1.0,1.0,1.0,1.0,1.0,1.0,1.0,1.132048487663269,1.0,0.9632213711738586,1.0,0.9632213711738586,0.9999558925628662,0.20564787089824677,1.1586470015869554,0.6534480987080601,0.8897142615194006
3289,0.3668156564235687,0.7631036639213562,0.37559470534324646,0.5544074177742004,0.17044472694396973,0.2083330899477005,0.2083330899477005,0.2083330899477005,1.0,1.0,1.0,1.0,1.0,0.6000000238418579,0.0,0.6809380650520325,1.0,0.6966654658317566,1.0,0.6966654658317566,0.9997290968894958,0.2083330899477005,0.8380526610828508,0.6612373693781821,0.9673398501250334
7719,0.380094051361084,0.7978910803794861,0.2504822909832001,0.6886219382286072,0.20117783546447754,0.17559964954853058,0.17559964954853058,0.17559964954853058,1.0,1.0,1.0,1.0,1.0,0.6000000238418579,0.0,0.7892780303955078,1.0,0.9547967910766602,1.0,0.9547967910766602,0.9851791262626648,0.17559964954853058,0.19891070427962182,0.19891070427962182,0.9300152283098077
6551,0.39503517746925354,0.7741574048995972,0.43395981192588806,0.3913332223892212,0.359812468290329,0.17191551625728607,1.2878246307373047,0.17191551625728607,1.0,1.0,0.0,0.0,0.0,0.6000000238418579,0.0,0.6255931258201599,1.0,0.5226786136627197,0.0,0.5226786136627197,0.895744800567627,0.17191551625728607,1.680045543992031,0.5568741048903658,0.9260146985666948
8313,0.3561882972717285,0.7111247181892395,0.4224904477596283,0.3067643940448761,0.3393099308013916,0.17220859229564667,0.17220859229564667,0.17220859229564667,1.0,1.0,1.0,1.0,1.0,1.0,1.0,0.7111247181892395,1.0,0.02394736558198929,0.0,0.9760526418685913,0.9969713687896729,0.17220859229564667,0.669367872816809,0.6022653061008022,0.9629049512451577
8892,0.3652130365371704,0.769462525844574,0.6936299204826355,0.20680974423885345,0.19519948959350586,0.2048162966966629,0.2048162966966629,0.2048162966966629,1.0,1.0,1.0,1.0,1.0,1.0,1.0,0.769462525844574,1.0,0.15035586059093475,0.0,0.849644124507904,0.997002899646759,0.2048162966966629,0.29041428496820365,0.28415358951616304,0.5004175363465365
6159,0.33396708965301514,0.6554007530212402,0.4472145736217499,0.34236520528793335,0.21232151985168457,0.16748249530792236,0.16748249530792236,0.16748249530792236,1.0,1.0,1.0,1.0,1.0,1.0,1.0,0.5951017737388611,1.0,0.9674361348152161,1.0,0.9674361348152161,0.9954051971435547,0.16748249530792236,0.19974433897150867,0.19974433897150867,0.8364006509960442
671,0.28511303663253784,0.5873706936836243,0.49719420075416565,0.27456870675086975,0.08357616513967514,0.18202655017375946,0.18202655017375946,0.18202655017375946,1.0,1.0,1.0,1.0,1.0,1.0,1.0,0.5873706936836243,1.0,0.9702439308166504,1.0,0.9702439308166504,0.9501236081123352,0.18202655017375946,0.13477683612658026,0.13477683612658026,0.18021110206669108
8566,0.3043866753578186,0.5957678556442261,0.4126480221748352,0.3308078944683075,0.16970400512218475,0.17940835654735565,0.17940835654735565,0.17940835654735565,1.0,1.0,1.0,1.0,1.0,1.0,1.0,0.5957678556442261,1.0,0.05469268187880516,0.0,0.9453073143959045,0.9910873770713806,0.17940835654735565,0.286985385243222,0.286985385243222,2.0482000519776573
2412,0.3709205687046051,0.7410154342651367,0.2952083647251129,0.6046532988548279,0.2129000723361969,0.16570574045181274,0.16570574045181274,0.16570574045181274,1.0,1.0,1.0,1.0,1.0,1.0,1.0,0.7410154342651367,1.0,0.05051501467823982,0.0,0.9494850039482117,0.929023265838623,0.16570574045181274,0.1546731020443645,0.1546731020443645,0.35392467666645927
3954,0.3569146990776062,0.783535897731781,0.6552786827087402,0.20087425410747528,0.2145911306142807,0.2642599642276764,0.2642599642276764,0.2642599642276764,1.0,1.0,1.0,1.0,1.0,1.0,1.0,0.783535897731781,1.0,0.12046179920434952,0.0,0.8795381784439087,0.9154765009880066,0.2642599642276764,0.3849579519788671,0.3605149492822131,0.6283647425710421
3844,0.42882978916168213,0.8231701850891113,0.4596969783306122,0.587872326374054,0.23892004787921906,0.19816863536834717,0.19816863536834717,0.19816863536834717,1.0,1.0,1.0,1.0,1.0,1.0,1.0,0.8231701850891113,1.0,0.8409773111343384,1.0,0.8409773111343384,0.8992674946784973,0.19816863536834717,0.30293166625439927,0.29335467928057873,0.5124187243521949
5842,0.5137066841125488,1.0353645086288452,0.752770721912384,0.6049762964248657,0.1833731085062027,0.25023674964904785,0.25023674964904785,0.25023674964904785,1.0,1.0,1.0,1.0,1.0,0.6000000238418579,0.0,0.9542722702026367,1.0,0.030817776918411255,0.0,0.9691822528839111,0.949587881565094,0.25023674964904785,0.14185029077883926,0.14185029077883926,0.20886410703383143
447,0.3029997646808624,0.6212832927703857,0.3875989615917206,0.42032143473625183,0.10107889026403427,0.17730844020843506,0.17730844020843506,0.17730844020843506,1.0,1.0,1.0,1.0,1.0,1.0,1.0,0.6212832927703857,1.0,0.9760105013847351,1.0,0.9760105013847351,0.9599971771240234,0.17730844020843506,0.30563634948496293,0.30550538550294826,0.8770345265168628
5221,0.24260836839675903,0.49936866760253906,0.33194056153297424,0.26227104663848877,0.13361351191997528,0.13001440465450287,0.6313907504081726,0.6313907504081726,0.6000000238418579,0.0,1.0,0.6000000238418579,0.0,0.6000000238418579,0.0,0.49936866760253906,0.0,0.39561086893081665,0.0,0.6043891310691833,0.19949115812778473,0.6313907504081726,1.2252217852273772,0.790357922671448,0.9065946006014011
1037,0.29816704988479614,0.5859070420265198,0.3508099615573883,0.37522315979003906,0.16846798360347748,0.2262958288192749,0.2262958288192749,0.2262958288192749,1.0,1.0,1.0,1.0,1.0,0.6000000238418579,0.0,0.4996444880962372,1.0,0.7911537289619446,1.0,0.7911537289619446,0.7925072908401489,0.2262958288192749,0.24057611557054698,0.23713415073896166,0.4477532323989974
6476,0.3356415033340454,0.7122448086738586,0.5159504413604736,0.33001309633255005,0.16096095740795135,0.13457231223583221,0.13457231223583221,0.13457231223583221,1.0,1.0,1.0,1.0,1.0,1.0,1.0,0.7122448086738586,1.0,0.9586225748062134,1.0,0.9586225748062134,0.9999533891677856,0.13457231223583221,0.6424616723319307,0.4514133157340297,0.6705504092776501
201,0.37072041630744934,0.7983720898628235,0.3139708936214447,0.5717602372169495,0.22643008828163147,0.14287438988685608,0.14287438988685608,0.14287438988685608,1.0,1.0,1.0,1.0,1.0,0.6000000238418579,0.0,0.7041399478912354,1.0,0.3557039797306061,0.0,0.6442960500717163,0.999879002571106,0.14287438988685608,1.0075388751840604,0.7153571134128199,0.9055323840156067
5737,0.27370089292526245,0.5691574811935425,0.2465556412935257,0.40421363711357117,0.1703333705663681,0.11906711012125015,0.11906711012125015,0.11906711012125015,1.0,1.0,1.0,1.0,1.0,1.0,1.0,0.5691574811935425,1.0,0.028731944039463997,0.0,0.9712680578231812,0.9970465302467346,0.11906711012125015,0.19617021926136652,0.19617021926136652,0.23039480777670016
9627,0.3811648190021515,0.7656813263893127,0.19119246304035187,0.6146090626716614,0.33769288659095764,0.158965602517128,0.158965602517128,0.158965602517128,1.0,1.0,1.0,1.0,1.0,0.6000000238418579,0.0,0.785168468952179,1.0,0.5754544734954834,1.0,0.5754544734954834,0.9999008178710938,0.158965602517128,0.9032555131204468,0.7772890075282438,0.9553482789356949
3632,0.47821739315986633,0.9487751126289368,0.3365962505340576,0.7595290541648865,0.33852699398994446,0.17962343990802765,0.17962343990802765,0.17962343990802765,1.0,1.0,1.0,1.0,1.0,1.0,1.0,0.9487751126289368,1.0,0.10012730211019516,0.0,0.8998727202415466,0.9999597072601318,0.17962343990802765,0.8044759072435109,0.7608031781448751,0.9616611503302721
1631,0.33525145053863525,0.7358108758926392,0.6512110829353333,0.26495397090911865,0.0895891860127449,0.13295558094978333,0.13295558094978333,0.13295558094978333,1.0,1.0,1.0,1.0,1.0,1.0,1.0,0.7358108758926392,1.0,0.9721086025238037,1.0,0.9721086025238037,0.9997386336326599,0.13295558094978333,0.39253203514196466,0.372570860652321,0.554198403278645
2634,0.37669500708580017,0.7404236197471619,0.40054288506507874,0.5288304686546326,0.2007116824388504,0.14144928753376007,0.6879921555519104,0.6879921555519104,0.6000000238418579,0.0,1.0,0.6000000238418579,0.0,0.20000000298023224,0.0,0.5520607233047485,0.0,0.7495548129081726,1.0,0.7495548129081726,0.7221673130989075,0.6879921555519104,1.8161633529612746,0.2384311097311712,0.42348983763014997
9580,0.6176745295524597,1.266875147819519,0.8550806045532227,0.7129533290863037,0.28498974442481995,0.1617552638053894,0.1617552638053894,0.1617552638053894,1.0,1.0,1.0,1.0,1.0,0.6000000238418579,0.0,1.1681102514266968,1.0,0.9328579902648926,1.0,0.9328579902648926,0.999906063079834,0.1617552638053894,1.2057095373623983,0.9259805518709774,1.0473510766704794
224,0.2027287632226944,0.419025719165802,0.2764999568462372,0.18402627110481262,0.14765997231006622,0.24668411910533905,0.24668411910533905,0.24668411910533905,1.0,1.0,1.0,1.0,1.0,1.0,1.0,0.419025719165802,1.0,0.9012138843536377,1.0,0.9012138843536377,0.9734855890274048,0.24668411910533905,0.2401250521332462,0.23943180591451757,0.5052196325014826
2941,0.39972981810569763,0.8486579060554504,0.27199944853782654,0.6814132928848267,0.24577663838863373,0.10549533367156982,0.10549533367156982,0.10549533367156982,1.0,1.0,1.0,1.0,1.0,0.6000000238418579,0.0,0.7167297005653381,1.0,0.9452845454216003,1.0,0.9452845454216003,0.999897837638855,0.10549533367156982,0.6731754428444697,0.6319934113445105,0.8367711861143314
1123,0.37006089091300964,0.7303634881973267,0.6250467300415039,0.25245797634124756,0.23267781734466553,0.1720215380191803,0.1720215380191803,0.1720215380191803,1.0,1.0,1.0,1.0,1.0,1.0,1.0,0.7303634881973267,1.0,0.9342703819274902,1.0,0.9342703819274902,0.9900224804878235,0.1720215380191803,0.21206784584399466,0.21206784584399466,0.4686263740462637
973,0.5656952857971191,1.1433767080307007,0.8346714377403259,0.6774858236312866,0.1849285364151001,0.22615233063697815,0.22615233063697815,0.22615233063697815,1.0,1.0,1.0,1.0,1.0,0.6000000238418579,0.0,1.1574913263320923,1.0,0.13864412903785706,0.0,0.8613559007644653,0.9990155696868896,0.22615233063697815,0.4187643687753901,0.4001711463847446,0.5997944017059995
27,0.5815503001213074,1.1761815547943115,0.5065900683403015,0.8888995051383972,0.3491612374782562,0.11394279450178146,1.0880850553512573,0.11394279450178146,1.0,1.0,0.0,0.0,0.0,0.6000000238418579,0.0,0.8357498049736023,1.0,0.8585996627807617,0.0,0.8585996627807617,0.9995470643043518,0.11394279450178146,0.7336127465513262,0.723129849610762,0.9283330986602446
7244,0.394254207611084,0.8006653189659119,0.40606242418289185,0.5525731444358826,0.22412708401679993,0.09728237986564636,0.09728237986564636,0.09728237986564636,1.0,1.0,1.0,1.0,1.0,1.0,1.0,0.8006653189659119,1.0,0.9670346975326538,1.0,0.9670346975326538,0.9965884685516357,0.09728237986564636,0.12466184399360124,0.12466184399360124,0.2897514713135284
5674,0.5641831755638123,1.0742758512496948,0.7978997230529785,0.507347822189331,0.3873020112514496,0.11501049995422363,0.11501049995422363,0.11501049995422363,1.0,1.0,1.0,1.0,1.0,0.6000000238418579,0.0,1.0409647226333618,1.0,0.8465389013290405,1.0,0.8465389013290405,0.9997307658195496,0.11501049995422363,0.49050379697447255,0.48927156642375447,0.8882745687391198
7436,0.3380559980869293,0.6861600279808044,0.4120016098022461,0.3761391341686249,0.2260272055864334,0.20928648114204407,0.20928648114204407,0.20928648114204407,1.0,1.0,1.0,1.0,1.0,1.0,1.0,0.6861600279808044,1.0,0.2905677258968353,0.0,0.7094322443008423,0.9995375871658325,0.20928648114204407,0.5363658890045202,0.4998214288431888,0.5943253403695496
4022,0.262156218290329,0.5585828423500061,0.339330792427063,0.2173781394958496,0.22975969314575195,0.13174815475940704,0.13174815475940704,0.13174815475940704,1.0,1.0,1.0,1.0,1.0,1.0,1.0,0.5585828423500061,1.0,0.030396319925785065,0.0,0.9696036577224731,0.9935630559921265,0.13174815475940704,0.08313647972629318,0.08168998391197357,0.12715605256872362
8448,0.3879772424697876,0.8137227296829224,0.2523213326931,0.5908923149108887,0.32071810960769653,0.2119625061750412,0.2119625061750412,0.2119625061750412,1.0,1.0,1.0,1.0,1.0,1.0,1.0,0.8137227296829224,1.0,0.9851640462875366,1.0,0.9851640462875366,0.9931402802467346,0.2119625061750412,0.4439737445542178,0.36873413393650845,0.6404187347469708
6035,0.4811030328273773,0.9612180590629578,0.6481153964996338,0.5846318006515503,0.2105618566274643,0.15261028707027435,0.15261028707027435,0.15261028707027435,1.0,1.0,1.0,1.0,1.0,0.6000000238418579,0.0,0.9411398768424988,1.0,0.5299753546714783,1.0,0.5299753546714783,0.999954342842102,0.15261028707027435,0.8916627058442765,0.619360185731065,0.884787498986811
403,0.27727004885673523,0.527895450592041,0.1834571212530136,0.38748699426651,0.2608659863471985,0.016355931758880615,0.016355931758880615,0.016355931758880615,1.0,1.0,1.0,1.0,1.0,1.0,1.0,0.527895450592041,1.0,0.14039425551891327,0.0,0.8596057295799255,0.9015958905220032,0.016355931758880615,0.24202499075838518,0.24202499075838518,0.5565847248423424
8881,0.45870593190193176,0.9215030670166016,0.5299146771430969,0.6992959380149841,0.14690713584423065,0.12055080384016037,0.12055080384016037,0.12055080384016037,1.0,1.0,1.0,1.0,1.0,1.0,1.0,0.9215030670166016,1.0,0.09712500870227814,0.0,0.9028750061988831,0.9466404318809509,0.12055080384016037,0.19704776498470444,0.19704776498470444,0.38977790088718367
1258,0.3315337598323822,0.7327535152435303,0.5197432637214661,0.3820798695087433,0.09277814626693726,0.15539230406284332,0.15539230406284332,0.15539230406284332,1.0,1.0,1.0,1.0,1.0,0.6000000238418579,0.0,0.6491450667381287,1.0,0.9313476085662842,1.0,0.9313476085662842,0.9920310974121094,0.15539230406284332,0.28284714956787865,0.2780971667219255,0.4049474446582354
7367,0.40448567271232605,0.8078331351280212,0.33288130164146423,0.4541532099246979,0.4264224171638489,0.16956888139247894,0.16956888139247894,0.16956888139247894,1.0,1.0,1.0,1.0,1.0,0.6000000238418579,0.0,1.0651973485946655,1.0,0.06346683949232101,0.0,0.9365331530570984,0.7790327072143555,0.16956888139247894,0.1833143124003178,0.1833143124003178,0.4153783599499057
9420,0.526386559009552,1.0466060638427734,0.7121442556381226,0.6364414095878601,0.23057399690151215,0.18241354823112488,0.7516437768936157,0.6730594635009766,0.6000000238418579,0.0,0.0,0.4000000059604645,0.0,0.6000000238418579,0.0,0.9054532051086426,0.0,0.12579526007175446,1.0,0.8742047548294067,0.7917633652687073,0.6730594635009766,0.11299179662317665,0.11299179662317665,0.26124426333248985
3876,0.42725881934165955,0.8547016382217407,0.3169197142124176,0.6002532839775085,0.3646034598350525,0.14045384526252747,0.14045384526252747,0.14045384526252747,1.0,1.0,1.0,1.0,1.0,1.0,1.0,0.8547016382217407,1.0,0.091537244617939,0.0,0.9084627628326416,0.9928401708602905,0.14045384526252747,0.2021453249938599,0.2021453249938599,0.5112428661377779
3505,0.3804011046886444,0.7047981023788452,0.3785928189754486,0.3761347830295563,0.38647565245628357,0.18732677400112152,0.18732677400112152,0.18732677400112152,1.0,1.0,1.0,1.0,1.0,1.0,1.0,0.7047981023788452,1.0,0.16452829539775848,0.0,0.8354716897010803,0.9232528209686279,0.18732677400112152,0.1103210183287865,0.10373915178110522,0.24339555715749017
2250,0.29305046796798706,0.6327200531959534,0.19164596498012543,0.42567309737205505,0.2618322968482971,0.21987485885620117,0.21987485885620117,0.21987485885620117,1.0,1.0,1.0,1.0,1.0,1.0,1.0,0.7222105264663696,1.0,0.022167064249515533,0.0,0.9778329133987427,0.9980069994926453,0.21987485885620117,0.1601092846259202,0.1601092846259202,0.3973961784387907
360,0.3850111961364746,0.7867056727409363,0.2874718904495239,0.5824169516563416,0.28514471650123596,0.08329153805971146,0.6608826518058777,0.5881559252738953,0.6000000238418579,0.0,0.0,0.4000000059604645,0.0,0.20000000298023224,0.0,0.7314728498458862,0.0,0.8761447668075562,0.0,0.8761447668075562,0.8096780776977539,0.5881559252738953,0.15199603090908373,0.15199603090908373,0.28280273685620905
7733,0.24938169121742249,0.5284836292266846,0.29017457365989685,0.30828121304512024,0.14968924224376678,0.16574795544147491,0.16574795544147491,0.16574795544147491,1.0,1.0,1.0,1.0,1.0,1.0,1.0,0.5284836292266846,1.0,0.9657236933708191,1.0,0.9657236933708191,0.9621590971946716,0.16574795544147491,0.2972962907186409,0.2773719154808293,0.6221750036549268
8923,0.2633671462535858,0.5439602732658386,0.13109587132930756,0.4852190613746643,0.1737864464521408,0.1527383178472519,0.1527383178472519,0.1527383178472519,1.0,1.0,1.0,1.0,1.0,1.0,1.0,0.5439602732658386,1.0,0.923650860786438,1.0,0.923650860786438,0.978369414806366,0.1527383178472519,0.42004949126346525,0.3911312433616005,0.6072480393502959
4636,0.3418799936771393,0.7177684307098389,0.43682441115379333,0.3126455545425415,0.2761699855327606,0.13837505877017975,0.13837505877017975,0.13837505877017975,1.0,1.0,1.0,1.0,1.0,1.0,1.0,0.6917529106140137,1.0,0.06065933778882027,0.0,0.9393406510353088,0.9842438697814941,0.13837505877017975,0.2079621392741144,0.2079621392741144,0.42264928603128393
327,0.3279893100261688,0.6189889907836914,0.44278794527053833,0.3371456265449524,0.20403437316417694,0.171311616897583,0.171311616897583,0.171311616897583,1.0,1.0,1.0,1.0,1.0,0.6000000238418579,0.0,0.6521390676498413,1.0,0.03375525772571564,0.0,0.9662447571754456,0.9972148537635803,0.171311616897583,0.402389314090438,0.3847934998401126,0.6239451899125845
704,0.35133275389671326,0.6798438429832458,0.3838847577571869,0.44521600008010864,0.22489742934703827,0.11946340650320053,0.11946340650320053,0.11946340650320053,1.0,1.0,1.0,1.0,1.0,1.0,1.0,0.6798438429832458,1.0,0.6085023880004883,1.0,0.6085023880004883,0.6040188670158386,0.11946340650320053,0.329345194095805,0.329345194095805,0.6949926889752719
8079,0.35722848773002625,0.748790442943573,0.5939950942993164,0.31947389245033264,0.15821637213230133,0.09447852522134781,0.09447852522134781,0.09447852522134781,1.0,1.0,1.0,1.0,1.0,1.0,1.0,0.748790442943573,1.0,0.7174553871154785,1.0,0.7174553871154785,0.936208188533783,0.09447852522134781,0.26346130442282606,0.26346130442282606,0.6337734160333605
1937,0.3366706669330597,0.7211530804634094,0.32703638076782227,0.5187418460845947,0.16423366963863373,0.19918440282344818,0.19918440282344818,0.19918440282344818,1.0,1.0,1.0,1.0,1.0,1.0,1.0,0.7211530804634094,1.0,0.9742380976676941,1.0,0.9742380976676941,0.9776034355163574,0.19918440282344818,0.11532173029596192,0.11532173029596192,0.279055237718262
2698,0.341602087020874,0.7245344519615173,0.6362584829330444,0.18020442128181458,0.20834331214427948,0.1507212519645691,0.1507212519645691,0.1507212519645691,1.0,1.0,1.0,1.0,1.0,0.6000000238418579,0.0,0.7889215350151062,1.0,0.9344237446784973,1.0,0.9344237446784973,0.9225157499313354,0.1507212519645691,0.1808113164633932,0.1808113164633932,0.3621187415774715
4910,0.2687910795211792,0.587890088558197,0.3969155251979828,0.23692694306373596,0.17253074049949646,0.13446663320064545,0.13446663320064545,0.13446663320064545,1.0,1.0,1.0,1.0,1.0,1.0,1.0,0.587890088558197,1.0,0.9779461622238159,1.0,0.9779461622238159,0.8022213578224182,0.13446663320064545,0.06401334727816443,0.06401334727816443,0.1441678851176015
3710,0.5080780386924744,0.9917390942573547,0.5877675414085388,0.7469930648803711,0.18947353959083557,0.0916062667965889,0.6027392745018005,0.6027392745018005,0.6000000238418579,0.0,1.0,0.6000000238418579,0.0,0.6000000238418579,0.0,0.9917390942573547,0.0,0.5723583698272705,1.0,0.5723583698272705,0.8059020042419434,0.6027392745018005,1.964224800808907,0.3517142864251871,0.39699590613947205
842,0.2680785357952118,0.6096972227096558,0.3503285348415375,0.2925136089324951,0.16139338910579681,0.2288459986448288,0.2288459986448288,0.2288459986448288,1.0,1.0,1.0,1.0,1.0,1.0,1.0,0.6096972227096558,1.0,0.8352929353713989,1.0,0.8352929353713989,0.9493823647499084,0.2288459986448288,0.09554540374585695,0.09554540374585695,0.2139560006254746
6762,0.477535605430603,0.9846203923225403,0.6619517207145691,0.5323571562767029,0.23829789459705353,0.17197979986667633,1.2999593019485474,0.17197979986667633,1.0,1.0,0.0,0.0,0.0,0.20000000298023224,0.0,0.8654851913452148,1.0,0.1308867484331131,1.0,0.8691132664680481,0.9999186992645264,0.17197979986667633,0.7453512259472996,0.5930763851224629,0.7243151403663057
8819,0.37378865480422974,0.8250724673271179,0.6403417587280273,0.27595072984695435,0.2050735503435135,0.0849946066737175,0.0849946066737175,0.0849946066737175,1.0,1.0,1.0,1.0,1.0,1.0,1.0,0.8250724673271179,1.0,0.8420910835266113,1.0,0.8420910835266113,0.9998928308486938,0.0849946066737175,0.897578198501884,0.7545540192327417,0.9413901632191302
2800,0.3572203516960144,0.7137898802757263,0.35898229479789734,0.3808387219905853,0.33183997869491577,0.2518044114112854,0.2518044114112854,0.2518044114112854,1.0,1.0,1.0,1.0,1.0,1.0,1.0,0.6236813068389893,1.0,0.0929315984249115,0.0,0.9070683717727661,0.7587377429008484,0.2518044114112854,0.15526496665366668,0.14718914401363747,0.2392654902454199
79,0.29765257239341736,0.6455653309822083,0.1923079490661621,0.4996083378791809,0.20104141533374786,0.09251006692647934,0.09251006692647934,0.09251006692647934,1.0,1.0,1.0,1.0,1.0,0.6000000238418579,0.0,0.71220463514328,1.0,0.701460063457489,1.0,0.701460063457489,0.8209617137908936,0.09251006692647934,0.22925078035814575,0.22925078035814575,0.4207349841320334
5490,0.5004996657371521,0.9652599692344666,0.4757692515850067,0.7606799006462097,0.26504990458488464,0.2073892205953598,0.2073892205953598,0.2073892205953598,1.0,1.0,1.0,1.0,1.0,0.6000000238418579,0.0,0.7279297113418579,1.0,0.24993644654750824,0.0,0.7500635385513306,0.9999551773071289,0.2073892205953598,0.6325090679494105,0.6145753987750239,0.8371271284795283
9941,0.45690253376960754,0.8721794486045837,0.5220627784729004,0.6032904386520386,0.24535425007343292,0.2074999064207077,0.2074999064207077,0.2074999064207077,1.0,1.0,1.0,1.0,1.0,0.6000000238418579,0.0,0.8569812774658203,1.0,0.3280582129955292,0.0,0.6719417572021484,0.6682761311531067,0.2074999064207077,0.3956734680095701,0.3956734680095701,0.6664770901597209
7222,0.30341342091560364,0.5724954605102539,0.2839075028896332,0.39349284768104553,0.23283982276916504,0.19000749289989471,0.19000749289989471,0.19000749289989471,1.0,1.0,1.0,1.0,1.0,1.0,1.0,0.5724954605102539,1.0,0.8583875894546509,1.0,0.8583875894546509,0.9979979395866394,0.19000749289989471,0.22472284198464723,0.22014449818302584,0.4039438295163105
3357,0.3690759241580963,0.7395927906036377,0.6157706379890442,0.30878064036369324,0.18267638981342316,0.11482039839029312,0.11482039839029312,0.11482039839029312,1.0,1.0,1.0,1.0,1.0,0.6000000238418579,0.0,0.7373613715171814,1.0,0.07503140717744827,0.0,0.9249686002731323,0.9364113807678223,0.11482039839029312,0.09014447005177678,0.09014447005177678,0.1592966877724727
7766,0.47232529520988464,0.8891291618347168,0.4640878140926361,0.5784589648246765,0.3744288980960846,0.12809191644191742,0.12809191644191742,0.12809191644191742,1.0,1.0,1.0,1.0,1.0,0.20000000298023224,0.0,0.8643214106559753,1.0,0.7895358204841614,1.0,0.7895358204841614,0.9091453552246094,0.12809191644191742,0.3405308383267509,0.2722424290571419,0.4698632666236173
9447,0.2932513654232025,0.6479429602622986,0.37322038412094116,0.3642811179161072,0.14225253462791443,0.17119590938091278,0.17119590938091278,0.17119590938091278,1.0,1.0,1.0,1.0,1.0,1.0,1.0,0.6479429602622986,1.0,0.029843049123883247,0.0,0.9701569676399231,0.9979082345962524,0.17119590938091278,0.28191726429402875,0.28191726429402875,0.461273596568444
3185,0.5757823586463928,1.1643208265304565,0.9138364791870117,0.6687356233596802,0.14477506279945374,0.16935217380523682,0.16935217380523682,0.16935217380523682,1.0,1.0,1.0,1.0,1.0,1.0,1.0,1.1643208265304565,1.0,0.025221070274710655,0.0,0.974778950214386,0.9971053004264832,0.16935217380523682,0.3326026947327783,0.33212369110824996,0.5217703342009168
1923,0.6326146125793457,1.2287137508392334,0.5387744307518005,0.9745137095451355,0.3845556676387787,0.1688622683286667,1.3328571319580078,0.1688622683286667,1.0,1.0,0.0,0.0,0.0,0.6000000238418579,0.0,0.8320574164390564,1.0,0.10162290930747986,1.0,0.8983770608901978,0.9999793767929077,0.1688622683286667,0.7998936484395432,0.7549272703265516,0.9601163474651089
3851,0.3800946772098541,0.826840341091156,0.4466955363750458,0.5360497832298279,0.15753865242004395,0.1846180260181427,0.7192960977554321,0.6458156704902649,0.6000000238418579,0.0,0.0,0.4000000059604645,0.0,0.20000000298023224,0.0,0.7971532940864563,0.0,0.23334164917469025,1.0,0.766658365726471,0.8559443950653076,0.6458156704902649,0.150530875986772,0.150530875986772,0.3640010742774371
1310,0.4282968044281006,0.8135983347892761,0.5343800783157349,0.37896424531936646,0.3715461790561676,0.07275306433439255,1.2686169147491455,0.07275306433439255,1.0,1.0,0.0,0.0,0.0,0.20000000298023224,0.0,0.5971587300300598,1.0,0.12607355415821075,1.0,0.8739264607429504,0.9999722242355347,0.07275306433439255,0.8583760230812294,0.684225151567766,0.9224931523754145
3690,0.2613423466682434,0.5301098823547363,0.4138161838054657,0.25756165385246277,0.11264921724796295,0.07278271019458771,0.07278271019458771,0.07278271019458771,1.0,1.0,1.0,1.0,1.0,1.0,1.0,0.5301098823547363,1.0,0.010766593739390373,0.0,0.9892334342002869,0.9802286028862,0.07278271019458771,0.08069808782452755,0.08069808782452755,0.20613584018663983
7768,0.5358800888061523,1.0286338329315186,0.7851776480674744,0.5483039617538452,0.27415868639945984,0.16880717873573303,0.16880717873573303,0.16880717873573303,1.0,1.0,1.0,1.0,1.0,0.6000000238418579,0.0,1.0271493196487427,1.0,0.9839140176773071,1.0,0.9839140176773071,0.9989803433418274,0.16880717873573303,0.8987740728552881,0.881702930873696,3.229627748175978
4678,0.348640114068985,0.7409663200378418,0.4994560182094574,0.4038708806037903,0.1425933986902237,0.16656354069709778,0.16656354069709778,0.16656354069709778,1.0,1.0,1.0,1.0,1.0,1.0,1.0,0.7409663200378418,1.0,0.9791040420532227,1.0,0.9791040420532227,0.951905369758606,0.16656354069709778,0.19776300996339635,0.19776300996339635,0.46950142743437795
5544,0.40407684445381165,0.8854883313179016,0.4729730784893036,0.5352630615234375,0.20399431884288788,0.10816679149866104,0.10816679149866104,0.10816679149866104,1.0,1.0,1.0,1.0,1.0,0.6000000238418579,0.0,0.8449069857597351,1.0,0.16540351510047913,0.0,0.8345965147018433,0.9999309778213501,0.10816679149866104,1.0544019547381946,0.8198360276893086,0.9884160462224384
4160,0.4085219204425812,0.8676697611808777,0.4314262866973877,0.6231896877288818,0.17094974219799042,0.1833508312702179,0.1833508312702179,0.1833508312702179,1.0,1.0,1.0,1.0,1.0,1.0,1.0,0.8676697611808777,1.0,0.971350371837616,1.0,0.971350371837616,0.9463821053504944,0.1833508312702179,0.1189111395975617,0.1189111395975617,0.2696445039740937
9286,0.5981262922286987,1.1767940521240234,0.9204483032226562,0.6350458264350891,0.23888467252254486,0.21127791702747345,0.21127791702747345,0.21127791702747345,1.0,1.0,1.0,1.0,1.0,0.6000000238418579,0.0,1.1759408712387085,1.0,0.24060750007629395,0.0,0.759392499923706,0.6634619832038879,0.21127791702747345,0.19848437213990328,0.19848437213990328,0.34210172781260423
2430,0.36912956833839417,0.7456000447273254,0.2780463397502899,0.5827415585517883,0.2466008961200714,0.06025303155183792,0.06025303155183792,0.06025303155183792,1.0,1.0,1.0,1.0,1.0,1.0,1.0,0.7456000447273254,1.0,0.7555662393569946,1.0,0.7555662393569946,0.866725504398346,0.06025303155183792,0.2240154195810193,0.2240154195810193,0.6349563969155007
827,0.3948749005794525,0.8026174902915955,0.46547767519950867,0.43730947375297546,0.2818376421928406,0.18606863915920258,0.18606863915920258,0.18606863915920258,1.0,1.0,1.0,1.0,1.0,1.0,1.0,0.8026174902915955,1.0,0.1398823857307434,0.0,0.8601176142692566,0.34454110264778137,0.18606863915920258,0.1148584696005735,0.1148584696005735,0.20896423143261308
3537,0.6169394254684448,1.1266568899154663,0.6461623907089233,0.8155374526977539,0.3891185224056244,0.17960548400878906,1.3642570972442627,0.17960548400878906,1.0,1.0,0.0,0.0,0.0,0.20000000298023224,0.0,0.7801269888877869,1.0,0.037826940417289734,1.0,0.9621730446815491,0.9999839067459106,0.17960548400878906,0.48759713730160575,0.4495876803841855,0.768887090218339
4105,0.3510025143623352,0.7417656779289246,0.4271703362464905,0.4275059700012207,0.19833126664161682,0.1743782013654709,0.1743782013654709,0.1743782013654709,1.0,1.0,1.0,1.0,1.0,1.0,1.0,0.7417656779289246,1.0,0.9054260849952698,1.0,0.9054260849952698,0.8934695720672607,0.1743782013654709,0.349628940634141,0.3185484027611519,0.6530232545297183
9618,0.4428008496761322,0.9458761215209961,0.4740740954875946,0.7326200604438782,0.12170839309692383,0.1586291342973709,0.1586291342973709,0.1586291342973709,1.0,1.0,1.0,1.0,1.0,0.6000000238418579,0.0,0.788829505443573,1.0,0.25831151008605957,0.0,0.7416884899139404,0.9998220801353455,0.1586291342973709,0.8714562319323068,0.6423158215609546,0.6338046375749032
5010,0.398224800825119,0.8592430353164673,0.7230170965194702,0.2607935070991516,0.21086378395557404,0.16589900851249695,0.16589900851249695,0.16589900851249695,1.0,1.0,1.0,1.0,1.0,1.0,1.0,0.8592430353164673,1.0,0.6614798307418823,1.0,0.6614798307418823,0.873573899269104,0.16589900851249695,0.46414603157253054,0.44587162733936087,0.6355433176681896
299,0.32228779792785645,0.6661386489868164,0.35814139246940613,0.2952685058116913,0.31345343589782715,0.1481200009584427,0.1481200009584427,0.1481200009584427,1.0,1.0,1.0,1.0,1.0,0.6000000238418579,0.0,0.7354444861412048,1.0,0.03433174267411232,0.0,0.965668261051178,0.9995750784873962,0.1481200009584427,0.9055578579258863,0.7197593462516605,0.949137660119405
958,0.5929530262947083,1.226920247077942,0.8583785891532898,0.6342090964317322,0.28627124428749084,0.08730470389127731,0.08730470389127731,0.08730470389127731,1.0,1.0,1.0,1.0,1.0,0.20000000298023224,0.0,1.1448420286178589,1.0,0.0737888514995575,0.0,0.9262111186981201,0.9998420476913452,0.08730470389127731,0.5104998863149628,0.5010002808222215,0.766065976440077
6886,0.3219967186450958,0.820285439491272,0.3218713700771332,0.6013841032981873,0.04273464158177376,0.1617773473262787,0.1617773473262787,0.1617773473262787,1.0,1.0,1.0,1.0,1.0,1.0,1.0,0.820285439491272,1.0,0.08851849287748337,0.0,0.911481499671936,0.9861007332801819,0.1617773473262787,0.3955822460528558,0.3623312152314731,0.7245779490234013
9963,0.30463674664497375,0.6436205506324768,0.28330475091934204,0.4533725678920746,0.17723286151885986,0.0980180874466896,0.0980180874466896,0.0980180874466896,1.0,1.0,1.0,1.0,1.0,1.0,1.0,0.6436205506324768,1.0,0.7542482018470764,1.0,0.7542482018470764,0.900174081325531,0.0980180874466896,0.20719746879762937,0.20719746879762937,0.3991023280603199
7990,0.38544580340385437,0.8303638696670532,0.733119547367096,0.2971692979335785,0.12604846060276031,0.12629404664039612,0.12629404664039612,0.12629404664039612,1.0,1.0,1.0,1.0,1.0,1.0,1.0,0.8303638696670532,1.0,0.965111255645752,1.0,0.965111255645752,0.9999257326126099,0.12629404664039612,0.42421822773362117,0.42394857439832523,0.6962854206634348
1142,0.2813560962677002,0.5458658337593079,0.28179991245269775,0.22704242169857025,0.335225909948349,0.051088847219944,0.051088847219944,0.051088847219944,1.0,1.0,1.0,1.0,1.0,0.6000000238418579,0.0,0.6549005508422852,1.0,0.2660057842731476,0.0,0.7339942455291748,0.5953845977783203,0.051088847219944,0.2582672668805065,0.2582672668805065,0.5209283077611885
6665,0.37286755442619324,0.7244290113449097,0.4027133882045746,0.49337252974510193,0.22251658141613007,0.11431508511304855,0.11431508511304855,0.11431508511304855,1.0,1.0,1.0,1.0,1.0,1.0,1.0,0.7244290113449097,1.0,0.8429627418518066,1.0,0.8429627418518066,0.9999027252197266,0.11431508511304855,0.5254538203179423,0.5207765561759229,0.8113280901260697
5510,0.38888418674468994,0.8713396191596985,0.5426731109619141,0.3966706693172455,0.22730882465839386,0.15668512880802155,0.15668512880802155,0.15668512880802155,1.0,1.0,1.0,1.0,1.0,1.0,1.0,0.8713396191596985,1.0,0.9527636170387268,1.0,0.9527636170387268,0.99875807762146,0.15668512880802155,0.2630198320150295,0.2627975861552257,0.7062857011206137
9260,0.42425283789634705,0.8924177289009094,0.4964463412761688,0.6228019595146179,0.15351028740406036,0.20161502063274384,0.20161502063274384,0.20161502063274384,1.0,1.0,1.0,1.0,1.0,1.0,1.0,0.8924177289009094,1.0,0.1710205227136612,0.0,0.8289794921875,0.911188006401062,0.20161502063274384,0.1382023731274103,0.1382023731274103,0.317768235770102
3087,0.43094509840011597,1.0150219202041626,0.744841456413269,0.3614817261695862,0.18651199340820312,0.15914009511470795,0.15914009511470795,0.15914009511470795,1.0,1.0,1.0,1.0,1.0,1.0,1.0,1.0150219202041626,1.0,0.03898031264543533,0.0,0.9610196948051453,0.9998825788497925,0.15914009511470795,0.349203839122751,0.34367879538426127,0.49555161384343305
2366,0.2735368311405182,0.5728026628494263,0.3018167018890381,0.24774675071239471,0.2710469663143158,0.19764256477355957,0.19764256477355957,0.19764256477355957,1.0,1.0,1.0,1.0,1.0,1.0,1.0,0.5728026628494263,1.0,0.09085346013307571,0.0,0.9091465473175049,0.9516583681106567,0.19764256477355957,0.07884674072284323,0.07884674072284323,0.16720284322194046
9898,0.19126272201538086,0.36959943175315857,0.1259024441242218,0.21563470363616943,0.23225097358226776,0.24305514991283417,0.24305514991283417,0.24305514991283417,1.0,1.0,1.0,1.0,1.0,1.0,1.0,0.36959943175315857,1.0,0.9335926175117493,1.0,0.9335926175117493,0.9887906312942505,0.24305514991283417,0.19213683533474696,0.18905912403642394,0.28215707606712154
6529,0.2399025410413742,0.48290982842445374,0.26295027136802673,0.36210736632347107,0.09464992582798004,0.13292934000492096,0.13292934000492096,0.13292934000492096,1.0,1.0,1.0,1.0,1.0,1.0,1.0,0.48290982842445374,1.0,0.9501158595085144,1.0,0.9501158595085144,0.9446685910224915,0.13292934000492096,0.20698219350753655,0.20045847231897043,0.3557096583653416
8660,0.4816731810569763,0.9555644989013672,0.48307427763938904,0.7227247357368469,0.23922038078308105,0.16085092723369598,0.16085092723369598,0.16085092723369598,1.0,1.0,1.0,1.0,1.0,1.0,1.0,0.9555644989013672,1.0,0.15608645975589752,0.0,0.8439135551452637,0.9975525736808777,0.16085092723369598,0.33592726405589274,0.3157866407511319,0.5215627540072666
7467,0.28311264514923096,0.5691616535186768,0.2835916578769684,0.3007909059524536,0.2649552822113037,0.21723821759223938,1.1648560762405396,0.3493970036506653,0.20000000298023224,0.0,1.0,0.20000000298023224,0.0,0.20000000298023224,0.0,0.5753178000450134,0.0,0.4240664541721344,0.0,0.575933575630188,0.849960446357727,1.1648560762405396,1.9563163459891104,0.09245820616640467,0.19499070289256365
856,0.25586315989494324,0.5410763621330261,0.21782498061656952,0.3762666881084442,0.17349779605865479,0.15536551177501678,0.15536551177501678,0.15536551177501678,1.0,1.0,1.0,1.0,1.0,1.0,1.0,0.5410763621330261,1.0,0.8316541910171509,1.0,0.8316541910171509,0.9970456957817078,0.15536551177501678,0.11290414550409407,0.11290414550409407,0.2110867518652033
5538,0.37762898206710815,0.735366940498352,0.3868389129638672,0.5663387179374695,0.17970918118953705,0.19681000709533691,0.19681000709533691,0.19681000709533691,1.0,1.0,1.0,1.0,1.0,0.6000000238418579,0.0,0.7798858284950256,1.0,0.21461167931556702,0.0,0.7853883504867554,0.9949066042900085,0.19681000709533691,0.3203454183775342,0.3186349213786477,0.5306372884727444
5411,0.34380894899368286,0.7307681441307068,0.35709288716316223,0.2978721559047699,0.37646177411079407,0.11103508621454239,0.11103508621454239,0.11103508621454239,1.0,1.0,1.0,1.0,1.0,1.0,1.0,0.7307681441307068,1.0,0.033406905829906464,0.0,0.9665930867195129,0.9995255470275879,0.11103508621454239,0.6781655755505867,0.6461576206274837,0.9248685344751747
121,0.34698307514190674,0.7268712520599365,0.3088478147983551,0.5164289474487305,0.21567244827747345,0.08448957651853561,0.08448957651853561,0.08448957651853561,1.0,1.0,1.0,1.0,1.0,1.0,1.0,0.7268712520599365,1.0,0.9739911556243896,1.0,0.9739911556243896,0.9998644590377808,0.08448957651853561,0.31661134562616566,0.26186308027019356,0.33297375987563044
1366,0.42787453532218933,0.8635961413383484,0.5850055813789368,0.4873253405094147,0.21129265427589417,0.2319495677947998,0.2319495677947998,0.2319495677947998,1.0,1.0,1.0,1.0,1.0,1.0,1.0,0.6772221326828003,1.0,0.17786890268325806,0.0,0.8221310973167419,0.996322512626648,0.2319495677947998,0.4467163246421454,0.43782505282868983,0.7156433366188144
5778,0.38468027114868164,0.8445671200752258,0.14677493274211884,0.6592197418212891,0.34804612398147583,0.14038045704364777,0.14038045704364777,0.14038045704364777,1.0,1.0,1.0,1.0,1.0,0.6000000238418579,0.0,0.8413819670677185,1.0,0.9488454461097717,1.0,0.9488454461097717,0.9257999658584595,0.14038045704364777,0.2986828261193705,0.2965072456759685,0.691803868304808
5645,0.5067834258079529,0.9918182492256165,0.5245006680488586,0.7558779716491699,0.23997175693511963,0.1821717768907547,0.8160042762756348,0.5669816136360168,0.6000000238418579,0.0,0.0,0.4000000059604645,0.0,0.20000000298023224,0.0,0.6900817155838013,0.0,0.019038125872612,1.0,0.9809618592262268,0.9816407561302185,0.5669816136360168,0.3439355890726021,0.3295135684414327,0.6056937249797558
6413,0.3997269570827484,0.9082345962524414,0.21438291668891907,0.8320817351341248,0.15271615982055664,0.11867355555295944,0.7342821359634399,0.5684165358543396,0.6000000238418579,0.0,0.0,0.4000000059604645,0.0,0.20000000298023224,0.0,0.5867810249328613,0.0,0.07467653602361679,1.0,0.925323486328125,0.8804199695587158,0.5684165358543396,0.14391040823699564,0.14391040823699564,0.2800112365515133
1447,0.32151171565055847,0.6696825623512268,0.36718088388442993,0.4707844853401184,0.12656982243061066,0.16765640676021576,0.16765640676021576,0.16765640676021576,1.0,1.0,1.0,1.0,1.0,1.0,1.0,0.6696825623512268,1.0,0.9577757716178894,1.0,0.9577757716178894,0.9997833371162415,0.16765640676021576,0.5082819534523452,0.3988478675551752,0.3994935532300679
8040,0.2500135004520416,0.5405409932136536,0.2651410698890686,0.3839539885520935,0.10094539076089859,0.14158093929290771,0.14158093929290771,0.14158093929290771,1.0,1.0,1.0,1.0,1.0,1.0,1.0,0.5405409932136536,1.0,0.35687875747680664,0.0,0.6431212425231934,0.7120358347892761,0.14158093929290771,0.275228570726054,0.25216326711196557,0.4136936697277869
5022,0.2215568721294403,0.47031089663505554,0.255622535943985,0.24394464492797852,0.16510336101055145,0.15296851098537445,0.15296851098537445,0.15296851098537445,1.0,1.0,1.0,1.0,1.0,1.0,1.0,0.47031089663505554,1.0,0.05727476626634598,0.0,0.9427252411842346,0.9774972796440125,0.15296851098537445,0.15442025674793164,0.15442025674793164,0.3447315533184052
9549,0.27892130613327026,0.592579185962677,0.43168941140174866,0.2021147757768631,0.20295968651771545,0.08049042522907257,1.537537693977356,0.08049042522907257,1.0,1.0,0.0,0.0,0.0,1.0,1.0,0.592579185962677,1.0,0.6547760367393494,0.0,0.6547760367393494,0.9989891648292542,0.08049042522907257,2.0253925695562307,0.1615785472996161,0.3398273280285691
262,0.4215924143791199,0.9142164587974548,0.3302266299724579,0.7374497652053833,0.19710084795951843,0.21437788009643555,0.21437788009643555,0.21437788009643555,1.0,1.0,1.0,1.0,1.0,0.6000000238418579,0.0,0.9425174593925476,1.0,0.972252368927002,1.0,0.972252368927002,0.998950183391571,0.21437788009643555,0.561316574811334,0.5393738290413581,0.8758268089746202
5024,0.3698323965072632,0.789885938167572,0.35853686928749084,0.5622745752334595,0.18868575990200043,0.13851170241832733,0.13851170241832733,0.13851170241832733,1.0,1.0,1.0,1.0,1.0,1.0,1.0,0.789885938167572,1.0,0.8765938878059387,1.0,0.8765938878059387,0.9997232556343079,0.13851170241832733,0.26210907249526394,0.25273041926209894,0.3994213110656728
3929,0.33293575048446655,0.6593441367149353,0.3794989287853241,0.36962199211120605,0.24968640506267548,0.14058637619018555,0.14058637619018555,0.14058637619018555,1.0,1.0,1.0,1.0,1.0,0.6000000238418579,0.0,0.6989943981170654,1.0,0.36201828718185425,0.0,0.6379817128181458,0.7978217005729675,0.14058637619018555,0.3553553533917661,0.3499664528728018,0.5600444726302146
3781,0.2525373697280884,0.5365830659866333,0.23811423778533936,0.36847686767578125,0.15102092921733856,0.09286870807409286,0.09286870807409286,0.09286870807409286,1.0,1.0,1.0,1.0,1.0,1.0,1.0,0.5365830659866333,1.0,0.12270134687423706,0.0,0.8772986531257629,0.8103893399238586,0.09286870807409286,0.07872181103877338,0.07872181103877338,0.151803769259513
9328,0.3623068630695343,0.8178748488426208,0.5497255921363831,0.4859789311885834,0.051215995103120804,0.12150654941797256,0.12150654941797256,0.12150654941797256,1.0,1.0,1.0,1.0,1.0,1.0,1.0,0.8178748488426208,1.0,0.9180343747138977,1.0,0.9180343747138977,0.8803046345710754,0.12150654941797256,0.06916187515474774,0.06916187515474774,0.13714725442795375
4469,0.5714614391326904,1.1320198774337769,0.7153370976448059,0.4545038640499115,0.5445433855056763,0.1082143783569336,1.1963330507278442,0.1082143783569336,1.0,1.0,0.0,0.0,0.0,0.6000000238418579,0.0,0.7295152544975281,1.0,0.3350718915462494,1.0,0.6649280786514282,0.9999338388442993,0.1082143783569336,0.7451590521438168,0.6899409117715049,0.8031172087801344
9713,0.34281280636787415,0.7118809819221497,0.36403918266296387,0.5113782286643982,0.15302102267742157,0.16105999052524567,1.4930020570755005,0.16105999052524567,1.0,1.0,0.0,0.0,0.0,1.0,1.0,0.7118809819221497,1.0,0.48945027589797974,1.0,0.5105497241020203,0.681605875492096,0.16105999052524567,1.9302963441792853,0.19490107603358983,0.38135496758835047
9211,0.2477124035358429,0.46715712547302246,0.29728811979293823,0.2958482801914215,0.15000079572200775,0.10597852617502213,0.10597852617502213,0.10597852617502213,1.0,1.0,1.0,1.0,1.0,1.0,1.0,0.46715712547302246,1.0,0.05785096809267998,0.0,0.9421490430831909,0.9998244643211365,0.10597852617502213,0.41881190878347707,0.4187643880482495,0.7526737033352463
8398,0.3905583322048187,0.8303293585777283,0.5073481798171997,0.43940088152885437,0.2249259054660797,0.13816817104816437,0.13816817104816437,0.13816817104816437,1.0,1.0,1.0,1.0,1.0,1.0,1.0,0.8303293585777283,1.0,0.05900897830724716,0.0,0.9409910440444946,0.9988166093826294,0.13816817104816437,0.3091341268455238,0.28709625912182873,0.34809866895015373
1394,0.3155345022678375,0.6619700789451599,0.23603509366512299,0.5651708841323853,0.14539749920368195,0.0508912168443203,0.0508912168443203,0.0508912168443203,1.0,1.0,1.0,1.0,1.0,1.0,1.0,0.6619700789451599,1.0,0.9663442969322205,1.0,0.9663442969322205,0.9086978435516357,0.0508912168443203,0.10841399596889845,0.10841399596889845,0.2756089061770787
1565,0.44631749391555786,0.9877204895019531,0.7917049527168274,0.33065128326416016,0.21659612655639648,0.16226015985012054,0.16226015985012054,0.16226015985012054,1.0,1.0,1.0,1.0,1.0,0.6000000238418579,0.0,0.9884485602378845,1.0,0.15573158860206604,0.0,0.8442684412002563,0.9994344115257263,0.16226015985012054,0.4734790121487692,0.4263148386947069,0.5062339165213208
814,0.5697638392448425,1.2719616889953613,1.0239131450653076,0.47820350527763367,0.20717492699623108,0.11303787678480148,1.351298213005066,0.11303787678480148,1.0,1.0,0.0,0.0,0.0,0.20000000298023224,0.0,0.6212312579154968,1.0,0.9621259570121765,0.0,0.9621259570121765,0.999993085861206,0.11303787678480148,0.8742148934856158,0.756071568901347,1.2716623435217156
1486,0.4197257161140442,0.8566309213638306,0.6882157325744629,0.3005909323692322,0.2703704535961151,0.13123197853565216,0.13123197853565216,0.13123197853565216,1.0,1.0,1.0,1.0,1.0,1.0,1.0,0.8566309213638306,1.0,0.9680887460708618,1.0,0.9680887460708618,0.9983934760093689,0.13123197853565216,0.3851161428645078,0.38423620150533494,1.3146379735132854
4617,0.3609578609466553,0.7550773620605469,0.4683077037334442,0.4126659035682678,0.2018999308347702,0.2142380326986313,0.2142380326986313,0.2142380326986313,1.0,1.0,1.0,1.0,1.0,1.0,1.0,0.7550773620605469,1.0,0.09268908202648163,0.0,0.9073109030723572,0.999915361404419,0.2142380326986313,0.5534805404383905,0.5507311149227677,0.9143340902197713
6307,0.40953657031059265,0.7876686453819275,0.3915615677833557,0.6075146794319153,0.22953346371650696,0.12812426686286926,0.12812426686286926,0.12812426686286926,1.0,1.0,1.0,1.0,1.0,1.0,1.0,0.7876686453819275,1.0,0.8379778265953064,1.0,0.8379778265953064,0.9845576286315918,0.12812426686286926,0.08568266979421596,0.08568266979421596,0.19449611476557863
2489,0.28278058767318726,0.5805167555809021,0.2519655227661133,0.4628252685070038,0.13355089724063873,0.19242456555366516,0.19242456555366516,0.19242456555366516,1.0,1.0,1.0,1.0,1.0,1.0,1.0,0.5805167555809021,1.0,0.01699182391166687,0.0,0.9830081462860107,0.9870029091835022,0.19242456555366516,0.09682509048121811,0.09682509048121811,0.19703205675780078
8027,0.29809266328811646,0.611508309841156,0.2665645480155945,0.4338622987270355,0.1938510686159134,0.2004249095916748,0.2004249095916748,0.2004249095916748,1.0,1.0,1.0,1.0,1.0,1.0,1.0,0.611508309841156,1.0,0.8698756694793701,1.0,0.8698756694793701,0.9999210834503174,0.2004249095916748,0.5366162139871755,0.5205107390685204,0.9528754366900865
6912,0.1928466260433197,0.3810155987739563,0.19491040706634521,0.1636991649866104,0.2199302464723587,0.23508964478969574,0.23508964478969574,0.23508964478969574,1.0,1.0,1.0,1.0,1.0,1.0,1.0,0.3810155987739563,1.0,0.981994092464447,1.0,0.981994092464447,0.9872210621833801,0.23508964478969574,0.182703685603616,0.18243606870173298,0.46902897710044783
3454,0.23972444236278534,0.5147093534469604,0.35769569873809814,0.18846793472766876,0.17300964891910553,0.13006825745105743,0.13006825745105743,0.13006825745105743,1.0,1.0,1.0,1.0,1.0,1.0,1.0,0.5147093534469604,1.0,0.012960006482899189,0.0,0.9870399832725525,0.9952882528305054,0.13006825745105743,0.38466889074177124,0.38466889074177124,0.6680161481855433
9430,0.36002472043037415,0.7511308789253235,0.5604237914085388,0.3985527455806732,0.12109764665365219,0.16859495639801025,0.16859495639801025,0.16859495639801025,1.0,1.0,1.0,1.0,1.0,0.6000000238418579,0.0,0.7455536127090454,1.0,0.1335555911064148,0.0,0.8664444088935852,0.9358208179473877,0.16859495639801025,0.2547395754760031,0.2530676096515589,0.4479263770915413
1805,0.3240724503993988,0.6484449505805969,0.5702463984489441,0.23020850121974945,0.17176242172718048,0.139610156416893,0.139610156416893,0.139610156416893,1.0,1.0,1.0,1.0,1.0,1.0,1.0,0.6484449505805969,1.0,0.04094482213258743,0.0,0.9590551853179932,0.9287537336349487,0.139610156416893,0.11368966926160083,0.11368966926160083,0.311141951646813
7708,0.2897067666053772,0.5659487843513489,0.29293009638786316,0.38498440384864807,0.19120575487613678,0.11110018938779831,0.11110018938779831,0.11110018938779831,1.0,1.0,1.0,1.0,1.0,1.0,1.0,0.5659487843513489,1.0,0.030344000086188316,0.0,0.9696559906005859,0.9774471521377563,0.11110018938779831,0.11765824373219312,0.11765824373219312,0.24902340674382187
6116,0.43280938267707825,0.8827735781669617,0.6549137234687805,0.44188958406448364,0.20162473618984222,0.16652412712574005,0.16652412712574005,0.16652412712574005,1.0,1.0,1.0,1.0,1.0,0.6000000238418579,0.0,0.8969185948371887,1.0,0.021522948518395424,0.0,0.9784770607948303,0.9896926283836365,0.16652412712574005,0.257720629478234,0.257720629478234,0.5028038444233166
758,0.4929559826850891,0.9676812291145325,0.5260795950889587,0.6548247337341309,0.29796352982521057,0.18025921285152435,0.18025921285152435,0.18025921285152435,1.0,1.0,1.0,1.0,1.0,1.0,1.0,0.9676812291145325,1.0,0.10899829119443893,0.0,0.8910017013549805,0.8999601006507874,0.18025921285152435,0.2536632373756533,0.2536632373756533,0.7217416880772203
4368,0.36518657207489014,0.7282010316848755,0.40491434931755066,0.472184419631958,0.2184610217809677,0.09743048995733261,0.09743048995733261,0.09743048995733261,1.0,1.0,1.0,1.0,1.0,0.6000000238418579,0.0,0.6591009497642517,1.0,0.6642836332321167,1.0,0.6642836332321167,0.9999463558197021,0.09743048995733261,0.8501688815116281,0.7396119567344785,0.8734913625277978
1579,0.323533833026886,0.6267678141593933,0.4470527768135071,0.3496043086051941,0.1739443987607956,0.18177123367786407,0.18177123367786407,0.18177123367786407,1.0,1.0,1.0,1.0,1.0,1.0,1.0,0.6267678141593933,1.0,0.010619329288601875,0.0,0.9893806576728821,0.9977474808692932,0.18177123367786407,0.29996318176341263,0.29924735508923084,0.6937138133617538
6983,0.37898483872413635,0.7924364805221558,0.6554455161094666,0.322314590215683,0.15919433534145355,0.11969305574893951,0.11969305574893951,0.11969305574893951,1.0,1.0,1.0,1.0,1.0,1.0,1.0,0.7924364805221558,1.0,0.10541707277297974,0.0,0.8945829272270203,0.9717342853546143,0.11969305574893951,0.38775993552232974,0.3680145716078005,0.8032264553964141
5860,0.29873380064964294,0.6379671692848206,0.2780938148498535,0.5211538672447205,0.09695369750261307,0.032042909413576126,0.032042909413576126,0.032042909413576126,1.0,1.0,1.0,1.0,1.0,1.0,1.0,0.6379671692848206,1.0,0.5536186695098877,1.0,0.5536186695098877,0.9996728897094727,0.032042909413576126,0.4812602666717727,0.4329270567867053,0.65390796678633
634,0.3774806559085846,0.782940685749054,0.35789790749549866,0.545764684677124,0.22877930104732513,0.11303921043872833,0.11303921043872833,0.11303921043872833,1.0,1.0,1.0,1.0,1.0,0.6000000238418579,0.0,0.8240442276000977,1.0,0.773527204990387,1.0,0.773527204990387,0.9974632263183594,0.11303921043872833,0.4078859314018923,0.39469238708680693,0.5265247586020827
7523,0.3753952085971832,0.7022421956062317,0.4578530490398407,0.4458899199962616,0.22244267165660858,0.16437827050685883,0.16437827050685883,0.16437827050685883,1.0,1.0,1.0,1.0,1.0,0.6000000238418579,0.0,0.5968437194824219,1.0,0.22291915118694305,0.0,0.7770808339118958,0.9346473813056946,0.16437827050685883,0.15099369666885384,0.15099369666885384,0.3576222772422998
5407,0.3110683858394623,0.6635866165161133,0.5824815034866333,0.2066122144460678,0.14411146938800812,0.17676545679569244,0.17676545679569244,0.17676545679569244,1.0,1.0,1.0,1.0,1.0,0.6000000238418579,0.0,0.6588771343231201,1.0,0.0554305762052536,0.0,0.9445694088935852,0.9997803568840027,0.17676545679569244,0.5781477536293164,0.5701865871975587,0.9192054407837524
6897,0.4937100410461426,1.0175782442092896,0.5985405445098877,0.6366079449653625,0.24598149955272675,0.18714825809001923,1.135044813156128,0.18714825809001923,1.0,1.0,0.0,0.0,0.0,0.6000000238418579,0.0,0.8733510971069336,1.0,0.3642905056476593,1.0,0.6357095241546631,0.9999966621398926,0.18714825809001923,1.4262658750504165,0.7960416248235493,0.9599803076308148
7676,0.5042967796325684,1.0143929719924927,0.8389775156974792,0.4581564962863922,0.2157561331987381,0.16900424659252167,0.16900424659252167,0.16900424659252167,1.0,1.0,1.0,1.0,1.0,1.0,1.0,1.0143929719924927,1.0,0.8286255598068237,1.0,0.8286255598068237,0.9998776912689209,0.16900424659252167,0.9100771561756941,0.7161904642808983,0.9007057012195374
7249,0.4548012614250183,0.9333958625793457,0.3457898795604706,0.6595063209533691,0.3591075837612152,0.219874769449234,0.219874769449234,0.219874769449234,1.0,1.0,1.0,1.0,1.0,0.20000000298023224,0.0,0.9856576919555664,1.0,0.7642909288406372,1.0,0.7642909288406372,0.9998952150344849,0.219874769449234,1.0070999615543685,0.8186638099547671,0.9816710058912539
6021,0.3554135859012604,0.8064492344856262,0.7326533198356628,0.17791613936424255,0.15567126870155334,0.2308003157377243,0.2308003157377243,0.2308003157377243,1.0,1.0,1.0,1.0,1.0,1.0,1.0,0.8064492344856262,1.0,0.840212881565094,1.0,0.840212881565094,0.9756723046302795,0.2308003157377243,0.30802338553444697,0.30802338553444697,0.7371240694201167
3584,0.41261163353919983,0.8971168398857117,0.6870004534721375,0.2633651793003082,0.28746920824050903,0.21194636821746826,0.21194636821746826,0.21194636821746826,1.0,1.0,1.0,1.0,1.0,0.6000000238418579,0.0,0.8815675973892212,1.0,0.04576658457517624,0.0,0.9542334079742432,0.9915695786476135,0.21194636821746826,0.6520198023746642,0.6520198023746642,0.9740091380263003
2258,0.2806284725666046,0.5869948267936707,0.4428257942199707,0.18876169621944427,0.21029792726039886,0.13601288199424744,0.13601288199424744,0.13601288199424744,1.0,1.0,1.0,1.0,1.0,1.0,1.0,0.5869948267936707,1.0,0.9893966913223267,1.0,0.9893966913223267,0.978384256362915,0.13601288199424744,0.10932052930675103,0.10932052930675103,0.21617745407033548
9014,0.4087797999382019,0.8678770065307617,0.5969889760017395,0.41039934754371643,0.21895098686218262,0.14777158200740814,0.14777158200740814,0.14777158200740814,1.0,1.0,1.0,1.0,1.0,0.6000000238418579,0.0,0.5783317685127258,1.0,0.019686896353960037,0.0,0.9803131222724915,0.9846579432487488,0.14777158200740814,0.14863987753362437,0.14863987753362437,0.3178423766281396
3580,0.3503212034702301,0.6652156710624695,0.476330429315567,0.30950960516929626,0.26512351632118225,0.16891071200370789,0.16891071200370789,0.16891071200370789,1.0,1.0,1.0,1.0,1.0,1.0,1.0,0.6652156710624695,1.0,0.9053818583488464,1.0,0.9053818583488464,0.9994906187057495,0.16891071200370789,0.30172927801416644,0.29463902358842375,0.5296408916648752
316,0.3483068645000458,0.698650598526001,0.4212764799594879,0.41935262084007263,0.20429134368896484,0.16976170241832733,0.7680888175964355,0.5135892033576965,0.6000000238418579,0.0,0.0,0.4000000059604645,0.0,0.20000000298023224,0.0,0.6091873049736023,0.0,0.5247313380241394,0.0,0.5247313380241394,0.6545589566230774,0.5135892033576965,0.2123959047902758,0.2123959047902758,0.3785799599926592
9205,0.23000438511371613,0.42244744300842285,0.21111829578876495,0.2017698585987091,0.27712497115135193,0.16275472939014435,0.16275472939014435,0.16275472939014435,1.0,1.0,1.0,1.0,1.0,1.0,1.0,0.42244744300842285,1.0,0.026821458712220192,0.0,0.9731785655021667,0.998817503452301,0.16275472939014435,0.42092370766962345,0.39560509065523874,0.6514335304013684
6557,0.27543047070503235,0.5491887331008911,0.2820969521999359,0.28251785039901733,0.2616765797138214,0.2373773157596588,0.2373773157596588,0.2373773157596588,1.0,1.0,1.0,1.0,1.0,1.0,1.0,0.5491887331008911,1.0,0.018708636984229088,0.0,0.9812913537025452,0.9919025301933289,0.2373773157596588,0.10712133978648886,0.10711272361378388,0.22538812760023405
4535,0.30941182374954224,0.6098180413246155,0.3619585931301117,0.2338213473558426,0.33245548605918884,0.15333616733551025,0.15333616733551025,0.15333616733551025,1.0,1.0,1.0,1.0,1.0,0.6000000238418579,0.0,0.5894902348518372,1.0,0.02070402354001999,0.0,0.9792959690093994,0.9998922348022461,0.15333616733551025,0.3760745272960106,0.36558214555723184,0.5031056305538271
4317,0.38716113567352295,0.7345534563064575,0.5188169479370117,0.3049898147583008,0.3376767039299011,0.10137033462524414,0.10137033462524414,0.10137033462524414,1.0,1.0,1.0,1.0,1.0,1.0,1.0,0.7345534563064575,1.0,0.05083109810948372,0.0,0.9491689205169678,0.9900942444801331,0.10137033462524414,0.4080700277112037,0.40675468886487715,0.8285754217721183
1193,0.44222599267959595,0.9452080130577087,0.5022594928741455,0.6997150778770447,0.12470334023237228,0.1242009624838829,0.1242009624838829,0.1242009624838829,1.0,1.0,1.0,1.0,1.0,1.0,1.0,0.9452080130577087,1.0,0.14770109951496124,0.0,0.8522989153862,0.9885241389274597,0.1242009624838829,0.5342870081496053,0.47052739047272624,0.7038925084056613
7468,0.37690863013267517,0.7454273104667664,0.37119945883750916,0.5530678033828735,0.2064586728811264,0.22317376732826233,0.22317376732826233,0.22317376732826233,1.0,1.0,1.0,1.0,1.0,1.0,1.0,0.7454273104667664,1.0,0.6694630980491638,1.0,0.6694630980491638,0.9177440404891968,0.22317376732826233,0.34057822855207703,0.34040376790728905,0.6135142547559307
3036,0.1891021579504013,0.40304937958717346,0.2888074815273285,0.23279105126857758,0.04570791870355606,0.19465969502925873,0.19465969502925873,0.19465969502925873,1.0,1.0,1.0,1.0,1.0,1.0,1.0,0.40304937958717346,1.0,0.018335241824388504,0.0,0.981664776802063,0.926556408405304,0.19465969502925873,0.12750582353049078,0.12750582353049078,0.23056352774981959
9480,0.368120938539505,0.7100731134414673,0.4108424186706543,0.513826847076416,0.1796935647726059,0.0747985765337944,0.6638990640640259,0.5921010375022888,0.6000000238418579,0.0,0.0,0.4000000059604645,0.0,0.20000000298023224,0.0,0.5226204991340637,0.0,0.22136852145195007,1.0,0.7786314487457275,0.9084600210189819,0.5921010375022888,0.26747532607155716,0.26747532607155716,0.7754828933012773
9825,0.31945866346359253,0.6956959962844849,0.42683640122413635,0.3821699619293213,0.14936956763267517,0.15882669389247894,0.15882669389247894,0.15882669389247894,1.0,1.0,1.0,1.0,1.0,1.0,1.0,0.6956959962844849,1.0,0.03845573589205742,0.0,0.9615442752838135,0.9851006865501404,0.15882669389247894,0.33484276022204257,0.3339334910180943,0.9574966209566829
7672,0.3314931392669678,0.6651411056518555,0.39372381567955017,0.25638002157211304,0.34437546133995056,0.1573852300643921,0.1573852300643921,0.1573852300643921,1.0,1.0,1.0,1.0,1.0,0.6000000238418579,0.0,0.6891388297080994,1.0,0.015393921174108982,0.0,0.9846060872077942,0.9999834299087524,0.1573852300643921,0.6721993707983298,0.5674390994557451,1.0322728611248624
7287,0.26695194840431213,0.5250081419944763,0.23727765679359436,0.3739169239997864,0.18966126441955566,0.17573599517345428,0.17573599517345428,0.17573599517345428,1.0,1.0,1.0,1.0,1.0,1.0,1.0,0.5250081419944763,1.0,0.060869358479976654,0.0,0.9391306638717651,0.9775952696800232,0.17573599517345428,0.1609738114129321,0.15797306549174114,0.3408127490939984
4168,0.26326727867126465,0.5684258937835693,0.46599674224853516,0.2110317200422287,0.11277337372303009,0.1194838285446167,0.1194838285446167,0.1194838285446167,1.0,1.0,1.0,1.0,1.0,1.0,1.0,0.5684258937835693,1.0,0.9369003176689148,1.0,0.9369003176689148,0.8542916178703308,0.1194838285446167,0.05635573375436404,0.05635573375436404,0.12583698635026272
2378,0.3647077679634094,0.753600537776947,0.5981070399284363,0.3861081302165985,0.1099080815911293,0.20089231431484222,0.20089231431484222,0.20089231431484222,1.0,1.0,1.0,1.0,1.0,0.6000000238418579,0.0,0.7058233618736267,1.0,0.14341486990451813,0.0,0.8565851449966431,0.9998633861541748,0.20089231431484222,0.7550570980513763,0.6901260955332102,0.8557510129585539
5138,0.32910647988319397,0.6565993428230286,0.2786344885826111,0.4806908667087555,0.22799406945705414,0.11084010452032089,0.11084010452032089,0.11084010452032089,1.0,1.0,1.0,1.0,1.0,1.0,1.0,0.7055638432502747,1.0,0.9624872803688049,1.0,0.9624872803688049,0.9718354940414429,0.11084010452032089,0.18560439943714305,0.18560439943714305,0.7046291900693756
4387,0.42640241980552673,0.8441362380981445,0.3863160312175751,0.6759094595909119,0.2169816792011261,0.11985409259796143,0.11985409259796143,0.11985409259796143,1.0,1.0,1.0,1.0,1.0,1.0,1.0,0.8441362380981445,1.0,0.6030347943305969,1.0,0.6030347943305969,0.9998570680618286,0.11985409259796143,0.8372611967389394,0.7723611432669283,0.9417509435699292
2897,0.3394682705402374,0.6262804269790649,0.35523325204849243,0.28586921095848083,0.3773024082183838,0.21679198741912842,0.21679198741912842,0.21679198741912842,1.0,1.0,1.0,1.0,1.0,1.0,1.0,0.6724896430969238,1.0,0.03912810608744621,0.0,0.9608718752861023,0.998986542224884,0.21679198741912842,0.4224672406235092,0.3952841097311918,0.7414674113552895
5933,0.31349337100982666,0.6303560733795166,0.2636122405529022,0.31989309191703796,0.3569747507572174,0.2424613982439041,0.2424613982439041,0.2424613982439041,1.0,1.0,1.0,1.0,1.0,0.6000000238418579,0.0,0.6671614646911621,1.0,0.9617573022842407,1.0,0.9617573022842407,0.9988245368003845,0.2424613982439041,0.4262735571146653,0.4233725719615812,0.6995269062593781
3751,0.36756861209869385,0.7611401677131653,0.250751256942749,0.5522692799568176,0.2996852397918701,0.12696409225463867,0.12696409225463867,0.12696409225463867,1.0,1.0,1.0,1.0,1.0,0.6000000238418579,0.0,0.7700961232185364,1.0,0.11967706680297852,0.0,0.8803229331970215,0.9856367111206055,0.12696409225463867,0.29439930075926113,0.29439930075926113,1.4485996590156738
4922,0.3986067771911621,0.7896386981010437,0.6530289649963379,0.2304743528366089,0.3123168647289276,0.17483387887477875,1.2357282638549805,0.17483387887477875,1.0,1.0,0.0,0.0,0.0,0.6000000238418579,0.0,0.8185774087905884,1.0,0.10270630568265915,1.0,0.8972936868667603,0.9997997879981995,0.17483387887477875,0.764448625126898,0.68930004382668,0.8756218990807337
5726,0.41000139713287354,0.833620011806488,0.4106934666633606,0.6101487278938293,0.20916198194026947,0.15804828703403473,0.15804828703403473,0.15804828703403473,1.0,1.0,1.0,1.0,1.0,1.0,1.0,0.833620011806488,1.0,0.9864885210990906,1.0,0.9864885210990906,0.999643087387085,0.15804828703403473,0.7793376547095859,0.6465338347442141,0.8544767032214484
3249,0.42283499240875244,0.8168344497680664,0.5892122387886047,0.47321420907974243,0.20607848465442657,0.19736924767494202,0.19736924767494202,0.19736924767494202,1.0,1.0,1.0,1.0,1.0,0.6000000238418579,0.0,0.8315591216087341,1.0,0.2320517599582672,0.0,0.7679482698440552,0.9998571872711182,0.19736924767494202,0.493977020701838,0.4594720152963305,0.6415449954221686
8244,0.29031360149383545,0.5672875046730042,0.24233750998973846,0.4190320074558258,0.20957134664058685,0.16120755672454834,0.16120755672454834,0.16120755672454834,1.0,1.0,1.0,1.0,1.0,1.0,1.0,0.5672875046730042,1.0,0.9845634698867798,1.0,0.9845634698867798,0.9967069029808044,0.16120755672454834,0.10611594076223033,0.09840721926717565,0.13655044690005386
1674,0.4888951778411865,0.950888454914093,0.5615666508674622,0.5656859874725342,0.33943280577659607,0.14669950306415558,0.14669950306415558,0.14669950306415558,1.0,1.0,1.0,1.0,1.0,0.20000000298023224,0.0,1.0020580291748047,1.0,0.05192498117685318,0.0,0.948074996471405,0.8968490958213806,0.14669950306415558,0.7032335232303429,0.682458960445225,0.9915353638631695
8462,0.39445409178733826,0.7713618874549866,0.575687825679779,0.417429655790329,0.19024477899074554,0.16102884709835052,0.16102884709835052,0.16102884709835052,1.0,1.0,1.0,1.0,1.0,1.0,1.0,0.7713618874549866,1.0,0.9690647125244141,1.0,0.9690647125244141,0.9993242025375366,0.16102884709835052,0.4336817395266926,0.4281712705284301,0.812222498107734
2560,0.2563409209251404,0.5124508142471313,0.3670733869075775,0.1971236914396286,0.20482559502124786,0.14923378825187683,0.14923378825187683,0.14923378825187683,1.0,1.0,1.0,1.0,1.0,1.0,1.0,0.5124508142471313,1.0,0.2253212183713913,0.0,0.7746787667274475,0.7195152640342712,0.14923378825187683,0.25747091295675256,0.25747091295675256,0.42955996534225294
7927,0.43593764305114746,1.0296871662139893,0.6052703261375427,0.6657795906066895,0.03676295280456543,0.08942128717899323,0.08942128717899323,0.08942128717899323,1.0,1.0,1.0,1.0,1.0,0.6000000238418579,0.0,0.8904165625572205,1.0,0.7802811861038208,1.0,0.7802811861038208,0.9999755620956421,0.08942128717899323,0.9310215729013718,0.8505569380284583,0.9835634690424989
6812,0.47637033462524414,1.0009459257125854,0.787003755569458,0.434859961271286,0.20724725723266602,0.18297116458415985,0.18297116458415985,0.18297116458415985,1.0,1.0,1.0,1.0,1.0,0.20000000298023224,0.0,0.8476507067680359,1.0,0.8044153451919556,1.0,0.8044153451919556,0.9999576807022095,0.18297116458415985,1.0057619800358273,0.6586821639081992,0.868801482768055
2588,0.3615460991859436,0.7698338627815247,0.6675485968589783,0.3066733479499817,0.11041625589132309,0.11763918399810791,0.6530719995498657,0.6530719995498657,0.6000000238418579,0.0,1.0,0.6000000238418579,0.0,0.6000000238418579,0.0,0.7698338627815247,0.0,0.8407862782478333,1.0,0.8407862782478333,0.6485056281089783,0.6530719995498657,1.735977236380001,0.577656629154895,0.8995115163773311
5096,0.48392224311828613,0.9297680258750916,0.6020054817199707,0.6625633239746094,0.18719792366027832,0.0712953507900238,0.0712953507900238,0.0712953507900238,1.0,1.0,1.0,1.0,1.0,1.0,1.0,0.9297680258750916,1.0,0.7149500846862793,1.0,0.7149500846862793,0.756384551525116,0.0712953507900238,0.4009135565856833,0.3482234886421926,0.5182966953157343
4336,0.3896270990371704,0.8034879565238953,0.42076751589775085,0.5805084705352783,0.16760525107383728,0.12062676250934601,0.6581466197967529,0.6581466197967529,0.6000000238418579,0.0,1.0,0.6000000238418579,0.0,0.20000000298023224,0.0,0.5843353271484375,0.0,0.6641155481338501,1.0,0.6641155481338501,0.8107993006706238,0.6581466197967529,2.1072139028341943,0.5218333054523732,1.2395804760902887
8266,0.4055327773094177,0.8625515103340149,0.7164431214332581,0.25166428089141846,0.24849088490009308,0.18410585820674896,0.18410585820674896,0.18410585820674896,1.0,1.0,1.0,1.0,1.0,1.0,1.0,0.8625515103340149,1.0,0.04602355882525444,0.0,0.9539764523506165,0.9830054640769958,0.18410585820674896,0.14155380141241822,0.14046428632286895,0.2336610778771978
6736,0.3767882287502289,0.755480945110321,0.6091271638870239,0.2443750947713852,0.27686235308647156,0.0766715481877327,0.0766715481877327,0.0766715481877327,1.0,1.0,1.0,1.0,1.0,1.0,1.0,0.755480945110321,1.0,0.9156637191772461,1.0,0.9156637191772461,0.9999734163284302,0.0766715481877327,1.0732483706206841,0.6270458616828234,1.1257990432414775
1410,0.25940895080566406,0.5614640712738037,0.2274215966463089,0.40999481081962585,0.14081045985221863,0.15949133038520813,1.0745887756347656,0.3285540044307709,0.20000000298023224,0.0,1.0,0.20000000298023224,0.0,0.20000000298023224,0.0,0.5614640712738037,0.0,0.6654120087623596,1.0,0.6654120087623596,0.2784516215324402,1.0745887756347656,1.8067156537271918,0.20069233269342332,0.3608473622457269
1298,0.3794093132019043,0.8604081273078918,0.29320234060287476,0.6811975836753845,0.16382797062397003,0.1440427303314209,0.1440427303314209,0.1440427303314209,1.0,1.0,1.0,1.0,1.0,0.6000000238418579,0.0,0.7656302452087402,1.0,0.0819314643740654,0.0,0.918068528175354,0.9840096831321716,0.1440427303314209,0.2176311102338805,0.2176311102338805,0.5241089343175681
2066,0.46143224835395813,0.8628557324409485,0.6887885928153992,0.3952159881591797,0.30029213428497314,0.13793329894542694,0.13793329894542694,0.13793329894542694,1.0,1.0,1.0,1.0,1.0,1.0,1.0,0.8788246512413025,1.0,0.12365318089723587,0.0,0.8763468265533447,0.9800249934196472,0.13793329894542694,0.20860266295402524,0.20860266295402524,0.41231423939538175
6757,0.4469558894634247,1.0104879140853882,0.6679847240447998,0.502059817314148,0.17082300782203674,0.16474950313568115,0.16474950313568115,0.16474950313568115,1.0,1.0,1.0,1.0,1.0,1.0,1.0,1.0104879140853882,1.0,0.9722971320152283,1.0,0.9722971320152283,0.9809827208518982,0.16474950313568115,0.10028496349709667,0.10028496349709667,0.18741909592949244
2450,0.31375205516815186,0.6266245245933533,0.3949478566646576,0.3488723337650299,0.19743604958057404,0.18916933238506317,0.18916933238506317,0.18916933238506317,1.0,1.0,1.0,1.0,1.0,1.0,1.0,0.6266245245933533,1.0,0.7038981914520264,1.0,0.7038981914520264,0.5874226689338684,0.18916933238506317,0.2816501075892478,0.2816501075892478,0.6137179383819613
8296,0.2767667770385742,0.6590275764465332,0.5688064694404602,0.11351263523101807,0.1479812115430832,0.14313538372516632,0.14313538372516632,0.14313538372516632,1.0,1.0,1.0,1.0,1.0,1.0,1.0,0.6590275764465332,1.0,0.8969389200210571,1.0,0.8969389200210571,0.9998806715011597,0.14313538372516632,0.35890107620311806,0.34232797675627286,0.44145502103937534
589,0.47122713923454285,0.9552788138389587,0.581383466720581,0.6053493618965149,0.22694849967956543,0.16237042844295502,0.16237042844295502,0.16237042844295502,1.0,1.0,1.0,1.0,1.0,0.6000000238418579,0.0,0.8561800122261047,1.0,0.8752619028091431,1.0,0.8752619028091431,0.8833566904067993,0.16237042844295502,0.24705543737887048,0.24705543737887048,0.4890703962374036
1002,0.32716092467308044,0.6188036203384399,0.44782668352127075,0.2927827835083008,0.24087326228618622,0.1217224970459938,0.1217224970459938,0.1217224970459938,1.0,1.0,1.0,1.0,1.0,1.0,1.0,0.6188036203384399,1.0,0.6820131540298462,1.0,0.6820131540298462,0.729163408279419,0.1217224970459938,0.11222729511269672,0.11222729511269672,0.26857715516320213
5000,0.31932923197746277,0.6910602450370789,0.3024798035621643,0.5435547232627869,0.11195322126150131,0.12858708202838898,0.12858708202838898,0.12858708202838898,1.0,1.0,1.0,1.0,1.0,1.0,1.0,0.6910602450370789,1.0,0.722173273563385,1.0,0.722173273563385,0.7630230784416199,0.12858708202838898,0.2760266464714244,0.27602220814516315,0.45839695395483465
6105,0.30187296867370605,0.5809775590896606,0.3493880033493042,0.28516724705696106,0.27106359601020813,0.18133969604969025,0.18133969604969025,0.18133969604969025,1.0,1.0,1.0,1.0,1.0,1.0,1.0,0.5809775590896606,1.0,0.9532109498977661,1.0,0.9532109498977661,0.9997662901878357,0.18133969604969025,0.2995218850645455,0.2797054025876474,0.4398108168676326
9564,0.3959391713142395,0.8624141812324524,0.6290313005447388,0.4508257508277893,0.10796048492193222,0.15836267173290253,0.15836267173290253,0.15836267173290253,1.0,1.0,1.0,1.0,1.0,1.0,1.0,0.8624141812324524,1.0,0.020690010860562325,0.0,0.9793099761009216,0.9939947724342346,0.15836267173290253,0.3446826441149558,0.3446826441149558,0.9075259729411657
204,0.3279625475406647,0.635907769203186,0.42583200335502625,0.3635352551937103,0.19452039897441864,0.07459254562854767,0.07459254562854767,0.07459254562854767,1.0,1.0,1.0,1.0,1.0,1.0,1.0,0.635907769203186,1.0,0.9197144508361816,1.0,0.9197144508361816,0.9509595036506653,0.07459254562854767,0.4923388247082024,0.46829150293718746,0.8577059462234877
1484,0.2460627555847168,0.5113925337791443,0.34946390986442566,0.3088550567626953,0.07986926287412643,0.1522519439458847,0.1522519439458847,0.1522519439458847,1.0,1.0,1.0,1.0,1.0,1.0,1.0,0.5113925337791443,1.0,0.044942282140254974,0.0,0.9550577402114868,0.9985120892524719,0.1522519439458847,0.09056375868566352,0.09056375868566352,0.17916553237263894
646,0.30078402161598206,0.6004929542541504,0.3657691180706024,0.34631484746932983,0.19026805460453033,0.13312546908855438,0.13312546908855438,0.13312546908855438,1.0,1.0,1.0,1.0,1.0,1.0,1.0,0.6004929542541504,1.0,0.027942221611738205,0.0,0.9720577597618103,0.9994754195213318,0.13312546908855438,0.5196286851715337,0.511749731277819,0.8288426179995232
9829,0.25360995531082153,0.5075832605361938,0.29638442397117615,0.2650800943374634,0.19936524331569672,0.13734611868858337,0.13734611868858337,0.13734611868858337,1.0,1.0,1.0,1.0,1.0,1.0,1.0,0.5075832605361938,1.0,0.011936726048588753,0.0,0.9880632758140564,0.9980095028877258,0.13734611868858337,0.21470793696461443,0.21251950495814043,1.0137454157007544
1596,0.3931308388710022,0.7725472450256348,0.4162815511226654,0.4736451208591461,0.28946584463119507,0.15210892260074615,0.15210892260074615,0.15210892260074615,1.0,1.0,1.0,1.0,1.0,0.6000000238418579,0.0,0.8543710708618164,1.0,0.018648957833647728,0.0,0.9813510179519653,0.9902198910713196,0.15210892260074615,0.4969543975251816,0.49441943467466976,0.8674939463376218
3528,0.3657439053058624,0.6925405859947205,0.545501172542572,0.283597856760025,0.26813268661499023,0.12108335644006729,0.12108335644006729,0.12108335644006729,1.0,1.0,1.0,1.0,1.0,1.0,1.0,0.6925405859947205,1.0,0.028545869514346123,0.0,0.9714541435241699,0.9978860020637512,0.12108335644006729,0.29731258622034584,0.2881259096868652,0.5837211850625569
1795,0.3499062955379486,0.6651477217674255,0.40746378898620605,0.4477987289428711,0.1944562792778015,0.18047407269477844,0.18047407269477844,0.18047407269477844,1.0,1.0,1.0,1.0,1.0,0.6000000238418579,0.0,0.5998131036758423,1.0,0.01294246967881918,0.0,0.9870575070381165,0.9931704998016357,0.18047407269477844,0.2752411955423043,0.22440786159008178,0.27078755871782567
3076,0.2414361983537674,0.5357933640480042,0.2550309896469116,0.29737740755081177,0.1719001978635788,0.20664449036121368,0.20664449036121368,0.20664449036121368,1.0,1.0,1.0,1.0,1.0,1.0,1.0,0.5357933640480042,1.0,0.9815589785575867,1.0,0.9815589785575867,0.9995079040527344,0.20664449036121368,0.46692404611997557,0.46560811247802364,0.6776752266897089
4260,0.35342463850975037,0.7090165019035339,0.5000514388084412,0.4485783576965332,0.11164408177137375,0.13335514068603516,0.5566624999046326,0.5566624999046326,0.6000000238418579,0.0,1.0,0.6000000238418579,0.0,0.20000000298023224,0.0,0.7067080140113831,0.0,0.578850269317627,1.0,0.578850269317627,0.506382167339325,0.5566624999046326,1.6929481027056095,0.3539580043939441,0.5715110056253401
6589,0.27335381507873535,0.5660030841827393,0.4363206923007965,0.22547845542430878,0.15826226770877838,0.1385755091905594,0.1385755091905594,0.1385755091905594,1.0,1.0,1.0,1.0,1.0,1.0,1.0,0.5660030841827393,1.0,0.9685622453689575,1.0,0.9685622453689575,0.9100663065910339,0.1385755091905594,0.0620574561503352,0.0620574561503352,0.12456149616795921
7924,0.22119775414466858,0.4184870719909668,0.15717606246471405,0.20750951766967773,0.29890766739845276,0.19742563366889954,0.19742563366889954,0.19742563366889954,1.0,1.0,1.0,1.0,1.0,0.6000000238418579,0.0,0.3969630002975464,1.0,0.9215397834777832,1.0,0.9215397834777832,0.8764112591743469,0.19742563366889954,0.1279056009558282,0.1279056009558282,0.29698035312575227
8214,0.8516687154769897,1.6940186023712158,1.4346274137496948,0.7909380197525024,0.3294406831264496,0.2204916924238205,1.2587722539901733,0.2204916924238205,1.0,1.0,0.0,0.0,0.0,0.20000000298023224,0.0,0.8966732025146484,1.0,0.8503986597061157,0.0,0.8503986597061157,0.9984036087989807,0.2204916924238205,0.30540730251926074,0.3028881122621252,0.3468142386513866
9852,0.2889503538608551,0.6631842851638794,0.6135793924331665,0.15207837522029877,0.10119324177503586,0.17271257936954498,0.17271257936954498,0.17271257936954498,1.0,1.0,1.0,1.0,1.0,0.6000000238418579,0.0,0.6434944868087769,1.0,0.9589319229125977,1.0,0.9589319229125977,0.8707560896873474,0.17271257936954498,0.1990944553601495,0.1990944553601495,0.3669407545719434
8238,0.3484993875026703,0.685149610042572,0.46240025758743286,0.32224416732788086,0.26085373759269714,0.13819220662117004,0.13819220662117004,0.13819220662117004,1.0,1.0,1.0,1.0,1.0,0.6000000238418579,0.0,0.667981743812561,1.0,0.9819360375404358,1.0,0.9819360375404358,0.9831604361534119,0.13819220662117004,0.2565542158877397,0.2565542158877397,0.9936467593055407
2608,0.23225906491279602,0.4554912745952606,0.16355518996715546,0.2864971160888672,0.24672488868236542,0.09684687852859497,0.09684687852859497,0.09684687852859497,1.0,1.0,1.0,1.0,1.0,1.0,1.0,0.4554912745952606,1.0,0.023355672135949135,0.0,0.9766443371772766,0.9993656277656555,0.09684687852859497,0.29770436993615035,0.22575264941591464,0.4637442970299396
7985,0.6369949579238892,1.3028813600540161,0.9450907111167908,0.6569694876670837,0.30892476439476013,0.1705171763896942,1.2647138833999634,0.1705171763896942,1.0,1.0,0.0,0.0,0.0,0.6000000238418579,0.0,1.0373095273971558,1.0,0.9157211184501648,0.0,0.9157211184501648,0.9998695850372314,0.1705171763896942,0.4678805886141069,0.4493282502418824,0.6141212347582274
2276,0.4851377010345459,1.0263001918792725,0.4756016433238983,0.6577426791191101,0.3220687508583069,0.11939630657434464,0.7784081697463989,0.6259581446647644,0.6000000238418579,0.0,0.0,0.4000000059604645,0.0,0.20000000298023224,0.0,0.6973145604133606,0.0,0.2285536229610443,1.0,0.7714463472366333,0.7906907796859741,0.6259581446647644,0.28563320955759136,0.28563320955759136,0.6117829709424911
3134,0.5134497880935669,1.047406554222107,0.6365575194358826,0.6431140303611755,0.260677695274353,0.1421303004026413,0.7607962489128113,0.7061129808425903,0.6000000238418579,0.0,0.0,0.4000000059604645,0.0,0.20000000298023224,0.0,0.8025820851325989,0.0,0.8399546146392822,0.0,0.8399546146392822,0.9679765701293945,0.7061129808425903,0.270624714676627,0.2653342077862497,0.5601275417115517
6399,0.32850781083106995,0.6743305325508118,0.4488964080810547,0.4034145772457123,0.1332124024629593,0.1599224954843521,0.1599224954843521,0.1599224954843521,1.0,1.0,1.0,1.0,1.0,1.0,1.0,0.6743305325508118,1.0,0.9789784550666809,1.0,0.9789784550666809,0.9995343685150146,0.1599224954843521,0.4707675069085224,0.4556129755932451,0.6022100640363769
8386,0.39734601974487305,0.7984170913696289,0.3765384256839752,0.5899381637573242,0.2255614548921585,0.15131382644176483,0.15131382644176483,0.15131382644176483,1.0,1.0,1.0,1.0,1.0,1.0,1.0,0.7984170913696289,1.0,0.992490828037262,1.0,0.992490828037262,0.9999120235443115,0.15131382644176483,0.23620869400737385,0.23020552423609983,0.4671846469008817
2964,0.4222707748413086,0.9052713513374329,0.6817304491996765,0.42271047830581665,0.16237132251262665,0.17514805495738983,0.17514805495738983,0.17514805495738983,1.0,1.0,1.0,1.0,1.0,0.6000000238418579,0.0,0.8747132420539856,1.0,0.010508410632610321,0.0,0.9894915819168091,0.9983966946601868,0.17514805495738983,0.6514055190472369,0.5973965800881412,1.4615635690958282
2762,0.30961862206459045,0.6470873355865479,0.3063272535800934,0.44485002756118774,0.17767855525016785,0.06551884859800339,0.06551884859800339,0.06551884859800339,1.0,1.0,1.0,1.0,1.0,1.0,1.0,0.6470873355865479,1.0,0.7817509770393372,1.0,0.7817509770393372,0.7446146011352539,0.06551884859800339,0.13973236570899128,0.13973236570899128,0.31503469858615984
9459,0.39724308252334595,0.758703887462616,0.4941677153110504,0.4164305627346039,0.2811308801174164,0.201698899269104,0.201698899269104,0.201698899269104,1.0,1.0,1.0,1.0,1.0,0.6000000238418579,0.0,0.7506389617919922,1.0,0.9478551149368286,1.0,0.9478551149368286,0.9999511241912842,0.201698899269104,0.6179052609058683,0.6154248220143116,0.8272535067755569
2457,0.39615875482559204,0.7827215194702148,0.5618257522583008,0.3076290488243103,0.31902143359184265,0.15282809734344482,0.15282809734344482,0.15282809734344482,1.0,1.0,1.0,1.0,1.0,0.6000000238418579,0.0,0.7256766557693481,1.0,0.6985422968864441,1.0,0.6985422968864441,0.9999899864196777,0.15282809734344482,0.888760366205909,0.7818073019685206,0.9468413371080291
1068,0.33344098925590515,0.6238288283348083,0.3912249505519867,0.3187149465084076,0.2903830111026764,0.18950055539608002,0.18950055539608002,0.18950055539608002,1.0,1.0,1.0,1.0,1.0,1.0,1.0,0.72838294506073,1.0,0.07342812418937683,0.0,0.9265718460083008,0.9327454566955566,0.18950055539608002,0.44802373408561585,0.3253423886134684,0.4225368713906952
2671,0.33439573645591736,0.6431989669799805,0.33187299966812134,0.4931275546550751,0.17818665504455566,0.20296154916286469,0.20296154916286469,0.20296154916286469,1.0,1.0,1.0,1.0,1.0,1.0,1.0,0.6431989669799805,1.0,0.9784560203552246,1.0,0.9784560203552246,0.9979242086410522,0.20296154916286469,0.5016844880065502,0.48954238417182994,0.8735362209373209
9495,0.31597253680229187,0.5944976210594177,0.4360128939151764,0.2550112009048462,0.2568933665752411,0.1976594179868698,0.41378065943717957,0.41378065943717957,0.20000000298023224,0.0,0.0,0.800000011920929,0.0,0.20000000298023224,0.0,0.6224300265312195,0.0,0.7381675243377686,0.0,0.7381675243377686,0.7985565066337585,1.3121461868286133,0.13704031532667962,0.13704031532667962,0.358318538020939
417,0.19834871590137482,0.4425964951515198,0.188299760222435,0.2971763610839844,0.10957002639770508,0.09719539433717728,0.09719539433717728,0.09719539433717728,1.0,1.0,1.0,1.0,1.0,1.0,1.0,0.4425964951515198,1.0,0.5970304012298584,1.0,0.5970304012298584,0.8597069978713989,0.09719539433717728,0.07243730201712169,0.07243730201712169,0.13303741602584548
1902,0.28221526741981506,0.5641481876373291,0.4337344169616699,0.24788923561573029,0.16502206027507782,0.11368536949157715,0.11368536949157715,0.11368536949157715,1.0,1.0,1.0,1.0,1.0,1.0,1.0,0.5641481876373291,1.0,0.06977146118879318,0.0,0.9302285313606262,0.9944931268692017,0.11368536949157715,0.21742809441336347,0.21585411144237387,0.42556999503304355
8837,0.40693768858909607,0.7882496118545532,0.47877445816993713,0.5087453722953796,0.23329316079616547,0.133429616689682,0.133429616689682,0.133429616689682,1.0,1.0,1.0,1.0,1.0,0.6000000238418579,0.0,0.7207038402557373,1.0,0.028290580958127975,0.0,0.9717094302177429,0.9990888833999634,0.133429616689682,0.18987600552961598,0.1751595321125833,0.19903228475961918
4013,0.3489570617675781,0.7217406630516052,0.4396931231021881,0.40299126505851746,0.20418672263622284,0.1878543347120285,0.1878543347120285,0.1878543347120285,1.0,1.0,1.0,1.0,1.0,1.0,1.0,0.7217406630516052,1.0,0.32646337151527405,0.0,0.6735366582870483,0.6818614602088928,0.1878543347120285,0.3369441229052107,0.33113478113682115,0.592988087310317
2207,0.2754773497581482,0.5445656776428223,0.33746328949928284,0.3604663908481598,0.12850244343280792,0.06312044709920883,0.06312044709920883,0.06312044709920883,1.0,1.0,1.0,1.0,1.0,1.0,1.0,0.5445656776428223,1.0,0.10799796134233475,0.0,0.8920020461082458,0.9817423224449158,0.06312044709920883,0.37448665699642286,0.3703554630710784,0.8203206772609892
3910,0.2806161344051361,0.6246852874755859,0.5416598320007324,0.17287969589233398,0.12730884552001953,0.06303276866674423,0.06303276866674423,0.06303276866674423,1.0,1.0,1.0,1.0,1.0,1.0,1.0,0.6246852874755859,1.0,0.018060509115457535,0.0,0.9819394946098328,0.996259331703186,0.06303276866674423,0.29157534475053376,0.23913686033626885,0.3851576535052609
9754,0.29758012294769287,0.6491335034370422,0.3518753945827484,0.3456525504589081,0.19521236419677734,0.1408340036869049,0.1408340036869049,0.1408340036869049,1.0,1.0,1.0,1.0,1.0,0.6000000238418579,0.0,0.5935747623443604,1.0,0.1251741200685501,0.0,0.8748258948326111,0.9982612729072571,0.1408340036869049,0.41496590587287013,0.41496590587287013,1.7449151104904304
7456,0.37550705671310425,0.7590280771255493,0.6049454808235168,0.3693176805973053,0.15225794911384583,0.15201251208782196,0.15201251208782196,0.15201251208782196,1.0,1.0,1.0,1.0,1.0,0.6000000238418579,0.0,0.7649757266044617,1.0,0.952282726764679,1.0,0.952282726764679,0.9995543360710144,0.15201251208782196,0.4163463772967876,0.38918142744971657,0.5611731463232877
6982,0.45495668053627014,0.9025476574897766,0.3003169000148773,0.7818347215652466,0.28271839022636414,0.13843171298503876,0.13843171298503876,0.13843171298503876,1.0,1.0,1.0,1.0,1.0,0.6000000238418579,0.0,0.6755024194717407,1.0,0.958536684513092,1.0,0.958536684513092,0.9419047236442566,0.13843171298503876,0.20892377917232932,0.20892377917232932,0.4756482745763154
9441,0.3687364161014557,0.745388925075531,0.5764442682266235,0.34645748138427734,0.18330755829811096,0.14814677834510803,0.14814677834510803,0.14814677834510803,1.0,1.0,1.0,1.0,1.0,1.0,1.0,0.745388925075531,1.0,0.9258256554603577,1.0,0.9258256554603577,0.8413485884666443,0.14814677834510803,0.168021229789369,0.168021229789369,0.33326454796110755
8083,0.4163108766078949,0.9093427062034607,0.6862077116966248,0.3537920415401459,0.2089327871799469,0.2020624727010727,1.0026377439498901,0.2020624727010727,1.0,1.0,0.0,0.0,0.0,0.6000000238418579,0.0,0.7794775366783142,1.0,0.366140216588974,1.0,0.6338597536087036,0.5541206002235413,0.2020624727010727,2.0717533243869126,0.3247425425227585,0.5653464507060881
1956,0.2755374014377594,0.5102943778038025,0.2762860357761383,0.3612215220928192,0.18910466134548187,0.13368116319179535,0.13368116319179535,0.13368116319179535,1.0,1.0,1.0,1.0,1.0,1.0,1.0,0.5102943778038025,1.0,0.9483053684234619,1.0,0.9483053684234619,0.9319345951080322,0.13368116319179535,0.14080282109163159,0.13191572147633965,0.1725515677565861
7208,0.5334452986717224,1.1401947736740112,0.5781344175338745,0.73725426197052,0.2849471867084503,0.22652721405029297,0.22652721405029297,0.22652721405029297,1.0,1.0,1.0,1.0,1.0,0.6000000238418579,0.0,1.1035126447677612,1.0,0.013212771154940128,0.0,0.9867871999740601,0.9999639987945557,0.22652721405029297,1.4112571517591208,1.1335161757223275,3.778404440847134
7979,0.32064634561538696,0.6237392425537109,0.41919365525245667,0.3343654274940491,0.20837993919849396,0.15908750891685486,0.15908750891685486,0.15908750891685486,1.0,1.0,1.0,1.0,1.0,1.0,1.0,0.6267327666282654,1.0,0.1360539048910141,0.0,0.8639460802078247,0.7493314743041992,0.15908750891685486,0.1375339320196111,0.1375339320196111,0.24981202476844883
386,0.424379825592041,0.8515786528587341,0.5897389054298401,0.4876091480255127,0.19579140841960907,0.17709675431251526,0.8114075660705566,0.5493049025535583,0.6000000238418579,0.0,0.0,0.4000000059604645,0.0,0.20000000298023224,0.0,0.7602125406265259,0.0,0.734169602394104,0.0,0.734169602394104,0.7865623235702515,0.5493049025535583,0.16255647818430344,0.16255647818430344,0.2820309560503584
2754,0.4874451458454132,1.0122827291488647,0.547562301158905,0.6256441473960876,0.2891291081905365,0.18891485035419464,0.6826602816581726,0.6721219420433044,0.6000000238418579,0.0,0.0,0.4000000059604645,0.0,0.6000000238418579,0.0,0.9448511004447937,0.0,0.1387539654970169,1.0,0.8612460494041443,0.8679794073104858,0.6721219420433044,0.1500480495234967,0.1500480495234967,0.28984532065357843
4210,0.355927050113678,0.7385067939758301,0.397513747215271,0.3559212386608124,0.31434622406959534,0.14104317128658295,0.14104317128658295,0.14104317128658295,1.0,1.0,1.0,1.0,1.0,0.6000000238418579,0.0,0.7792981266975403,1.0,0.986588180065155,1.0,0.986588180065155,0.999953031539917,0.14104317128658295,0.4490736843138194,0.31372926314257804,0.4659693936992062
9848,0.28734537959098816,0.5966953635215759,0.3232714831829071,0.32651302218437195,0.21225157380104065,0.21157637238502502,0.21157637238502502,0.21157637238502502,1.0,1.0,1.0,1.0,1.0,1.0,1.0,0.5966953635215759,1.0,0.00876516941934824,0.0,0.9912348389625549,0.9997621178627014,0.21157637238502502,0.41774870493617455,0.36575839335455657,0.5568242878027279
7054,0.39299389719963074,0.8153425455093384,0.465668261051178,0.47186002135276794,0.2414534091949463,0.20526742935180664,0.20526742935180664,0.20526742935180664,1.0,1.0,1.0,1.0,1.0,1.0,1.0,0.8153425455093384,1.0,0.8597906231880188,1.0,0.8597906231880188,0.9960901141166687,0.20526742935180664,0.3068837527879345,0.2959912074975745,0.5061871113561107
8380,0.37873226404190063,0.7008439898490906,0.3568091094493866,0.46779918670654297,0.31158843636512756,0.10116779804229736,0.10116779804229736,0.10116779804229736,1.0,1.0,1.0,1.0,1.0,1.0,1.0,0.7008439898490906,1.0,0.0364534966647625,0.0,0.9635465145111084,0.9921954870223999,0.10116779804229736,0.18477239511412918,0.18477239511412918,0.6978720480073196
2966,0.44023987650871277,0.8854336738586426,0.34752020239830017,0.7248489260673523,0.2483503818511963,0.07805430144071579,0.5908825993537903,0.5908825993537903,0.6000000238418579,0.0,1.0,0.6000000238418579,0.0,0.6000000238418579,0.0,0.8683779835700989,0.0,0.3449125289916992,0.0,0.6550874710083008,0.513778567314148,0.5908825993537903,1.7160589217400475,0.55182486329056,0.9269889053718936
2534,0.21616949141025543,0.4386427402496338,0.24263563752174377,0.18373173475265503,0.2221411019563675,0.2354751080274582,0.2354751080274582,0.2354751080274582,1.0,1.0,1.0,1.0,1.0,0.6000000238418579,0.0,0.4067004323005676,1.0,0.9598461389541626,1.0,0.9598461389541626,0.9996028542518616,0.2354751080274582,0.43898980369482005,0.4177861187504794,0.5340396095419614
3044,0.26988109946250916,0.5852140784263611,0.22657068073749542,0.417987197637558,0.16508536040782928,0.06847959756851196,1.3553212881088257,0.06847959756851196,1.0,1.0,0.0,0.0,0.0,1.0,1.0,0.5852140784263611,1.0,0.5203627347946167,0.0,0.5203627347946167,0.9396791458129883,0.06847959756851196,1.9430690134021285,0.3796709045569497,0.7590445563749872
1753,0.4284866452217102,0.9552785754203796,0.49511900544166565,0.6139770746231079,0.17636381089687347,0.20078516006469727,0.20078516006469727,0.20078516006469727,1.0,1.0,1.0,1.0,1.0,0.6000000238418579,0.0,0.8855244517326355,1.0,0.03337829187512398,0.0,0.9666216969490051,0.9995266199111938,0.20078516006469727,0.9199961314667131,0.6470763646328359,0.9508161079448489
7789,0.49604177474975586,1.0070370435714722,0.459742933511734,0.7591380476951599,0.2692442238330841,0.17631018161773682,0.17631018161773682,0.17631018161773682,1.0,1.0,1.0,1.0,1.0,1.0,1.0,1.0070370435714722,1.0,0.965580403804779,1.0,0.965580403804779,0.9989020824432373,0.17631018161773682,0.9281758711763397,0.5770916964108144,0.9227546685569636
6640,0.340860515832901,0.6821749210357666,0.26230332255363464,0.3900870978832245,0.37019115686416626,0.2025730162858963,0.2025730162858963,0.2025730162858963,1.0,1.0,1.0,1.0,1.0,1.0,1.0,0.6821749210357666,1.0,0.9763225317001343,1.0,0.9763225317001343,0.9604315757751465,0.2025730162858963,0.36606532378232454,0.36606532378232454,0.821996112338412
7915,0.4887646734714508,0.9907930493354797,0.7463679313659668,0.49362149834632874,0.2263043373823166,0.16984067857265472,0.16984067857265472,0.16984067857265472,1.0,1.0,1.0,1.0,1.0,1.0,1.0,0.9907930493354797,1.0,0.9097098112106323,1.0,0.9097098112106323,0.9995619654655457,0.16984067857265472,0.38057601473789215,0.37871022878761673,0.8005046307352365
6918,0.30923449993133545,0.6361578106880188,0.3730751574039459,0.2936995327472687,0.26092877984046936,0.12566475570201874,0.12566475570201874,0.12566475570201874,1.0,1.0,1.0,1.0,1.0,0.6000000238418579,0.0,0.6274327635765076,1.0,0.03589487075805664,0.0,0.9641051292419434,0.9998502731323242,0.12566475570201874,0.6463406459601974,0.6374120270223986,0.9560643949187723
7425,0.25477176904678345,0.5433346629142761,0.1337369978427887,0.4613473117351532,0.16923098266124725,0.13046418130397797,0.13046418130397797,0.13046418130397797,1.0,1.0,1.0,1.0,1.0,1.0,1.0,0.5433346629142761,1.0,0.9706496000289917,1.0,0.9706496000289917,0.9882633090019226,0.13046418130397797,0.049066849113802324,0.049066849113802324,0.07326901951847051
7969,0.39597755670547485,0.8182829022407532,0.5434402823448181,0.428525447845459,0.21596689522266388,0.1813218891620636,0.1813218891620636,0.1813218891620636,1.0,1.0,1.0,1.0,1.0,1.0,1.0,0.8182829022407532,1.0,0.4355039894580841,0.0,0.5644960403442383,0.8748140931129456,0.1813218891620636,0.22255956500885796,0.22255956500885796,0.3662243067187787
9392,0.256237268447876,0.5128547549247742,0.339484304189682,0.3391839265823364,0.09004361927509308,0.14530529081821442,0.14530529081821442,0.14530529081821442,1.0,1.0,1.0,1.0,1.0,1.0,1.0,0.5128547549247742,1.0,0.06389839947223663,0.0,0.9361016154289246,0.999218225479126,0.14530529081821442,0.19848002183609031,0.1972053439136192,0.27361633814262143
2863,0.19536776840686798,0.4155905842781067,0.1760455220937729,0.26517996191978455,0.14487780630588531,0.1274341195821762,0.1274341195821762,0.1274341195821762,1.0,1.0,1.0,1.0,1.0,1.0,1.0,0.4155905842781067,1.0,0.9780846834182739,1.0,0.9780846834182739,0.9481450319290161,0.1274341195821762,0.2888533017832351,0.2765995929473322,0.48779072738483675
5805,0.3588182032108307,0.7641881108283997,0.6222842335700989,0.32251521944999695,0.13165514171123505,0.15500621497631073,0.15500621497631073,0.15500621497631073,1.0,1.0,1.0,1.0,1.0,1.0,1.0,0.7641881108283997,1.0,0.04153412953019142,0.0,0.9584658741950989,0.9997978806495667,0.15500621497631073,0.6946821850478653,0.6676078435389124,1.425478423958634
85,0.36669376492500305,0.8526927828788757,0.47669777274131775,0.49400922656059265,0.12937434017658234,0.17671746015548706,0.17671746015548706,0.17671746015548706,1.0,1.0,1.0,1.0,1.0,0.6000000238418579,0.0,0.7399283647537231,1.0,0.797808051109314,1.0,0.797808051109314,0.9998227953910828,0.17671746015548706,0.6251502282240512,0.6212149212141975,0.7923995664050305
7338,0.4214208722114563,0.8717636466026306,0.4892505705356598,0.4983544945716858,0.2766575217247009,0.13192535936832428,0.13192535936832428,0.13192535936832428,1.0,1.0,1.0,1.0,1.0,0.6000000238418579,0.0,0.8367967009544373,1.0,0.012210208922624588,0.0,0.9877898097038269,0.9988294243812561,0.13192535936832428,0.5081818161438431,0.4822447677487433,0.899261188013922
159,0.42544275522232056,0.9069515466690063,0.5504100322723389,0.6102840304374695,0.11563413590192795,0.13200132548809052,0.8132651448249817,0.5240932106971741,0.6000000238418579,0.0,0.0,0.4000000059604645,0.0,0.6000000238418579,0.0,0.9069515466690063,0.0,0.2694879472255707,1.0,0.7305120229721069,0.7465205788612366,0.5240932106971741,0.28945015026139775,0.26905921387330617,0.45242766297157655
9080,0.31431934237480164,0.6266530156135559,0.40990105271339417,0.27312931418418884,0.2599276602268219,0.17072808742523193,0.17072808742523193,0.17072808742523193,1.0,1.0,1.0,1.0,1.0,0.6000000238418579,0.0,0.6384001970291138,1.0,0.24515947699546814,0.0,0.7548404932022095,0.7940843105316162,0.17072808742523193,0.20665642645084178,0.20665642645084178,0.39774235043531114
7073,0.2927943766117096,0.5964238047599792,0.47331833839416504,0.23360519111156464,0.1714596003293991,0.08360940963029861,0.08360940963029861,0.08360940963029861,1.0,1.0,1.0,1.0,1.0,1.0,1.0,0.5964238047599792,1.0,0.266573965549469,0.0,0.733426034450531,0.8562017679214478,0.08360940963029861,0.2109020531167154,0.2109020531167154,0.42620804658509776
3122,0.2613677978515625,0.4910220205783844,0.3260120749473572,0.26339107751846313,0.194700226187706,0.12637583911418915,0.12637583911418915,0.12637583911418915,1.0,1.0,1.0,1.0,1.0,1.0,1.0,0.4910220205783844,1.0,0.9786422252655029,1.0,0.9786422252655029,0.9975953698158264,0.12637583911418915,0.1326694125584127,0.1326694125584127,0.3531994727690387
6139,0.383918821811676,0.8068046569824219,0.565445601940155,0.45106497406959534,0.13524584472179413,0.11471147835254669,0.11471147835254669,0.11471147835254669,1.0,1.0,1.0,1.0,1.0,0.6000000238418579,0.0,0.6490025520324707,1.0,0.919513463973999,1.0,0.919513463973999,0.9999853372573853,0.11471147835254669,0.5017644234930528,0.45954195610134096,0.7059535401210255
989,0.5286979079246521,1.14109206199646,0.7846070528030396,0.598250150680542,0.20323634147644043,0.16508856415748596,0.16508856415748596,0.16508856415748596,1.0,1.0,1.0,1.0,1.0,1.0,1.0,1.14109206199646,1.0,0.5634358525276184,1.0,0.5634358525276184,0.9998201727867126,0.16508856415748596,1.0365231076145327,0.8508830646127313,1.0421034873780064
6528,0.2507431209087372,0.4730219542980194,0.2704770267009735,0.2583196759223938,0.22343266010284424,0.11318494379520416,0.11318494379520416,0.11318494379520416,1.0,1.0,1.0,1.0,1.0,1.0,1.0,0.4730219542980194,1.0,0.9659220576286316,1.0,0.9659220576286316,0.997452437877655,0.11318494379520416,0.30213618198861675,0.2653467907269805,0.278210480173516
5418,0.3460633456707001,0.716325044631958,0.5254039168357849,0.25785061717033386,0.25493550300598145,0.22892819344997406,0.22892819344997406,0.22892819344997406,1.0,1.0,1.0,1.0,1.0,1.0,1.0,0.716325044631958,1.0,0.025846388190984726,0.0,0.9741536378860474,0.9797943234443665,0.22892819344997406,0.15514928835242847,0.15514928835242847,0.3095330424569971
5692,0.3489733040332794,0.7233546376228333,0.5570957064628601,0.36082708835601807,0.12899696826934814,0.13054899871349335,0.13054899871349335,0.13054899871349335,1.0,1.0,1.0,1.0,1.0,1.0,1.0,0.7233546376228333,1.0,0.8515204191207886,1.0,0.8515204191207886,0.9660173654556274,0.13054899871349335,0.18833874197650735,0.16518144548131616,0.18787274084066122
1897,0.4135725796222687,0.8564512133598328,0.6202816367149353,0.44588881731033325,0.17454731464385986,0.1347905397415161,0.1347905397415161,0.1347905397415161,1.0,1.0,1.0,1.0,1.0,1.0,1.0,0.8564512133598328,1.0,0.07423499971628189,0.0,0.9257649779319763,0.9482561945915222,0.1347905397415161,0.08617498153604068,0.08617498153604068,0.15899971696450302
801,0.40848618745803833,0.8662164807319641,0.4723750054836273,0.5268571972846985,0.22622637450695038,0.15228645503520966,0.15228645503520966,0.15228645503520966,1.0,1.0,1.0,1.0,1.0,0.6000000238418579,0.0,0.7886395454406738,1.0,0.8217284083366394,1.0,0.8217284083366394,0.9992444515228271,0.15228645503520966,0.5424117776359922,0.5010825220936835,0.6707642893292276
620,0.28985685110092163,0.5578699707984924,0.23809142410755157,0.33330050110816956,0.2981785833835602,0.14157724380493164,0.14157724380493164,0.14157724380493164,1.0,1.0,1.0,1.0,1.0,1.0,1.0,0.49213266372680664,1.0,0.14652949571609497,0.0,0.853470504283905,0.2873663306236267,0.14157724380493164,0.1030577953477948,0.1030577953477948,0.21689544102283848
901,0.38905271887779236,0.7910696268081665,0.47438523173332214,0.4722425639629364,0.2205304205417633,0.09173914045095444,0.09173914045095444,0.09173914045095444,1.0,1.0,1.0,1.0,1.0,1.0,1.0,0.7910696268081665,1.0,0.5491889715194702,1.0,0.5491889715194702,0.9999889135360718,0.09173914045095444,0.5353106495570498,0.533886513791444,0.8911721182361785
5348,0.4960741102695465,1.046473741531372,0.8658847808837891,0.43455591797828674,0.187781423330307,0.17774653434753418,0.17774653434753418,0.17774653434753418,1.0,1.0,1.0,1.0,1.0,0.6000000238418579,0.0,1.0418328046798706,1.0,0.9888750314712524,1.0,0.9888750314712524,0.9999598264694214,0.17774653434753418,0.7321957787752567,0.7309772652386883,0.9670647130602945
8986,0.334695041179657,0.7340255975723267,0.1998303234577179,0.6524984240531921,0.15175633132457733,0.1862841099500656,0.1862841099500656,0.1862841099500656,1.0,1.0,1.0,1.0,1.0,1.0,1.0,0.7340255975723267,1.0,0.9642462730407715,1.0,0.9642462730407715,0.9945863485336304,0.1862841099500656,0.20880329622413757,0.20880329622413757,0.71382074488884
749,0.4456937313079834,0.9684227108955383,0.4995340406894684,0.5969602465629578,0.24058690667152405,0.15014825761318207,0.15014825761318207,0.15014825761318207,1.0,1.0,1.0,1.0,1.0,1.0,1.0,0.9684227108955383,1.0,0.434646874666214,0.0,0.5653531551361084,0.9999172687530518,0.15014825761318207,0.7267917613602098,0.6725373661772112,0.8913917309048704
9432,0.28167274594306946,0.5256795287132263,0.2886427938938141,0.31680119037628174,0.23957419395446777,0.12243618071079254,0.12243618071079254,0.12243618071079254,1.0,1.0,1.0,1.0,1.0,1.0,1.0,0.5256795287132263,1.0,0.9239668250083923,1.0,0.9239668250083923,0.997531533241272,0.12243618071079254,0.3046575802857712,0.2986043976949482,0.49528790973939757
8092,0.4176744818687439,0.8969179391860962,0.41898152232170105,0.6741926074028015,0.15984921157360077,0.1484820693731308,0.1484820693731308,0.1484820693731308,1.0,1.0,1.0,1.0,1.0,1.0,1.0,0.8969179391860962,1.0,0.2767024338245392,0.0,0.7232975959777832,0.9515203237533569,0.1484820693731308,0.16284265989474603,0.16284265989474603,0.39114314664572414
4154,0.3076758086681366,0.6223934888839722,0.2947497069835663,0.44877973198890686,0.17949798703193665,0.2009589672088623,0.2009589672088623,0.2009589672088623,1.0,1.0,1.0,1.0,1.0,1.0,1.0,0.6223934888839722,1.0,0.8147549033164978,1.0,0.8147549033164978,0.9532538056373596,0.2009589672088623,0.4172305905237807,0.2761282949034157,0.5511310971137764
6096,0.32598215341567993,0.612764298915863,0.4153845012187958,0.3223358988761902,0.24022603034973145,0.09257348626852036,0.09257348626852036,0.09257348626852036,1.0,1.0,1.0,1.0,1.0,1.0,1.0,0.612764298915863,1.0,0.05240216478705406,0.0,0.947597861289978,0.9502378702163696,0.09257348626852036,0.26209745335776646,0.25544176367522703,0.4796547082077657
1556,0.4824577867984772,0.9046298265457153,0.5757710933685303,0.5146976113319397,0.35690465569496155,0.1015172004699707,0.1015172004699707,0.1015172004699707,1.0,1.0,1.0,1.0,1.0,0.6000000238418579,0.0,1.0028316974639893,1.0,0.6269000768661499,1.0,0.6269000768661499,0.9998626708984375,0.1015172004699707,0.8210366111975151,0.7887036197301177,0.9710280633449775
4251,0.3631380796432495,0.7254889607429504,0.5210520625114441,0.3578612804412842,0.2105008363723755,0.13943324983119965,0.13943324983119965,0.13943324983119965,1.0,1.0,1.0,1.0,1.0,1.0,1.0,0.7254889607429504,1.0,0.8528190851211548,1.0,0.8528190851211548,0.9999021291732788,0.13943324983119965,0.4602201983429045,0.45440052466345787,0.815537017625756
5086,0.2621675133705139,0.5267316102981567,0.37868809700012207,0.26159682869911194,0.14621761441230774,0.1583709865808487,0.1583709865808487,0.1583709865808487,1.0,1.0,1.0,1.0,1.0,1.0,1.0,0.5267316102981567,1.0,0.07213649153709412,0.0,0.9278634786605835,0.9068233966827393,0.1583709865808487,0.13867979740842645,0.13867979740842645,0.23513128546712536
4367,0.4257393777370453,0.8104743957519531,0.5619163513183594,0.333294540643692,0.3820072114467621,0.2884144186973572,0.2884144186973572,0.2884144186973572,1.0,1.0,1.0,1.0,1.0,1.0,1.0,0.8104743957519531,1.0,0.12246609479188919,0.0,0.8775339126586914,0.9412162899971008,0.2884144186973572,0.2834053685653223,0.27806678865504836,0.6456666002092021
3961,0.18670696020126343,0.40382882952690125,0.15983623266220093,0.3028939962387085,0.09739067405462265,0.20081281661987305,0.3542657792568207,0.3542657792568207,0.20000000298023224,0.0,0.0,0.800000011920929,0.0,0.20000000298023224,0.0,0.40382882952690125,0.0,0.049503143876791,1.0,0.9504968523979187,0.9711325764656067,0.9344531297683716,0.1089614828314982,0.1089614828314982,0.38023100691097245
6831,0.34718412160873413,0.6964476704597473,0.4096001088619232,0.4791789948940277,0.15277324616909027,0.16661500930786133,0.16661500930786133,0.16661500930786133,1.0,1.0,1.0,1.0,1.0,0.6000000238418579,0.0,0.5438494086265564,1.0,0.1050976887345314,0.0,0.8949022889137268,0.9915209412574768,0.16661500930786133,0.3732620952980346,0.3605012508281357,0.7962299931248222
1042,0.3341381549835205,0.6515955924987793,0.261200875043869,0.5524650812149048,0.18874847888946533,0.08024338632822037,0.08024338632822037,0.08024338632822037,1.0,1.0,1.0,1.0,1.0,1.0,1.0,0.6515955924987793,1.0,0.9805411696434021,1.0,0.9805411696434021,0.996669590473175,0.08024338632822037,0.36278627248674905,0.3187208006587644,0.6746675024472859
7069,0.45718908309936523,0.981801450252533,0.44147974252700806,0.6620544791221619,0.2680329978466034,0.09695451706647873,1.0809690952301025,0.09695451706647873,1.0,1.0,0.0,0.0,0.0,0.6000000238418579,0.0,0.986379086971283,1.0,0.28007370233535767,1.0,0.7199262976646423,0.9999469518661499,0.09695451706647873,0.8273778427837062,0.7735259927164841,0.9231827810430298
183,0.339601069688797,0.6458336710929871,0.4002284109592438,0.3493238687515259,0.2692508399486542,0.14500874280929565,0.14500874280929565,0.14500874280929565,1.0,1.0,1.0,1.0,1.0,1.0,1.0,0.6458336710929871,1.0,0.01914769597351551,0.0,0.9808523058891296,0.9977721571922302,0.14500874280929565,0.33495096617983333,0.33495096617983333,0.8272210664585048
2700,0.348447322845459,0.7224725484848022,0.48306432366371155,0.35447612404823303,0.20780149102210999,0.14562571048736572,0.14562571048736572,0.14562571048736572,1.0,1.0,1.0,1.0,1.0,0.6000000238418579,0.0,0.604888379573822,1.0,0.11955543607473373,0.0,0.8804445862770081,0.9959017634391785,0.14562571048736572,0.18994029257657277,0.18994029257657277,0.5018441569947409
478,0.6042783260345459,1.177750587463379,0.9367144703865051,0.3851129710674286,0.49100741744041443,0.15768097341060638,1.078462839126587,0.15768097341060638,1.0,1.0,0.0,0.0,0.0,0.20000000298023224,0.0,0.7196440696716309,1.0,0.14787548780441284,1.0,0.8521245121955872,0.9996521472930908,0.15768097341060638,0.4537957469800215,0.44234945057293185,0.7272731751345478
1448,0.4652683436870575,0.9482569098472595,0.31103312969207764,0.7638728022575378,0.32089900970458984,0.08555445820093155,0.08555445820093155,0.08555445820093155,1.0,1.0,1.0,1.0,1.0,0.6000000238418579,0.0,1.1005810499191284,1.0,0.0193865317851305,0.0,0.9806134700775146,0.9937872886657715,0.08555445820093155,0.6982538927960711,0.6630525714631393,0.9210272197958059
8906,0.2483890950679779,0.4951840341091156,0.2988598644733429,0.17266230285167694,0.2736451029777527,0.15410809218883514,0.15410809218883514,0.15410809218883514,1.0,1.0,1.0,1.0,1.0,1.0,1.0,0.4951840341091156,1.0,0.9614242315292358,1.0,0.9614242315292358,0.9930945634841919,0.15410809218883514,0.09530703904142665,0.09530703904142665,0.19819106369922032
8769,0.28003159165382385,0.6268591284751892,0.16282786428928375,0.47456541657447815,0.20270149409770966,0.22020240128040314,0.22020240128040314,0.22020240128040314,1.0,1.0,1.0,1.0,1.0,0.6000000238418579,0.0,0.69560307264328,1.0,0.020292045548558235,0.0,0.9797079563140869,0.9979339838027954,0.22020240128040314,0.471369566944654,0.4692474980557283,1.2503480742067643
9971,0.39842215180397034,0.7995539307594299,0.6655742526054382,0.28706613183021545,0.24262602627277374,0.12268238514661789,0.12268238514661789,0.12268238514661789,1.0,1.0,1.0,1.0,1.0,0.6000000238418579,0.0,0.7313217520713806,1.0,0.9137664437294006,1.0,0.9137664437294006,0.9998236298561096,0.12268238514661789,1.1822778972788315,0.8499764960637235,1.4015835074264327
8316,0.44395163655281067,0.9281617999076843,0.34817954897880554,0.7187718749046326,0.26490339636802673,0.19222627580165863,1.3272851705551147,0.19222627580165863,1.0,1.0,0.0,0.0,0.0,0.6000000238418579,0.0,0.8680797815322876,1.0,0.7441349029541016,0.0,0.7441349029541016,0.9997215867042542,0.19222627580165863,0.671642494941589,0.6322092612664987,0.8149378042511016
7440,0.3631369173526764,0.6799866557121277,0.3176520764827728,0.4671138823032379,0.3046448826789856,0.18026021122932434,0.18026021122932434,0.18026021122932434,1.0,1.0,1.0,1.0,1.0,1.0,1.0,0.6799866557121277,1.0,0.0954374372959137,0.0,0.9045625925064087,0.925696611404419,0.18026021122932434,0.17806056922246963,0.17183771054195365,0.4031349734327214
8567,0.2997052073478699,0.5847843289375305,0.4338539242744446,0.27933380007743835,0.18592780828475952,0.2172456830739975,0.6515263915061951,0.6515263915061951,0.6000000238418579,0.0,1.0,0.6000000238418579,0.0,0.6000000238418579,0.0,0.5847843289375305,0.0,0.17979508638381958,0.0,0.8202049136161804,0.5361928939819336,0.6515263915061951,1.8433601492574023,0.5091049690100138,0.7319524832671919
2046,0.29119640588760376,0.6588522791862488,0.20210018754005432,0.4724372923374176,0.19905169308185577,0.16054204106330872,0.16054204106330872,0.16054204106330872,1.0,1.0,1.0,1.0,1.0,0.6000000238418579,0.0,0.6026708483695984,1.0,0.29803627729415894,0.0,0.7019637227058411,0.766083300113678,0.16054204106330872,0.12129021428021267,0.12127271417390272,0.24187536543455568
8674,0.5209060311317444,1.1166315078735352,0.4175165593624115,0.9125505685806274,0.2326509952545166,0.16318325698375702,1.2710916996002197,0.16318325698375702,1.0,1.0,0.0,0.0,0.0,0.6000000238418579,0.0,0.965863049030304,1.0,0.29343381524086,1.0,0.7065662145614624,0.9998589754104614,0.16318325698375702,0.8510709323833302,0.7555158408929312,0.9507991732860965
7150,0.4184507131576538,0.8201410174369812,0.4683309495449066,0.5137937664985657,0.27322736382484436,0.1584448218345642,0.1584448218345642,0.1584448218345642,1.0,1.0,1.0,1.0,1.0,0.6000000238418579,0.0,0.6609628796577454,1.0,0.48179709911346436,0.0,0.5182029008865356,0.9999781847000122,0.1584448218345642,0.9205170971670098,0.8902890186007999,0.9970034893620697
4804,0.2273055762052536,0.4770592749118805,0.24033963680267334,0.3282754123210907,0.11330170929431915,0.19847993552684784,0.19847993552684784,0.19847993552684784,1.0,1.0,1.0,1.0,1.0,0.6000000238418579,0.0,0.5189987421035767,1.0,0.040380753576755524,0.0,0.9596192240715027,0.9857524037361145,0.19847993552684784,0.16019810808929252,0.16019810808929252,0.2819316193804231
1233,0.46185094118118286,0.9191469550132751,0.6845378279685974,0.4293922483921051,0.2716226875782013,0.14868055284023285,0.8178993463516235,0.5663305521011353,0.6000000238418579,0.0,0.0,0.4000000059604645,0.0,0.20000000298023224,0.0,0.62321937084198,0.0,0.8914235830307007,0.0,0.8914235830307007,0.8237897157669067,0.5663305521011353,0.10739350814618392,0.10739350814618392,0.22212370829215705
576,0.5705282092094421,1.1334246397018433,0.5279802680015564,0.8421360850334167,0.3414681851863861,0.16695638000965118,0.16695638000965118,0.16695638000965118,1.0,1.0,1.0,1.0,1.0,1.0,1.0,1.1334246397018433,1.0,0.9740784764289856,1.0,0.9740784764289856,0.9994432330131531,0.16695638000965118,0.515050237315752,0.5139565933234267,0.8900150849980252
746,0.2851991355419159,0.5295233726501465,0.296034574508667,0.2565131187438965,0.303049772977829,0.1264984905719757,0.1264984905719757,0.1264984905719757,1.0,1.0,1.0,1.0,1.0,1.0,1.0,0.5295233726501465,1.0,0.025037815794348717,0.0,0.9749621748924255,0.9635164141654968,0.1264984905719757,0.20232349457063853,0.19938938114958948,0.34436142366035044
4999,0.42304685711860657,0.8773298263549805,0.7011880278587341,0.38120511174201965,0.18674743175506592,0.22219030559062958,0.22219030559062958,0.22219030559062958,1.0,1.0,1.0,1.0,1.0,0.6000000238418579,0.0,0.8454253077507019,1.0,0.9771953225135803,1.0,0.9771953225135803,0.9912753105163574,0.22219030559062958,0.3302505790705186,0.30847837645144033,0.4777932479197441
597,0.3351375162601471,0.6274054646492004,0.3073905408382416,0.32631680369377136,0.3717051148414612,0.10962784290313721,0.10962784290313721,0.10962784290313721,1.0,1.0,1.0,1.0,1.0,1.0,1.0,0.7624808549880981,1.0,0.049691759049892426,0.0,0.9503082633018494,0.9995310306549072,0.10962784290313721,0.22825424858022061,0.22825424858022061,0.5464298947469679
1576,0.4941563606262207,1.0468932390213013,0.7332518696784973,0.6597160696983337,0.08950106799602509,0.11717122048139572,0.11717122048139572,0.11717122048139572,1.0,1.0,1.0,1.0,1.0,0.6000000238418579,0.0,0.9601011276245117,1.0,0.9844716191291809,1.0,0.9844716191291809,0.9857065081596375,0.11717122048139572,0.12364407073418493,0.12364407073418493,0.4352702493890433
9977,0.3985974192619324,0.8519533276557922,0.46610432863235474,0.5887510776519775,0.14093685150146484,0.08768610656261444,0.08768610656261444,0.08768610656261444,1.0,1.0,1.0,1.0,1.0,0.6000000238418579,0.0,0.9392197728157043,1.0,0.05008356645703316,0.0,0.949916422367096,0.9744885563850403,0.08768610656261444,0.25022843688752816,0.25022843688752816,0.7426748858779467
4928,0.35597801208496094,0.7010050415992737,0.39674249291419983,0.4993600845336914,0.17183129489421844,0.1006731390953064,0.1006731390953064,0.1006731390953064,1.0,1.0,1.0,1.0,1.0,1.0,1.0,0.7010050415992737,1.0,0.07447394728660583,0.0,0.9255260229110718,0.9993430972099304,0.1006731390953064,0.48988739852129537,0.4864797516977119,1.1507862366483186
6902,0.29022088646888733,0.5773031711578369,0.13637347519397736,0.4368431270122528,0.29744598269462585,0.1120961457490921,0.1120961457490921,0.1120961457490921,1.0,1.0,1.0,1.0,1.0,1.0,1.0,0.5773031711578369,1.0,0.9633116126060486,1.0,0.9633116126060486,0.9919641017913818,0.1120961457490921,0.12750319895484521,0.12750319895484521,0.3869424200131046
7342,0.4621720612049103,0.880743682384491,0.6591615080833435,0.48037511110305786,0.2469795197248459,0.1948966234922409,0.1948966234922409,0.1948966234922409,1.0,1.0,1.0,1.0,1.0,0.6000000238418579,0.0,0.8862987756729126,1.0,0.9313457608222961,1.0,0.9313457608222961,0.9972973465919495,0.1948966234922409,0.6436724358711944,0.4607104110800274,0.5945060883393961
2153,0.41821181774139404,0.8364604115486145,0.5873998999595642,0.474718302488327,0.19251735508441925,0.21383428573608398,0.3517458140850067,0.3517458140850067,0.20000000298023224,0.0,0.0,0.800000011920929,0.0,0.20000000298023224,0.0,0.7964073419570923,0.0,0.023402873426675797,1.0,0.9765971302986145,0.9895405173301697,0.8882147669792175,0.18013917174656,0.18013917174656,0.542302855853075
8836,0.3546956479549408,0.7177391052246094,0.49481400847435,0.36505571007728577,0.20421715080738068,0.156264066696167,0.156264066696167,0.156264066696167,1.0,1.0,1.0,1.0,1.0,0.6000000238418579,0.0,0.6675839424133301,1.0,0.9712287783622742,1.0,0.9712287783622742,0.9995558857917786,0.156264066696167,0.48830264754795305,0.3674373583752365,0.4790283994830351
584,0.38349273800849915,0.8371685147285461,0.5301321148872375,0.38174253702163696,0.23860354721546173,0.20673008263111115,0.20673008263111115,0.20673008263111115,1.0,1.0,1.0,1.0,1.0,0.6000000238418579,0.0,0.7466679215431213,1.0,0.9640815854072571,1.0,0.9640815854072571,0.9951164722442627,0.20673008263111115,1.1926570353423074,0.8505826575337674,1.0590662522701755
8842,0.21500979363918304,0.4763203561306,0.2806074321269989,0.15133869647979736,0.2130831778049469,0.15514741837978363,0.15514741837978363,0.15514741837978363,1.0,1.0,1.0,1.0,1.0,1.0,1.0,0.4763203561306,1.0,0.9821167588233948,1.0,0.9821167588233948,0.9901567697525024,0.15514741837978363,0.13098118956110874,0.13098118956110874,0.276721267252733
6777,0.2662465572357178,0.5717656016349792,0.48477935791015625,0.14772111177444458,0.1662391573190689,0.182456836104393,0.182456836104393,0.182456836104393,1.0,1.0,1.0,1.0,1.0,1.0,1.0,0.5717656016349792,1.0,0.10822127759456635,0.0,0.8917787075042725,0.928091287612915,0.182456836104393,0.2453846870796606,0.2453846870796606,0.43222017511281413
6190,0.3799993693828583,0.8072419166564941,0.5557115077972412,0.4235897958278656,0.16069673001766205,0.11416490375995636,0.11416490375995636,0.11416490375995636,1.0,1.0,1.0,1.0,1.0,1.0,1.0,0.8072419166564941,1.0,0.7849100828170776,1.0,0.7849100828170776,0.910437285900116,0.11416490375995636,0.3209061413316601,0.3159709966906902,0.5777106837973395
5178,0.3403044044971466,0.660357654094696,0.31129175424575806,0.45146164298057556,0.2581597566604614,0.15027573704719543,0.15027573704719543,0.15027573704719543,1.0,1.0,1.0,1.0,1.0,0.6000000238418579,0.0,0.5664799809455872,1.0,0.306461900472641,0.0,0.6935380697250366,0.9999244213104248,0.15027573704719543,1.2027062828530206,0.9339307055751529,1.1065778887185151
4661,0.3328322768211365,0.7129843235015869,0.5212134718894958,0.35520434379577637,0.12207893282175064,0.2241356372833252,0.2241356372833252,0.2241356372833252,1.0,1.0,1.0,1.0,1.0,1.0,1.0,0.7129843235015869,1.0,0.9646652936935425,1.0,0.9646652936935425,0.9668375253677368,0.2241356372833252,0.1450893959579487,0.1450893959579487,0.31337915987714626
5813,0.35459691286087036,0.6934642791748047,0.5420165657997131,0.2590835988521576,0.26269054412841797,0.14113371074199677,0.14113371074199677,0.14113371074199677,1.0,1.0,1.0,1.0,1.0,0.6000000238418579,0.0,0.6800110340118408,1.0,0.977593183517456,1.0,0.977593183517456,0.9814064502716064,0.14113371074199677,0.28574459964079435,0.24920296260465322,0.3395812893349132
1569,0.2794354259967804,0.5729259848594666,0.16838908195495605,0.43687793612480164,0.23303918540477753,0.1491909772157669,0.1491909772157669,0.1491909772157669,1.0,1.0,1.0,1.0,1.0,1.0,1.0,0.5729259848594666,1.0,0.031496744602918625,0.0,0.9685032367706299,0.9713973999023438,0.1491909772157669,0.28586266057591836,0.2683335873304377,0.5521927361144597
7875,0.5035849809646606,0.9701842665672302,0.4752516448497772,0.6452391743659973,0.3902641236782074,0.14563524723052979,0.14563524723052979,0.14563524723052979,1.0,1.0,1.0,1.0,1.0,0.6000000238418579,0.0,0.8642200827598572,1.0,0.6104199886322021,1.0,0.6104199886322021,0.9998619556427002,0.14563524723052979,0.9608396348542492,0.8169392327058498,0.9715684742164187
3487,0.42371922731399536,0.8704989552497864,0.36317068338394165,0.6553646922111511,0.2526223063468933,0.1232614740729332,1.3223365545272827,0.1232614740729332,1.0,1.0,0.0,0.0,0.0,1.0,1.0,0.8704989552497864,1.0,0.546347975730896,0.0,0.546347975730896,0.738203763961792,0.1232614740729332,1.9144715600161695,0.2802843245625752,0.4310647533300075
9924,0.4037536084651947,0.878344714641571,0.4995584189891815,0.5871701836585999,0.12453220039606094,0.05427464842796326,0.05427464842796326,0.05427464842796326,1.0,1.0,1.0,1.0,1.0,0.6000000238418579,0.0,0.7114179730415344,1.0,0.19825856387615204,0.0,0.8017414212226868,0.999994158744812,0.05427464842796326,0.7731452995543714,0.7455258674549227,1.0056785832944761
3240,0.513094425201416,1.0217666625976562,0.7158808708190918,0.610346257686615,0.21305616199970245,0.15806563198566437,0.15806563198566437,0.15806563198566437,1.0,1.0,1.0,1.0,1.0,0.6000000238418579,0.0,0.984106719493866,1.0,0.86155104637146,1.0,0.86155104637146,0.9929190278053284,0.15806563198566437,0.3920086242065552,0.38560331666740216,0.6366815844912479
3778,0.4965191185474396,0.9596208930015564,0.6318484544754028,0.564826488494873,0.29288241267204285,0.16794370114803314,0.8003768920898438,0.6682118773460388,0.6000000238418579,0.0,0.0,0.4000000059604645,0.0,0.20000000298023224,0.0,0.8408946394920349,0.0,0.9261106252670288,0.0,0.9261106252670288,0.8178179264068604,0.6682118773460388,0.3278944349316553,0.3278944349316553,0.6688822016591707
8591,0.4129300117492676,0.8510560989379883,0.4686667025089264,0.5938372015953064,0.1762860119342804,0.20071963965892792,0.20071963965892792,0.20071963965892792,1.0,1.0,1.0,1.0,1.0,0.6000000238418579,0.0,0.600592851638794,1.0,0.3118869364261627,0.0,0.6881130933761597,0.9996780157089233,0.20071963965892792,0.9818958478414922,0.8601613377352388,0.9830270207193994
6856,0.49798786640167236,0.9595821499824524,0.40807828307151794,0.7049660682678223,0.3809192180633545,0.10329317301511765,0.10329317301511765,0.10329317301511765,1.0,1.0,1.0,1.0,1.0,0.6000000238418579,0.0,0.8932073712348938,1.0,0.9152185916900635,1.0,0.9152185916900635,0.9890596866607666,0.10329317301511765,0.6265954023048795,0.6143120629755922,0.9392629599017732
8973,0.3329426944255829,0.6805014610290527,0.36691030859947205,0.42679068446159363,0.20512700080871582,0.1784539669752121,0.1784539669752121,0.1784539669752121,1.0,1.0,1.0,1.0,1.0,1.0,1.0,0.6805014610290527,1.0,0.4620389938354492,0.0,0.5379610061645508,0.6095207333564758,0.1784539669752121,0.26416227604501374,0.2636870478506535,0.533359961960148
9079,0.41065746545791626,0.8589251637458801,0.24757979810237885,0.6409749984741211,0.3434174954891205,0.1795770525932312,0.1795770525932312,0.1795770525932312,1.0,1.0,1.0,1.0,1.0,0.20000000298023224,0.0,0.7717230319976807,1.0,0.9723524451255798,1.0,0.9723524451255798,0.9998531341552734,0.1795770525932312,1.2118284830665003,0.8571160421915889,1.1682544194296105
3330,0.49946585297584534,1.08859121799469,0.7855224013328552,0.4915720522403717,0.22130297124385834,0.17574957013130188,0.8296192288398743,0.5998791456222534,0.6000000238418579,0.0,0.0,0.4000000059604645,0.0,0.20000000298023224,0.0,0.8509910702705383,0.0,0.12806373834609985,1.0,0.8719362616539001,0.898291289806366,0.5998791456222534,0.16120854177580896,0.15125562151671315,0.2769419853987702
1827,0.3481561243534088,0.7523404359817505,0.3536963164806366,0.49895063042640686,0.19182129204273224,0.23567037284374237,0.23567037284374237,0.23567037284374237,1.0,1.0,1.0,1.0,1.0,1.0,1.0,0.7523404359817505,1.0,0.09011265635490417,0.0,0.9098873138427734,0.9996252059936523,0.23567037284374237,0.4720547414346603,0.4684828427983398,0.8445262487920289
3721,0.301996111869812,0.6098082661628723,0.4869394898414612,0.23760540783405304,0.18144340813159943,0.10550446808338165,0.10550446808338165,0.10550446808338165,1.0,1.0,1.0,1.0,1.0,1.0,1.0,0.6105996370315552,1.0,0.9605410695075989,1.0,0.9605410695075989,0.9940197467803955,0.10550446808338165,0.1296908827446789,0.1296743827148638,0.2289564596772322
6556,0.3450546860694885,0.6829190254211426,0.4575461447238922,0.35438817739486694,0.22322975099086761,0.09212888777256012,0.09212888777256012,0.09212888777256012,1.0,1.0,1.0,1.0,1.0,0.6000000238418579,0.0,0.5999199151992798,1.0,0.0867643654346466,0.0,0.9132356643676758,0.7956156730651855,0.09212888777256012,0.212843469293634,0.19569081737897487,0.3109096744176595
2236,0.2582678198814392,0.5591093897819519,0.34590068459510803,0.2922435402870178,0.13665924966335297,0.20777587592601776,0.20777587592601776,0.20777587592601776,1.0,1.0,1.0,1.0,1.0,1.0,1.0,0.5591093897819519,1.0,0.9023476243019104,1.0,0.9023476243019104,0.9966352581977844,0.20777587592601776,0.5546330966283307,0.5485629721045379,0.8573020977692446
4233,0.24742193520069122,0.5815184712409973,0.2685462236404419,0.30526310205459595,0.16845642030239105,0.1394433081150055,0.1394433081150055,0.1394433081150055,1.0,1.0,1.0,1.0,1.0,1.0,1.0,0.5815184712409973,1.0,0.08513221889734268,0.0,0.9148677587509155,0.9935441017150879,0.1394433081150055,0.473519572990752,0.473519572990752,4.7339610065995865
4712,0.7175443768501282,1.4064068794250488,0.7664300203323364,0.8471502661705017,0.5390529036521912,0.16957290470600128,1.0861653089523315,0.16957290470600128,1.0,1.0,0.0,0.0,0.0,0.20000000298023224,0.0,0.7713473439216614,1.0,0.9648401737213135,0.0,0.9648401737213135,0.9997467398643494,0.16957290470600128,0.6532915477214286,0.5571402844514908,0.6693903358193076
5841,0.20425984263420105,0.4561041295528412,0.3398708403110504,0.1243482157588005,0.14856044948101044,0.11838555335998535,0.11838555335998535,0.11838555335998535,1.0,1.0,1.0,1.0,1.0,1.0,1.0,0.4561041295528412,1.0,0.8151998519897461,1.0,0.8151998519897461,0.9848089814186096,0.11838555335998535,0.17435932821176262,0.17435932821176262,0.5333455730896011
1015,0.33964258432388306,0.6226914525032043,0.2681055963039398,0.35875120759010315,0.39207085967063904,0.12389063090085983,0.12389063090085983,0.12389063090085983,1.0,1.0,1.0,1.0,1.0,0.6000000238418579,0.0,0.7889739871025085,1.0,0.7983922958374023,1.0,0.7983922958374023,0.960527241230011,0.12389063090085983,0.43352875284867526,0.43352875284867526,0.7299707917791233
6370,0.4779326617717743,0.9752456545829773,0.5427064299583435,0.6010779738426208,0.2900136113166809,0.14095591008663177,0.14095591008663177,0.14095591008663177,1.0,1.0,1.0,1.0,1.0,0.20000000298023224,0.0,0.5881942510604858,1.0,0.5570282340049744,1.0,0.5570282340049744,0.9999204874038696,0.14095591008663177,1.0080982019585323,0.7958437789643469,0.9509718642879399
6409,0.49366286396980286,0.9491960406303406,0.5944546461105347,0.6535506844520569,0.2329833060503006,0.23513264954090118,1.147794246673584,0.23513264954090118,1.0,1.0,0.0,0.0,0.0,1.0,1.0,0.9491960406303406,1.0,0.39638251066207886,1.0,0.6036174893379211,0.4347841143608093,0.23513264954090118,2.103430743553274,0.2280924980507173,0.5003615034312536
7238,0.36582431197166443,0.7109927535057068,0.5307843089103699,0.39347487688064575,0.1732136756181717,0.16473384201526642,0.7278949618339539,0.6620383262634277,0.6000000238418579,0.0,0.0,0.4000000059604645,0.0,0.6000000238418579,0.0,0.7109927535057068,0.0,0.12249882519245148,1.0,0.8775011897087097,0.5159450769424438,0.6620383262634277,0.22254741100557868,0.22254741100557868,0.42187906296754574
4623,0.5338504910469055,1.0533537864685059,0.6313318610191345,0.6789127588272095,0.29130688309669495,0.2275683879852295,0.2275683879852295,0.2275683879852295,1.0,1.0,1.0,1.0,1.0,0.6000000238418579,0.0,0.6458551287651062,1.0,0.13937047123908997,0.0,0.8606295585632324,0.9999986886978149,0.2275683879852295,1.341814755083093,0.7698433355393715,0.9976549383787543
8543,0.3154834806919098,0.6904485821723938,0.23365478217601776,0.6001030206680298,0.11269265413284302,0.0781925842165947,0.6634692549705505,0.5327593684196472,0.6000000238418579,0.0,0.0,0.4000000059604645,0.0,0.6000000238418579,0.0,0.6904485821723938,0.0,0.8723388910293579,0.0,0.8723388910293579,0.8576613664627075,0.5327593684196472,0.22841262744148044,0.22841262744148044,0.34097678798020575
205,0.32675987482070923,0.6463454365730286,0.4799044728279114,0.3800715506076813,0.12030351161956787,0.09970312565565109,0.09970312565565109,0.09970312565565109,1.0,1.0,1.0,1.0,1.0,1.0,1.0,0.6463454365730286,1.0,0.5232640504837036,1.0,0.5232640504837036,0.28725048899650574,0.09970312565565109,0.2242415970290183,0.2242415970290183,0.49388290488889913
9371,0.36826908588409424,0.7818536162376404,0.2014939785003662,0.6307856440544128,0.2725274860858917,0.18661844730377197,0.18661844730377197,0.18661844730377197,1.0,1.0,1.0,1.0,1.0,0.6000000238418579,0.0,0.7765105366706848,1.0,0.813786506652832,1.0,0.813786506652832,0.6416434049606323,0.18661844730377197,0.35323214644809264,0.35323214644809264,0.842330759387949
3390,0.325515478849411,0.6550804972648621,0.2677431106567383,0.439546674489975,0.269256591796875,0.15612109005451202,0.15612109005451202,0.15612109005451202,1.0,1.0,1.0,1.0,1.0,1.0,1.0,0.6550804972648621,1.0,0.015316060744225979,0.0,0.9846839308738708,0.9571922421455383,0.15612109005451202,0.15331935584727738,0.15331935584727738,0.38537247850065515
5690,0.3029104471206665,0.6912550926208496,0.3040057122707367,0.4350481629371643,0.16967745125293732,0.07062437385320663,0.07062437385320663,0.07062437385320663,1.0,1.0,1.0,1.0,1.0,0.6000000238418579,0.0,0.7555801272392273,1.0,0.047135986387729645,0.0,0.9528639912605286,0.9995324611663818,0.07062437385320663,0.6586376601775626,0.6319200426449724,1.1053056030966992
3221,0.6075752377510071,1.3609181642532349,0.30553004145622253,1.1674799919128418,0.3497157692909241,0.20450730621814728,1.0246937274932861,0.48092737793922424,0.6000000238418579,0.0,0.0,0.4000000059604645,0.0,0.20000000298023224,0.0,0.8289100527763367,0.0,0.2353353649377823,1.0,0.7646646499633789,0.9997944235801697,0.48092737793922424,0.550504393551916,0.5463003371630653,0.9312813849787039
3472,0.3893076777458191,0.7297272682189941,0.3503222167491913,0.49259480834007263,0.32500597834587097,0.1927444487810135,0.1927444487810135,0.1927444487810135,1.0,1.0,1.0,1.0,1.0,1.0,1.0,0.7318658232688904,1.0,0.07703112065792084,0.0,0.922968864440918,0.9997343420982361,0.1927444487810135,0.454030803454332,0.41670027616876815,0.6920542876044027
3681,0.5228516459465027,1.0142074823379517,0.7308476567268372,0.5839100480079651,0.25379714369773865,0.15559916198253632,0.15559916198253632,0.15559916198253632,1.0,1.0,1.0,1.0,1.0,1.0,1.0,1.0142074823379517,1.0,0.9744731783866882,1.0,0.9744731783866882,0.9996351003646851,0.15559916198253632,0.712142948041917,0.6473810411726897,0.8468019672905024
6768,0.42171233892440796,0.848099410533905,0.38598495721817017,0.5460384488105774,0.3331136703491211,0.17236113548278809,0.17236113548278809,0.17236113548278809,1.0,1.0,1.0,1.0,1.0,0.6000000238418579,0.0,0.8649059534072876,1.0,0.9789937734603882,1.0,0.9789937734603882,0.9889402985572815,0.17236113548278809,0.37626044872604386,0.37626044872604386,0.8944721962061667
2314,0.46397867798805237,0.9298611879348755,0.7361066937446594,0.33844563364982605,0.31738364696502686,0.2409965991973877,0.2409965991973877,0.2409965991973877,1.0,1.0,1.0,1.0,1.0,0.6000000238418579,0.0,0.9241682291030884,1.0,0.8946072459220886,1.0,0.8946072459220886,0.9998013377189636,0.2409965991973877,0.5516663527467025,0.5354012864986482,0.8345138579334023
6147,0.3382444381713867,0.64935702085495,0.3899572789669037,0.30826863646507263,0.3165073096752167,0.1944187581539154,0.1944187581539154,0.1944187581539154,1.0,1.0,1.0,1.0,1.0,0.6000000238418579,0.0,0.6373651027679443,1.0,0.014950625598430634,0.0,0.9850493669509888,0.9931356906890869,0.1944187581539154,0.6307811517324489,0.4824214838225847,0.706633176327394
9451,0.4224131107330322,0.9760587811470032,0.5813273191452026,0.4836135506629944,0.20229850709438324,0.22526490688323975,0.8569146990776062,0.494051992893219,0.6000000238418579,0.0,0.0,0.4000000059604645,0.0,0.20000000298023224,0.0,0.9094509482383728,0.0,0.6546695232391357,0.0,0.6546695232391357,0.688954770565033,0.494051992893219,0.3243577086678822,0.298227584752822,0.44703785408367935
8486,0.37901362776756287,0.7809964418411255,0.44471675157546997,0.5770092606544495,0.11531484127044678,0.22051511704921722,1.2897484302520752,0.22051511704921722,1.0,1.0,0.0,0.0,0.0,1.0,1.0,0.7809964418411255,1.0,0.4370858669281006,1.0,0.5629141330718994,0.9998663663864136,0.22051511704921722,1.4644374501197244,0.5881190560496223,0.7549298211004133
6038,0.32346320152282715,0.7052434682846069,0.5727670788764954,0.11168551445007324,0.2859369218349457,0.20155636966228485,0.20155636966228485,0.20155636966228485,1.0,1.0,1.0,1.0,1.0,1.0,1.0,0.7052434682846069,1.0,0.2610003650188446,0.0,0.738999605178833,0.5398059487342834,0.20155636966228485,0.5547296840458884,0.3923968038571918,0.6131244967284755
5215,0.3411802351474762,0.7246422171592712,0.6638226509094238,0.20279045403003693,0.15692761540412903,0.08418979495763779,0.08418979495763779,0.08418979495763779,1.0,1.0,1.0,1.0,1.0,0.6000000238418579,0.0,0.716612696647644,1.0,0.9284056425094604,1.0,0.9284056425094604,0.9997016787528992,0.08418979495763779,0.41084658602011215,0.367539075143363,0.38337109234563227
7075,0.3038443326950073,0.6403583884239197,0.4594285488128662,0.2216576784849167,0.2304467409849167,0.08529790490865707,0.08529790490865707,0.08529790490865707,1.0,1.0,1.0,1.0,1.0,0.6000000238418579,0.0,0.6443862318992615,1.0,0.03851338103413582,0.0,0.9614866375923157,0.974277913570404,0.08529790490865707,0.3107981309374487,0.3107981309374487,0.7976667022695096
9573,0.3363366723060608,0.6803012490272522,0.517570436000824,0.2661801278591156,0.2252594530582428,0.14557570219039917,1.2274523973464966,0.14557570219039917,1.0,1.0,0.0,0.0,0.0,0.6000000238418579,0.0,0.5459087491035461,1.0,0.9543647766113281,0.0,0.9543647766113281,0.9997667670249939,0.14557570219039917,0.4560000834149548,0.4055874845631502,0.5227038228108212
6582,0.6140942573547363,1.3312619924545288,0.8758960962295532,0.6011666059494019,0.3652198910713196,0.19582507014274597,0.6382459998130798,0.6382459998130798,0.6000000238418579,0.0,1.0,0.6000000238418579,0.0,0.20000000298023224,0.0,0.8560853004455566,0.0,0.36145615577697754,0.0,0.6385438442230225,0.8740866780281067,0.6382459998130798,1.8067655205976847,0.3203239797300979,0.5721331679801386
3494,0.3259820342063904,0.664113461971283,0.48480281233787537,0.3339502215385437,0.15919305384159088,0.18507280945777893,0.18507280945777893,0.18507280945777893,1.0,1.0,1.0,1.0,1.0,0.6000000238418579,0.0,0.6631502509117126,1.0,0.9808995723724365,1.0,0.9808995723724365,0.9830105304718018,0.18507280945777893,0.19636968526537196,0.19606389439776592,0.3399099511581693
2873,0.2836748957633972,0.5785436034202576,0.33176618814468384,0.3427611291408539,0.17649734020233154,0.08571986109018326,0.08571986109018326,0.08571986109018326,1.0,1.0,1.0,1.0,1.0,1.0,1.0,0.5785436034202576,1.0,0.08387862145900726,0.0,0.9161213636398315,0.990617573261261,0.08571986109018326,0.35710006391484783,0.3562681147885275,0.7341121311015886
7359,0.4230630695819855,0.8467440009117126,0.4943385124206543,0.5170477032661438,0.25780293345451355,0.18375734984874725,0.18375734984874725,0.18375734984874725,1.0,1.0,1.0,1.0,1.0,1.0,1.0,0.8599672317504883,1.0,0.1088956668972969,0.0,0.8911043405532837,0.9793179035186768,0.18375734984874725,0.11065429713667076,0.11065429713667076,0.3365295208885939
345,0.22608467936515808,0.48544636368751526,0.32503315806388855,0.1960059553384781,0.15721487998962402,0.1409834921360016,0.1409834921360016,0.1409834921360016,1.0,1.0,1.0,1.0,1.0,1.0,1.0,0.48544636368751526,1.0,0.9227803945541382,1.0,0.9227803945541382,0.945275068283081,0.1409834921360016,0.17476224569291457,0.17462690353208912,0.3994594108414021
1950,0.36832448840141296,0.7626779675483704,0.46334701776504517,0.5372368097305298,0.10438960790634155,0.06904508173465729,0.06904508173465729,0.06904508173465729,1.0,1.0,1.0,1.0,1.0,1.0,1.0,0.7626779675483704,1.0,0.9814181923866272,1.0,0.9814181923866272,0.9966235160827637,0.06904508173465729,0.22420231912791977,0.22420231912791977,0.3770428199925408
4883,0.3788221776485443,0.7235199213027954,0.5371392369270325,0.35758671164512634,0.2417406290769577,0.1434965878725052,0.1434965878725052,0.1434965878725052,1.0,1.0,1.0,1.0,1.0,1.0,1.0,0.7733768224716187,1.0,0.1112145185470581,0.0,0.8887854814529419,0.8608756065368652,0.1434965878725052,0.12853070740454434,0.12853070740454434,0.27884572015323006
145,0.44772717356681824,0.8697229623794556,0.5146523714065552,0.5470707416534424,0.28145846724510193,0.14754918217658997,0.7545031309127808,0.5690678358078003,0.6000000238418579,0.0,0.0,0.4000000059604645,0.0,0.20000000298023224,0.0,0.8711606860160828,0.0,0.14789877831935883,1.0,0.85210120677948,0.7319915890693665,0.5690678358078003,0.5509267833212572,0.3721824435547482,0.4565325568341662
6395,0.3446896970272064,0.731417179107666,0.5291628837585449,0.3232192099094391,0.18168695271015167,0.11478862911462784,0.11478862911462784,0.11478862911462784,1.0,1.0,1.0,1.0,1.0,1.0,1.0,0.731417179107666,1.0,0.9735333919525146,1.0,0.9735333919525146,0.9866592884063721,0.11478862911462784,0.21529196804205022,0.21529196804205022,0.5171720190579482
562,0.30513814091682434,0.6302669644355774,0.41100144386291504,0.23815567791461945,0.2662571966648102,0.18762293457984924,0.18762293457984924,0.18762293457984924,1.0,1.0,1.0,1.0,1.0,1.0,1.0,0.6302669644355774,1.0,0.028698226436972618,0.0,0.971301794052124,0.9864956140518188,0.18762293457984924,0.2594811010389274,0.25141184305270015,0.5286170958231274
1114,0.35949477553367615,0.7080329656600952,0.4543320834636688,0.39652201533317566,0.22763018310070038,0.11495593935251236,0.11495593935251236,0.11495593935251236,1.0,1.0,1.0,1.0,1.0,1.0,1.0,0.7080329656600952,1.0,0.16496576368808746,0.0,0.8350342512130737,0.9702290296554565,0.11495593935251236,0.4496675508579288,0.4349328041340538,0.7701245696065193
5561,0.33425435423851013,0.655692994594574,0.29989752173423767,0.3937928378582001,0.3090725839138031,0.14303651452064514,0.14303651452064514,0.14303651452064514,1.0,1.0,1.0,1.0,1.0,0.6000000238418579,0.0,0.6357672214508057,1.0,0.7767913341522217,1.0,0.7767913341522217,0.9999035596847534,0.14303651452064514,0.7255697440083515,0.6948478103220136,0.9074431510192729
5889,0.3715573251247406,0.7590624690055847,0.5352625250816345,0.34360843896865845,0.23580102622509003,0.1629514843225479,0.1629514843225479,0.1629514843225479,1.0,1.0,1.0,1.0,1.0,1.0,1.0,0.7590624690055847,1.0,0.019638050347566605,0.0,0.9803619384765625,0.9836967587471008,0.1629514843225479,0.10889822617692897,0.10889822617692897,0.23720365707690264
2632,0.47525137662887573,0.9903932809829712,0.5976125597953796,0.5640984773635864,0.26404306292533875,0.13493923842906952,0.13493923842906952,0.13493923842906952,1.0,1.0,1.0,1.0,1.0,0.6000000238418579,0.0,0.72572261095047,1.0,0.5543553829193115,1.0,0.5543553829193115,0.999972939491272,0.13493923842906952,1.2272638205804798,0.804020713497279,0.9574541239175316
2452,0.3500326871871948,0.6880353093147278,0.3849954903125763,0.40359988808631897,0.261502742767334,0.1794252246618271,0.1794252246618271,0.1794252246618271,1.0,1.0,1.0,1.0,1.0,1.0,1.0,0.7470456957817078,1.0,0.8855326175689697,1.0,0.8855326175689697,0.4898141324520111,0.1794252246618271,0.13572449717863347,0.13572449717863347,0.3011348589151104
4347,0.27527791261672974,0.5578386783599854,0.34607455134391785,0.27807360887527466,0.20168553292751312,0.16327707469463348,0.16327707469463348,0.16327707469463348,1.0,1.0,1.0,1.0,1.0,1.0,1.0,0.662084698677063,1.0,0.024214155972003937,0.0,0.9757858514785767,0.9573850631713867,0.16327707469463348,0.07962380883723877,0.07962380883723877,0.1780793060945938
9158,0.2846543788909912,0.5294660925865173,0.2913285195827484,0.2712313234806061,0.29140329360961914,0.12143409252166748,0.12143409252166748,0.12143409252166748,1.0,1.0,1.0,1.0,1.0,1.0,1.0,0.5294660925865173,1.0,0.22532223165035248,0.0,0.7746777534484863,0.999969482421875,0.12143409252166748,0.6538527077859093,0.6283558043774532,1.0578281016302684
9619,0.3411005735397339,0.6644887924194336,0.42760607600212097,0.4021525979042053,0.1935429871082306,0.08899422734975815,0.08899422734975815,0.08899422734975815,1.0,1.0,1.0,1.0,1.0,0.6000000238418579,0.0,0.7174187898635864,1.0,0.05251911282539368,0.0,0.9474809169769287,0.999800980091095,0.08899422734975815,1.575703741141972,1.545030520398692,34.79052960566919
8050,0.45185092091560364,0.8825567364692688,0.6231834292411804,0.4324827194213867,0.299886554479599,0.14881208539009094,0.14881208539009094,0.14881208539009094,1.0,1.0,1.0,1.0,1.0,0.6000000238418579,0.0,0.8506771922111511,1.0,0.9817279577255249,1.0,0.9817279577255249,0.9990448355674744,0.14881208539009094,0.636201179555744,0.5544602145358168,0.7926240746914925
8882,0.3941069543361664,0.7832106947898865,0.4281916320323944,0.45450982451438904,0.29961931705474854,0.20074298977851868,0.20074298977851868,0.20074298977851868,1.0,1.0,1.0,1.0,1.0,0.6000000238418579,0.0,0.7481570839881897,1.0,0.9486373066902161,1.0,0.9486373066902161,0.9994145631790161,0.20074298977851868,0.5854624474713407,0.553321027735683,0.8958100363602443
667,0.36006197333335876,0.8018028140068054,0.32449406385421753,0.6717092394828796,0.0839826688170433,0.0936133936047554,0.0936133936047554,0.0936133936047554,1.0,1.0,1.0,1.0,1.0,0.6000000238418579,0.0,0.521756112575531,1.0,0.8137471079826355,1.0,0.8137471079826355,0.9999520778656006,0.0936133936047554,0.9217569219132746,0.7684117084967663,0.9289956049682774
7890,0.25890177488327026,0.5298810601234436,0.3218373656272888,0.27358388900756836,0.18128401041030884,0.11533363163471222,0.11533363163471222,0.11533363163471222,1.0,1.0,1.0,1.0,1.0,1.0,1.0,0.5298810601234436,1.0,0.9515256285667419,1.0,0.9515256285667419,0.9894825220108032,0.11533363163471222,0.18507453808067448,0.18507453808067448,0.38559489669786506
287,0.5212759971618652,1.1279706954956055,0.4519762694835663,0.9474062323570251,0.16444554924964905,0.12164256721735,0.12164256721735,0.12164256721735,1.0,1.0,1.0,1.0,1.0,0.6000000238418579,0.0,0.9830648303031921,1.0,0.5800864696502686,1.0,0.5800864696502686,0.9982168078422546,0.12164256721735,0.8778906609507425,0.8699493659094586,0.9962495033755705
9875,0.41557180881500244,0.830110490322113,0.6023470163345337,0.3874433934688568,0.2569250166416168,0.14619839191436768,0.14619839191436768,0.14619839191436768,1.0,1.0,1.0,1.0,1.0,0.6000000238418579,0.0,0.8257688879966736,1.0,0.7731664180755615,1.0,0.7731664180755615,0.9999873638153076,0.14619839191436768,0.8370489459428248,0.740954105422029,0.9374579686685832
2215,0.34981289505958557,0.712956428527832,0.46639490127563477,0.45937299728393555,0.12367065250873566,0.15454518795013428,0.15454518795013428,0.15454518795013428,1.0,1.0,1.0,1.0,1.0,1.0,1.0,0.712956428527832,1.0,0.9874650239944458,1.0,0.9874650239944458,0.9883772730827332,0.15454518795013428,0.2679771548937479,0.2679771548937479,0.6372255387074641
8352,0.4861821234226227,1.0077390670776367,0.6935182809829712,0.48130670189857483,0.2837212085723877,0.12893997132778168,0.12893997132778168,0.12893997132778168,1.0,1.0,1.0,1.0,1.0,0.6000000238418579,0.0,0.738385796546936,1.0,0.9706267714500427,1.0,0.9706267714500427,0.9976187348365784,0.12893997132778168,0.4941572331107437,0.4546001852183975,0.8755224522848482
6755,0.19772452116012573,0.3667161166667938,0.20991884171962738,0.22280970215797424,0.16044501960277557,0.18792226910591125,0.18792226910591125,0.18792226910591125,1.0,1.0,1.0,1.0,1.0,1.0,1.0,0.3667161166667938,1.0,0.06924145668745041,0.0,0.930758535861969,0.999009370803833,0.18792226910591125,0.1443224717323861,0.14306025344615012,0.19492302859606347
9750,0.3376999795436859,0.7263113260269165,0.5432141423225403,0.3144725561141968,0.15541315078735352,0.16426895558834076,0.16426895558834076,0.16426895558834076,1.0,1.0,1.0,1.0,1.0,1.0,1.0,0.7263113260269165,1.0,0.9148445129394531,1.0,0.9148445129394531,0.6811292171478271,0.16426895558834076,0.34597713310052164,0.34597713310052164,0.6922320843836028
6333,0.3634076714515686,0.7683618664741516,0.5646623969078064,0.30211660265922546,0.223443865776062,0.13559572398662567,0.13559572398662567,0.13559572398662567,1.0,1.0,1.0,1.0,1.0,1.0,1.0,0.7683618664741516,1.0,0.0281996913254261,0.0,0.9718003273010254,0.9998726844787598,0.13559572398662567,0.6989585501940557,0.6654544195661619,0.9088742213046745
8250,0.3449442982673645,0.6797721982002258,0.38558200001716614,0.4550308287143707,0.19422006607055664,0.17416700720787048,0.17416700720787048,0.17416700720787048,1.0,1.0,1.0,1.0,1.0,1.0,1.0,0.6797721982002258,1.0,0.265442430973053,0.0,0.734557569026947,0.8943715691566467,0.17416700720787048,0.12204079025683474,0.12204079025683474,0.238239049444113
4558,0.7827630043029785,1.7324291467666626,1.182004690170288,0.8749580383300781,0.29132625460624695,0.17811013758182526,1.3753349781036377,0.17811013758182526,1.0,1.0,0.0,0.0,0.0,0.20000000298023224,0.0,0.9588877558708191,1.0,0.4323936104774475,1.0,0.5676063895225525,0.9999947547912598,0.17811013758182526,0.4976666170483232,0.4712270901096695,0.7303249693898045
3796,0.22393688559532166,0.44585901498794556,0.12535212934017181,0.36066892743110657,0.18578961491584778,0.07380302250385284,0.07380302250385284,0.07380302250385284,1.0,1.0,1.0,1.0,1.0,1.0,1.0,0.44585901498794556,1.0,0.8456680178642273,1.0,0.8456680178642273,0.8410588502883911,0.07380302250385284,0.06521714002964714,0.06521714002964714,0.14491859642938196
7066,0.3146444857120514,0.5734567642211914,0.32989728450775146,0.39147821068763733,0.2225579023361206,0.17186446487903595,0.17186446487903595,0.17186446487903595,1.0,1.0,1.0,1.0,1.0,1.0,1.0,0.5734567642211914,1.0,0.8350295424461365,1.0,0.8350295424461365,0.9985779523849487,0.17186446487903595,0.33201998156572937,0.31766945281000697,0.49572823087087314
9541,0.29469379782676697,0.6478765606880188,0.13395480811595917,0.5719311833381653,0.17819546163082123,0.10010578483343124,0.10010578483343124,0.10010578483343124,1.0,1.0,1.0,1.0,1.0,0.6000000238418579,0.0,0.6470033526420593,1.0,0.026483595371246338,0.0,0.9735164046287537,0.938720166683197,0.10010578483343124,0.06713744208176792,0.06713744208176792,0.1446963439853031
261,0.22097349166870117,0.40179282426834106,0.2809031009674072,0.22328630089759827,0.15873102843761444,0.1364557296037674,0.1364557296037674,0.1364557296037674,1.0,1.0,1.0,1.0,1.0,1.0,1.0,0.40179282426834106,1.0,0.2983998954296112,0.0,0.7016000747680664,0.9993618130683899,0.1364557296037674,0.3433794929937853,0.3402444891071167,0.6379730520705559
8382,0.35712575912475586,0.7022036910057068,0.4695398509502411,0.25589510798454285,0.3459422290325165,0.12493953853845596,0.12493953853845596,0.12493953853845596,1.0,1.0,1.0,1.0,1.0,0.6000000238418579,0.0,0.7171427607536316,1.0,0.9021812081336975,1.0,0.9021812081336975,0.9349160194396973,0.12493953853845596,0.37877418415532227,0.3250212557808503,0.6403866220349087
764,0.2497437745332718,0.4994547963142395,0.32587429881095886,0.24617019295692444,0.1771867573261261,0.17506875097751617,0.17506875097751617,0.17506875097751617,1.0,1.0,1.0,1.0,1.0,1.0,1.0,0.4994547963142395,1.0,0.03325636684894562,0.0,0.9667436480522156,0.9958653450012207,0.17506875097751617,0.38275908607023934,0.38275908607023934,0.7551227206521703
6705,0.3196718394756317,0.6132006049156189,0.3127041757106781,0.2911079525947571,0.35520339012145996,0.15112590789794922,0.15112590789794922,0.15112590789794922,1.0,1.0,1.0,1.0,1.0,1.0,1.0,0.6132006049156189,1.0,0.09183543920516968,0.0,0.9081645607948303,0.8703033924102783,0.15112590789794922,0.24689748838466505,0.24689748838466505,0.6349709280367067
8651,0.24053171277046204,0.4459879994392395,0.21576645970344543,0.26673802733421326,0.23909060657024384,0.13476140797138214,0.13476140797138214,0.13476140797138214,1.0,1.0,1.0,1.0,1.0,1.0,1.0,0.4459879994392395,1.0,0.01811281405389309,0.0,0.98188716173172,0.9820074439048767,0.13476140797138214,0.17291751944229608,0.17291751944229608,0.4872191818839524
7378,0.3118780553340912,0.6159442663192749,0.34479036927223206,0.3322610855102539,0.2585826814174652,0.13890211284160614,0.13890211284160614,0.13890211284160614,1.0,1.0,1.0,1.0,1.0,1.0,1.0,0.6159442663192749,1.0,0.05639998987317085,0.0,0.9435999989509583,0.9992094039916992,0.13890211284160614,0.39650577162484574,0.3024626037717832,0.26673421276966125
3797,0.26980113983154297,0.5395887494087219,0.1681111603975296,0.41680485010147095,0.2244873344898224,0.2059754580259323,0.2059754580259323,0.2059754580259323,1.0,1.0,1.0,1.0,1.0,1.0,1.0,0.5395887494087219,1.0,0.9199378490447998,1.0,0.9199378490447998,0.9791962504386902,0.2059754580259323,0.3007170255566161,0.29874657815520583,0.5718553416197979
2685,0.3521077632904053,0.694795548915863,0.46165552735328674,0.32736921310424805,0.26729846000671387,0.15312135219573975,0.15312135219573975,0.15312135219573975,1.0,1.0,1.0,1.0,1.0,1.0,1.0,0.694795548915863,1.0,0.09146630764007568,0.0,0.9085336923599243,0.802962064743042,0.15312135219573975,0.16641662386618325,0.16641662386618325,0.30020697861232365
503,0.36538586020469666,0.7280511260032654,0.31249648332595825,0.5041475296020508,0.27951356768608093,0.1322898119688034,0.1322898119688034,0.1322898119688034,1.0,1.0,1.0,1.0,1.0,1.0,1.0,0.7280511260032654,1.0,0.9022958874702454,1.0,0.9022958874702454,0.9980339407920837,0.1322898119688034,0.33943731997722953,0.3160632574517093,0.6546835934830917
1259,0.3156740069389343,0.6629590392112732,0.3482533395290375,0.45750436186790466,0.14126430451869965,0.2056625336408615,0.2056625336408615,0.2056625336408615,1.0,1.0,1.0,1.0,1.0,1.0,1.0,0.6629590392112732,1.0,0.9524964094161987,1.0,0.9524964094161987,0.9999074935913086,0.2056625336408615,0.512077198948761,0.47015463383849326,0.625169216371195
1023,0.43103641271591187,0.8425526022911072,0.6097896695137024,0.5260039567947388,0.15731559693813324,0.1571725308895111,0.1571725308895111,0.1571725308895111,1.0,1.0,1.0,1.0,1.0,1.0,1.0,0.8425526022911072,1.0,0.9200199246406555,1.0,0.9200199246406555,0.8903507590293884,0.1571725308895111,0.1070711570789104,0.10680648339888674,0.21371182378463316
6424,0.3743007779121399,0.8090807795524597,0.6114305853843689,0.3350652754306793,0.17640645802021027,0.17188890278339386,0.17188890278339386,0.17188890278339386,1.0,1.0,1.0,1.0,1.0,1.0,1.0,0.7816530466079712,1.0,0.0642760694026947,0.0,0.9357239007949829,0.9050620198249817,0.17188890278339386,0.2115782520570666,0.2115782520570666,0.38647845547667586
7210,0.41926828026771545,0.8523020148277283,0.5160779356956482,0.5375299453735352,0.2041969746351242,0.1446242332458496,0.1446242332458496,0.1446242332458496,1.0,1.0,1.0,1.0,1.0,0.6000000238418579,0.0,0.8165373206138611,1.0,0.310116171836853,0.0,0.689883828163147,0.9999604225158691,0.1446242332458496,0.9341171699732383,0.877045598646279,0.9835306290245645
6243,0.25068315863609314,0.535104513168335,0.12426469475030899,0.4182509481906891,0.20953379571437836,0.1284254938364029,0.1284254938364029,0.1284254938364029,1.0,1.0,1.0,1.0,1.0,1.0,1.0,0.535104513168335,1.0,0.964686393737793,1.0,0.964686393737793,0.9875084757804871,0.1284254938364029,0.10198553661213255,0.10198553661213255,0.21809416696459397
314,0.30304470658302307,0.6326077580451965,0.39103811979293823,0.3934001326560974,0.12469589710235596,0.13938191533088684,0.13938191533088684,0.13938191533088684,1.0,1.0,1.0,1.0,1.0,1.0,1.0,0.6326077580451965,1.0,0.9666709303855896,1.0,0.9666709303855896,0.9809509515762329,0.13938191533088684,0.16001171988252644,0.16001171988252644,0.36364074903450516
5413,0.12259507179260254,0.25555184483528137,0.1154790073633194,0.14741145074367523,0.10489474982023239,0.1145075336098671,0.1145075336098671,0.1145075336098671,1.0,1.0,1.0,1.0,1.0,1.0,1.0,0.25555184483528137,1.0,0.9682505130767822,1.0,0.9682505130767822,0.9637752175331116,0.1145075336098671,0.069082654597826,0.069082654597826,0.10588466149974848
886,0.3867429196834564,0.8241867423057556,0.6862680315971375,0.2918683588504791,0.1820923238992691,0.15819692611694336,0.15819692611694336,0.15819692611694336,1.0,1.0,1.0,1.0,1.0,0.6000000238418579,0.0,0.6187615990638733,1.0,0.06673206388950348,0.0,0.9332679510116577,0.9991888403892517,0.15819692611694336,0.6345218735756423,0.528624782345688,0.7797894547742875
3610,0.27772608399391174,0.631432831287384,0.08091559261083603,0.5427460670471191,0.20951655507087708,0.1519804447889328,0.1519804447889328,0.1519804447889328,1.0,1.0,1.0,1.0,1.0,1.0,1.0,0.631432831287384,1.0,0.8655093312263489,1.0,0.8655093312263489,0.9998573064804077,0.1519804447889328,0.3892133060408173,0.350128837387389,0.4396896534436577
2903,0.357176810503006,0.675234317779541,0.31145384907722473,0.48398295044898987,0.27609357237815857,0.13588973879814148,0.13588973879814148,0.13588973879814148,1.0,1.0,1.0,1.0,1.0,1.0,1.0,0.675234317779541,1.0,0.06405988335609436,0.0,0.935940146446228,0.8994233012199402,0.13588973879814148,0.08679684063046132,0.08679684063046132,0.18642102047383705
2226,0.4304652214050293,0.8434786200523376,0.5037872195243835,0.4411417543888092,0.3464665412902832,0.1388089656829834,0.1388089656829834,0.1388089656829834,1.0,1.0,1.0,1.0,1.0,1.0,1.0,0.8434786200523376,1.0,0.009953875094652176,0.0,0.9900461435317993,0.9878074526786804,0.1388089656829834,0.12363924514094406,0.12363924514094406,0.4233742217928443
1540,0.44134998321533203,0.9625043869018555,0.7676967978477478,0.41342851519584656,0.14292459189891815,0.20032592117786407,0.20032592117786407,0.20032592117786407,1.0,1.0,1.0,1.0,1.0,0.6000000238418579,0.0,0.8835933804512024,1.0,0.8733126521110535,1.0,0.8733126521110535,0.9998601675033569,0.20032592117786407,0.477869725546207,0.47342209248039785,0.6036429801150737
5905,0.4994608163833618,0.9865335822105408,0.7350218892097473,0.4838627278804779,0.2794976532459259,0.12918983399868011,0.12918983399868011,0.12918983399868011,1.0,1.0,1.0,1.0,1.0,1.0,1.0,0.9865335822105408,1.0,0.05533304437994957,0.0,0.9446669816970825,0.9992817044258118,0.12918983399868011,0.45253474823585915,0.4521724862596213,0.6668409595210527
4462,0.3533838391304016,0.6736932992935181,0.4387083947658539,0.419333279132843,0.20210985839366913,0.18405166268348694,0.18405166268348694,0.18405166268348694,1.0,1.0,1.0,1.0,1.0,1.0,1.0,0.6736932992935181,1.0,0.04059338942170143,0.0,0.9594066143035889,0.9926142692565918,0.18405166268348694,0.20814919892163858,0.20814919892163858,0.4907430444222429
9445,0.2927005887031555,0.5711702704429626,0.39082738757133484,0.20115990936756134,0.2861144542694092,0.1849365383386612,0.1849365383386612,0.1849365383386612,1.0,1.0,1.0,1.0,1.0,1.0,1.0,0.5711702704429626,1.0,0.18170201778411865,0.0,0.8182979822158813,0.7570321559906006,0.1849365383386612,0.38565172556361493,0.3855151659956142,0.7033922115687908
9569,0.43568333983421326,0.884511411190033,0.6223339438438416,0.4902622699737549,0.19445374608039856,0.10428822040557861,1.2308748960494995,0.10428822040557861,1.0,1.0,0.0,0.0,0.0,0.6000000238418579,0.0,0.7590373754501343,1.0,0.5727748870849609,0.0,0.5727748870849609,0.9994845390319824,0.10428822040557861,0.7362996236305132,0.6821952237671209,0.7814773050822298
1732,0.5149919390678406,1.0856103897094727,0.8788501024246216,0.4568771421909332,0.20924846827983856,0.13269345462322235,1.3073238134384155,0.13269345462322235,1.0,1.0,0.0,0.0,0.0,0.20000000298023224,0.0,0.6775767207145691,1.0,0.8698500990867615,0.0,0.8698500990867615,0.9999866485595703,0.13269345462322235,0.9054539125253931,0.7986262131464061,0.949276952845504
1836,0.40554285049438477,0.863800048828125,0.5032117366790771,0.5351685881614685,0.17824816703796387,0.18971103429794312,0.18971103429794312,0.18971103429794312,1.0,1.0,1.0,1.0,1.0,1.0,1.0,0.8398972749710083,1.0,0.370852530002594,0.0,0.629147469997406,0.817529022693634,0.18971103429794312,0.49435920116831905,0.41787883815113347,0.6497152704159996
7759,0.4067097008228302,0.7834364771842957,0.39797037839889526,0.6080591082572937,0.21409957110881805,0.09459556639194489,0.09459556639194489,0.09459556639194489,1.0,1.0,1.0,1.0,1.0,0.6000000238418579,0.0,0.8162393569946289,1.0,0.8384225368499756,1.0,0.8384225368499756,0.9975932240486145,0.09459556639194489,0.4631094260415064,0.4540688847353655,0.7542833360226266
8053,0.41704389452934265,0.8315510153770447,0.5367507338523865,0.3590828478336334,0.35529810190200806,0.22589503228664398,0.22589503228664398,0.22589503228664398,1.0,1.0,1.0,1.0,1.0,1.0,1.0,0.8315510153770447,1.0,0.7544455528259277,1.0,0.7544455528259277,0.9999619722366333,0.22589503228664398,0.4136573398836307,0.39778391162219184,0.52154761683687
2607,0.37188950181007385,0.734969973564148,0.3421717584133148,0.40827909111976624,0.3652176558971405,0.1504824459552765,0.1504824459552765,0.1504824459552765,1.0,1.0,1.0,1.0,1.0,1.0,1.0,0.734969973564148,1.0,0.9762078523635864,1.0,0.9762078523635864,0.9870761036872864,0.1504824459552765,0.24870955862235156,0.24727992643773644,0.47773094282243533
8867,0.2799898087978363,0.5908390879631042,0.41718626022338867,0.29987579584121704,0.12290733307600021,0.2023925632238388,0.2023925632238388,0.2023925632238388,1.0,1.0,1.0,1.0,1.0,1.0,1.0,0.5908390879631042,1.0,0.9380741715431213,1.0,0.9380741715431213,0.9797234535217285,0.2023925632238388,0.16907289507839493,0.16907289507839493,0.29428355404093876
2407,0.43679702281951904,0.8842501044273376,0.615514874458313,0.4323672354221344,0.26250898838043213,0.1567648947238922,0.1567648947238922,0.1567648947238922,1.0,1.0,1.0,1.0,1.0,1.0,1.0,0.8842501044273376,1.0,0.25949835777282715,0.0,0.7405016422271729,0.9135055541992188,0.1567648947238922,0.29891265546875717,0.29891265546875717,0.622845817912969
7784,0.3650299906730652,0.7654520869255066,0.30428680777549744,0.5304857492446899,0.260317325592041,0.13273245096206665,0.13273245096206665,0.13273245096206665,1.0,1.0,1.0,1.0,1.0,1.0,1.0,0.7654520869255066,1.0,0.14994263648986816,0.0,0.8500573635101318,0.7516142725944519,0.13273245096206665,0.2979519587700136,0.2979519587700136,0.6682058381503312
8630,0.35485124588012695,0.6929344534873962,0.4612235128879547,0.42113590240478516,0.18219421803951263,0.16765400767326355,0.16765400767326355,0.16765400767326355,1.0,1.0,1.0,1.0,1.0,1.0,1.0,0.6929344534873962,1.0,0.07511266320943832,0.0,0.9248873591423035,0.9980624318122864,0.16765400767326355,0.22189030222167935,0.22176743510911662,0.42381671237655216
9789,0.4701855480670929,0.9151372909545898,0.7005655169487,0.5413438081741333,0.16864721477031708,0.12936320900917053,0.12936320900917053,0.12936320900917053,1.0,1.0,1.0,1.0,1.0,1.0,1.0,0.9151372909545898,1.0,0.016721975058317184,0.0,0.9832780361175537,0.9846929311752319,0.12936320900917053,0.572058192813311,0.572058192813311,2.634036291884611
7482,0.17651629447937012,0.372268944978714,0.3063235282897949,0.09520082920789719,0.12802448868751526,0.23356962203979492,0.23356962203979492,0.23356962203979492,1.0,1.0,1.0,1.0,1.0,1.0,1.0,0.372268944978714,1.0,0.9797599911689758,1.0,0.9797599911689758,0.9859594702720642,0.23356962203979492,0.09905850575354999,0.09083260774868283,0.10478957758933949
2248,0.46333009004592896,0.9918680191040039,0.6876718401908875,0.39761608839035034,0.30470237135887146,0.11084256321191788,0.11084256321191788,0.11084256321191788,1.0,1.0,1.0,1.0,1.0,0.20000000298023224,0.0,0.8600818514823914,1.0,0.033658843487501144,0.0,0.9663411378860474,0.999670147895813,0.11084256321191788,1.0703693541337873,0.6784127615265496,0.8598320768336213
4054,0.2793106734752655,0.6146039366722107,0.3121969699859619,0.2282826155424118,0.297452449798584,0.1859542429447174,1.2157477140426636,0.1859542429447174,1.0,1.0,0.0,0.0,0.0,1.0,1.0,0.6146039366722107,1.0,0.6999978423118591,0.0,0.6999978423118591,0.6818878650665283,0.1859542429447174,1.6878820961168506,0.4208887904835117,0.772869513886927
9467,0.18142254650592804,0.3733278214931488,0.25776398181915283,0.1249062567949295,0.1615973263978958,0.1104055866599083,0.231475830078125,0.231475830078125,0.20000000298023224,0.0,0.0,0.800000011920929,0.0,0.20000000298023224,0.0,0.3733278214931488,0.0,0.6310967206954956,0.0,0.6310967206954956,0.29064446687698364,1.1446812152862549,0.16103527246668356,0.16103527246668356,0.35763725146905584
805,0.2142433375120163,0.42155691981315613,0.2531315088272095,0.15838563442230225,0.23121288418769836,0.18817459046840668,0.18817459046840668,0.18817459046840668,1.0,1.0,1.0,1.0,1.0,0.6000000238418579,0.0,0.3814314305782318,1.0,0.9760896563529968,1.0,0.9760896563529968,0.997374415397644,0.18817459046840668,0.34328945827854135,0.3346372724871039,0.623750791726273
4842,0.49096766114234924,1.0493324995040894,0.6288357377052307,0.7272073030471802,0.11685986816883087,0.10780873149633408,0.10780873149633408,0.10780873149633408,1.0,1.0,1.0,1.0,1.0,0.6000000238418579,0.0,0.9688030481338501,1.0,0.05210890993475914,0.0,0.947891116142273,0.9998441934585571,0.10780873149633408,1.2827345594513329,0.5529908184461408,0.8022558189476351
7883,0.2737681269645691,0.5194981098175049,0.16103120148181915,0.35283082723617554,0.3074422776699066,0.1214161068201065,0.1214161068201065,0.1214161068201065,1.0,1.0,1.0,1.0,1.0,1.0,1.0,0.5194981098175049,1.0,0.052273739129304886,0.0,0.9477262496948242,0.9946436882019043,0.1214161068201065,0.6060804518157321,0.5951296005273734,1.0888097480086956
8615,0.25996172428131104,0.5039708018302917,0.36301887035369873,0.26441165804862976,0.15245459973812103,0.1688987761735916,0.1688987761735916,0.1688987761735916,1.0,1.0,1.0,1.0,1.0,1.0,1.0,0.5039708018302917,1.0,0.9385296702384949,1.0,0.9385296702384949,0.9536877870559692,0.1688987761735916,0.152593713543382,0.152593713543382,0.6160571844963749
8310,0.34206315875053406,0.6661254167556763,0.28457316756248474,0.5455796122550964,0.1960366815328598,0.11224737018346786,0.11224737018346786,0.11224737018346786,1.0,1.0,1.0,1.0,1.0,1.0,1.0,0.6661254167556763,1.0,0.9773979783058167,1.0,0.9773979783058167,0.9677985906600952,0.11224737018346786,0.8804593155389114,0.8495851096128578,8.269965248444533
7505,0.2816210687160492,0.5681714415550232,0.3356683850288391,0.28870806097984314,0.22048668563365936,0.15521331131458282,0.15521331131458282,0.15521331131458282,1.0,1.0,1.0,1.0,1.0,1.0,1.0,0.5681714415550232,1.0,0.7175928950309753,1.0,0.7175928950309753,0.9933991432189941,0.15521331131458282,0.4096188958060483,0.40732061088072885,0.7165142695823044
5649,0.255854070186615,0.5038375854492188,0.225081205368042,0.3527877628803253,0.18969324231147766,0.14869140088558197,0.14869140088558197,0.14869140088558197,1.0,1.0,1.0,1.0,1.0,1.0,1.0,0.5038375854492188,1.0,0.9665763974189758,1.0,0.9665763974189758,0.9371012449264526,0.14869140088558197,0.2522264750310835,0.2522264750310835,0.7090415097304049
3129,0.24144476652145386,0.46784549951553345,0.12325068563222885,0.3883209228515625,0.21276263892650604,0.20049047470092773,0.20049047470092773,0.20049047470092773,1.0,1.0,1.0,1.0,1.0,1.0,1.0,0.46784549951553345,1.0,0.979945719242096,1.0,0.979945719242096,0.9805535078048706,0.20049047470092773,0.10068868321531571,0.10068868321531571,0.23837181040893637
3750,0.4762662947177887,0.9838468432426453,0.6421608924865723,0.5477277636528015,0.2389102280139923,0.09900878369808197,0.09900878369808197,0.09900878369808197,1.0,1.0,1.0,1.0,1.0,1.0,1.0,0.9838468432426453,1.0,0.019611075520515442,0.0,0.9803889393806458,0.9999817609786987,0.09900878369808197,0.4824206730642014,0.4283292123244234,0.7892015128284818
2263,0.3938516676425934,0.9356964230537415,0.47222596406936646,0.6321346163749695,0.07719440013170242,0.1935655176639557,0.1935655176639557,0.1935655176639557,1.0,1.0,1.0,1.0,1.0,0.20000000298023224,0.0,0.924159824848175,1.0,0.8863837122917175,1.0,0.8863837122917175,0.9998786449432373,0.1935655176639557,0.41966029381684145,0.4085772296308282,0.5442984546662907
1885,0.2962377667427063,0.6761555075645447,0.4737660586833954,0.16272392868995667,0.2522233724594116,0.14216871559619904,0.14216871559619904,0.14216871559619904,1.0,1.0,1.0,1.0,1.0,0.6000000238418579,0.0,0.6237006783485413,1.0,0.9789456725120544,1.0,0.9789456725120544,0.9988390803337097,0.14216871559619904,1.2241056681585958,0.6817887512968431,1.0902533755793808
3502,0.4178164303302765,0.8255131840705872,0.4190666675567627,0.3786259889602661,0.45575663447380066,0.2391556352376938,0.2391556352376938,0.2391556352376938,1.0,1.0,1.0,1.0,1.0,0.6000000238418579,0.0,0.8315505981445312,1.0,0.8656662702560425,1.0,0.8656662702560425,0.9999794960021973,0.2391556352376938,0.8032812733873489,0.7912276300300832,0.9700438980434257
6157,0.2853829264640808,0.5566740036010742,0.3264068067073822,0.38854795694351196,0.1411939114332199,0.1265280544757843,0.1265280544757843,0.1265280544757843,1.0,1.0,1.0,1.0,1.0,1.0,1.0,0.5566740036010742,1.0,0.3892068564891815,0.0,0.6107931137084961,0.8033562898635864,0.1265280544757843,0.2224720190719075,0.2224720190719075,0.9233514701881103
9406,0.3240136504173279,0.6261072754859924,0.24247990548610687,0.5091901421546936,0.22037088871002197,0.1329198181629181,0.1329198181629181,0.1329198181629181,1.0,1.0,1.0,1.0,1.0,1.0,1.0,0.6261072754859924,1.0,0.05219046026468277,0.0,0.9478095173835754,0.9202719926834106,0.1329198181629181,0.10009644373098357,0.10009644373098357,0.16617041276036412
9486,0.2961989641189575,0.6350701451301575,0.3492385447025299,0.2536334991455078,0.28572478890419006,0.13918358087539673,0.13918358087539673,0.13918358087539673,1.0,1.0,1.0,1.0,1.0,1.0,1.0,0.6350701451301575,1.0,0.9452669620513916,1.0,0.9452669620513916,0.9984048008918762,0.13918358087539673,0.3247901682962352,0.2742630467138103,0.5431590939241804
3949,0.40600907802581787,0.8546196818351746,0.2522018551826477,0.7680859565734863,0.1977394074201584,0.13580231368541718,0.13580231368541718,0.13580231368541718,1.0,1.0,1.0,1.0,1.0,0.6000000238418579,0.0,0.9048142433166504,1.0,0.8682340383529663,1.0,0.8682340383529663,0.983618438243866,0.13580231368541718,0.27739958347409854,0.22982374677281742,0.3159854151788459
446,0.44769003987312317,0.8975526690483093,0.44061776995658875,0.6206538081169128,0.28179848194122314,0.13634617626667023,0.13634617626667023,0.13634617626667023,1.0,1.0,1.0,1.0,1.0,0.6000000238418579,0.0,0.9102622866630554,1.0,0.9373619556427002,1.0,0.9373619556427002,0.9999381303787231,0.13634617626667023,0.4651132094142602,0.46468756279144363,0.8191752067655909
781,0.42446672916412354,0.8542751669883728,0.5904425978660583,0.36443087458610535,0.3185266852378845,0.0690651684999466,1.2437204122543335,0.0690651684999466,1.0,1.0,0.0,0.0,0.0,0.6000000238418579,0.0,0.8566797375679016,1.0,0.31807443499565125,1.0,0.6819255352020264,0.9999439716339111,0.0690651684999466,1.1503822203819,0.8424456562770721,0.9700536358600171
2423,0.4202025234699249,0.8291312456130981,0.6209961771965027,0.37753280997276306,0.26207855343818665,0.20571771264076233,0.20571771264076233,0.20571771264076233,1.0,1.0,1.0,1.0,1.0,1.0,1.0,0.8291312456130981,1.0,0.929453432559967,1.0,0.929453432559967,0.9317464232444763,0.20571771264076233,0.3077761012797836,0.2917616059427595,0.5348164438832971
2686,0.34776654839515686,0.8055395483970642,0.15115486085414886,0.6203112602233887,0.27183350920677185,0.1474394053220749,0.1474394053220749,0.1474394053220749,1.0,1.0,1.0,1.0,1.0,0.6000000238418579,0.0,0.7772443294525146,1.0,0.028179718181490898,0.0,0.9718202948570251,0.9989936947822571,0.1474394053220749,0.29140063200168326,0.28167954903738734,0.4976074347069438
6107,0.37354376912117004,0.8196873664855957,0.48772111535072327,0.44515448808670044,0.1877555400133133,0.1649445742368698,0.1649445742368698,0.1649445742368698,1.0,1.0,1.0,1.0,1.0,1.0,1.0,0.8196873664855957,1.0,0.06337660551071167,0.0,0.9366233944892883,0.9620744585990906,0.1649445742368698,0.5240587446067315,0.44431159466046505,0.9031465815980695
9154,0.5043693780899048,1.0296214818954468,0.70235675573349,0.6411483883857727,0.1696029156446457,0.17592158913612366,0.17592158913612366,0.17592158913612366,1.0,1.0,1.0,1.0,1.0,0.6000000238418579,0.0,0.8188050389289856,1.0,0.9853605628013611,1.0,0.9853605628013611,0.9995163679122925,0.17592158913612366,0.4511384988353814,0.4511384988353814,0.6088904947910534
7191,0.39867302775382996,0.8761760592460632,0.27746787667274475,0.7593850493431091,0.15916608273983002,0.12480806559324265,0.7886760830879211,0.5098668336868286,0.6000000238418579,0.0,0.0,0.4000000059604645,0.0,0.20000000298023224,0.0,0.5665652751922607,0.0,0.8641523122787476,0.0,0.8641523122787476,0.9837784767150879,0.5098668336868286,0.26734681672857086,0.2651544990514083,0.49630402212539904
2239,0.34101900458335876,0.7282223701477051,0.24053612351417542,0.6126654744148254,0.16985543072223663,0.19693472981452942,0.19693472981452942,0.19693472981452942,1.0,1.0,1.0,1.0,1.0,1.0,1.0,0.7282223701477051,1.0,0.9420119524002075,1.0,0.9420119524002075,0.6626314520835876,0.19693472981452942,0.20221286601424737,0.20221286601424737,0.490411074586169
3577,0.2813757061958313,0.6475968956947327,0.511506199836731,0.23654091358184814,0.09607996046543121,0.20228035748004913,0.20228035748004913,0.20228035748004913,1.0,1.0,1.0,1.0,1.0,1.0,1.0,0.6475968956947327,1.0,0.9845004081726074,1.0,0.9845004081726074,0.9997038245201111,0.20228035748004913,0.26987950044709186,0.2639907984894056,0.34948171075613904
9877,0.3657282590866089,0.7332668304443359,0.5454005599021912,0.26468750834465027,0.2870967388153076,0.13713179528713226,0.13713179528713226,0.13713179528713226,1.0,1.0,1.0,1.0,1.0,1.0,1.0,0.7332668304443359,1.0,0.9668523073196411,1.0,0.9668523073196411,0.9999815225601196,0.13713179528713226,0.6826527271519928,0.5512472654606323,0.7175405776090343
277,0.3751051127910614,0.7963660955429077,0.31625258922576904,0.5881975293159485,0.22086523473262787,0.1792663335800171,0.1792663335800171,0.1792663335800171,1.0,1.0,1.0,1.0,1.0,1.0,1.0,0.7963660955429077,1.0,0.932118833065033,1.0,0.932118833065033,0.999954104423523,0.1792663335800171,0.7348514633703956,0.7111858798831849,1.1230730254662462
7422,0.4830372631549835,1.007731318473816,0.6499849557876587,0.5812596678733826,0.2178671658039093,0.23479337990283966,0.6925233006477356,0.5879406332969666,0.6000000238418579,0.0,0.0,0.4000000059604645,0.0,0.20000000298023224,0.0,0.8083053827285767,0.0,0.10440409183502197,1.0,0.895595908164978,0.8062891364097595,0.5879406332969666,0.16171511185010068,0.1513276311859027,0.2589257801234211
2743,0.401601105928421,0.8606260418891907,0.6899086236953735,0.4258570671081543,0.08903764933347702,0.09593987464904785,0.09593987464904785,0.09593987464904785,1.0,1.0,1.0,1.0,1.0,1.0,1.0,0.8606260418891907,1.0,0.9292491674423218,1.0,0.9292491674423218,0.9983811378479004,0.09593987464904785,0.4565236759563228,0.4565236759563228,1.025090302227949
8517,0.4489552974700928,0.8909426927566528,0.5098273158073425,0.5599337816238403,0.27710482478141785,0.14612872898578644,0.30545222759246826,0.30545222759246826,0.20000000298023224,0.0,0.0,0.800000011920929,0.0,0.20000000298023224,0.0,0.876255452632904,0.0,0.6085518002510071,0.0,0.6085518002510071,0.4001173675060272,1.106198787689209,0.2594439693919441,0.2594439693919441,0.8992034522278718
5640,0.43968626856803894,0.8999800086021423,0.3071608245372772,0.741614043712616,0.27028390765190125,0.10970064252614975,0.10970064252614975,0.10970064252614975,1.0,1.0,1.0,1.0,1.0,0.6000000238418579,0.0,0.849202573299408,1.0,0.04584283381700516,0.0,0.9541571736335754,0.998944103717804,0.10970064252614975,0.6579617441415616,0.6215020550283911,0.9444335221998817
8155,0.36470553278923035,0.7174359560012817,0.3834555745124817,0.48138052225112915,0.22928039729595184,0.13136185705661774,0.13136185705661774,0.13136185705661774,1.0,1.0,1.0,1.0,1.0,0.6000000238418579,0.0,0.5657641291618347,1.0,0.7247180938720703,1.0,0.7247180938720703,0.9994839429855347,0.13136185705661774,1.0708693270652203,0.6114891022485587,0.8068983737683052
7604,0.36566513776779175,0.7710537314414978,0.35375258326530457,0.5825939178466797,0.16064879298210144,0.08494482189416885,0.7419906258583069,0.5553252100944519,0.6000000238418579,0.0,0.0,0.4000000059604645,0.0,0.20000000298023224,0.0,0.7062573432922363,0.0,0.6562672853469849,0.0,0.6562672853469849,0.6707866191864014,0.5553252100944519,0.207663165572895,0.207663165572895,0.4066984322439038
5382,0.18111690878868103,0.3952259123325348,0.3464203476905823,0.05994827300310135,0.13698211312294006,0.13048502802848816,0.13048502802848816,0.13048502802848816,1.0,1.0,1.0,1.0,1.0,1.0,1.0,0.3952259123325348,1.0,0.7574319839477539,1.0,0.7574319839477539,0.9719844460487366,0.13048502802848816,0.21437839411650908,0.20875534409288043,0.3718991639508837
7104,0.295340359210968,0.6240671873092651,0.3145926594734192,0.4054144024848938,0.16601407527923584,0.05078906938433647,0.05078906938433647,0.05078906938433647,1.0,1.0,1.0,1.0,1.0,1.0,1.0,0.6240671873092651,1.0,0.3286001980304718,0.0,0.6713998317718506,0.9997379183769226,0.05078906938433647,0.8890790759353149,0.7536353900694502,0.9814168191524411
2290,0.2761128842830658,0.6381569504737854,0.46637582778930664,0.19513432681560516,0.16682851314544678,0.1801065355539322,0.1801065355539322,0.1801065355539322,1.0,1.0,1.0,1.0,1.0,1.0,1.0,0.6804875731468201,1.0,0.12468773871660233,0.0,0.8753122687339783,0.9200778007507324,0.1801065355539322,0.18133233883513883,0.18133233883513883,0.3791282612343244
1669,0.36056798696517944,0.7435669302940369,0.3930536210536957,0.5308472514152527,0.15780313313007355,0.12247913330793381,0.12247913330793381,0.12247913330793381,1.0,1.0,1.0,1.0,1.0,1.0,1.0,0.7435669302940369,1.0,0.9621265530586243,1.0,0.9621265530586243,0.9902700185775757,0.12247913330793381,0.26195533477495836,0.24274147286605796,0.4803661902760716
6950,0.5540585517883301,1.1145659685134888,0.5758923888206482,0.8765445947647095,0.2097385972738266,0.16076864302158356,0.7483000159263611,0.5596872568130493,0.6000000238418579,0.0,0.0,0.4000000059604645,0.0,0.20000000298023224,0.0,0.6252116560935974,0.0,0.09767571091651917,1.0,0.9023243188858032,0.8708819150924683,0.5596872568130493,0.12630327963653498,0.12630327963653498,0.28791714014578385
2645,0.2890618145465851,0.5444247126579285,0.27828705310821533,0.3672792315483093,0.22161917388439178,0.13893602788448334,0.13893602788448334,0.13893602788448334,1.0,1.0,1.0,1.0,1.0,1.0,1.0,0.5444247126579285,1.0,0.7602313756942749,1.0,0.7602313756942749,0.8324174880981445,0.13893602788448334,0.30400576784698036,0.30187866353830967,0.5579568458681534
1775,0.3289937376976013,0.7060322165489197,0.4471789002418518,0.36996155977249146,0.1698407679796219,0.17449460923671722,0.17449460923671722,0.17449460923671722,1.0,1.0,1.0,1.0,1.0,1.0,1.0,0.7060322165489197,1.0,0.02691054344177246,0.0,0.9730894565582275,0.9997817873954773,0.17449460923671722,0.42583390912993724,0.38140302749711186,0.5862988385431888
9179,0.2335655689239502,0.46505308151245117,0.2652955949306488,0.2812321186065674,0.15416894853115082,0.05588066577911377,0.05588066577911377,0.05588066577911377,1.0,1.0,1.0,1.0,1.0,1.0,1.0,0.46505308151245117,1.0,0.037631113082170486,0.0,0.962368905544281,0.9826615452766418,0.05588066577911377,0.172095773552834,0.172095773552834,0.3507493968553115
515,0.27908220887184143,0.5726056098937988,0.21172142028808594,0.3617558181285858,0.2637694478034973,0.22670434415340424,0.22670434415340424,0.22670434415340424,1.0,1.0,1.0,1.0,1.0,1.0,1.0,0.5726056098937988,1.0,0.7597254514694214,1.0,0.7597254514694214,0.9792572855949402,0.22670434415340424,0.26262152850401643,0.2494519324937749,0.4999345208243894
6738,0.43135371804237366,0.8471447825431824,0.4877767264842987,0.553774356842041,0.252510130405426,0.11995945125818253,0.11995945125818253,0.11995945125818253,1.0,1.0,1.0,1.0,1.0,0.6000000238418579,0.0,0.7623962759971619,1.0,0.8231212496757507,1.0,0.8231212496757507,0.9974442720413208,0.11995945125818253,0.6110769494087086,0.5037625398961385,0.5919711477092197
1041,0.25832730531692505,0.5046905875205994,0.24108052253723145,0.40977269411087036,0.12412860244512558,0.16391921043395996,0.16391921043395996,0.16391921043395996,1.0,1.0,1.0,1.0,1.0,1.0,1.0,0.5046905875205994,1.0,0.06963365525007248,0.0,0.9303663372993469,0.9636451601982117,0.16391921043395996,0.15015066958298282,0.15015066958298282,0.2867946563422049
1810,0.5218929648399353,1.0776573419570923,0.5344663262367249,0.714625358581543,0.31658726930618286,0.13519231975078583,0.13519231975078583,0.13519231975078583,1.0,1.0,1.0,1.0,1.0,0.6000000238418579,0.0,0.9208230972290039,1.0,0.9843811988830566,1.0,0.9843811988830566,0.998488187789917,0.13519231975078583,0.5713744998873103,0.5193410149709025,0.7287838512104556
6138,0.3654257655143738,0.7832129597663879,0.17930059134960175,0.6934762001037598,0.22350044548511505,0.15995502471923828,0.15995502471923828,0.15995502471923828,1.0,1.0,1.0,1.0,1.0,1.0,1.0,0.7832129597663879,1.0,0.37201830744743347,0.0,0.6279816627502441,0.9998438358306885,0.15995502471923828,0.5519646470421473,0.5288552988636062,0.6626647459061239
8606,0.3610534071922302,0.7522081732749939,0.37988004088401794,0.39687785506248474,0.3064022660255432,0.20819513499736786,0.20819513499736786,0.20819513499736786,1.0,1.0,1.0,1.0,1.0,1.0,1.0,0.8281548619270325,1.0,0.02177882380783558,0.0,0.9782211780548096,0.9959782361984253,0.20819513499736786,0.41411744531319844,0.3825359653137512,0.634011181421915
9543,0.2998010814189911,0.5942422151565552,0.23261044919490814,0.48096132278442383,0.18583130836486816,0.09738831222057343,0.09738831222057343,0.09738831222057343,1.0,1.0,1.0,1.0,1.0,1.0,1.0,0.5942422151565552,1.0,0.7609912753105164,1.0,0.7609912753105164,0.9703404903411865,0.09738831222057343,0.2604179093878981,0.2604179093878981,0.5383644572946708
7272,0.4750613868236542,0.9903818964958191,0.5381616353988647,0.7342008948326111,0.15282145142555237,0.15561118721961975,0.15561118721961975,0.15561118721961975,1.0,1.0,1.0,1.0,1.0,0.6000000238418579,0.0,0.9436547160148621,1.0,0.05894295126199722,0.0,0.941057026386261,0.9963703155517578,0.15561118721961975,0.4401785276245873,0.43094620610300005,0.8410167137711272
485,0.5374962091445923,1.0117285251617432,0.666806697845459,0.4161418080329895,0.529539942741394,0.2135481834411621,0.2135481834411621,0.2135481834411621,1.0,1.0,1.0,1.0,1.0,0.6000000238418579,0.0,0.9991618990898132,1.0,0.3259240686893463,0.0,0.6740759611129761,0.6513575315475464,0.2135481834411621,0.5248239081832226,0.3380287206346469,0.518725113501334
4042,0.655847430229187,1.3155838251113892,0.9664545059204102,0.7085281610488892,0.29255956411361694,0.13937143981456757,1.19757878780365,0.13937143981456757,1.0,1.0,0.0,0.0,0.0,0.20000000298023224,0.0,1.1316332817077637,1.0,0.5783766508102417,0.0,0.5783766508102417,0.9998339414596558,0.13937143981456757,0.9884809283084683,0.8595125735361473,0.990058870708092
9892,0.3225725293159485,0.6653369069099426,0.5846845507621765,0.1827603578567505,0.2002725899219513,0.13625012338161469,0.13625012338161469,0.13625012338161469,1.0,1.0,1.0,1.0,1.0,1.0,1.0,0.6653369069099426,1.0,0.9232010245323181,1.0,0.9232010245323181,0.9193935990333557,0.13625012338161469,0.1364659215158291,0.1364659215158291,0.21964141615149677
2491,0.3778902292251587,0.7408590912818909,0.35784465074539185,0.5492165088653564,0.22660945355892181,0.16014383733272552,0.16014383733272552,0.16014383733272552,1.0,1.0,1.0,1.0,1.0,0.6000000238418579,0.0,0.698140025138855,1.0,0.07581377774477005,0.0,0.9241862297058105,0.9988652467727661,0.16014383733272552,0.47851231803141087,0.47053660263788555,0.638447779739021
6354,0.40543583035469055,0.8358573913574219,0.6015391945838928,0.3771559000015259,0.23761235177516937,0.10628491640090942,1.1905291080474854,0.10628491640090942,1.0,1.0,0.0,0.0,0.0,0.6000000238418579,0.0,0.8066958785057068,1.0,0.4443892538547516,1.0,0.5556107759475708,0.9999724626541138,0.10628491640090942,1.291177414715549,0.7536122843881592,0.9702491761012151
7199,0.39403223991394043,0.7489005923271179,0.5591418147087097,0.33192235231399536,0.29103243350982666,0.23441877961158752,0.23441877961158752,0.23441877961158752,1.0,1.0,1.0,1.0,1.0,1.0,1.0,0.7489005923271179,1.0,0.6369234323501587,1.0,0.6369234323501587,0.9991582632064819,0.23441877961158752,0.5052385546938559,0.48222335427652857,1.647463922552437
2275,0.42042359709739685,0.8939570784568787,0.578294575214386,0.548808753490448,0.13416732847690582,0.18947608768939972,0.8048349618911743,0.7020511627197266,0.6000000238418579,0.0,0.0,0.4000000059604645,0.0,0.20000000298023224,0.0,0.9103726744651794,0.0,0.9353994727134705,0.0,0.9353994727134705,0.828832745552063,0.7020511627197266,0.490600212099501,0.4402004793416992,0.8698176008474346
4982,0.3065579831600189,0.6937276124954224,0.3947841227054596,0.2554168403148651,0.26947298645973206,0.06845130026340485,0.06845130026340485,0.06845130026340485,1.0,1.0,1.0,1.0,1.0,0.6000000238418579,0.0,0.6937911510467529,1.0,0.9063853025436401,1.0,0.9063853025436401,0.924812376499176,0.06845130026340485,0.27065898938203165,0.26992908199459636,1.4579009312934115
5137,0.28291213512420654,0.6092424392700195,0.48822474479675293,0.23832212388515472,0.12218952178955078,0.19445918500423431,0.19445918500423431,0.19445918500423431,1.0,1.0,1.0,1.0,1.0,1.0,1.0,0.6092424392700195,1.0,0.10436056554317474,0.0,0.8956394195556641,0.9835910201072693,0.19445918500423431,0.10208239781177265,0.10208239781177265,0.2627860049571712
3003,0.3098127543926239,0.5732492804527283,0.3254530727863312,0.2666113078594208,0.337373822927475,0.1338772475719452,0.1338772475719452,0.1338772475719452,1.0,1.0,1.0,1.0,1.0,0.6000000238418579,0.0,0.5651227831840515,1.0,0.9481979608535767,1.0,0.9481979608535767,0.9989557266235352,0.1338772475719452,0.37348328260609986,0.3605429341127007,0.8430132769094609
6045,0.5556808710098267,1.062874436378479,0.6554852724075317,0.7452871203422546,0.26627016067504883,0.11796624958515167,1.123537302017212,0.27705150842666626,0.20000000298023224,0.0,1.0,0.20000000298023224,0.0,0.20000000298023224,0.0,0.7819240093231201,0.0,0.3490797281265259,0.0,0.6509202718734741,0.6137646436691284,1.123537302017212,2.113969311597271,0.37546124858964786,2.381303775797989
3595,0.4460405707359314,0.9262814521789551,0.6090946197509766,0.4448128640651703,0.2842141091823578,0.2146303653717041,0.2146303653717041,0.2146303653717041,1.0,1.0,1.0,1.0,1.0,1.0,1.0,0.9262814521789551,1.0,0.840549886226654,1.0,0.840549886226654,0.8431501388549805,0.2146303653717041,0.2242967017610589,0.2242967017610589,0.6834097624923012
836,0.3590222895145416,0.7377650141716003,0.49183931946754456,0.40919947624206543,0.17602793872356415,0.11800412088632584,0.11800412088632584,0.11800412088632584,1.0,1.0,1.0,1.0,1.0,1.0,1.0,0.7377650141716003,1.0,0.9381495714187622,1.0,0.9381495714187622,0.9998039603233337,0.11800412088632584,0.14997431597818764,0.14959314496150936,0.28950466741649106
2616,0.35065868496894836,0.7140280604362488,0.4926856458187103,0.3277931809425354,0.23149724304676056,0.11158323287963867,0.11158323287963867,0.11158323287963867,1.0,1.0,1.0,1.0,1.0,1.0,1.0,0.7140280604362488,1.0,0.3513253331184387,0.0,0.6486746668815613,0.999815046787262,0.11158323287963867,0.7107116819987658,0.5923162927387463,0.7087015153172657
6853,0.3303234279155731,0.6793134808540344,0.46369144320487976,0.3761429488658905,0.1511358916759491,0.12682193517684937,0.12682193517684937,0.12682193517684937,1.0,1.0,1.0,1.0,1.0,1.0,1.0,0.6793134808540344,1.0,0.29027262330055237,0.0,0.70972740650177,0.9943906664848328,0.12682193517684937,0.2400161195010077,0.21535217469540993,0.2914080680258535
6160,0.6211469173431396,1.311402678489685,0.6949877738952637,1.0179866552352905,0.15046648681163788,0.0958370491862297,0.0958370491862297,0.0958370491862297,1.0,1.0,1.0,1.0,1.0,0.20000000298023224,0.0,0.8730798959732056,1.0,0.5738321542739868,1.0,0.5738321542739868,0.9999409914016724,0.0958370491862297,0.9275790808890813,0.795315084771261,0.9444302210785414
7663,0.31333908438682556,0.6213590502738953,0.4131409823894501,0.348474383354187,0.17840193212032318,0.15593862533569336,0.15593862533569336,0.15593862533569336,1.0,1.0,1.0,1.0,1.0,1.0,1.0,0.6213590502738953,1.0,0.08827746659517288,0.0,0.9117225408554077,0.850674033164978,0.15593862533569336,0.20425462737877761,0.19804023023276637,0.38483934687031257
5195,0.29448288679122925,0.601608395576477,0.4302060306072235,0.17476044595241547,0.2784821689128876,0.09421953558921814,0.09421953558921814,0.09421953558921814,1.0,1.0,1.0,1.0,1.0,1.0,1.0,0.601608395576477,1.0,0.01836763508617878,0.0,0.9816323518753052,0.9917441010475159,0.09421953558921814,0.2999148837583122,0.2999148837583122,0.6752522894135413
7683,0.3207082450389862,0.6217541098594666,0.254343718290329,0.38052138686180115,0.3272596299648285,0.17030517756938934,0.17030517756938934,0.17030517756938934,1.0,1.0,1.0,1.0,1.0,1.0,1.0,0.6217541098594666,1.0,0.7959563136100769,1.0,0.7959563136100769,0.3637968599796295,0.17030517756938934,0.13272997619584664,0.13272997619584664,0.29519533095597744
52,0.17324140667915344,0.3677343726158142,0.15927846729755402,0.280563086271286,0.07988259941339493,0.0957326889038086,0.0957326889038086,0.0957326889038086,1.0,1.0,1.0,1.0,1.0,1.0,1.0,0.3677343726158142,1.0,0.023234164342284203,0.0,0.9767658114433289,0.9912785887718201,0.0957326889038086,0.06809865542529187,0.06673085562164172,0.0816656071554301
3649,0.24340546131134033,0.47329482436180115,0.3001961410045624,0.2559969425201416,0.17402327060699463,0.22536151111125946,0.22536151111125946,0.22536151111125946,1.0,1.0,1.0,1.0,1.0,1.0,1.0,0.48479729890823364,1.0,0.9572175145149231,1.0,0.9572175145149231,0.9830262064933777,0.22536151111125946,0.08998478917962181,0.08998478917962181,0.18575763667731726
9774,0.24660083651542664,0.5130559206008911,0.1843986064195633,0.34420326352119446,0.21120062470436096,0.14047494530677795,0.14047494530677795,0.14047494530677795,1.0,1.0,1.0,1.0,1.0,1.0,1.0,0.5130559206008911,1.0,0.036475177854299545,0.0,0.9635248184204102,0.8415429592132568,0.14047494530677795,0.2718617555795297,0.2718617555795297,0.5137595560606523
6877,0.35636255145072937,0.7751492261886597,0.4888485074043274,0.4582551121711731,0.1219840869307518,0.15977652370929718,0.15977652370929718,0.15977652370929718,1.0,1.0,1.0,1.0,1.0,1.0,1.0,0.7751492261886597,1.0,0.9548577666282654,1.0,0.9548577666282654,0.9942652583122253,0.15977652370929718,0.2132659699705124,0.2132659699705124,0.7177063794899489
7030,0.2971198856830597,0.6248464584350586,0.4193616807460785,0.3268628716468811,0.14513497054576874,0.16285263001918793,0.16285263001918793,0.16285263001918793,1.0,1.0,1.0,1.0,1.0,1.0,1.0,0.6248464584350586,1.0,0.015791326761245728,0.0,0.9842087030410767,0.9773367047309875,0.16285263001918793,0.20470991297672583,0.20470991297672583,0.46004789408627567
3807,0.4537236988544464,0.9100261926651001,0.583457887172699,0.47370049357414246,0.304012656211853,0.09316300600767136,0.09316300600767136,0.09316300600767136,1.0,1.0,1.0,1.0,1.0,1.0,1.0,0.8548661470413208,1.0,0.8137421011924744,1.0,0.8137421011924744,0.9048754572868347,0.09316300600767136,0.2715909035167898,0.2715909035167898,0.5380437094107948
2942,0.35949599742889404,0.6854099631309509,0.5110587477684021,0.2714233100414276,0.29600581526756287,0.2668421268463135,0.809182345867157,0.6738768815994263,0.6000000238418579,0.0,0.0,0.4000000059604645,0.0,0.20000000298023224,0.0,0.5292524099349976,0.0,0.9725676774978638,0.0,0.9725676774978638,0.9592992663383484,0.6738768815994263,0.15515172473135824,0.15358130233089404,0.23083855113377802
5793,0.28832346200942993,0.5851938128471375,0.39631932973861694,0.26181545853614807,0.2068355530500412,0.23041780292987823,0.7496116161346436,0.6287015080451965,0.6000000238418579,0.0,0.0,0.4000000059604645,0.0,0.6000000238418579,0.0,0.5851938128471375,0.0,0.4004533886909485,1.0,0.5995466113090515,0.5133890509605408,0.6287015080451965,0.3215980898941769,0.3215980898941769,0.5800541703755533
2545,0.5725272297859192,1.099029541015625,0.6080002188682556,0.8481853604316711,0.2613960802555084,0.23650968074798584,0.23650968074798584,0.23650968074798584,1.0,1.0,1.0,1.0,1.0,0.6000000238418579,0.0,1.0188968181610107,1.0,0.9581680297851562,1.0,0.9581680297851562,0.9999839067459106,0.23650968074798584,1.0844046203411284,0.8157920964650849,0.9811091087428521
7807,0.2580517530441284,0.5013806819915771,0.3365822732448578,0.23860423266887665,0.19896875321865082,0.18061721324920654,0.18061721324920654,0.18061721324920654,1.0,1.0,1.0,1.0,1.0,1.0,1.0,0.5013806819915771,1.0,0.9786390066146851,1.0,0.9786390066146851,0.9966678023338318,0.18061721324920654,0.11851176564884994,0.11851176564884994,0.2549080103346297
6610,0.2919227182865143,0.5715150833129883,0.29634183645248413,0.4398667514324188,0.13955941796302795,0.16415193676948547,0.16415193676948547,0.16415193676948547,1.0,1.0,1.0,1.0,1.0,1.0,1.0,0.5715150833129883,1.0,0.024512629956007004,0.0,0.9754873514175415,0.979570746421814,0.16415193676948547,0.10967985291366396,0.10967985291366396,0.2097043242991827
2706,0.2647855877876282,0.5894243121147156,0.4128795266151428,0.2651638686656952,0.1163133904337883,0.15720109641551971,0.15720109641551971,0.15720109641551971,1.0,1.0,1.0,1.0,1.0,1.0,1.0,0.5894243121147156,1.0,0.7616956830024719,1.0,0.7616956830024719,0.7333122491836548,0.15720109641551971,0.15736913247538464,0.15736913247538464,0.37214377634100176
1173,0.3843686580657959,0.8816499710083008,0.5484732985496521,0.4659743309020996,0.13865843415260315,0.13367979228496552,0.13367979228496552,0.13367979228496552,1.0,1.0,1.0,1.0,1.0,1.0,1.0,0.8816499710083008,1.0,0.832782506942749,1.0,0.832782506942749,0.7003882527351379,0.13367979228496552,0.2222016553686447,0.2222016553686447,0.5806935097439866
5147,0.2856181561946869,0.6115996241569519,0.2067185938358307,0.4317485988140106,0.21838724613189697,0.18003301322460175,0.18003301322460175,0.18003301322460175,1.0,1.0,1.0,1.0,1.0,1.0,1.0,0.6115996241569519,1.0,0.9420756697654724,1.0,0.9420756697654724,0.9442566633224487,0.18003301322460175,0.204297155520672,0.204297155520672,0.39572162862436777
2297,0.3074561655521393,0.6984421014785767,0.5115443468093872,0.11431796848773956,0.29650625586509705,0.12749896943569183,0.12749896943569183,0.12749896943569183,1.0,1.0,1.0,1.0,1.0,1.0,1.0,0.6984421014785767,1.0,0.9799854755401611,1.0,0.9799854755401611,0.9767189025878906,0.12749896943569183,0.11038365340319149,0.11038365340319149,0.21446393344833026
9022,0.5393006205558777,1.0698648691177368,0.6572614312171936,0.5911845564842224,0.36945590376853943,0.14405310153961182,0.14405310153961182,0.14405310153961182,1.0,1.0,1.0,1.0,1.0,0.20000000298023224,0.0,0.8082491755485535,1.0,0.9485576152801514,1.0,0.9485576152801514,0.9999191761016846,0.14405310153961182,1.3611869795993645,0.6112301947907892,0.885286320528497
4874,0.2750808596611023,0.5902243852615356,0.30585697293281555,0.3526414930820465,0.16674409806728363,0.12381768226623535,0.12381768226623535,0.12381768226623535,1.0,1.0,1.0,1.0,1.0,1.0,1.0,0.5902243852615356,1.0,0.03283863887190819,0.0,0.9671613574028015,0.9995926022529602,0.12381768226623535,0.23104686177591752,0.23104686177591752,0.4234340090142938
5412,0.3835594952106476,0.8661898970603943,0.3091248571872711,0.6877421736717224,0.1538115292787552,0.15496399998664856,0.15496399998664856,0.15496399998664856,1.0,1.0,1.0,1.0,1.0,0.6000000238418579,0.0,0.676286518573761,1.0,0.26030224561691284,0.0,0.7396977543830872,0.9998113512992859,0.15496399998664856,0.6006798810769882,0.5678206984218956,0.7473898494558732
7645,0.2585705816745758,0.4962325096130371,0.2858991324901581,0.34418269991874695,0.1456298679113388,0.16490910947322845,0.16490910947322845,0.16490910947322845,1.0,1.0,1.0,1.0,1.0,1.0,1.0,0.4962325096130371,1.0,0.014761130325496197,0.0,0.9852388501167297,0.998770534992218,0.16490910947322845,0.4055150293861517,0.40251719958945353,0.556416037716807
7433,0.21332576870918274,0.4265157878398895,0.24533262848854065,0.16774874925613403,0.22689591348171234,0.17646053433418274,0.17646053433418274,0.17646053433418274,1.0,1.0,1.0,1.0,1.0,1.0,1.0,0.4265157878398895,1.0,0.9759490489959717,1.0,0.9759490489959717,0.974366307258606,0.17646053433418274,0.09766833330907099,0.09766833330907099,0.23521163996309363
227,0.3068367540836334,0.6209135055541992,0.22543346881866455,0.47910794615745544,0.2159687578678131,0.13987267017364502,0.13987267017364502,0.13987267017364502,1.0,1.0,1.0,1.0,1.0,1.0,1.0,0.6209135055541992,1.0,0.04855586215853691,0.0,0.951444149017334,0.999889612197876,0.13987267017364502,0.4837387932162914,0.4740856749810642,0.8525403964077627
247,0.38972166180610657,0.8122463226318359,0.5765570402145386,0.41293594241142273,0.1796719878911972,0.10050942748785019,1.3734592199325562,0.10050942748785019,1.0,1.0,0.0,0.0,0.0,0.6000000238418579,0.0,0.7519723176956177,1.0,0.37021851539611816,1.0,0.6297814846038818,0.5234687924385071,0.10050942748785019,1.521193969085362,0.5151497835323844,0.8137435996019126
8010,0.3518088757991791,0.788197934627533,0.7242786288261414,0.1774432510137558,0.15370480716228485,0.1322050243616104,1.181444525718689,0.1322050243616104,1.0,1.0,0.0,0.0,0.0,1.0,1.0,0.788197934627533,1.0,0.48982900381088257,1.0,0.5101709961891174,0.5860415697097778,0.1322050243616104,2.035149919835683,0.14921942087043735,0.35403103157775373
2769,0.20624077320098877,0.42522677779197693,0.19412446022033691,0.3434754014015198,0.08112245053052902,0.14788900315761566,0.14788900315761566,0.14788900315761566,1.0,1.0,1.0,1.0,1.0,1.0,1.0,0.42522677779197693,1.0,0.9606345891952515,1.0,0.9606345891952515,0.9829874038696289,0.14788900315761566,0.11173276077298368,0.11034951767569912,0.20851357348213392
1252,0.3587940037250519,0.7613928914070129,0.6499980688095093,0.18915365636348724,0.23723025619983673,0.13762779533863068,0.13762779533863068,0.13762779533863068,1.0,1.0,1.0,1.0,1.0,1.0,1.0,0.7613928914070129,1.0,0.9789654612541199,1.0,0.9789654612541199,0.9609085917472839,0.13762779533863068,0.22882971845417674,0.2258971969084787,0.6194383324995694
3139,0.37409576773643494,0.7659178376197815,0.3030252158641815,0.6452603340148926,0.17400172352790833,0.13931916654109955,0.13931916654109955,0.13931916654109955,1.0,1.0,1.0,1.0,1.0,1.0,1.0,0.7659178376197815,1.0,0.35916203260421753,0.0,0.6408379673957825,0.8608587384223938,0.13931916654109955,0.1290112968902452,0.1290112968902452,0.2901369321678132
8002,0.4914097785949707,0.9799872636795044,0.7699419856071472,0.43023481965065,0.2740524411201477,0.08186520636081696,1.224365234375,0.08186520636081696,1.0,1.0,0.0,0.0,0.0,1.0,1.0,0.9799872636795044,1.0,0.5782831311225891,0.0,0.5782831311225891,0.5497937798500061,0.08186520636081696,2.008153632161193,0.40177469764477597,0.7060210846595024
1824,0.42563730478286743,0.8675903677940369,0.6507558822631836,0.4120408594608307,0.21411509811878204,0.21459360420703888,0.21459360420703888,0.21459360420703888,1.0,1.0,1.0,1.0,1.0,0.6000000238418579,0.0,0.828323483467102,1.0,0.9599317908287048,1.0,0.9599317908287048,0.9978141784667969,0.21459360420703888,0.5303995831624873,0.4783812163324337,0.7784831098561357
4390,0.5639455318450928,1.1852139234542847,0.47795018553733826,0.9177141189575195,0.29617229104042053,0.18028095364570618,0.7705342173576355,0.6870731711387634,0.6000000238418579,0.0,0.0,0.4000000059604645,0.0,0.20000000298023224,0.0,0.9031125903129578,0.0,0.30733102560043335,1.0,0.6926689743995667,0.8118966817855835,0.6870731711387634,0.40851360347009474,0.4083637253898703,0.833603620819451
9238,0.3284653425216675,0.6964614987373352,0.5586010217666626,0.22817297279834747,0.19862207770347595,0.12840993702411652,0.12840993702411652,0.12840993702411652,1.0,1.0,1.0,1.0,1.0,1.0,1.0,0.6964614987373352,1.0,0.8849561214447021,1.0,0.8849561214447021,0.9996236562728882,0.12840993702411652,0.32644101367991923,0.3135496611420816,0.5814495068024239
3869,0.2816489636898041,0.5408622622489929,0.30889827013015747,0.2682291269302368,0.26781949400901794,0.15713928639888763,0.15713928639888763,0.15713928639888763,1.0,1.0,1.0,1.0,1.0,1.0,1.0,0.5408622622489929,1.0,0.7849892377853394,1.0,0.7849892377853394,0.5741838812828064,0.15713928639888763,0.11356934043330526,0.11356934043330526,0.19251526837025096
3282,0.34812942147254944,0.7650789618492126,0.48451462388038635,0.3938954770565033,0.16597823798656464,0.1936960518360138,0.1936960518360138,0.1936960518360138,1.0,1.0,1.0,1.0,1.0,1.0,1.0,0.7650789618492126,1.0,0.9268110990524292,1.0,0.9268110990524292,0.9986292123794556,0.1936960518360138,0.4971754372826538,0.4881511243974923,1.0977108368853652
2798,0.41848909854888916,0.8178349733352661,0.5470895171165466,0.4576016366481781,0.2507760226726532,0.19596199691295624,0.8668651580810547,0.5945035219192505,0.6000000238418579,0.0,0.0,0.4000000059604645,0.0,0.20000000298023224,0.0,0.5113295912742615,0.0,0.6135074496269226,0.0,0.6135074496269226,0.7632184028625488,0.5945035219192505,0.29332226025464986,0.2898078190130027,0.5513037629592069
4185,0.3364813029766083,0.7697610855102539,0.24235346913337708,0.6204012632369995,0.14668917655944824,0.13510122895240784,0.13510122895240784,0.13510122895240784,1.0,1.0,1.0,1.0,1.0,1.0,1.0,0.7697610855102539,1.0,0.968712568283081,1.0,0.968712568283081,0.9920105934143066,0.13510122895240784,0.2722872993885627,0.26448478061027586,0.36155619409183126
4757,0.34077978134155273,0.7015893459320068,0.46585723757743835,0.35624197125434875,0.20023994147777557,0.1479843109846115,0.1479843109846115,0.1479843109846115,1.0,1.0,1.0,1.0,1.0,1.0,1.0,0.7015893459320068,1.0,0.6409673094749451,1.0,0.6409673094749451,0.8461124897003174,0.1479843109846115,0.39411616728851073,0.3523032865301673,0.5903813737823851
1911,0.6104739308357239,1.291406512260437,0.9596728682518005,0.6515561938285828,0.2201928198337555,0.178120419383049,0.178120419383049,0.178120419383049,1.0,1.0,1.0,1.0,1.0,0.6000000238418579,0.0,1.3819011449813843,1.0,0.733197033405304,1.0,0.733197033405304,0.9993020296096802,0.178120419383049,0.7189868223636607,0.6293313405238922,0.7880708095604546
3557,0.3241926431655884,0.6541239619255066,0.49350404739379883,0.28696513175964355,0.19210875034332275,0.1560065895318985,0.1560065895318985,0.1560065895318985,1.0,1.0,1.0,1.0,1.0,1.0,1.0,0.6541239619255066,1.0,0.7135102152824402,1.0,0.7135102152824402,0.9999566078186035,0.1560065895318985,0.3469329665062288,0.339936770826779,0.5156581708269918
7364,0.23296579718589783,0.44350823760032654,0.16649138927459717,0.3109770715236664,0.22142890095710754,0.14860570430755615,0.14860570430755615,0.14860570430755615,1.0,1.0,1.0,1.0,1.0,1.0,1.0,0.44350823760032654,1.0,0.1478375643491745,0.0,0.8521624207496643,0.8850200772285461,0.14860570430755615,0.28690829134181056,0.28690829134181056,1.378673980173966
7850,0.44498559832572937,0.8707584738731384,0.5166870951652527,0.4919094145298004,0.32636022567749023,0.13641265034675598,0.13641265034675598,0.13641265034675598,1.0,1.0,1.0,1.0,1.0,0.6000000238418579,0.0,0.8681411743164062,1.0,0.13354158401489258,0.0,0.8664584159851074,0.9998155236244202,0.13641265034675598,1.0063141928312833,0.7856033934167151,0.9423229036099832
6813,0.3086218237876892,0.6330342292785645,0.32667890191078186,0.4891509711742401,0.11003562062978745,0.2061266452074051,0.2061266452074051,0.2061266452074051,1.0,1.0,1.0,1.0,1.0,1.0,1.0,0.6330342292785645,1.0,0.985129714012146,1.0,0.985129714012146,0.9362385869026184,0.2061266452074051,0.12395405279559633,0.12395405279559633,0.28746539622922707
2572,0.3391972482204437,0.6633491516113281,0.3758406341075897,0.4224114418029785,0.21933960914611816,0.15529043972492218,0.15529043972492218,0.15529043972492218,1.0,1.0,1.0,1.0,1.0,0.6000000238418579,0.0,0.6883396506309509,1.0,0.9672727584838867,1.0,0.9672727584838867,0.7689863443374634,0.15529043972492218,0.32938772739871164,0.32938772739871164,1.060872564749161
2157,0.45870018005371094,0.970678448677063,0.6746230125427246,0.5140010714530945,0.18747642636299133,0.1448424756526947,0.1448424756526947,0.1448424756526947,1.0,1.0,1.0,1.0,1.0,1.0,1.0,0.970678448677063,1.0,0.9809304475784302,1.0,0.9809304475784302,0.9819660782814026,0.1448424756526947,0.34359613936717,0.34359613936717,2.5413353374569363
8686,0.4542792737483978,0.9757066965103149,0.8233287930488586,0.3388725817203522,0.2006363868713379,0.12238969653844833,0.12238969653844833,0.12238969653844833,1.0,1.0,1.0,1.0,1.0,0.20000000298023224,0.0,0.8730689287185669,1.0,0.9508095979690552,1.0,0.9508095979690552,0.9649229645729065,0.12238969653844833,0.3855238734808077,0.3855238734808077,0.7586960788627087
3948,0.3937998116016388,0.8491716384887695,0.21356526017189026,0.7086400985717773,0.25919413566589355,0.13133332133293152,0.13133332133293152,0.13133332133293152,1.0,1.0,1.0,1.0,1.0,0.6000000238418579,0.0,0.8235903978347778,1.0,0.11092578619718552,0.0,0.8890742063522339,0.9999961853027344,0.13133332133293152,0.8040452877428724,0.7902393392070574,1.0111395011809097
6996,0.36017030477523804,0.7833542823791504,0.21313448250293732,0.6920327544212341,0.17534369230270386,0.11093403398990631,0.7376083135604858,0.6663867831230164,0.6000000238418579,0.0,0.0,0.4000000059604645,0.0,0.6000000238418579,0.0,0.7833542823791504,0.0,0.47298428416252136,1.0,0.5270156860351562,0.5327949523925781,0.6663867831230164,0.28575462761441267,0.28575462761441267,0.5554548363672077
9903,0.533575713634491,1.1357914209365845,0.6680923700332642,0.8214285969734192,0.11120627075433731,0.13965483009815216,0.8053865432739258,0.5994597673416138,0.6000000238418579,0.0,0.0,0.4000000059604645,0.0,0.20000000298023224,0.0,0.777843177318573,0.0,0.7880820035934448,0.0,0.7880820035934448,0.9217707514762878,0.5994597673416138,0.4123769075180828,0.39122313898421807,0.6945840838392343
7909,0.40354636311531067,0.81280916929245,0.47516098618507385,0.5048336982727051,0.23064427077770233,0.14036749303340912,0.14036749303340912,0.14036749303340912,1.0,1.0,1.0,1.0,1.0,1.0,1.0,0.81280916929245,1.0,0.03219027444720268,0.0,0.9678097367286682,0.9903165698051453,0.14036749303340912,0.23543475235821923,0.23287367293420558,0.4705436596428444
2648,0.5774738788604736,1.1317886114120483,0.5123323798179626,0.9580143094062805,0.26207464933395386,0.20137658715248108,1.389722228050232,0.20137658715248108,1.0,1.0,0.0,0.0,0.0,0.6000000238418579,0.0,0.9623656272888184,1.0,0.6446161866188049,0.0,0.6446161866188049,0.9999668598175049,0.20137658715248108,1.1081191946673754,0.9025851563922048,1.013989309326901
1649,0.3934367895126343,0.7939924597740173,0.5044392347335815,0.44006630778312683,0.23580487072467804,0.11270623654127121,0.11270623654127121,0.11270623654127121,1.0,1.0,1.0,1.0,1.0,0.6000000238418579,0.0,0.7522740364074707,1.0,0.9768697023391724,1.0,0.9768697023391724,0.9972375631332397,0.11270623654127121,0.9790953513581951,0.9419452641291824,4.023864774130645
7305,0.3272554874420166,0.6141464114189148,0.2878569960594177,0.4663604199886322,0.22754895687103271,0.10870366543531418,0.10870366543531418,0.10870366543531418,1.0,1.0,1.0,1.0,1.0,0.6000000238418579,0.0,0.6609375476837158,1.0,0.013456661254167557,0.0,0.9865433573722839,0.9996309280395508,0.10870366543531418,0.507308106200641,0.48882774899383885,0.8722962027620202
4700,0.2936142385005951,0.5629792213439941,0.3036976754665375,0.29009076952934265,0.28705427050590515,0.093727245926857,0.093727245926857,0.093727245926857,1.0,1.0,1.0,1.0,1.0,1.0,1.0,0.5629792213439941,1.0,0.6656680703163147,1.0,0.6656680703163147,0.3461403548717499,0.093727245926857,0.29279629593961204,0.29279629593961204,1.665493778280757
4912,0.4432758688926697,0.852839469909668,0.36843061447143555,0.6904332041740417,0.2709636688232422,0.18049447238445282,0.18049447238445282,0.18049447238445282,1.0,1.0,1.0,1.0,1.0,1.0,1.0,0.852839469909668,1.0,0.8021851181983948,1.0,0.8021851181983948,0.8824345469474792,0.18049447238445282,0.29261141763781034,0.290731441299323,0.6102744032233581
6502,0.5630504488945007,1.151593565940857,0.7227542996406555,0.6156670451164246,0.3507298529148102,0.1500561237335205,0.7513898015022278,0.5518170595169067,0.6000000238418579,0.0,0.0,0.4000000059604645,0.0,0.20000000298023224,0.0,0.9424107670783997,0.0,0.31449565291404724,1.0,0.6855043172836304,0.6535547375679016,0.5518170595169067,0.3439760359910668,0.3439760359910668,0.6228931383396756
1371,0.3818915784358978,0.7523892521858215,0.476135790348053,0.4602073132991791,0.2093316614627838,0.15209582448005676,0.7563419938087463,0.6321586966514587,0.6000000238418579,0.0,0.0,0.4000000059604645,0.0,0.20000000298023224,0.0,0.593159019947052,0.0,0.04191502928733826,1.0,0.9580849409103394,0.8914957642555237,0.6321586966514587,0.24901773815643888,0.24901773815643888,0.47738649417227424
1513,0.3038526177406311,0.6185817122459412,0.36884093284606934,0.3246729075908661,0.21804390847682953,0.0968891903758049,0.0968891903758049,0.0968891903758049,1.0,1.0,1.0,1.0,1.0,1.0,1.0,0.6185817122459412,1.0,0.6481215357780457,1.0,0.6481215357780457,0.399720698595047,0.0968891903758049,0.16215167312050716,0.16215167312050716,0.3274313762764883
809,0.3310421109199524,0.6972574591636658,0.36088770627975464,0.5284161567687988,0.1038224846124649,0.10298043489456177,0.10298043489456177,0.10298043489456177,1.0,1.0,1.0,1.0,1.0,1.0,1.0,0.6972574591636658,1.0,0.06541254371404648,0.0,0.9345874786376953,0.7671355605125427,0.10298043489456177,0.23650466707212572,0.23650466707212572,0.8443503950726254
3368,0.40731894969940186,0.8618230223655701,0.5474027991294861,0.48794373869895935,0.1866101771593094,0.15143120288848877,0.15143120288848877,0.15143120288848877,1.0,1.0,1.0,1.0,1.0,0.6000000238418579,0.0,0.8106288909912109,1.0,0.8932235240936279,1.0,0.8932235240936279,0.9984800219535828,0.15143120288848877,0.26235698628966514,0.25545523048069596,0.40172239184556474
867,0.47003838419914246,1.0379546880722046,0.6592249870300293,0.5828878879547119,0.1680021584033966,0.1539953202009201,0.1539953202009201,0.1539953202009201,1.0,1.0,1.0,1.0,1.0,0.20000000298023224,0.0,0.8348574638366699,1.0,0.019080612808465958,0.0,0.980919361114502,0.9993913173675537,0.1539953202009201,1.2600463547807566,0.5132399657625003,1.002270152127913
2229,0.3278903365135193,0.6731080412864685,0.510869562625885,0.33000871539115906,0.14279276132583618,0.15009890496730804,0.15009890496730804,0.15009890496730804,1.0,1.0,1.0,1.0,1.0,1.0,1.0,0.6731080412864685,1.0,0.9164482951164246,1.0,0.9164482951164246,0.9517279267311096,0.15009890496730804,0.19117969573835283,0.18949738390562038,0.2974161042812933
5992,0.292697012424469,0.5546905398368835,0.4401620924472809,0.20727191865444183,0.23065698146820068,0.17372237145900726,0.17372237145900726,0.17372237145900726,1.0,1.0,1.0,1.0,1.0,0.6000000238418579,0.0,0.49091312289237976,1.0,0.9624751210212708,1.0,0.9624751210212708,0.9616655111312866,0.17372237145900726,0.11596064550909616,0.11596064550909616,0.4281602649488126
2635,0.2840840816497803,0.5690178275108337,0.33156853914260864,0.2693125903606415,0.2513711750507355,0.16221550107002258,0.16221550107002258,0.16221550107002258,1.0,1.0,1.0,1.0,1.0,1.0,1.0,0.5690178275108337,1.0,0.030055668205022812,0.0,0.9699443578720093,0.9874041080474854,0.16221550107002258,0.25773091539899656,0.2539455628714336,0.47460439921998326
948,0.3817283511161804,0.808759331703186,0.30139562487602234,0.6243736147880554,0.21941570937633514,0.13941578567028046,0.13941578567028046,0.13941578567028046,1.0,1.0,1.0,1.0,1.0,0.6000000238418579,0.0,0.6953744292259216,1.0,0.02178536355495453,0.0,0.9782146215438843,0.9923466444015503,0.13941578567028046,0.47122389630077927,0.47122389630077927,0.8735319660208982
3477,0.38776373863220215,0.7514123320579529,0.4163602888584137,0.5210863947868347,0.2258445769548416,0.10973892360925674,0.10973892360925674,0.10973892360925674,1.0,1.0,1.0,1.0,1.0,0.6000000238418579,0.0,0.6797990798950195,1.0,0.03583891689777374,0.0,0.9641610980033875,0.9488295912742615,0.10973892360925674,0.07093366814774636,0.07093366814774636,0.1461653914328095
4487,0.2460649609565735,0.5266091823577881,0.16746613383293152,0.43582436442375183,0.13490445911884308,0.0739479809999466,0.0739479809999466,0.0739479809999466,1.0,1.0,1.0,1.0,1.0,1.0,1.0,0.5266091823577881,1.0,0.018231308087706566,0.0,0.9817686676979065,0.9859240055084229,0.0739479809999466,0.24419050186333174,0.24419050186333174,0.5738816099563825
2213,0.5181358456611633,1.1361993551254272,0.48481884598731995,0.7912178039550781,0.27837082743644714,0.13303236663341522,0.8310495615005493,0.45061197876930237,0.6000000238418579,0.0,0.0,0.4000000059604645,0.0,0.20000000298023224,0.0,0.7481934428215027,0.0,0.8356220722198486,0.0,0.8356220722198486,0.9497207403182983,0.45061197876930237,0.208650408745463,0.208650408745463,0.4364185562108381
6593,0.42077890038490295,0.958223283290863,0.8401817679405212,0.3089711368083954,0.11318378895521164,0.1632765531539917,1.3859803676605225,0.1632765531539917,1.0,1.0,0.0,0.0,0.0,0.6000000238418579,0.0,0.9321083426475525,1.0,0.5133463144302368,0.0,0.5133463144302368,0.7211638689041138,0.1632765531539917,1.8213038218230666,0.28527695523165725,0.5169803995810013
838,0.4395366907119751,0.8334523439407349,0.4038717746734619,0.6009796857833862,0.3137584924697876,0.15801508724689484,0.15801508724689484,0.15801508724689484,1.0,1.0,1.0,1.0,1.0,1.0,1.0,0.8334523439407349,1.0,0.04445362836122513,0.0,0.9555463790893555,0.9994871616363525,0.15801508724689484,0.4675991869496616,0.45377302130298663,0.8060520169714781
3281,0.25763216614723206,0.5385791063308716,0.424381822347641,0.249567911028862,0.0989467203617096,0.14472949504852295,0.14472949504852295,0.14472949504852295,1.0,1.0,1.0,1.0,1.0,0.6000000238418579,0.0,0.5744051933288574,1.0,0.02857653610408306,0.0,0.9714234471321106,0.9424517154693604,0.14472949504852295,0.07897288709304905,0.07897288709304905,0.15673824400967287
4026,0.4404403269290924,0.8783267140388489,0.3606642186641693,0.6573872566223145,0.30326947569847107,0.18826325237751007,0.18826325237751007,0.18826325237751007,1.0,1.0,1.0,1.0,1.0,1.0,1.0,0.8783267140388489,1.0,0.058862216770648956,0.0,0.9411377906799316,0.9997208714485168,0.18826325237751007,0.5459162889902769,0.5173923764077227,0.6115659833290658
401,0.45539021492004395,0.9757915735244751,0.470109224319458,0.6779532432556152,0.2181081771850586,0.21194866299629211,0.21194866299629211,0.21194866299629211,1.0,1.0,1.0,1.0,1.0,0.6000000238418579,0.0,0.9808525443077087,1.0,0.9466095566749573,1.0,0.9466095566749573,0.9997785687446594,0.21194866299629211,0.5695541765592689,0.526265132626265,0.6804689716423746
7817,0.3913309872150421,0.8744736909866333,0.5356194972991943,0.49977871775627136,0.13859473168849945,0.13453316688537598,0.13453316688537598,0.13453316688537598,1.0,1.0,1.0,1.0,1.0,1.0,1.0,0.9289128184318542,1.0,0.804827868938446,1.0,0.804827868938446,0.9743784070014954,0.13453316688537598,0.17043553939012068,0.17043553939012068,0.42972019579319815
6140,0.291562020778656,0.6251848340034485,0.5376975536346436,0.1796730011701584,0.15731559693813324,0.1811523288488388,0.1811523288488388,0.1811523288488388,1.0,1.0,1.0,1.0,1.0,1.0,1.0,0.6251848340034485,1.0,0.945094645023346,1.0,0.945094645023346,0.90134596824646,0.1811523288488388,0.14351553010538776,0.14351553010538776,0.26440200934765207
3545,0.3498234152793884,0.7036604285240173,0.29401418566703796,0.49842721223831177,0.2570289075374603,0.14061202108860016,0.14061202108860016,0.14061202108860016,1.0,1.0,1.0,1.0,1.0,1.0,1.0,0.7036604285240173,1.0,0.9578219056129456,1.0,0.9578219056129456,0.9421635866165161,0.14061202108860016,0.40154345336613434,0.3992841582921774,0.6974014010663478
1901,0.30581989884376526,0.6029424071311951,0.4440510869026184,0.2845432460308075,0.18886534869670868,0.055027544498443604,0.055027544498443604,0.055027544498443604,1.0,1.0,1.0,1.0,1.0,1.0,1.0,0.6029424071311951,1.0,0.9510694742202759,1.0,0.9510694742202759,0.9399134516716003,0.055027544498443604,0.1454477182129837,0.1454477182129837,0.21878001829189733
149,0.36240121722221375,0.7159830331802368,0.5095932483673096,0.3539430797100067,0.22366729378700256,0.1897030919790268,0.1897030919790268,0.1897030919790268,1.0,1.0,1.0,1.0,1.0,1.0,1.0,0.7159830331802368,1.0,0.13195250928401947,0.0,0.8680474758148193,0.9777169227600098,0.1897030919790268,0.6700375512336878,0.6700375512336878,6.4038041834147865
3142,0.34430602192878723,0.697623610496521,0.3761739134788513,0.5180842280387878,0.1386599838733673,0.2400006502866745,0.2400006502866745,0.2400006502866745,1.0,1.0,1.0,1.0,1.0,1.0,1.0,0.697623610496521,1.0,0.07697128504514694,0.0,0.9230287075042725,0.9999182224273682,0.2400006502866745,0.9581253540898449,0.7593168770733285,0.9412776572980768
5375,0.5874850153923035,1.1239104270935059,0.6685208082199097,0.8345303535461426,0.2594039738178253,0.17658382654190063,0.7538730502128601,0.5393192172050476,0.6000000238418579,0.0,0.0,0.4000000059604645,0.0,0.20000000298023224,0.0,0.7701886296272278,0.0,0.08371347934007645,1.0,0.9162865281105042,0.9150027632713318,0.5393192172050476,0.27587901830565487,0.26668429161184903,0.46883355302462215
4524,0.32648327946662903,0.6369377970695496,0.39431869983673096,0.3431633412837982,0.24196772277355194,0.09300222992897034,0.09300222992897034,0.09300222992897034,1.0,1.0,1.0,1.0,1.0,1.0,1.0,0.6369377970695496,1.0,0.19488292932510376,0.0,0.8051170706748962,0.7669323086738586,0.09300222992897034,0.307275086586301,0.27051446381903377,0.3915801595059166
2817,0.26632076501846313,0.4970129132270813,0.3328486979007721,0.26129376888275146,0.2048196792602539,0.17972294986248016,0.17972294986248016,0.17972294986248016,1.0,1.0,1.0,1.0,1.0,1.0,1.0,0.4970129132270813,1.0,0.968522310256958,1.0,0.968522310256958,0.9791532754898071,0.17972294986248016,0.14094908195244996,0.14094908195244996,0.34453386220976
7849,0.264119029045105,0.5450204014778137,0.2945721745491028,0.32877740263938904,0.16900746524333954,0.19482946395874023,0.19482946395874023,0.19482946395874023,1.0,1.0,1.0,1.0,1.0,1.0,1.0,0.5450204014778137,1.0,0.01408982090651989,0.0,0.985910177230835,0.9721540212631226,0.19482946395874023,0.1277143403429636,0.1277143403429636,0.2610255526433618
4109,0.37740638852119446,0.7206823229789734,0.4733307957649231,0.4076400399208069,0.2512483298778534,0.19612503051757812,0.19612503051757812,0.19612503051757812,1.0,1.0,1.0,1.0,1.0,0.6000000238418579,0.0,0.6568642258644104,1.0,0.059696264564991,0.0,0.9403037428855896,0.9992138147354126,0.19612503051757812,0.3766655904466461,0.3622558963288776,0.7163734042304827
8160,0.3201253116130829,0.6511499285697937,0.41907888650894165,0.34084442257881165,0.20045259594917297,0.10888562351465225,0.10888562351465225,0.10888562351465225,1.0,1.0,1.0,1.0,1.0,1.0,1.0,0.6511499285697937,1.0,0.9320116639137268,1.0,0.9320116639137268,0.9982719421386719,0.10888562351465225,0.9419302367081349,0.7072052043496054,2.070679279527803
7490,0.37067461013793945,0.7210618257522583,0.45963573455810547,0.43132153153419495,0.22106647491455078,0.2178833931684494,0.2178833931684494,0.2178833931684494,1.0,1.0,1.0,1.0,1.0,0.6000000238418579,0.0,0.7052385807037354,1.0,0.9863682389259338,1.0,0.9863682389259338,0.9960877895355225,0.2178833931684494,0.3921852339398677,0.3921852339398677,2.6960863374357444
2775,0.31647399067878723,0.6376201510429382,0.29134485125541687,0.43591052293777466,0.2221665382385254,0.16390995681285858,0.5603866577148438,0.5603866577148438,0.6000000238418579,0.0,1.0,0.6000000238418579,0.0,0.6000000238418579,0.0,0.6376201510429382,0.0,0.4484408497810364,0.0,0.5515591502189636,0.6638644933700562,0.5603866577148438,2.028045279429875,0.1888331872630309,0.5533784497567594
7723,0.3145246207714081,0.6089112758636475,0.37850475311279297,0.3549027442932129,0.21016640961170197,0.16618035733699799,0.16618035733699799,0.16618035733699799,1.0,1.0,1.0,1.0,1.0,1.0,1.0,0.6089112758636475,1.0,0.9660993814468384,1.0,0.9660993814468384,0.9999880790710449,0.16618035733699799,0.9193615130135904,0.748907054088483,1.035770624334598
7703,0.40082958340644836,0.805975079536438,0.6151319742202759,0.44973936676979065,0.13761742413043976,0.13916099071502686,0.13916099071502686,0.13916099071502686,1.0,1.0,1.0,1.0,1.0,0.6000000238418579,0.0,0.7504690289497375,1.0,0.9072681665420532,1.0,0.9072681665420532,0.686376690864563,0.13916099071502686,0.4304193461090276,0.421389390829317,0.832748665887389
1182,0.47345927357673645,0.9866665005683899,0.818966805934906,0.41035524010658264,0.19105572998523712,0.31599265336990356,0.31599265336990356,0.31599265336990356,1.0,1.0,1.0,1.0,1.0,1.0,1.0,0.9866665005683899,1.0,0.028886420652270317,0.0,0.9711135625839233,0.989753246307373,0.31599265336990356,0.2288940656869025,0.2288940656869025,0.5455771486910564
7816,0.6393681764602661,1.401813268661499,0.8913297653198242,0.8294702768325806,0.1973043978214264,0.19848071038722992,1.2839081287384033,0.19848071038722992,1.0,1.0,0.0,0.0,0.0,0.6000000238418579,0.0,1.0230610370635986,1.0,0.8355837464332581,0.0,0.8355837464332581,0.9985879063606262,0.19848071038722992,0.510819414228727,0.48473290023775767,0.6621575367941845
6943,0.3636842370033264,0.7347771525382996,0.47304511070251465,0.43533697724342346,0.18267053365707397,0.20062902569770813,0.20062902569770813,0.20062902569770813,1.0,1.0,1.0,1.0,1.0,1.0,1.0,0.7347771525382996,1.0,0.10895188897848129,0.0,0.8910481333732605,0.5835481286048889,0.20062902569770813,0.5223065785091394,0.3905300859039565,0.8669759426839126
95,0.25098609924316406,0.4994906485080719,0.26022547483444214,0.3066137731075287,0.18611900508403778,0.2024695873260498,0.2024695873260498,0.2024695873260498,1.0,1.0,1.0,1.0,1.0,1.0,1.0,0.4994906485080719,1.0,0.9759122729301453,1.0,0.9759122729301453,0.9667556881904602,0.2024695873260498,0.09957644575402967,0.09957644575402967,0.2714086581646851
2894,0.3191787004470825,0.6251347064971924,0.41381189227104187,0.3729791045188904,0.17074507474899292,0.2135981172323227,0.2135981172323227,0.2135981172323227,1.0,1.0,1.0,1.0,1.0,1.0,1.0,0.6251347064971924,1.0,0.06720935553312302,0.0,0.9327906370162964,0.9991722106933594,0.2135981172323227,0.6045130693448261,0.4891772949617355,0.6726463537029108
2396,0.24321678280830383,0.480231910943985,0.270516037940979,0.26569387316703796,0.19344046711921692,0.1887989491224289,0.1887989491224289,0.1887989491224289,1.0,1.0,1.0,1.0,1.0,1.0,1.0,0.480231910943985,1.0,0.13018247485160828,0.0,0.8698174953460693,0.8217021226882935,0.1887989491224289,0.08230548337391244,0.08230548337391244,0.15806973107506017
1117,0.214008629322052,0.43507304787635803,0.3815877139568329,0.15922056138515472,0.1012176051735878,0.13942240178585052,0.13942240178585052,0.13942240178585052,1.0,1.0,1.0,1.0,1.0,1.0,1.0,0.43507304787635803,1.0,0.01609662175178528,0.0,0.9839034080505371,0.998467743396759,0.13942240178585052,0.18201704111291203,0.18201704111291203,0.538060493260605
6644,0.4037151038646698,0.8080934882164001,0.48764848709106445,0.4366702139377594,0.2868265211582184,0.17936529219150543,1.38424813747406,0.17936529219150543,1.0,1.0,0.0,0.0,0.0,0.6000000238418579,0.0,0.6687631011009216,1.0,0.4614328444004059,1.0,0.5385671854019165,0.5294174551963806,0.17936529219150543,1.77477514441079,0.4506388451109704,0.8709395684675516
3056,0.5169724225997925,1.0341657400131226,0.7792109251022339,0.5205982327461243,0.2511081397533417,0.11612726747989655,0.11612726747989655,0.11612726747989655,1.0,1.0,1.0,1.0,1.0,1.0,1.0,1.0341657400131226,1.0,0.9795876741409302,1.0,0.9795876741409302,0.9607475996017456,0.11612726747989655,0.49639610955981395,0.40960863990374174,0.7437164629954016
1287,0.32668235898017883,0.668027937412262,0.30147334933280945,0.32668766379356384,0.3518860936164856,0.1813025325536728,0.1813025325536728,0.1813025325536728,1.0,1.0,1.0,1.0,1.0,0.6000000238418579,0.0,0.8908309936523438,1.0,0.05002385750412941,0.0,0.9499761462211609,0.997975766658783,0.1813025325536728,0.6373692737543715,0.6353372843718182,2.645623832523837
2459,0.37734586000442505,0.7847335934638977,0.39210018515586853,0.5085529685020447,0.2313845157623291,0.16379009187221527,0.16379009187221527,0.16379009187221527,1.0,1.0,1.0,1.0,1.0,1.0,1.0,0.7847335934638977,1.0,0.8104323148727417,1.0,0.8104323148727417,0.3099108636379242,0.16379009187221527,0.20624251077957803,0.20624251077957803,0.5244943639583312
9473,0.42081987857818604,0.9328489303588867,0.5438839793205261,0.42615577578544617,0.29241976141929626,0.19298617541790009,0.19298617541790009,0.19298617541790009,1.0,1.0,1.0,1.0,1.0,0.6000000238418579,0.0,0.8491653800010681,1.0,0.8585105538368225,1.0,0.8585105538368225,0.9720760583877563,0.19298617541790009,0.39741026428132087,0.39694499822085194,0.46054622002109763
9248,0.454079270362854,0.8665046691894531,0.4918070435523987,0.6188048720359802,0.2516259253025055,0.17314669489860535,0.17314669489860535,0.17314669489860535,1.0,1.0,1.0,1.0,1.0,1.0,1.0,0.8665046691894531,1.0,0.9468463659286499,1.0,0.9468463659286499,0.9995874762535095,0.17314669489860535,0.7608105584304782,0.5269261091505218,0.6960146877327861
2299,0.3266167640686035,0.6727475523948669,0.5374441146850586,0.2709662616252899,0.17143984138965607,0.1506194919347763,0.1506194919347763,0.1506194919347763,1.0,1.0,1.0,1.0,1.0,1.0,1.0,0.6727475523948669,1.0,0.02689325623214245,0.0,0.9731067419052124,0.9965035915374756,0.1506194919347763,0.19287129228428848,0.19287129228428848,0.6526483539928838
9199,0.3141665756702423,0.6588050723075867,0.3737732768058777,0.27331089973449707,0.2954154312610626,0.14862407743930817,0.14862407743930817,0.14862407743930817,1.0,1.0,1.0,1.0,1.0,1.0,1.0,0.6588050723075867,1.0,0.5977761149406433,1.0,0.5977761149406433,0.8584154844284058,0.14862407743930817,0.2983327827152605,0.20108014934712792,0.2806420398832758
2836,0.23567061126232147,0.4541030526161194,0.256143182516098,0.27074354887008667,0.18012507259845734,0.19586874544620514,0.19586874544620514,0.19586874544620514,1.0,1.0,1.0,1.0,1.0,1.0,1.0,0.4541030526161194,1.0,0.9579905867576599,1.0,0.9579905867576599,0.9952452778816223,0.19586874544620514,0.22649569084339893,0.22215604265674294,0.35063392226962686
5626,0.46433380246162415,0.8824638724327087,0.5307832956314087,0.5714526772499084,0.2907653748989105,0.19397838413715363,0.19397838413715363,0.19397838413715363,1.0,1.0,1.0,1.0,1.0,1.0,1.0,0.8824638724327087,1.0,0.8975024223327637,1.0,0.8975024223327637,0.999323844909668,0.19397838413715363,0.18789371721263673,0.18789371721263673,0.3668346707964821
7246,0.45050832629203796,0.9400519728660583,0.7990843653678894,0.43236181139945984,0.1200786828994751,0.13818621635437012,0.13818621635437012,0.13818621635437012,1.0,1.0,1.0,1.0,1.0,0.6000000238418579,0.0,0.8852041363716125,1.0,0.039066098630428314,0.0,0.9609339237213135,0.9988378882408142,0.13818621635437012,0.2925016574502383,0.27713563122169704,0.3684683228206576
8952,0.20633520185947418,0.39855146408081055,0.2376120537519455,0.19977562129497528,0.18161790072917938,0.15806712210178375,0.15806712210178375,0.15806712210178375,1.0,1.0,1.0,1.0,1.0,1.0,1.0,0.4892697036266327,1.0,0.2894834578037262,0.0,0.7105165719985962,0.5145484209060669,0.15806712210178375,0.10907757732786251,0.10907757732786251,0.22304202931842326
6097,0.523064911365509,0.9912338256835938,0.6063142418861389,0.6738646626472473,0.28901568055152893,0.11420398950576782,0.11420398950576782,0.11420398950576782,1.0,1.0,1.0,1.0,1.0,0.6000000238418579,0.0,1.0332716703414917,1.0,0.9181933403015137,1.0,0.9181933403015137,0.999233603477478,0.11420398950576782,0.46557772768044386,0.4496806169466635,0.7257977366928088
9765,0.2276390939950943,0.4800499975681305,0.39459750056266785,0.08531869947910309,0.20300109684467316,0.1985747218132019,0.1985747218132019,0.1985747218132019,1.0,1.0,1.0,1.0,1.0,1.0,1.0,0.4800499975681305,1.0,0.9524880647659302,1.0,0.9524880647659302,0.9768087863922119,0.1985747218132019,0.26801092141735927,0.2355354612079236,0.4363164960116976
6050,0.2781142592430115,0.5806984901428223,0.17005886137485504,0.47470489144325256,0.18957896530628204,0.15505437552928925,0.15505437552928925,0.15505437552928925,1.0,1.0,1.0,1.0,1.0,1.0,1.0,0.5806984901428223,1.0,0.9338284730911255,1.0,0.9338284730911255,0.9759824275970459,0.15505437552928925,0.14850743922955492,0.14850743922955492,0.3860194420687099
5082,0.3857139050960541,0.7998930215835571,0.3925798833370209,0.5466679334640503,0.21789394319057465,0.1547015905380249,0.1547015905380249,0.1547015905380249,1.0,1.0,1.0,1.0,1.0,1.0,1.0,0.7998930215835571,1.0,0.9664801359176636,1.0,0.9664801359176636,0.969588041305542,0.1547015905380249,0.39441622255523134,0.3882982342648111,0.7360581354410942
8171,0.41158831119537354,0.8245055079460144,0.39818906784057617,0.4885134696960449,0.34806227684020996,0.12445700168609619,1.4635285139083862,0.12445700168609619,1.0,1.0,0.0,0.0,0.0,1.0,1.0,0.8245055079460144,1.0,0.3693098723888397,1.0,0.6306900978088379,0.9988425970077515,0.12445700168609619,1.988399110652178,0.24041768062808158,0.6307786013573135
7660,0.3905801475048065,0.7791256904602051,0.4399256706237793,0.5745741724967957,0.1572405844926834,0.1380334198474884,0.1380334198474884,0.1380334198474884,1.0,1.0,1.0,1.0,1.0,1.0,1.0,0.7791256904602051,1.0,0.04684235528111458,0.0,0.9531576633453369,0.9996750354766846,0.1380334198474884,0.2787628988474713,0.2600013035318482,0.3185405548699166
2440,0.3455422520637512,0.7932586073875427,0.5049005746841431,0.3922583758831024,0.1394677758216858,0.12969234585762024,0.12969234585762024,0.12969234585762024,1.0,1.0,1.0,1.0,1.0,0.6000000238418579,0.0,0.7723221182823181,1.0,0.8033547401428223,1.0,0.8033547401428223,0.9998575448989868,0.12969234585762024,0.6031368100438828,0.5987471547438076,0.8322840130889888
1240,0.39628109335899353,0.8349723219871521,0.46688127517700195,0.5771896839141846,0.14477241039276123,0.15261077880859375,0.15261077880859375,0.15261077880859375,1.0,1.0,1.0,1.0,1.0,0.6000000238418579,0.0,0.6139584183692932,1.0,0.9842267632484436,1.0,0.9842267632484436,0.998993456363678,0.15261077880859375,0.25972005211280563,0.23715407506258412,0.42174722811994436
2255,0.3363516628742218,0.6345475316047668,0.3292306363582611,0.4962739944458008,0.1835503876209259,0.1607070416212082,0.1607070416212082,0.1607070416212082,1.0,1.0,1.0,1.0,1.0,1.0,1.0,0.6345475316047668,1.0,0.8435230255126953,1.0,0.8435230255126953,0.9753875732421875,0.1607070416212082,0.27041098747719355,0.2524398845993675,0.3730670949889166
1630,0.2999924123287201,0.5936613082885742,0.40171733498573303,0.2642919719219208,0.2339678555727005,0.20577819645404816,0.20577819645404816,0.20577819645404816,1.0,1.0,1.0,1.0,1.0,1.0,1.0,0.5936613082885742,1.0,0.04150732234120369,0.0,0.9584926962852478,0.9976010918617249,0.20577819645404816,0.5395486129302167,0.4807477432085212,0.7157654678397418
7280,0.18833917379379272,0.37160345911979675,0.18481075763702393,0.24509210884571075,0.13511469960212708,0.12561912834644318,0.12561912834644318,0.12561912834644318,1.0,1.0,1.0,1.0,1.0,1.0,1.0,0.37160345911979675,1.0,0.87717604637146,1.0,0.87717604637146,0.9195813536643982,0.12561912834644318,0.15263650516092553,0.15263650516092553,0.3417363325488085
9234,0.37344858050346375,0.8692920804023743,0.7345532774925232,0.22071294486522675,0.16507945954799652,0.12335673719644547,0.12335673719644547,0.12335673719644547,1.0,1.0,1.0,1.0,1.0,0.6000000238418579,0.0,0.9059301614761353,1.0,0.39040249586105347,0.0,0.6095975041389465,0.9998513460159302,0.12335673719644547,0.5671310478899358,0.5607346201047975,0.8551477341436462
6809,0.20413774251937866,0.3984551727771759,0.16158583760261536,0.2029304951429367,0.24789686501026154,0.23131795227527618,0.23131795227527618,0.23131795227527618,1.0,1.0,1.0,1.0,1.0,1.0,1.0,0.3984551727771759,1.0,0.014161990955471992,0.0,0.985837996006012,0.9888639450073242,0.23131795227527618,0.11556139142503173,0.11556139142503173,0.3251825250806376
9373,0.39529913663864136,0.7278079390525818,0.5297929048538208,0.3321802318096161,0.32392430305480957,0.236938938498497,0.236938938498497,0.236938938498497,1.0,1.0,1.0,1.0,1.0,1.0,1.0,0.7278079390525818,1.0,0.11429373919963837,0.0,0.8857062458992004,0.833276093006134,0.236938938498497,0.19149623199045554,0.19149623199045554,0.7322073273362474
6349,0.48757272958755493,0.9414156079292297,0.7306327819824219,0.35721656680107117,0.37486883997917175,0.20638012886047363,0.20638012886047363,0.20638012886047363,1.0,1.0,1.0,1.0,1.0,0.6000000238418579,0.0,0.8009718060493469,1.0,0.7040358185768127,1.0,0.7040358185768127,0.9999581575393677,0.20638012886047363,0.793265262035241,0.7582583061826779,0.9221626764194942
4075,0.38210463523864746,0.7824832201004028,0.40241941809654236,0.4712153375148773,0.27267906069755554,0.10280119627714157,0.7776712775230408,0.5802065134048462,0.6000000238418579,0.0,0.0,0.4000000059604645,0.0,0.20000000298023224,0.0,0.8134336471557617,0.0,0.8312256336212158,0.0,0.8312256336212158,0.5158051252365112,0.5802065134048462,0.9363016388604348,0.6399668547366175,1.468305575624244
4172,0.3393380343914032,0.732746958732605,0.2977386713027954,0.49671220779418945,0.22356319427490234,0.10459593683481216,0.10459593683481216,0.10459593683481216,1.0,1.0,1.0,1.0,1.0,0.6000000238418579,0.0,0.6477234959602356,1.0,0.18487633764743805,0.0,0.8151236772537231,0.6711912155151367,0.10459593683481216,0.3608570613821128,0.31089406129826,0.6036593391498378
9794,0.44554275274276733,0.8897411227226257,0.39867421984672546,0.7478643655776978,0.1900896579027176,0.1764124184846878,0.8497263193130493,0.6072906851768494,0.6000000238418579,0.0,0.0,0.4000000059604645,0.0,0.20000000298023224,0.0,0.5923725366592407,0.0,0.8320328593254089,0.0,0.8320328593254089,0.7464709281921387,0.6072906851768494,0.17027966747328122,0.16344679608431334,0.2318097893521056
9737,0.504936158657074,1.031725525856018,0.6706398129463196,0.6275769472122192,0.2165917456150055,0.161611407995224,0.161611407995224,0.161611407995224,1.0,1.0,1.0,1.0,1.0,0.6000000238418579,0.0,0.9824909567832947,1.0,0.16602860391139984,0.0,0.833971381187439,0.999536395072937,0.161611407995224,0.4945846733374279,0.4186025530474019,0.42153475923394684
5630,0.3052175045013428,0.6471425890922546,0.34976452589035034,0.2899421751499176,0.27594587206840515,0.1378399133682251,0.1378399133682251,0.1378399133682251,1.0,1.0,1.0,1.0,1.0,0.6000000238418579,0.0,0.5164927840232849,1.0,0.18580131232738495,0.0,0.8141986727714539,0.9987601041793823,0.1378399133682251,0.6042445942357659,0.5519083357809386,0.7800327631722723
1595,0.4513542950153351,0.9996509552001953,0.30608102679252625,0.8851497769355774,0.16283205151557922,0.22781573235988617,0.22781573235988617,0.22781573235988617,1.0,1.0,1.0,1.0,1.0,1.0,1.0,0.9996509552001953,1.0,0.02056506834924221,0.0,0.9794349074363708,0.9987512826919556,0.22781573235988617,0.42364460748713734,0.42364460748713734,1.5494077531635913
9946,0.4233347177505493,0.8404507040977478,0.32992610335350037,0.7186585068702698,0.22141943871974945,0.1126631498336792,0.1126631498336792,0.1126631498336792,1.0,1.0,1.0,1.0,1.0,0.6000000238418579,0.0,0.8568437695503235,1.0,0.01259704865515232,0.0,0.9874029755592346,0.9790651798248291,0.1126631498336792,0.8286115828798546,0.8211178488590054,3.7662057706051866
7537,0.2931686341762543,0.6035861968994141,0.3047519624233246,0.3946889340877533,0.18006496131420135,0.03263634443283081,0.03263634443283081,0.03263634443283081,1.0,1.0,1.0,1.0,1.0,1.0,1.0,0.6035861968994141,1.0,0.9499701857566833,1.0,0.9499701857566833,0.9997480511665344,0.03263634443283081,1.229414793011562,1.1302128896677541,3.344677544723611
9220,0.3564533591270447,0.8031519055366516,0.29234930872917175,0.5536547899246216,0.22335603833198547,0.15968750417232513,0.15968750417232513,0.15968750417232513,1.0,1.0,1.0,1.0,1.0,1.0,1.0,0.8031519055366516,1.0,0.04092498868703842,0.0,0.9590750336647034,0.98321932554245,0.15968750417232513,0.337678943737222,0.3112797163628384,0.6979963215933577
6704,0.22405564785003662,0.4608481824398041,0.1936803162097931,0.26049986481666565,0.21798674762248993,0.1695682555437088,0.1695682555437088,0.1695682555437088,1.0,1.0,1.0,1.0,1.0,1.0,1.0,0.4608481824398041,1.0,0.9766566157341003,1.0,0.9766566157341003,0.9834588766098022,0.1695682555437088,0.1809463562644531,0.1809463562644531,0.34003046431078215
5601,0.28443819284439087,0.5616607069969177,0.37546995282173157,0.2782283425331116,0.19961616396903992,0.1681917905807495,0.1681917905807495,0.1681917905807495,1.0,1.0,1.0,1.0,1.0,1.0,1.0,0.5616607069969177,1.0,0.04621510207653046,0.0,0.9537848830223083,0.8992877006530762,0.1681917905807495,0.1668654211012623,0.1668654211012623,0.5120481046281093
323,0.4026700556278229,0.8338430523872375,0.3166092336177826,0.6270602345466614,0.26434069871902466,0.1657290905714035,0.5745407342910767,0.5745407342910767,0.6000000238418579,0.0,1.0,0.6000000238418579,0.0,0.20000000298023224,0.0,0.7543762922286987,0.0,0.7018586993217468,1.0,0.7018586993217468,0.5028831362724304,0.5745407342910767,1.682518745405091,0.48419632728032863,0.7398613432051291
8285,0.4219481348991394,0.8600679636001587,0.38741326332092285,0.6304973363876343,0.2479337453842163,0.13694459199905396,0.13694459199905396,0.13694459199905396,1.0,1.0,1.0,1.0,1.0,1.0,1.0,0.8600679636001587,1.0,0.01833517476916313,0.0,0.9816648364067078,0.9951145648956299,0.13694459199905396,0.2897924995848015,0.28792893496511035,0.4398925439116975
9600,0.22109197080135345,0.46116647124290466,0.1686626672744751,0.3598063886165619,0.134806826710701,0.1710345596075058,0.1710345596075058,0.1710345596075058,1.0,1.0,1.0,1.0,1.0,1.0,1.0,0.46116647124290466,1.0,0.06746849417686462,0.0,0.932531476020813,0.8964762687683105,0.1710345596075058,0.15199937134526015,0.15199937134526015,0.28914516475110025
5118,0.22007431089878082,0.48609456419944763,0.25328299403190613,0.3079105019569397,0.09902942180633545,0.22936637699604034,0.22936637699604034,0.22936637699604034,1.0,1.0,1.0,1.0,1.0,1.0,1.0,0.48609456419944763,1.0,0.9384414553642273,1.0,0.9384414553642273,0.989137589931488,0.22936637699604034,0.14836984484927876,0.14836984484927876,0.3739909350387787
8060,0.31606486439704895,0.6102443933486938,0.40274545550346375,0.3632056713104248,0.18224337697029114,0.1421169936656952,0.1421169936656952,0.1421169936656952,1.0,1.0,1.0,1.0,1.0,1.0,1.0,0.6102443933486938,1.0,0.017363643273711205,0.0,0.9826363325119019,0.9880202412605286,0.1421169936656952,0.17841698815563414,0.17841698815563414,0.5274652058323025
840,0.3721858263015747,0.780705988407135,0.40643855929374695,0.5698723793029785,0.14024648070335388,0.1753559410572052,0.7277703285217285,0.7277703285217285,0.6000000238418579,0.0,1.0,0.6000000238418579,0.0,0.6000000238418579,0.0,0.780705988407135,0.0,0.3902278244495392,0.0,0.6097722053527832,0.818828821182251,0.7277703285217285,1.8841822271246509,0.43563045074838835,0.8018396108350394
6907,0.3718583285808563,0.7508059740066528,0.5405711531639099,0.22350461781024933,0.35149917006492615,0.13486216962337494,0.13486216962337494,0.13486216962337494,1.0,1.0,1.0,1.0,1.0,0.6000000238418579,0.0,0.7350994348526001,1.0,0.018647177144885063,0.0,0.9813528060913086,0.990459680557251,0.13486216962337494,0.1983631496079913,0.17694645831012135,0.17183532552598832
5509,0.4276945888996124,0.8652939200401306,0.5309972167015076,0.5455437898635864,0.2065427303314209,0.1632171869277954,0.1632171869277954,0.1632171869277954,1.0,1.0,1.0,1.0,1.0,0.6000000238418579,0.0,0.8152902722358704,1.0,0.7269315123558044,1.0,0.7269315123558044,0.999922513961792,0.1632171869277954,0.9193226769791341,0.8439966250583928,0.9777444730312916
7565,0.24080468714237213,0.47788143157958984,0.2753337323665619,0.3231135308742523,0.12396669387817383,0.2280486822128296,0.2280486822128296,0.2280486822128296,1.0,1.0,1.0,1.0,1.0,1.0,1.0,0.47788143157958984,1.0,0.04175487160682678,0.0,0.9582451581954956,0.9351825714111328,0.2280486822128296,0.10766375338216795,0.10766375338216795,0.3175956557986182
4660,0.3712901175022125,0.8438267707824707,0.4936541020870209,0.48509612679481506,0.13512010872364044,0.18166367709636688,0.18166367709636688,0.18166367709636688,1.0,1.0,1.0,1.0,1.0,1.0,1.0,0.8438267707824707,1.0,0.052936140447854996,0.0,0.9470638632774353,0.9956295490264893,0.18166367709636688,0.16252850360243,0.16252850360243,0.44030655277929204
7554,0.38695451617240906,0.7534164786338806,0.411912739276886,0.40387699007987976,0.3450736999511719,0.2531299889087677,0.2531299889087677,0.2531299889087677,1.0,1.0,1.0,1.0,1.0,0.6000000238418579,0.0,0.7343819737434387,1.0,0.017502864822745323,0.0,0.9824971556663513,0.9920702576637268,0.2531299889087677,0.7129280077925835,0.7129222854912151,8.327752814751161
2715,0.36299726366996765,0.7316475510597229,0.495136022567749,0.47649598121643066,0.11735979467630386,0.18758995831012726,0.18758995831012726,0.18758995831012726,1.0,1.0,1.0,1.0,1.0,0.6000000238418579,0.0,0.6360313296318054,1.0,0.9616233706474304,1.0,0.9616233706474304,0.999769389629364,0.18758995831012726,0.5108221485218108,0.4496442222213226,0.6263387391296331
3525,0.49267518520355225,1.1055134534835815,0.7118934392929077,0.5732580423355103,0.1928740292787552,0.12198065966367722,0.12198065966367722,0.12198065966367722,1.0,1.0,1.0,1.0,1.0,0.6000000238418579,0.0,0.9198617339134216,1.0,0.3019150495529175,0.0,0.6980849504470825,0.99981290102005,0.12198065966367722,0.9727749969096191,0.8273186757701154,0.9831502078053987
4088,0.341852068901062,0.6545435786247253,0.4576939642429352,0.3230705261230469,0.24479174613952637,0.22632884979248047,0.22632884979248047,0.22632884979248047,1.0,1.0,1.0,1.0,1.0,1.0,1.0,0.6545435786247253,1.0,0.035950735211372375,0.0,0.9640492796897888,0.9588878750801086,0.22632884979248047,0.20164052653055445,0.20145549561120615,0.4359793265122816
440,0.40024322271347046,0.8665454983711243,0.6225711703300476,0.45339900255203247,0.12475947290658951,0.06009852886199951,0.06009852886199951,0.06009852886199951,1.0,1.0,1.0,1.0,1.0,1.0,1.0,0.8665454983711243,1.0,0.9475356340408325,1.0,0.9475356340408325,0.9822386503219604,0.06009852886199951,0.528681906161268,0.5274646679738197,1.5580546533633342
8061,0.22948333621025085,0.43769508600234985,0.159163236618042,0.22279143333435059,0.3064952790737152,0.11099112033843994,0.11099112033843994,0.11099112033843994,1.0,1.0,1.0,1.0,1.0,1.0,1.0,0.43769508600234985,1.0,0.016442082822322845,0.0,0.983557939529419,0.9995786547660828,0.11099112033843994,0.3473219942093904,0.34256045086247877,0.5216762958040218
1393,0.2856319546699524,0.6105813980102539,0.16751593351364136,0.5137516260147095,0.17562834918498993,0.1732402890920639,0.1732402890920639,0.1732402890920639,1.0,1.0,1.0,1.0,1.0,1.0,1.0,0.6105813980102539,1.0,0.8722841143608093,1.0,0.8722841143608093,0.9934040904045105,0.1732402890920639,0.2659675901164302,0.2659675901164302,1.2430137744123475
8834,0.2721213102340698,0.599586009979248,0.1812128871679306,0.44990092515945435,0.18525004386901855,0.12876948714256287,1.2252753973007202,0.12876948714256287,1.0,1.0,0.0,0.0,0.0,1.0,1.0,0.599586009979248,1.0,0.7192559838294983,0.0,0.7192559838294983,0.9847396612167358,0.12876948714256287,1.9903328120774508,0.418869958100214,0.8572317558639706
1900,0.46235042810440063,0.8983784914016724,0.4814414978027344,0.45884257555007935,0.44676706194877625,0.23136810958385468,0.23136810958385468,0.23136810958385468,1.0,1.0,1.0,1.0,1.0,1.0,1.0,0.8983784914016724,1.0,0.7281015515327454,1.0,0.7281015515327454,0.997404158115387,0.23136810958385468,0.4058707864252313,0.39159686798808374,0.7619773322437436
81,0.38722944259643555,0.744454562664032,0.5164377689361572,0.42699018120765686,0.21826033294200897,0.17571572959423065,0.17571572959423065,0.17571572959423065,1.0,1.0,1.0,1.0,1.0,1.0,1.0,0.744454562664032,1.0,0.04196853190660477,0.0,0.9580314755439758,0.9039613008499146,0.17571572959423065,0.2430023237584703,0.23406100897354243,0.3940810753682892
432,0.4676080346107483,0.9595928192138672,0.7233913540840149,0.5308317542076111,0.14860092103481293,0.15492306649684906,0.15492306649684906,0.15492306649684906,1.0,1.0,1.0,1.0,1.0,1.0,1.0,0.9595928192138672,1.0,0.9716575145721436,1.0,0.9716575145721436,0.9932181239128113,0.15492306649684906,0.11581870672166793,0.11581870672166793,0.22083122624626436
9586,0.35997408628463745,0.6726780533790588,0.40144357085227966,0.41347095370292664,0.26500770449638367,0.10175228118896484,0.10175228118896484,0.10175228118896484,1.0,1.0,1.0,1.0,1.0,0.6000000238418579,0.0,0.6560262441635132,1.0,0.302084356546402,0.0,0.6979156732559204,0.9818722605705261,0.10175228118896484,0.5236071821832328,0.4738296441060347,0.6603301543040041
2359,0.41571688652038574,0.9086127281188965,0.6691191792488098,0.4147699475288391,0.16326162219047546,0.14147599041461945,0.14147599041461945,0.14147599041461945,1.0,1.0,1.0,1.0,1.0,0.6000000238418579,0.0,0.7567378878593445,1.0,0.9049332141876221,1.0,0.9049332141876221,0.9993301630020142,0.14147599041461945,0.5577106335022527,0.516005741282705,0.6222526063075609
7017,0.3626576066017151,0.780490517616272,0.25454580783843994,0.6246712803840637,0.20875565707683563,0.1403457075357437,0.1403457075357437,0.1403457075357437,1.0,1.0,1.0,1.0,1.0,0.6000000238418579,0.0,0.5823192000389099,1.0,0.850923478603363,1.0,0.850923478603363,0.999238133430481,0.1403457075357437,0.9727006472558365,0.7284248271620365,0.912790668609023
450,0.5376255512237549,1.0439751148223877,0.8351408243179321,0.4221320152282715,0.35560354590415955,0.07089632004499435,0.07089632004499435,0.07089632004499435,1.0,1.0,1.0,1.0,1.0,0.6000000238418579,0.0,1.005069613456726,1.0,0.4224715232849121,0.0,0.5775284767150879,0.6173174381256104,0.07089632004499435,0.3702063720477924,0.3702063720477924,0.7408894578376971
3124,0.3263888359069824,0.6347920298576355,0.394781231880188,0.339697927236557,0.24468719959259033,0.1447559893131256,0.1447559893131256,0.1447559893131256,1.0,1.0,1.0,1.0,1.0,0.6000000238418579,0.0,0.5799328684806824,1.0,0.11697794497013092,0.0,0.8830220699310303,0.9998862743377686,0.1447559893131256,0.534080830158261,0.5104641315669349,0.7246116255102827
5706,0.3658977746963501,0.7407130599021912,0.364936888217926,0.5207831263542175,0.2119731903076172,0.2504540979862213,0.2504540979862213,0.2504540979862213,1.0,1.0,1.0,1.0,1.0,1.0,1.0,0.7407130599021912,1.0,0.029058611020445824,0.0,0.9709413647651672,0.9887117147445679,0.2504540979862213,0.22910282856357334,0.22147783744750787,0.4285808587642937
3414,0.38850831985473633,0.7709524035453796,0.3524807393550873,0.5048994421958923,0.3081446588039398,0.18621139228343964,0.18621139228343964,0.18621139228343964,1.0,1.0,1.0,1.0,1.0,0.6000000238418579,0.0,0.7277870178222656,1.0,0.981217622756958,1.0,0.981217622756958,0.999210000038147,0.18621139228343964,0.47008317650425907,0.4655442593909381,0.6731321718156752
1564,0.29696786403656006,0.6260752081871033,0.19265945255756378,0.5360727310180664,0.16217143833637238,0.178603395819664,0.178603395819664,0.178603395819664,1.0,1.0,1.0,1.0,1.0,1.0,1.0,0.6260752081871033,1.0,0.9785261154174805,1.0,0.9785261154174805,0.9858946800231934,0.178603395819664,0.3361542367299435,0.3361542367299435,0.6042976252935189
8913,0.3771239221096039,0.7239433526992798,0.5153719186782837,0.3064858615398407,0.30951404571533203,0.08692512661218643,0.08692512661218643,0.08692512661218643,1.0,1.0,1.0,1.0,1.0,1.0,1.0,0.7239433526992798,1.0,0.9662005305290222,1.0,0.9662005305290222,0.9732071757316589,0.08692512661218643,0.17888606543120994,0.17888606543120994,0.44628466633093755
9338,0.24978448450565338,0.46716365218162537,0.26028451323509216,0.21956788003444672,0.26950111985206604,0.13257203996181488,0.13257203996181488,0.13257203996181488,1.0,1.0,1.0,1.0,1.0,1.0,1.0,0.46716365218162537,1.0,0.9588735103607178,1.0,0.9588735103607178,0.8750200271606445,0.13257203996181488,0.06679035257983926,0.06679035257983926,0.14320529486131517
7032,0.41342851519584656,0.8354082107543945,0.6149361729621887,0.3710126578807831,0.25433680415153503,0.20283539593219757,0.20283539593219757,0.20283539593219757,1.0,1.0,1.0,1.0,1.0,0.20000000298023224,0.0,0.8309974670410156,1.0,0.8690579533576965,1.0,0.8690579533576965,0.9975324869155884,0.20283539593219757,0.7261164026059851,0.6031209305708959,0.9976472475399671
9612,0.2836586833000183,0.6545822620391846,0.41799840331077576,0.3637565076351166,0.06922115385532379,0.21236801147460938,0.21236801147460938,0.21236801147460938,1.0,1.0,1.0,1.0,1.0,1.0,1.0,0.6545822620391846,1.0,0.09588612616062164,0.0,0.9041138887405396,0.9244575500488281,0.21236801147460938,0.11935329625094582,0.11935329625094582,0.28552360984989744
5646,0.25881311297416687,0.4979207217693329,0.28877803683280945,0.259569376707077,0.22809183597564697,0.2507104277610779,0.2507104277610779,0.2507104277610779,1.0,1.0,1.0,1.0,1.0,1.0,1.0,0.4979207217693329,1.0,0.9621777534484863,1.0,0.9621777534484863,0.9989168643951416,0.2507104277610779,0.28225208699441684,0.2796239806224557,0.5040390015425241
4629,0.2752780616283417,0.5685310363769531,0.2403726875782013,0.42095527052879333,0.16450618207454681,0.11088015884160995,1.3642925024032593,0.11088015884160995,1.0,1.0,0.0,0.0,0.0,1.0,1.0,0.5685310363769531,1.0,0.7460459470748901,0.0,0.7460459470748901,0.20834268629550934,0.11088015884160995,1.8404533536065752,0.17310265785212875,0.3320699779147932
2778,0.527885913848877,1.0755759477615356,0.7143010497093201,0.583905816078186,0.28545093536376953,0.09784888476133347,1.1801834106445312,0.09784888476133347,1.0,1.0,0.0,0.0,0.0,0.6000000238418579,0.0,1.0336500406265259,1.0,0.04151275008916855,1.0,0.9584872722625732,0.9996141195297241,0.09784888476133347,0.6253144505358245,0.5642264847728683,0.7682237054312374
8297,0.36021268367767334,0.8595741391181946,0.2669884264469147,0.6568450331687927,0.15680457651615143,0.13638535141944885,0.13638535141944885,0.13638535141944885,1.0,1.0,1.0,1.0,1.0,0.6000000238418579,0.0,0.773467481136322,1.0,0.7987756729125977,1.0,0.7987756729125977,0.6793281435966492,0.13638535141944885,0.3539309679013703,0.2801111951157173,0.4927730592124483
8125,0.5520969033241272,1.1205840110778809,0.5540745854377747,0.7576286196708679,0.3445875644683838,0.1440204381942749,1.3182300329208374,0.1440204381942749,1.0,1.0,0.0,0.0,0.0,0.6000000238418579,0.0,1.020504117012024,1.0,0.5207229256629944,0.0,0.5207229256629944,0.8669092059135437,0.1440204381942749,1.7340169248209405,0.43357014642734837,0.7973275623932826
9170,0.22839699685573578,0.46709713339805603,0.24340076744556427,0.3313727080821991,0.11041750758886337,0.06094106659293175,0.06094106659293175,0.06094106659293175,1.0,1.0,1.0,1.0,1.0,1.0,1.0,0.46709713339805603,1.0,0.9469848871231079,1.0,0.9469848871231079,0.9337786436080933,0.06094106659293175,0.5344481786036694,0.5344481786036694,2.394667005216199
6183,0.3510115444660187,0.7244300246238708,0.4771583676338196,0.28153252601623535,0.2943437397480011,0.08286752551794052,0.08286752551794052,0.08286752551794052,1.0,1.0,1.0,1.0,1.0,0.6000000238418579,0.0,0.6477702260017395,1.0,0.6315187811851501,1.0,0.6315187811851501,0.8295269012451172,0.08286752551794052,0.33383001499182285,0.33383001499182285,0.7447572863316787
7356,0.2024795114994049,0.42687398195266724,0.3053915202617645,0.1379072666168213,0.1641397476196289,0.11989142745733261,0.11989142745733261,0.11989142745733261,1.0,1.0,1.0,1.0,1.0,1.0,1.0,0.42687398195266724,1.0,0.23560641705989838,0.0,0.7643935680389404,0.7901722192764282,0.11989142745733261,0.1606787817223599,0.1606787817223599,0.3732660150472301
3475,0.3183057904243469,0.6415774822235107,0.26043176651000977,0.4961690902709961,0.1983165591955185,0.22129006683826447,0.22129006683826447,0.22129006683826447,1.0,1.0,1.0,1.0,1.0,1.0,1.0,0.6415774822235107,1.0,0.9808943867683411,1.0,0.9808943867683411,0.9796773791313171,0.22129006683826447,0.10813788378082158,0.10813788378082158,0.22438114529638103
7255,0.41597601771354675,0.7870397567749023,0.45624539256095886,0.4752018451690674,0.31648072600364685,0.2502267062664032,0.2502267062664032,0.2502267062664032,1.0,1.0,1.0,1.0,1.0,1.0,1.0,0.7870397567749023,1.0,0.1416967660188675,0.0,0.8583032488822937,0.9782803058624268,0.2502267062664032,0.3842624439880634,0.3732366267556018,0.5947556115460928
8924,0.3719578981399536,0.7665957808494568,0.5149103999137878,0.33469444513320923,0.2662688195705414,0.19218656420707703,0.19218656420707703,0.19218656420707703,1.0,1.0,1.0,1.0,1.0,1.0,1.0,0.7665957808494568,1.0,0.030026432126760483,0.0,0.9699735641479492,0.9849473834037781,0.19218656420707703,0.0673648216614736,0.0673648216614736,0.11244130413312614
5,0.35733407735824585,0.6872898936271667,0.5670895576477051,0.25746187567710876,0.2474508285522461,0.14193175733089447,0.14193175733089447,0.14193175733089447,1.0,1.0,1.0,1.0,1.0,1.0,1.0,0.6872898936271667,1.0,0.1760401576757431,0.0,0.8239598274230957,0.9883723855018616,0.14193175733089447,0.2939729827738025,0.2822560886719197,0.5268730992385453
1621,0.43645158410072327,0.8931159973144531,0.7494697570800781,0.3222920894622803,0.23759280145168304,0.09217021614313126,0.09217021614313126,0.09217021614313126,1.0,1.0,1.0,1.0,1.0,0.6000000238418579,0.0,0.7745822072029114,1.0,0.9762285351753235,1.0,0.9762285351753235,0.9586015343666077,0.09217021614313126,0.2562046453863491,0.25605632108049214,0.42723322343548614
442,0.550344705581665,1.1166208982467651,0.6858620047569275,0.7495037913322449,0.21566803753376007,0.1317216157913208,1.182691216468811,0.1317216157913208,1.0,1.0,0.0,0.0,0.0,0.20000000298023224,0.0,0.8403423428535461,1.0,0.6748338937759399,0.0,0.6748338937759399,0.9999690055847168,0.1317216157913208,0.9447489332220699,0.9015078756467393,0.9971252633809589
9053,0.2805290222167969,0.5529078841209412,0.3735979199409485,0.3095293939113617,0.15845976769924164,0.18805159628391266,0.18805159628391266,0.18805159628391266,1.0,1.0,1.0,1.0,1.0,1.0,1.0,0.5529078841209412,1.0,0.9063857197761536,1.0,0.9063857197761536,0.974403440952301,0.18805159628391266,0.14459671250059872,0.14459671250059872,0.23110697626964632
8113,0.3007849454879761,0.6309372782707214,0.3526695668697357,0.295801043510437,0.2538841664791107,0.1575559824705124,0.1575559824705124,0.1575559824705124,1.0,1.0,1.0,1.0,1.0,1.0,1.0,0.6309372782707214,1.0,0.8867012858390808,1.0,0.8867012858390808,0.999859094619751,0.1575559824705124,0.5258882533071184,0.4321849115608571,0.556109938315983
5505,0.27945297956466675,0.5235227942466736,0.25817665457725525,0.29616352915763855,0.2840186655521393,0.30309101939201355,0.30309101939201355,0.30309101939201355,1.0,1.0,1.0,1.0,1.0,1.0,1.0,0.5235227942466736,1.0,0.02928321622312069,0.0,0.9707167744636536,0.9367520213127136,0.30309101939201355,0.45505267238037245,0.42481423407000396,0.8246426656361826
5452,0.3392687737941742,0.6486408114433289,0.38571998476982117,0.439444363117218,0.1926419585943222,0.1056620255112648,0.1056620255112648,0.1056620255112648,1.0,1.0,1.0,1.0,1.0,1.0,1.0,0.6486408114433289,1.0,0.0466141514480114,0.0,0.9533858299255371,0.9999644756317139,0.1056620255112648,0.6846923756193782,0.6312981131962616,0.8224076737571924
7958,0.29942506551742554,0.6084970831871033,0.3006463944911957,0.41088828444480896,0.18674039840698242,0.11270337551832199,0.11270337551832199,0.11270337551832199,1.0,1.0,1.0,1.0,1.0,1.0,1.0,0.6084970831871033,1.0,0.02503889426589012,0.0,0.9749611020088196,0.9915294647216797,0.11270337551832199,0.10327686486383993,0.10327686486383993,0.25081655209751463
1383,0.25477930903434753,0.4873705804347992,0.21724270284175873,0.21469168365001678,0.33240360021591187,0.2210025042295456,0.8215999007225037,0.6269834637641907,0.6000000238418579,0.0,0.0,0.4000000059604645,0.0,0.6000000238418579,0.0,0.42974361777305603,0.0,0.5400584936141968,0.0,0.5400584936141968,0.7406489253044128,0.6269834637641907,0.25684933086836814,0.25684933086836814,0.45850917299854305
7022,0.38744598627090454,0.8364787101745605,0.23817335069179535,0.7233918905258179,0.20077267289161682,0.16012094914913177,0.7366362810134888,0.7366362810134888,0.6000000238418579,0.0,1.0,0.6000000238418579,0.0,0.6000000238418579,0.0,0.8364787101745605,0.0,0.5357210636138916,1.0,0.5357210636138916,0.7154122591018677,0.7366362810134888,1.6694284614917863,0.3989613718541547,0.6541635387262866
9386,0.44232505559921265,0.9669480323791504,0.35061824321746826,0.798378050327301,0.17797891795635223,0.08749746531248093,0.08749746531248093,0.08749746531248093,1.0,1.0,1.0,1.0,1.0,1.0,1.0,0.9669480323791504,1.0,0.9261645078659058,1.0,0.9261645078659058,0.5014871954917908,0.08749746531248093,0.6274076980894969,0.5141720733895551,0.9314393908598556
7291,0.5435903072357178,1.0529085397720337,0.6360639929771423,0.7412106394767761,0.25349628925323486,0.09887463599443436,1.2685835361480713,0.09887463599443436,1.0,1.0,0.0,0.0,0.0,0.20000000298023224,0.0,0.8910076022148132,1.0,0.2676319479942322,1.0,0.7323680520057678,0.9999794960021973,0.09887463599443436,0.9681301452663573,0.8756863816877664,1.0067823243736578
8493,0.4478822946548462,0.8319679498672485,0.5400099158287048,0.4509459435939789,0.3526909351348877,0.18640398979187012,0.8539299368858337,0.5251300930976868,0.6000000238418579,0.0,0.0,0.4000000059604645,0.0,0.20000000298023224,0.0,0.668809711933136,0.0,0.0374065563082695,1.0,0.9625934362411499,0.8592159748077393,0.5251300930976868,0.1611803146401992,0.1611803146401992,0.45160265525599497
3687,0.5085003972053528,0.9542147517204285,0.6114806532859802,0.6567959189414978,0.2572246193885803,0.24269802868366241,0.24269802868366241,0.24269802868366241,1.0,1.0,1.0,1.0,1.0,0.6000000238418579,0.0,0.8909813165664673,1.0,0.9497531056404114,1.0,0.9497531056404114,0.999584972858429,0.24269802868366241,0.6570381385598029,0.5314320714067133,0.7804802522410008
9818,0.2658272385597229,0.5203649997711182,0.3121703565120697,0.27996689081192017,0.20534443855285645,0.14484776556491852,0.14484776556491852,0.14484776556491852,1.0,1.0,1.0,1.0,1.0,1.0,1.0,0.5203649997711182,1.0,0.10624990612268448,0.0,0.8937500715255737,0.9975359439849854,0.14484776556491852,0.10132218818311042,0.10027781779116078,0.2180172270476725
1735,0.22477640211582184,0.4325481355190277,0.266369104385376,0.23451459407806396,0.1734454482793808,0.2059415876865387,0.2059415876865387,0.2059415876865387,1.0,1.0,1.0,1.0,1.0,1.0,1.0,0.4325481355190277,1.0,0.9670841693878174,1.0,0.9670841693878174,0.9745849967002869,0.2059415876865387,0.10142157473889311,0.10142157473889311,0.17238192903181554
2035,0.2837292551994324,0.6031381487846375,0.3451288640499115,0.4020131528377533,0.10404564440250397,0.1305842250585556,0.1305842250585556,0.1305842250585556,1.0,1.0,1.0,1.0,1.0,0.6000000238418579,0.0,0.61403888463974,1.0,0.9758784174919128,1.0,0.9758784174919128,0.9872112274169922,0.1305842250585556,0.26441752116954886,0.25886050871044197,0.4214082390511804
4159,0.4615558087825775,1.0063819885253906,0.5269886255264282,0.5951024889945984,0.2625764012336731,0.1785377711057663,0.1785377711057663,0.1785377711057663,1.0,1.0,1.0,1.0,1.0,0.6000000238418579,0.0,0.9356691241264343,1.0,0.14759954810142517,0.0,0.8524004220962524,0.9983629584312439,0.1785377711057663,0.5400438740900684,0.5097588522891691,0.6621802884045406
1532,0.39724835753440857,0.7540296912193298,0.4315197169780731,0.571342408657074,0.18888290226459503,0.22357535362243652,0.22357535362243652,0.22357535362243652,1.0,1.0,1.0,1.0,1.0,1.0,1.0,0.7540296912193298,1.0,0.8921797871589661,1.0,0.8921797871589661,0.9496263861656189,0.22357535362243652,0.16078474378956326,0.16078474378956326,0.32801489419077706
718,0.5326312780380249,1.0261181592941284,0.7174416780471802,0.6120563745498657,0.26839572191238403,0.14982643723487854,0.14982643723487854,0.14982643723487854,1.0,1.0,1.0,1.0,1.0,1.0,1.0,1.0261181592941284,1.0,0.9210848212242126,1.0,0.9210848212242126,0.8527350425720215,0.14982643723487854,0.34696762186782687,0.34696762186782687,1.5108032239507743
9815,0.2836824357509613,0.592509388923645,0.4624328315258026,0.1357605755329132,0.2528538703918457,0.20501530170440674,0.20501530170440674,0.20501530170440674,1.0,1.0,1.0,1.0,1.0,1.0,1.0,0.592509388923645,1.0,0.2553381621837616,0.0,0.744661808013916,0.9517841935157776,0.20501530170440674,0.25391688149415215,0.2222446444806175,0.2701878896498838
998,0.2954563796520233,0.5564509034156799,0.25954100489616394,0.29049059748649597,0.33633753657341003,0.16988681256771088,0.16988681256771088,0.16988681256771088,1.0,1.0,1.0,1.0,1.0,1.0,1.0,0.5564509034156799,1.0,0.9617065787315369,1.0,0.9617065787315369,0.9999915361404419,0.16988681256771088,0.7073158757072451,0.6994573484136779,1.6221328054084645
6088,0.23281912505626678,0.48357534408569336,0.26918625831604004,0.2588721513748169,0.17039893567562103,0.16753442585468292,0.16753442585468292,0.16753442585468292,1.0,1.0,1.0,1.0,1.0,1.0,1.0,0.48357534408569336,1.0,0.07218044996261597,0.0,0.927819550037384,0.7359824776649475,0.16753442585468292,0.2674776308975998,0.21036797885267952,0.326256469798866
6798,0.40184494853019714,0.758705198764801,0.5593898892402649,0.35906869173049927,0.28707629442214966,0.14169996976852417,0.14169996976852417,0.14169996976852417,1.0,1.0,1.0,1.0,1.0,0.6000000238418579,0.0,0.5421760678291321,1.0,0.0950506329536438,0.0,0.9049493670463562,0.9508923888206482,0.14169996976852417,0.6884862757166154,0.4527406956746335,0.6659490930230381
1499,0.2342110127210617,0.4627749025821686,0.27489665150642395,0.22593222558498383,0.20180411636829376,0.24538350105285645,0.24538350105285645,0.24538350105285645,1.0,1.0,1.0,1.0,1.0,1.0,1.0,0.4627749025821686,1.0,0.9816117882728577,1.0,0.9816117882728577,0.9533876180648804,0.24538350105285645,0.0812940651343793,0.0812940651343793,0.19253444605805342
1508,0.3762389123439789,0.7550796866416931,0.28671732544898987,0.6320900321006775,0.20990939438343048,0.22632037103176117,0.22632037103176117,0.22632037103176117,1.0,1.0,1.0,1.0,1.0,1.0,1.0,0.7550796866416931,1.0,0.6864218711853027,1.0,0.6864218711853027,0.7182744145393372,0.22632037103176117,0.30403460822909706,0.27870473133877055,0.7167767743042968
279,0.3286944031715393,0.6835747957229614,0.15284818410873413,0.5542187094688416,0.2790162265300751,0.1478394716978073,0.1478394716978073,0.1478394716978073,1.0,1.0,1.0,1.0,1.0,0.20000000298023224,0.0,0.5008800029754639,1.0,0.6828258037567139,1.0,0.6828258037567139,0.9999535083770752,0.1478394716978073,0.9818498031087035,0.8136274542795601,0.9799503754633951
8469,0.29604288935661316,0.5639719367027283,0.35933372378349304,0.19468249380588531,0.3341125547885895,0.1458512246608734,0.1458512246608734,0.1458512246608734,1.0,1.0,1.0,1.0,1.0,0.6000000238418579,0.0,0.7005860209465027,1.0,0.01134563609957695,0.0,0.988654375076294,0.9988263249397278,0.1458512246608734,0.24443213159804453,0.23678974517039023,0.4989058708694429
7063,0.30405882000923157,0.5860910415649414,0.35493409633636475,0.1975739449262619,0.3596683442592621,0.09359756112098694,0.09359756112098694,0.09359756112098694,1.0,1.0,1.0,1.0,1.0,1.0,1.0,0.5860910415649414,1.0,0.0237978957593441,0.0,0.976202130317688,0.9985257983207703,0.09359756112098694,0.613375433991955,0.6127876782169459,5.4800804716808775
8151,0.36387330293655396,0.7899122834205627,0.2428140640258789,0.5571845173835754,0.29162129759788513,0.11972775310277939,1.3187789916992188,0.11972775310277939,1.0,1.0,0.0,0.0,0.0,0.20000000298023224,0.0,0.5978522300720215,1.0,0.3496612012386322,1.0,0.6503387689590454,0.9999696016311646,0.11972775310277939,1.1108062429892338,0.7715345971807008,0.9475168120629865
8257,0.47320738434791565,0.9413868188858032,0.4860697388648987,0.6286175847053528,0.30493471026420593,0.17149224877357483,0.17149224877357483,0.17149224877357483,1.0,1.0,1.0,1.0,1.0,0.6000000238418579,0.0,0.9798074960708618,1.0,0.005405599717050791,0.0,0.994594395160675,0.9942469000816345,0.17149224877357483,0.5329566401549815,0.5296000968324884,2.096430407152793
8241,0.388381689786911,0.7893852591514587,0.5422444343566895,0.4212895929813385,0.20161095261573792,0.21765433251857758,0.21765433251857758,0.21765433251857758,1.0,1.0,1.0,1.0,1.0,0.6000000238418579,0.0,0.6427499055862427,1.0,0.8738594055175781,1.0,0.8738594055175781,0.999536395072937,0.21765433251857758,0.40491525250539007,0.4029617848248411,0.8430466908684395
7751,0.4628126919269562,0.8501734137535095,0.5644513368606567,0.5394340753555298,0.28455278277397156,0.09076423943042755,0.7306997179985046,0.5881533026695251,0.6000000238418579,0.0,0.0,0.4000000059604645,0.0,0.6000000238418579,0.0,0.8501734137535095,0.0,0.6218212246894836,0.0,0.6218212246894836,0.5980279445648193,0.5881533026695251,0.3319964740157675,0.3319964740157675,0.5805619038228167
4506,0.23087765276432037,0.4312163293361664,0.20112387835979462,0.219186931848526,0.2723221480846405,0.20234327018260956,0.20234327018260956,0.20234327018260956,1.0,1.0,1.0,1.0,1.0,1.0,1.0,0.4312163293361664,1.0,0.9758026003837585,1.0,0.9758026003837585,0.9816655516624451,0.20234327018260956,0.2613843102555447,0.2613843102555447,0.6613149194408626
4785,0.28877609968185425,0.5890123248100281,0.4914169907569885,0.2501600384712219,0.12475129216909409,0.13417132198810577,0.13417132198810577,0.13417132198810577,1.0,1.0,1.0,1.0,1.0,0.6000000238418579,0.0,0.6042085289955139,1.0,0.8773334622383118,1.0,0.8773334622383118,0.9996548891067505,0.13417132198810577,0.3221944618145983,0.3125029970889125,0.3685397457841087
1661,0.3476484417915344,0.7018210291862488,0.27255403995513916,0.4484340250492096,0.3219572603702545,0.25576555728912354,0.25576555728912354,0.25576555728912354,1.0,1.0,1.0,1.0,1.0,1.0,1.0,0.7018210291862488,1.0,0.9792449474334717,1.0,0.9792449474334717,0.9988219141960144,0.25576555728912354,0.3191412169876528,0.3191412169876528,0.7536205959375336
7904,0.6056846976280212,1.1015516519546509,0.6921831965446472,0.6729332208633423,0.45193758606910706,0.22362084686756134,0.7828600406646729,0.5295124053955078,0.6000000238418579,0.0,0.0,0.4000000059604645,0.0,0.20000000298023224,0.0,0.8725905418395996,0.0,0.06261186301708221,1.0,0.9373881220817566,0.9579852223396301,0.5295124053955078,0.3075387174443416,0.3016679916611314,0.5955543301214166
4630,0.24950845539569855,0.508861780166626,0.18997837603092194,0.26737648248672485,0.2911704480648041,0.15788649022579193,1.2705196142196655,0.15788649022579193,1.0,1.0,0.0,0.0,0.0,0.6000000238418579,0.0,0.5062973499298096,1.0,0.4909561276435852,1.0,0.5090438723564148,0.6548411846160889,0.15788649022579193,1.9009614224152527,0.4074778964224504,0.7387742419027634
2165,0.202031210064888,0.40195924043655396,0.20089960098266602,0.11733715981245041,0.2878568768501282,0.11695418506860733,0.11695418506860733,0.11695418506860733,1.0,1.0,1.0,1.0,1.0,1.0,1.0,0.40195924043655396,1.0,0.08927474170923233,0.0,0.9107252359390259,0.9964491128921509,0.11695418506860733,0.2830710112253799,0.2811681633400206,0.4728679100423098
7754,0.32914769649505615,0.6931552290916443,0.6154878735542297,0.24058976769447327,0.13136543333530426,0.07745450735092163,0.07745450735092163,0.07745450735092163,1.0,1.0,1.0,1.0,1.0,1.0,1.0,0.6931552290916443,1.0,0.015089385211467743,0.0,0.9849106073379517,0.9997991919517517,0.07745450735092163,0.3201276422212772,0.2620713095556876,0.3667842420599269
2420,0.5242426991462708,1.0491056442260742,0.6845800876617432,0.5973379611968994,0.2908100187778473,0.1317489594221115,0.1317489594221115,0.1317489594221115,1.0,1.0,1.0,1.0,1.0,0.6000000238418579,0.0,1.0263417959213257,1.0,0.8670715093612671,1.0,0.8670715093612671,0.9997525811195374,0.1317489594221115,0.7920012890579902,0.784802431283095,0.9842895345412997
7178,0.5109849572181702,1.2066835165023804,0.6918600797653198,0.6793950796127319,0.16169975697994232,0.1012844443321228,1.2758867740631104,0.1012844443321228,1.0,1.0,0.0,0.0,0.0,0.6000000238418579,0.0,0.9326102137565613,1.0,0.8312737345695496,0.0,0.8312737345695496,0.9999629259109497,0.1012844443321228,0.8436401382131162,0.8356068341752431,0.972918656001533
669,0.3540591597557068,0.7177924513816833,0.24853317439556122,0.4498211443424225,0.36382314562797546,0.11215455830097198,0.11215455830097198,0.11215455830097198,1.0,1.0,1.0,1.0,1.0,1.0,1.0,0.7177924513816833,1.0,0.8350925445556641,1.0,0.8350925445556641,0.508650004863739,0.11215455830097198,0.2904607751921047,0.2840208465650382,0.5657209428263404
6207,0.29793480038642883,0.6013838648796082,0.3690212368965149,0.35900551080703735,0.16577772796154022,0.2647544741630554,0.2647544741630554,0.2647544741630554,1.0,1.0,1.0,1.0,1.0,1.0,1.0,0.6013838648796082,1.0,0.04131746292114258,0.0,0.9586825370788574,0.9999432563781738,0.2647544741630554,0.6077780097075798,0.6005408636618691,0.8156944352314618
4831,0.2772825360298157,0.5435298681259155,0.3058936297893524,0.31830644607543945,0.20764748752117157,0.0828758254647255,0.0828758254647255,0.0828758254647255,1.0,1.0,1.0,1.0,1.0,1.0,1.0,0.5435298681259155,1.0,0.9760506749153137,1.0,0.9760506749153137,0.9900661706924438,0.0828758254647255,0.21820766890611262,0.21675488316871144,0.48642627173931025
9716,0.38853058218955994,0.8181772232055664,0.6991378664970398,0.2609029710292816,0.2055509090423584,0.1345432847738266,0.1345432847738266,0.1345432847738266,1.0,1.0,1.0,1.0,1.0,1.0,1.0,0.8181772232055664,1.0,0.9443386197090149,1.0,0.9443386197090149,0.9935017228126526,0.1345432847738266,0.2821476682292385,0.2753926466307623,0.5874593602665863
7169,0.3332977294921875,0.6672689914703369,0.3477354943752289,0.4912099838256836,0.1609475463628769,0.1504504233598709,0.1504504233598709,0.1504504233598709,1.0,1.0,1.0,1.0,1.0,0.6000000238418579,0.0,0.47776517271995544,1.0,0.04067956283688545,0.0,0.9593204259872437,0.9857591390609741,0.1504504233598709,0.5449389629499009,0.5291368258074293,1.7305141246764688
9850,0.28578904271125793,0.5472567081451416,0.34013375639915466,0.28059253096580505,0.23664073646068573,0.22724366188049316,0.22724366188049316,0.22724366188049316,1.0,1.0,1.0,1.0,1.0,0.6000000238418579,0.0,0.44773370027542114,1.0,0.7945986986160278,1.0,0.7945986986160278,0.9759652614593506,0.22724366188049316,0.3687729472657514,0.3687729472657514,0.8328097050229324
4263,0.49754711985588074,0.9508475661277771,0.6360495686531067,0.5655012130737305,0.2910903990268707,0.1414414793252945,0.1414414793252945,0.1414414793252945,1.0,1.0,1.0,1.0,1.0,0.6000000238418579,0.0,0.7036360502243042,1.0,0.3302175998687744,0.0,0.6697824001312256,0.9996504783630371,0.1414414793252945,0.8242204526029923,0.7251918177658031,0.9136210201359958
3148,0.35850757360458374,0.6787959933280945,0.5349788069725037,0.32157763838768005,0.2189662754535675,0.11342116445302963,0.11342116445302963,0.11342116445302963,1.0,1.0,1.0,1.0,1.0,1.0,1.0,0.6787959933280945,1.0,0.983442485332489,1.0,0.983442485332489,0.990544319152832,0.11342116445302963,0.2733955232994277,0.2733955232994277,0.8078546735798711
2361,0.4313039481639862,0.8718279004096985,0.6387146711349487,0.5490487217903137,0.10614845901727676,0.16581258177757263,0.16581258177757263,0.16581258177757263,1.0,1.0,1.0,1.0,1.0,0.6000000238418579,0.0,0.8831809163093567,1.0,0.017862562090158463,0.0,0.9821374416351318,0.9446989297866821,0.16581258177757263,0.12197813490770971,0.12197813490770971,0.26858889019036136
2344,0.5869952440261841,1.1504420042037964,0.7097026109695435,0.6360904574394226,0.41519245505332947,0.17097614705562592,0.17097614705562592,0.17097614705562592,1.0,1.0,1.0,1.0,1.0,0.6000000238418579,0.0,1.1989752054214478,1.0,0.08426854014396667,0.0,0.9157314300537109,0.9999955892562866,0.17097614705562592,1.3210257863324173,1.275640110414726,2.6680033591636656
1526,0.42985254526138306,0.8391023874282837,0.3857557475566864,0.512088418006897,0.39171338081359863,0.2324904501438141,0.2324904501438141,0.2324904501438141,1.0,1.0,1.0,1.0,1.0,0.20000000298023224,0.0,0.57972651720047,1.0,0.7382237911224365,1.0,0.7382237911224365,0.999669075012207,0.2324904501438141,2.6595339137147866,1.6916956228877524,20.157632066434093
3909,0.30767542123794556,0.6154274344444275,0.23175226151943207,0.43299323320388794,0.2582806646823883,0.12697230279445648,0.12697230279445648,0.12697230279445648,1.0,1.0,1.0,1.0,1.0,1.0,1.0,0.6154274344444275,1.0,0.9774695038795471,1.0,0.9774695038795471,0.9050269722938538,0.12697230279445648,0.06205340689396642,0.06205340689396642,0.12281813082120353
2665,0.38345158100128174,0.7719056010246277,0.354562371969223,0.5843816995620728,0.21141067147254944,0.02920507825911045,0.02920507825911045,0.02920507825911045,1.0,1.0,1.0,1.0,1.0,0.6000000238418579,0.0,0.7470113039016724,1.0,0.7599970698356628,1.0,0.7599970698356628,0.8349891304969788,0.02920507825911045,0.19984944747387565,0.19984944747387565,0.4707919357357929
2827,0.29367420077323914,0.6297858357429504,0.40296870470046997,0.28479453921318054,0.19325938820838928,0.14591185748577118,0.14591185748577118,0.14591185748577118,1.0,1.0,1.0,1.0,1.0,1.0,1.0,0.5459324717521667,1.0,0.04262878745794296,0.0,0.9573712348937988,0.9990666508674622,0.14591185748577118,0.5432811603652535,0.5400668953641634,1.0365671658764315
2260,0.3159097731113434,0.5929633975028992,0.3825714588165283,0.3469553291797638,0.21820250153541565,0.21143174171447754,0.21143174171447754,0.21143174171447754,1.0,1.0,1.0,1.0,1.0,1.0,1.0,0.5929633975028992,1.0,0.026790659874677658,0.0,0.9732093214988708,0.9753085970878601,0.21143174171447754,0.14514589550292428,0.14514589550292428,0.33258876803210524
3027,0.42690226435661316,0.8432574272155762,0.7078256607055664,0.4208066165447235,0.1520744413137436,0.11974847316741943,0.11974847316741943,0.11974847316741943,1.0,1.0,1.0,1.0,1.0,0.6000000238418579,0.0,0.8505417108535767,1.0,0.04643862321972847,0.0,0.9535613656044006,0.9996683597564697,0.11974847316741943,0.4916679358961773,0.4575728435062768,0.6311495761551565
8747,0.5753441452980042,1.3038452863693237,0.34252825379371643,1.104145884513855,0.27935791015625,0.16159479320049286,0.16159479320049286,0.16159479320049286,1.0,1.0,1.0,1.0,1.0,0.20000000298023224,0.0,1.114172339439392,1.0,0.35307133197784424,0.0,0.6469286680221558,0.9999911785125732,0.16159479320049286,1.1592374446538558,0.8428085352874577,0.9992290150512515
1058,0.4342862069606781,0.9378717541694641,0.556605339050293,0.5492439270019531,0.19700931012630463,0.19229616224765778,0.19229616224765778,0.19229616224765778,1.0,1.0,1.0,1.0,1.0,1.0,1.0,0.9378717541694641,1.0,0.32178249955177307,0.0,0.6782175302505493,0.999711811542511,0.19229616224765778,0.6068156811914026,0.5775131494556975,0.7671587146175383
1081,0.19827033579349518,0.4266674220561981,0.2313806116580963,0.22565291821956635,0.1377773880958557,0.16433154046535492,0.16433154046535492,0.16433154046535492,1.0,1.0,1.0,1.0,1.0,1.0,1.0,0.4266674220561981,1.0,0.11092665046453476,0.0,0.889073371887207,0.5311877131462097,0.16433154046535492,0.12160773787969038,0.12160773787969038,0.22925149946675685
1815,0.366171270608902,0.7714033126831055,0.6281070113182068,0.24690282344818115,0.22350402176380157,0.16904310882091522,0.16904310882091522,0.16904310882091522,1.0,1.0,1.0,1.0,1.0,0.6000000238418579,0.0,0.8533807992935181,1.0,0.9234199523925781,1.0,0.9234199523925781,0.9950324296951294,0.16904310882091522,0.6120428647107503,0.4586780362810557,0.7514788514438075
6052,0.4624260365962982,0.849281907081604,0.4007295072078705,0.5904676914215088,0.396080881357193,0.12670761346817017,0.12670761346817017,0.12670761346817017,1.0,1.0,1.0,1.0,1.0,1.0,1.0,0.849281907081604,1.0,0.16368278861045837,0.0,0.8363171815872192,0.9877601265907288,0.12670761346817017,0.29420674693140114,0.29420674693140114,0.7099317764489195
1296,0.22786469757556915,0.48942118883132935,0.22120216488838196,0.16302405297756195,0.2993678152561188,0.15070386230945587,0.7921051383018494,0.6596619486808777,0.6000000238418579,0.0,0.0,0.4000000059604645,0.0,0.6000000238418579,0.0,0.48942118883132935,0.0,0.12156534940004349,1.0,0.8784346580505371,0.543100118637085,0.6596619486808777,0.2850858571931005,0.2850858571931005,0.5630412736689745
9231,0.5896984338760376,1.2514790296554565,0.8278526663780212,0.7297285199165344,0.21151407063007355,0.09818949550390244,1.09465754032135,0.09818949550390244,1.0,1.0,0.0,0.0,0.0,0.20000000298023224,0.0,0.7191693186759949,1.0,0.6366370916366577,0.0,0.6366370916366577,0.9999128580093384,0.09818949550390244,1.14331418449119,0.7369403672039913,0.9209960416601207
6576,0.233528271317482,0.5426357984542847,0.34432852268218994,0.12968724966049194,0.2265690118074417,0.09853305667638779,0.09853305667638779,0.09853305667638779,1.0,1.0,1.0,1.0,1.0,1.0,1.0,0.5426357984542847,1.0,0.10970207303762436,0.0,0.8902979493141174,0.9966431856155396,0.09853305667638779,0.11924824813094055,0.11924824813094055,0.41303219149142045
5623,0.38623398542404175,0.8543491363525391,0.6800495982170105,0.3613174855709076,0.11733470112085342,0.10789211094379425,0.10789211094379425,0.10789211094379425,1.0,1.0,1.0,1.0,1.0,1.0,1.0,0.8543491363525391,1.0,0.9963239431381226,1.0,0.9963239431381226,0.9999545812606812,0.10789211094379425,0.2583190442078537,0.18912976191798755,0.3420421856311499
4924,0.3488132357597351,0.6784444451332092,0.49845775961875916,0.3439616560935974,0.20402029156684875,0.22851252555847168,0.22851252555847168,0.22851252555847168,1.0,1.0,1.0,1.0,1.0,1.0,1.0,0.6784444451332092,1.0,0.8335390090942383,1.0,0.8335390090942383,0.9661728143692017,0.22851252555847168,0.2866762272042758,0.2594096286976385,0.3996268970158487
2499,0.49708566069602966,0.9665322303771973,0.6748208999633789,0.5873283743858337,0.22910764813423157,0.12979380786418915,0.12979380786418915,0.12979380786418915,1.0,1.0,1.0,1.0,1.0,1.0,1.0,0.9665322303771973,1.0,0.9824295043945312,1.0,0.9824295043945312,0.9968807697296143,0.12979380786418915,0.3309643580727261,0.2860051971308144,0.37309395121345
528,0.2629542946815491,0.5119508504867554,0.3617859482765198,0.2161797136068344,0.21089720726013184,0.1877674013376236,0.1877674013376236,0.1877674013376236,1.0,1.0,1.0,1.0,1.0,1.0,1.0,0.5119508504867554,1.0,0.761512041091919,1.0,0.761512041091919,0.9983782768249512,0.1877674013376236,0.21811873048110925,0.2063954900972556,0.3312085947826458
8944,0.8041069507598877,1.6484575271606445,0.9277883768081665,1.1398305892944336,0.3447016179561615,0.13415591418743134,1.3773504495620728,0.13415591418743134,1.0,1.0,0.0,0.0,0.0,0.6000000238418579,0.0,1.2117340564727783,1.0,0.07589255273342133,1.0,0.9241074323654175,0.999964714050293,0.13415591418743134,1.1402534392101185,0.9041012421626097,1.0366530228599649
5091,0.4569067656993866,0.8979701995849609,0.6251709461212158,0.5846921801567078,0.160857155919075,0.1903119832277298,0.1903119832277298,0.1903119832277298,1.0,1.0,1.0,1.0,1.0,0.6000000238418579,0.0,0.9082536101341248,1.0,0.018053077161312103,0.0,0.9819469451904297,0.9963311553001404,0.1903119832277298,0.44931083879278116,0.44931083879278116,0.5923462336295554
1219,0.5960676670074463,1.1497594118118286,0.672741174697876,0.8161858916282654,0.2992759048938751,0.23294086754322052,0.9019508361816406,0.5973436236381531,0.6000000238418579,0.0,0.0,0.4000000059604645,0.0,0.20000000298023224,0.0,0.47966381907463074,0.0,0.9657561182975769,0.0,0.9657561182975769,0.9921518564224243,0.5973436236381531,0.19757480775554215,0.16948770498076746,0.2761212670522312
4382,0.3294597864151001,0.656512439250946,0.3869583308696747,0.44305920600891113,0.15836171805858612,0.2323058396577835,0.2323058396577835,0.2323058396577835,1.0,1.0,1.0,1.0,1.0,1.0,1.0,0.656512439250946,1.0,0.040508292615413666,0.0,0.9594917297363281,0.9303587675094604,0.2323058396577835,0.21213643488477962,0.21213643488477962,0.4177201228237279
4410,0.3853023648262024,0.8509126901626587,0.23234370350837708,0.7582648992538452,0.16529853641986847,0.1138845905661583,0.1138845905661583,0.1138845905661583,1.0,1.0,1.0,1.0,1.0,1.0,1.0,0.8509126901626587,1.0,0.9605734348297119,1.0,0.9605734348297119,0.9977869987487793,0.1138845905661583,0.5114575558425982,0.5037041766854963,0.9959032820666875
6090,0.31569769978523254,0.6332435607910156,0.44313308596611023,0.35881009697914124,0.14514979720115662,0.22166848182678223,0.22166848182678223,0.22166848182678223,1.0,1.0,1.0,1.0,1.0,1.0,1.0,0.6332435607910156,1.0,0.9748104214668274,1.0,0.9748104214668274,0.9706215262413025,0.22166848182678223,0.21266075163928191,0.21266075163928191,0.5453957957672363
333,0.43888014554977417,0.9104499816894531,0.4243491590023041,0.6756095290184021,0.21668162941932678,0.1319645643234253,0.1319645643234253,0.1319645643234253,1.0,1.0,1.0,1.0,1.0,1.0,1.0,0.9104499816894531,1.0,0.7733891606330872,1.0,0.7733891606330872,0.9992792010307312,0.1319645643234253,0.5149333354739327,0.46970059389372815,0.737717689971367
8374,0.27547141909599304,0.5518536567687988,0.2707872688770294,0.38702479004859924,0.16860216856002808,0.2096962183713913,0.2096962183713913,0.2096962183713913,1.0,1.0,1.0,1.0,1.0,1.0,1.0,0.5518536567687988,1.0,0.9303242564201355,1.0,0.9303242564201355,0.99992835521698,0.2096962183713913,0.611881310356614,0.5723007483900995,0.955496459434573
6193,0.34035366773605347,0.6699771285057068,0.3401000201702118,0.3816182613372803,0.29934272170066833,0.21953141689300537,1.2286685705184937,0.37405210733413696,0.20000000298023224,0.0,1.0,0.20000000298023224,0.0,0.20000000298023224,0.0,0.5998920798301697,0.0,0.563871443271637,1.0,0.563871443271637,0.9999855756759644,1.2286685705184937,1.9507027249571274,0.22666903178926565,0.6377793659183217
3590,0.391402006149292,0.7579410076141357,0.43169423937797546,0.4749012887477875,0.2676105201244354,0.12980975210666656,0.12980975210666656,0.12980975210666656,1.0,1.0,1.0,1.0,1.0,0.6000000238418579,0.0,0.6901636123657227,1.0,0.044507090002298355,0.0,0.9554929137229919,0.9881014823913574,0.12980975210666656,0.46592596653971363,0.4616967054395291,0.8779211393109599
4783,0.47683972120285034,1.0184887647628784,0.2778470814228058,0.7126323580741882,0.4400395452976227,0.1123204454779625,1.2400778532028198,0.1123204454779625,1.0,1.0,0.0,0.0,0.0,0.20000000298023224,0.0,0.8704209327697754,1.0,0.2044176161289215,1.0,0.7955824136734009,0.5379209518432617,0.1123204454779625,1.984292481699829,0.6534535415805981,1.6464917909451002
7819,0.3605879247188568,0.7056928873062134,0.5649834871292114,0.25760671496391296,0.25917354226112366,0.2073144167661667,0.2073144167661667,0.2073144167661667,1.0,1.0,1.0,1.0,1.0,1.0,1.0,0.7056928873062134,1.0,0.20047353208065033,0.0,0.7995264530181885,0.9574752449989319,0.2073144167661667,0.2345804760944738,0.2345804760944738,0.4381455276452292
4137,0.34105369448661804,0.6801499128341675,0.3498828113079071,0.49183425307273865,0.1814439594745636,0.24142442643642426,0.24142442643642426,0.24142442643642426,1.0,1.0,1.0,1.0,1.0,1.0,1.0,0.6801499128341675,1.0,0.7953158020973206,1.0,0.7953158020973206,0.9422143697738647,0.24142442643642426,0.10759985162524027,0.10759985162524027,0.18931993735638417
3606,0.367265522480011,0.7948607802391052,0.528416097164154,0.22267523407936096,0.35070517659187317,0.15918944776058197,0.15918944776058197,0.15918944776058197,1.0,1.0,1.0,1.0,1.0,1.0,1.0,0.781183123588562,1.0,0.08861102908849716,0.0,0.9113889932632446,0.9849066138267517,0.15918944776058197,0.21892137821236024,0.21892137821236024,0.5280375740088141
4371,0.3488382399082184,0.7159478068351746,0.26470813155174255,0.48802515864372253,0.29378148913383484,0.18015418946743011,0.18015418946743011,0.18015418946743011,1.0,1.0,1.0,1.0,1.0,0.6000000238418579,0.0,0.7229302525520325,1.0,0.9402030110359192,1.0,0.9402030110359192,0.9999855756759644,0.18015418946743011,0.9859506938394227,0.7146371898552418,0.9327105070563284
675,0.31088703870773315,0.6331482529640198,0.43564578890800476,0.25404536724090576,0.24296998977661133,0.1805231273174286,0.1805231273174286,0.1805231273174286,1.0,1.0,1.0,1.0,1.0,1.0,1.0,0.6331482529640198,1.0,0.11933954805135727,0.0,0.8806604743003845,0.700379490852356,0.1805231273174286,0.16161952786485212,0.16161952786485212,0.28291771939259325
5952,0.40976861119270325,0.8237783312797546,0.6262245178222656,0.4227343499660492,0.18034683167934418,0.22781436145305634,0.22781436145305634,0.22781436145305634,1.0,1.0,1.0,1.0,1.0,1.0,1.0,0.8237783312797546,1.0,0.02787851355969906,0.0,0.9721214771270752,0.9637322425842285,0.22781436145305634,0.4277120027011769,0.4277120027011769,2.4573793499736167
3375,0.3785802125930786,0.7947810888290405,0.27496328949928284,0.6565355062484741,0.2042417973279953,0.15341316163539886,0.15341316163539886,0.15341316163539886,1.0,1.0,1.0,1.0,1.0,1.0,1.0,0.7947810888290405,1.0,0.9525483250617981,1.0,0.9525483250617981,0.9998732805252075,0.15341316163539886,1.1539637533074611,1.1053758262830051,3.1193162890034603
1137,0.4469411373138428,0.9306389093399048,0.42893263697624207,0.5947092175483704,0.31718143820762634,0.1684161275625229,0.1684161275625229,0.1684161275625229,1.0,1.0,1.0,1.0,1.0,1.0,1.0,0.9306389093399048,1.0,0.9264806509017944,1.0,0.9264806509017944,0.9700899124145508,0.1684161275625229,0.13359063911354688,0.13359063911354688,0.3391312274864767
8941,0.2888875901699066,0.6092504858970642,0.31429094076156616,0.4046051502227783,0.1477665901184082,0.1215076595544815,0.1215076595544815,0.1215076595544815,1.0,1.0,1.0,1.0,1.0,1.0,1.0,0.6092504858970642,1.0,0.028331056237220764,0.0,0.9716689586639404,0.9997465014457703,0.1215076595544815,0.8209670744133314,0.8086501840323531,1.481779689022587
5004,0.3536119759082794,0.6841710209846497,0.49567434191703796,0.39264869689941406,0.17251281440258026,0.16506348550319672,0.16506348550319672,0.16506348550319672,1.0,1.0,1.0,1.0,1.0,1.0,1.0,0.6841710209846497,1.0,0.9579502940177917,1.0,0.9579502940177917,0.9997720122337341,0.16506348550319672,0.5318955316940552,0.5298390551350641,2.4024729321649323
437,0.37655022740364075,0.7532236576080322,0.2830049693584442,0.6092644929885864,0.23738117516040802,0.18543247878551483,0.18543247878551483,0.18543247878551483,1.0,1.0,1.0,1.0,1.0,0.6000000238418579,0.0,0.740450918674469,1.0,0.03129992261528969,0.0,0.9687000513076782,0.9988085031509399,0.18543247878551483,0.3323839723565008,0.3323839723565008,0.5116806769965571
491,0.32888859510421753,0.7104252576828003,0.2830966114997864,0.4490301311016083,0.25453898310661316,0.16758356988430023,0.16758356988430023,0.16758356988430023,1.0,1.0,1.0,1.0,1.0,1.0,1.0,0.7104252576828003,1.0,0.9379273056983948,1.0,0.9379273056983948,0.9971178770065308,0.16758356988430023,0.42853730242180005,0.41974107435886926,0.7062797083422186
2189,0.28911489248275757,0.5449978113174438,0.33029675483703613,0.37283357977867126,0.1642143875360489,0.13016195595264435,0.13016195595264435,0.13016195595264435,1.0,1.0,1.0,1.0,1.0,0.6000000238418579,0.0,0.4857126772403717,1.0,0.981438398361206,1.0,0.981438398361206,0.999363124370575,0.13016195595264435,0.23092376340965992,0.18081214387675107,0.1524390976566798
4802,0.5691476464271545,1.1802176237106323,0.5416024327278137,0.9943874478340149,0.17145301401615143,0.23628392815589905,0.8389751315116882,0.7973811030387878,0.6000000238418579,0.0,0.0,0.4000000059604645,0.0,0.20000000298023224,0.0,0.7143803834915161,0.0,0.06448213756084442,1.0,0.9355178475379944,0.9934670329093933,0.7973811030387878,0.13487488549835303,0.13137814447283433,0.288787650336441
5668,0.3202589154243469,0.5833005905151367,0.3281337320804596,0.3154037594795227,0.3172391355037689,0.13890662789344788,0.13890662789344788,0.13890662789344788,1.0,1.0,1.0,1.0,1.0,1.0,1.0,0.5833005905151367,1.0,0.9004553556442261,1.0,0.9004553556442261,0.9999841451644897,0.13890662789344788,0.7359911487209054,0.630759021605196,0.8483672945561787
5729,0.4402509331703186,0.8597849011421204,0.5146655440330505,0.5575328469276428,0.24855446815490723,0.18127889931201935,0.18127889931201935,0.18127889931201935,1.0,1.0,1.0,1.0,1.0,0.6000000238418579,0.0,0.7054857611656189,1.0,0.8103580474853516,1.0,0.8103580474853516,0.9999405145645142,0.18127889931201935,0.5484998356849945,0.5457938158038853,0.8466311911497997
9864,0.24624374508857727,0.4600422978401184,0.18624119460582733,0.33995676040649414,0.21253323554992676,0.11695883423089981,0.11695883423089981,0.11695883423089981,1.0,1.0,1.0,1.0,1.0,1.0,1.0,0.4123170077800751,1.0,0.800728440284729,1.0,0.800728440284729,0.9260940551757812,0.11695883423089981,0.16731400362631707,0.16731400362631707,0.3414865757719654
