test_example_index,mean_position_mae,mean_position_3d_error,position_mae_x,position_mae_y,position_mae_z,charge_magnitude_mae,charge_mae,global_invariant_charge_mae,relative_sign_accuracy,relative_configuration_accuracy,global_sign_accuracy,absolute_sign_accuracy,absolute_sign_set_accuracy,geometric_relative_sign_accuracy,geometric_relative_configuration_accuracy,geometric_mean_position_3d_error,relative_negative_count_accuracy,global_probability,global_target,global_confidence,relative_confidence,global_oracle_charge_mae,field_relative_l2,magnitude_field_relative_l2,g00_relative_l2
1629,0.31639254093170166,0.6484541296958923,0.3453543186187744,0.5119418501853943,0.09188138693571091,0.20913536846637726,0.20913536846637726,0.20913536846637726,1.0,1.0,1.0,1.0,1.0,1.0,1.0,0.6484541296958923,1.0,0.06405813992023468,0.0,0.9359418749809265,1.0,0.20913536846637726,0.8435905776327307,0.8018829562357609,2.0840478936379325
6384,0.3394729793071747,0.6942310929298401,0.4041440188884735,0.4847885072231293,0.12948639690876007,0.2658545672893524,0.2658545672893524,0.2658545672893524,1.0,1.0,1.0,1.0,1.0,1.0,1.0,0.6942310929298401,1.0,0.0021967461798340082,0.0,0.997803270816803,1.0,0.2658545672893524,0.34389001870585206,0.2838135908174443,0.8100185900854632
9436,0.4031507074832916,0.8605030179023743,0.3386228084564209,0.7198594212532043,0.15096986293792725,0.1664673089981079,0.1664673089981079,0.1664673089981079,1.0,1.0,1.0,1.0,1.0,0.6000000238418579,0.0,0.6408194899559021,1.0,0.9753554463386536,1.0,0.9753554463386536,1.0,0.1664673089981079,0.4859918898276349,0.41919561761388885,0.622887798437599
5028,0.42009758949279785,0.8447543382644653,0.30666637420654297,0.6400766372680664,0.31354981660842896,0.24515977501869202,0.24515977501869202,0.24515977501869202,1.0,1.0,1.0,1.0,1.0,0.6000000238418579,0.0,0.7706306576728821,1.0,0.0054601263254880905,0.0,0.9945398569107056,1.0,0.24515977501869202,0.13926193910132897,0.13926193910132897,0.2549242064344143
4722,0.2537473142147064,0.5049201250076294,0.36808282136917114,0.21318407356739044,0.1799750030040741,0.3035605847835541,0.3035605847835541,0.3035605847835541,1.0,1.0,1.0,1.0,1.0,1.0,1.0,0.5049201250076294,1.0,0.7010049223899841,1.0,0.7010049223899841,0.8439159989356995,0.3035605847835541,0.42216981318445235,0.42216981318445235,0.6277125147435497
7930,0.6549595594406128,1.4970176219940186,0.689271092414856,1.1568386554718018,0.11876914650201797,0.21721644699573517,0.21721644699573517,0.21721644699573517,1.0,1.0,1.0,1.0,1.0,0.6000000238418579,0.0,1.4194443225860596,1.0,0.015463690273463726,0.0,0.9845362901687622,0.9971055388450623,0.21721644699573517,0.21238756806933237,0.21238756806933237,0.3355963647463418
2785,0.3270781338214874,0.6231935024261475,0.34498223662376404,0.37903881072998047,0.2572133541107178,0.08483827859163284,0.08483827859163284,0.08483827859163284,1.0,1.0,1.0,1.0,1.0,0.6000000238418579,0.0,0.4622785151004791,1.0,0.02146254852414131,0.0,0.9785374402999878,0.9998952150344849,0.08483827859163284,0.26899318133515476,0.26899318133515476,0.49835103675834264
5523,0.4048354923725128,0.8032063841819763,0.4695148169994354,0.5826172232627869,0.16237452626228333,0.2545750141143799,0.2545750141143799,0.2545750141143799,1.0,1.0,1.0,1.0,1.0,0.6000000238418579,0.0,0.47243043780326843,1.0,0.6409838199615479,1.0,0.6409838199615479,1.0,0.2545750141143799,0.5789230251929318,0.5561959235043742,1.0818564444711956
1488,0.4629128873348236,0.9202873110771179,0.589067280292511,0.4803525507450104,0.31931889057159424,0.10069781541824341,0.10069781541824341,0.10069781541824341,1.0,1.0,1.0,1.0,1.0,1.0,1.0,0.9202873110771179,1.0,0.001956659136340022,0.0,0.9980433583259583,0.9999997615814209,0.10069781541824341,0.400701206070028,0.400701206070028,1.1089577170907945
8763,0.3863849937915802,0.7851787805557251,0.3991050124168396,0.5170486569404602,0.24300126731395721,0.15222926437854767,0.15222926437854767,0.15222926437854767,1.0,1.0,1.0,1.0,1.0,1.0,1.0,0.7851787805557251,1.0,0.9337526559829712,1.0,0.9337526559829712,1.0,0.15222926437854767,0.7007339205853523,0.6371427796979482,0.9519432289741177
3325,0.2920211851596832,0.5807742476463318,0.4423914849758148,0.29006096720695496,0.14361105859279633,0.2655693590641022,0.2655693590641022,0.2655693590641022,1.0,1.0,1.0,1.0,1.0,0.6000000238418579,0.0,0.49809741973876953,1.0,0.937630832195282,1.0,0.937630832195282,1.0,0.2655693590641022,0.36928980672838074,0.30968948257027246,0.47427341236758674
7163,0.3979026973247528,0.8256309628486633,0.5286311507225037,0.5110199451446533,0.15405693650245667,0.12308497726917267,0.12308497726917267,0.12308497726917267,1.0,1.0,1.0,1.0,1.0,1.0,1.0,0.8256309628486633,1.0,0.03557015210390091,0.0,0.9644298553466797,0.9987367987632751,0.12308497726917267,0.472796394085877,0.472796394085877,1.2581096968178815
3908,0.4828983545303345,1.0353959798812866,0.7131747603416443,0.6120096445083618,0.12351063638925552,0.17391356825828552,0.17391356825828552,0.17391356825828552,1.0,1.0,1.0,1.0,1.0,0.6000000238418579,0.0,0.9013156890869141,1.0,0.031765442341566086,0.0,0.9682345390319824,1.0,0.17391356825828552,0.5895296141214661,0.47538628132278266,0.5660644339167602
7636,0.5584198236465454,1.211289882659912,0.5795173048973083,0.7855271697044373,0.31021496653556824,0.3892553150653839,0.9012737274169922,0.8190944790840149,0.6000000238418579,0.0,0.0,0.4000000059604645,0.0,0.20000000298023224,0.0,0.8393130302429199,0.0,0.005703418515622616,1.0,0.9942966103553772,1.0,0.8190944790840149,0.27804533815663107,0.27804533815663107,0.49680880529745364
2960,0.5186351537704468,0.967437207698822,0.6405789852142334,0.5411943793296814,0.3741320073604584,0.15620823204517365,1.4588555097579956,0.15620823204517365,1.0,1.0,0.0,0.0,0.0,0.6000000238418579,0.0,0.7738015055656433,1.0,0.8277692794799805,0.0,0.8277692794799805,0.9999686479568481,0.15620823204517365,1.9255003444601098,0.3436637088825476,0.7097871041758345
8828,0.5900962352752686,1.1451046466827393,0.6784063577651978,0.7772566676139832,0.31462571024894714,0.28475260734558105,0.28475260734558105,0.28475260734558105,1.0,1.0,1.0,1.0,1.0,0.6000000238418579,0.0,0.9808223843574524,1.0,0.07362312823534012,0.0,0.9263768792152405,1.0,0.28475260734558105,0.5599736506662182,0.511130974817245,0.9039952344919774
8812,0.32987847924232483,0.7638691067695618,0.33623987436294556,0.44485020637512207,0.2085452824831009,0.1801437884569168,0.6567249298095703,0.6567249298095703,0.6000000238418579,0.0,1.0,0.6000000238418579,0.0,0.6000000238418579,0.0,0.7638691067695618,0.0,0.7841863036155701,1.0,0.7841863036155701,0.5412960052490234,0.6567249298095703,0.7870024423108569,0.7733098448286256,0.9130665980837654
1523,0.4929395616054535,1.0195205211639404,0.6654190421104431,0.5985224843025208,0.21487723290920258,0.24113383889198303,0.24113383889198303,0.24113383889198303,1.0,1.0,1.0,1.0,1.0,1.0,1.0,1.0195205211639404,1.0,0.9846365451812744,1.0,0.9846365451812744,1.0,0.24113383889198303,0.6319373074745518,0.6149806091823192,1.009807124339876
750,0.5381366610527039,1.111027717590332,0.6874551177024841,0.7133367657661438,0.2136179506778717,0.3029862344264984,0.3029862344264984,0.3029862344264984,1.0,1.0,1.0,1.0,1.0,1.0,1.0,1.111027717590332,1.0,0.7472578287124634,1.0,0.7472578287124634,0.8929693698883057,0.3029862344264984,0.801851957491335,0.79970184037483,1.6611604016549686
6564,0.39872628450393677,0.8979434967041016,0.34030038118362427,0.6341410279273987,0.22173738479614258,0.03965994343161583,0.03965994343161583,0.03965994343161583,1.0,1.0,1.0,1.0,1.0,0.6000000238418579,0.0,0.8165311217308044,1.0,0.8469686508178711,1.0,0.8469686508178711,0.9999338388442993,0.03965994343161583,0.1998577208004946,0.1998577208004946,0.37703853541724336
8993,0.503182590007782,1.1319526433944702,0.8931986689567566,0.4521183967590332,0.16423065960407257,0.22430062294006348,0.22430062294006348,0.22430062294006348,1.0,1.0,1.0,1.0,1.0,0.6000000238418579,0.0,1.081236720085144,1.0,0.029614172875881195,0.0,0.9703858494758606,1.0,0.22430062294006348,1.337163001539889,0.9760083749518188,3.101631154199417
1971,0.7990434169769287,1.6746848821640015,0.6621559262275696,1.3195381164550781,0.41543617844581604,0.11204785108566284,0.7300007939338684,0.7300007939338684,0.6000000238418579,0.0,0.0,0.4000000059604645,0.0,0.6000000238418579,0.0,1.4075710773468018,0.0,0.9536450505256653,0.0,0.9536450505256653,0.9999998807907104,0.8251555562019348,0.4349553750008945,0.4349553750008945,0.8694592141271926
9883,0.6579853296279907,1.4133495092391968,0.726047694683075,0.913007915019989,0.334900438785553,0.1701897829771042,0.1701897829771042,0.1701897829771042,1.0,1.0,1.0,1.0,1.0,1.0,1.0,1.4152873754501343,1.0,0.9583386778831482,1.0,0.9583386778831482,1.0,0.1701897829771042,0.7034769712272351,0.7034769712272351,5.810358548562952
1800,0.5034552216529846,1.0476371049880981,0.5502395033836365,0.6750975251197815,0.2850285470485687,0.19841614365577698,0.19841614365577698,0.19841614365577698,1.0,1.0,1.0,1.0,1.0,0.6000000238418579,0.0,0.9147670865058899,1.0,0.956927478313446,1.0,0.956927478313446,1.0,0.19841614365577698,0.48339164736356127,0.4450888332214723,0.6761445057327299
7853,0.6098518967628479,1.253865122795105,0.6648546457290649,0.8655998110771179,0.29910096526145935,0.19248144328594208,0.19248144328594208,0.19248144328594208,1.0,1.0,1.0,1.0,1.0,1.0,1.0,1.253865122795105,1.0,0.18551461398601532,0.0,0.8144853711128235,0.9999998807907104,0.19248144328594208,0.8325118291006612,0.5948556670921227,0.8422601136595433
1832,0.3703758418560028,0.7892994284629822,0.5809026956558228,0.2921719253063202,0.23805280029773712,0.29115334153175354,0.29115334153175354,0.29115334153175354,1.0,1.0,1.0,1.0,1.0,0.6000000238418579,0.0,0.8250448107719421,1.0,0.9680187106132507,1.0,0.9680187106132507,1.0,0.29115334153175354,0.4181762788281583,0.38155335739410035,0.6941983180876173
2929,0.3304224908351898,0.670989453792572,0.41935062408447266,0.3508741557598114,0.22104263305664062,0.16695170104503632,0.16695170104503632,0.16695170104503632,1.0,1.0,1.0,1.0,1.0,1.0,1.0,0.670989453792572,1.0,0.0017708803061395884,0.0,0.9982291460037231,1.0,0.16695170104503632,0.6208824096866584,0.49517680876291625,3.4174263429429557
3001,0.46424606442451477,0.954563319683075,0.4313141405582428,0.7045955061912537,0.25682854652404785,0.16076956689357758,0.16076956689357758,0.16076956689357758,1.0,1.0,1.0,1.0,1.0,0.6000000238418579,0.0,0.9086858630180359,1.0,0.021855156868696213,0.0,0.9781448245048523,0.9998480081558228,0.16076956689357758,0.3413489191150079,0.3401486606547296,0.6133400736008755
5593,0.5377918481826782,1.0501962900161743,0.6013191938400269,0.7051041722297668,0.30695226788520813,0.21822328865528107,0.21822328865528107,0.21822328865528107,1.0,1.0,1.0,1.0,1.0,1.0,1.0,1.0501962900161743,1.0,0.9846585988998413,1.0,0.9846585988998413,1.0,0.21822328865528107,0.631319893897754,0.6173531525865068,1.2803909273149017
5315,0.38252386450767517,0.8224735260009766,0.17592434585094452,0.7018486857414246,0.26979860663414,0.11006136983633041,0.11006136983633041,0.11006136983633041,1.0,1.0,1.0,1.0,1.0,0.6000000238418579,0.0,0.9491029977798462,1.0,0.07533666491508484,0.0,0.9246633052825928,1.0,0.11006136983633041,0.6335688785124816,0.6063760811583894,0.8252727595622782
2541,0.39626190066337585,0.8533588647842407,0.605061948299408,0.18687127530574799,0.3968524634838104,0.3360222280025482,1.3427404165267944,0.3360222280025482,1.0,1.0,0.0,0.0,0.0,0.20000000298023224,0.0,0.6762859225273132,1.0,0.8878695964813232,0.0,0.8878695964813232,1.0,0.3360222280025482,0.9508014711631392,0.9312474725845631,1.02934473672091
9561,0.5113449096679688,1.052291989326477,0.5061866044998169,0.8241672515869141,0.20368079841136932,0.27107152342796326,0.27107152342796326,0.27107152342796326,1.0,1.0,1.0,1.0,1.0,1.0,1.0,1.052291989326477,1.0,0.9204260110855103,1.0,0.9204260110855103,1.0,0.27107152342796326,0.2203535129572334,0.2203535129572334,0.4763395448185833
3562,0.4492408037185669,0.9237620234489441,0.6951484680175781,0.4966276288032532,0.1559462696313858,0.1769770383834839,0.1769770383834839,0.1769770383834839,1.0,1.0,1.0,1.0,1.0,1.0,1.0,0.9237620234489441,1.0,0.9974167346954346,1.0,0.9974167346954346,0.986575186252594,0.1769770383834839,0.373749396858721,0.373749396858721,0.6695940581354964
6717,0.6479517817497253,1.3447492122650146,0.8125411868095398,0.9227337837219238,0.2085804045200348,0.13637682795524597,0.13637682795524597,0.13637682795524597,1.0,1.0,1.0,1.0,1.0,0.20000000298023224,0.0,1.129755973815918,1.0,0.9045314788818359,1.0,0.9045314788818359,1.0,0.13637682795524597,0.9339402409366285,0.8499478967965945,0.9795299602329445
8168,0.4147038161754608,0.8502980470657349,0.6514715552330017,0.4807187616825104,0.1119210347533226,0.12991280853748322,0.12991280853748322,0.12991280853748322,1.0,1.0,1.0,1.0,1.0,1.0,1.0,0.8502980470657349,1.0,0.022657670080661774,0.0,0.9773423075675964,0.9999998807907104,0.12991280853748322,0.3302650991167219,0.3302650991167219,0.7523655414995742
7261,0.360472708940506,0.6524779200553894,0.43470272421836853,0.3009151518344879,0.34580016136169434,0.1931523233652115,0.1931523233652115,0.1931523233652115,1.0,1.0,1.0,1.0,1.0,0.6000000238418579,0.0,0.6175506711006165,1.0,0.024723459035158157,0.0,0.975276529788971,1.0,0.1931523233652115,0.7734942277260671,0.7697656138856909,2.8429906903828805
6635,0.39985641837120056,0.8490819334983826,0.39891067147254944,0.5895422101020813,0.21111631393432617,0.21129420399665833,0.21129420399665833,0.21129420399665833,1.0,1.0,1.0,1.0,1.0,1.0,1.0,0.8490819334983826,1.0,0.9934709072113037,1.0,0.9934709072113037,0.9996127486228943,0.21129420399665833,0.25510082339591267,0.25510082339591267,0.4899391014729225
4516,0.454879492521286,0.9654216766357422,0.5283259153366089,0.4897925853729248,0.34651994705200195,0.23219799995422363,0.23219799995422363,0.23219799995422363,1.0,1.0,1.0,1.0,1.0,0.6000000238418579,0.0,0.8451492190361023,1.0,0.037551913410425186,0.0,0.9624480605125427,1.0,0.23219799995422363,1.003217466839606,0.8772169219459924,3.1828910277698474
5003,0.2362360805273056,0.48035430908203125,0.3300199806690216,0.17658424377441406,0.20210400223731995,0.22771187126636505,0.22771187126636505,0.22771187126636505,1.0,1.0,1.0,1.0,1.0,1.0,1.0,0.48035430908203125,1.0,0.38127049803733826,0.0,0.6187294721603394,0.9791629910469055,0.22771187126636505,0.278444821500447,0.278444821500447,0.8352703385661938
9066,0.3915897607803345,0.8383024334907532,0.6355844736099243,0.36354860663414,0.17563630640506744,0.17851749062538147,0.7281910181045532,0.5578490495681763,0.6000000238418579,0.0,0.0,0.4000000059604645,0.0,0.6000000238418579,0.0,0.8383024334907532,0.0,0.22918306291103363,1.0,0.7708169221878052,0.9995059967041016,0.5578490495681763,0.32995688332429635,0.32995688332429635,0.5976889007420693
5427,0.28868409991264343,0.6636977195739746,0.42653223872184753,0.34967830777168274,0.08984170109033585,0.17834250628948212,0.17834250628948212,0.17834250628948212,1.0,1.0,1.0,1.0,1.0,1.0,1.0,0.6636977195739746,1.0,0.0125108128413558,0.0,0.9874891638755798,0.9999991655349731,0.17834250628948212,0.1536730877343342,0.1536730877343342,0.3073074286763527
7131,0.36128494143486023,0.6479988098144531,0.3485991954803467,0.40917840600013733,0.3260771930217743,0.13677607476711273,0.13677607476711273,0.13677607476711273,1.0,1.0,1.0,1.0,1.0,0.6000000238418579,0.0,0.7480033040046692,1.0,0.9105750322341919,1.0,0.9105750322341919,1.0,0.13677607476711273,0.2522856473501182,0.2522856473501182,0.5617995664358302
5035,0.7073442935943604,1.4481903314590454,0.5225384831428528,1.2101796865463257,0.38931459188461304,0.08419471234083176,0.08419471234083176,0.08419471234083176,1.0,1.0,1.0,1.0,1.0,1.0,1.0,1.4481903314590454,1.0,0.9573304653167725,1.0,0.9573304653167725,0.7305730581283569,0.08419471234083176,0.4059619868331061,0.4059619868331061,0.796679698182354
6277,0.3261699676513672,0.6558768153190613,0.38352301716804504,0.3389589786529541,0.25602784752845764,0.2687571048736572,0.2687571048736572,0.2687571048736572,1.0,1.0,1.0,1.0,1.0,1.0,1.0,0.6558768153190613,1.0,0.9475430250167847,1.0,0.9475430250167847,0.9999970197677612,0.2687571048736572,0.5162293409882561,0.4954920207317019,0.8609603327744785
817,0.43069320917129517,0.8154382705688477,0.46987685561180115,0.49507275223731995,0.32712993025779724,0.1085144504904747,0.1085144504904747,0.1085144504904747,1.0,1.0,1.0,1.0,1.0,1.0,1.0,0.8154382705688477,1.0,0.03239569813013077,0.0,0.9676042795181274,1.0,0.1085144504904747,0.40840396392783845,0.40840396392783845,1.1798526861922711
6773,0.4104591906070709,0.9010134935379028,0.7231472134590149,0.3231576979160309,0.1850726455450058,0.21418476104736328,0.21418476104736328,0.21418476104736328,1.0,1.0,1.0,1.0,1.0,1.0,1.0,0.9010134935379028,1.0,0.06256851553916931,0.0,0.9374314546585083,1.0,0.21418476104736328,0.4335895035946995,0.4335895035946995,0.828891036796537
1079,0.38361331820487976,0.7422516942024231,0.4798130989074707,0.40929847955703735,0.26172828674316406,0.27258700132369995,0.5350065231323242,0.5350065231323242,0.6000000238418579,0.0,1.0,0.6000000238418579,0.0,0.6000000238418579,0.0,0.7422516942024231,0.0,0.801028847694397,1.0,0.801028847694397,0.8500353693962097,0.5350065231323242,1.1018967154483916,0.8794760917819049,0.9813502499460589
9712,0.28198185563087463,0.5333645939826965,0.2899266481399536,0.33732321858406067,0.21869564056396484,0.325060099363327,0.325060099363327,0.325060099363327,1.0,1.0,1.0,1.0,1.0,1.0,1.0,0.5333645939826965,1.0,0.005681843496859074,0.0,0.9943181276321411,1.0,0.325060099363327,0.3638902214247745,0.3638902214247745,1.0390071576079154
4192,0.3894123136997223,0.734991729259491,0.5112015604972839,0.4490525424480438,0.2079828530550003,0.1496821492910385,0.1496821492910385,0.1496821492910385,1.0,1.0,1.0,1.0,1.0,1.0,1.0,0.734991729259491,1.0,0.0930158793926239,0.0,0.9069840908050537,0.999998927116394,0.1496821492910385,0.2044264504585406,0.2039326766458236,0.2938111684689381
2697,0.3510887622833252,0.6606638431549072,0.2864081561565399,0.39909347891807556,0.3677646815776825,0.15142394602298737,0.15142394602298737,0.15142394602298737,1.0,1.0,1.0,1.0,1.0,1.0,1.0,0.6606638431549072,1.0,0.9887388944625854,1.0,0.9887388944625854,1.0,0.15142394602298737,0.44191264196093694,0.44191264196093694,1.700943862315975
9660,0.6008524894714355,1.1743634939193726,0.6627205014228821,0.8598251342773438,0.28001195192337036,0.14799952507019043,0.14799952507019043,0.14799952507019043,1.0,1.0,1.0,1.0,1.0,0.6000000238418579,0.0,1.0592454671859741,1.0,0.43329769372940063,0.0,0.5667023062705994,1.0,0.14799952507019043,1.3234139858285232,0.8379699653627564,1.069048989511309
905,0.5781846642494202,1.1745086908340454,0.9419593214988708,0.49545818567276,0.29713645577430725,0.14505016803741455,0.14505016803741455,0.14505016803741455,1.0,1.0,1.0,1.0,1.0,0.6000000238418579,0.0,0.8010743260383606,1.0,0.05960332229733467,0.0,0.9403966665267944,1.0,0.14505016803741455,0.47863344549571013,0.4504968231612027,0.8643805429694533
3527,0.2714168131351471,0.5519206523895264,0.40683266520500183,0.14725175499916077,0.2601660192012787,0.3219097852706909,0.3219097852706909,0.3219097852706909,1.0,1.0,1.0,1.0,1.0,1.0,1.0,0.5519206523895264,1.0,0.14716476202011108,0.0,0.8528352379798889,1.0,0.3219097852706909,0.28291757840077963,0.28291757840077963,0.8340194594177273
6712,0.48619821667671204,0.9306379556655884,0.5884577035903931,0.59352046251297,0.27661648392677307,0.308864951133728,0.308864951133728,0.308864951133728,1.0,1.0,1.0,1.0,1.0,0.6000000238418579,0.0,0.8860174417495728,1.0,0.015279512852430344,0.0,0.9847204685211182,0.9999991655349731,0.308864951133728,0.5454888324756172,0.4760077372207279,1.1094190632248313
808,0.33355170488357544,0.6583477854728699,0.34097525477409363,0.46877843141555786,0.19090142846107483,0.15793605148792267,0.15793605148792267,0.15793605148792267,1.0,1.0,1.0,1.0,1.0,1.0,1.0,0.6583477854728699,1.0,0.9802609086036682,1.0,0.9802609086036682,0.9999915361404419,0.15793605148792267,0.4776151232906025,0.4664905332247072,0.8740971849907283
9663,0.3966198265552521,0.8312332034111023,0.7233349680900574,0.22778716683387756,0.23873721063137054,0.21419744193553925,0.21419744193553925,0.21419744193553925,1.0,1.0,1.0,1.0,1.0,1.0,1.0,0.6170731782913208,1.0,0.9932312965393066,1.0,0.9932312965393066,1.0,0.21419744193553925,1.2060213522287873,0.9338356213332873,1.0856707036890882
1887,0.2715200185775757,0.5150493383407593,0.40487733483314514,0.2444932460784912,0.1651894897222519,0.17174048721790314,0.17174048721790314,0.17174048721790314,1.0,1.0,1.0,1.0,1.0,1.0,1.0,0.5150493383407593,1.0,0.039678238332271576,0.0,0.9603217840194702,1.0,0.17174048721790314,0.6471596311478931,0.5641805038198944,0.9791703111431351
4269,0.4661904275417328,0.9438461661338806,0.795961320400238,0.3506600558757782,0.2519499361515045,0.20382638275623322,0.20382638275623322,0.20382638275623322,1.0,1.0,1.0,1.0,1.0,1.0,1.0,0.9438461661338806,1.0,0.009385684505105019,0.0,0.9906142950057983,0.9994775652885437,0.20382638275623322,0.17077902231627046,0.17077902231627046,0.40554310618817196
3786,0.34228092432022095,0.6860200762748718,0.4032537043094635,0.261420875787735,0.3621680438518524,0.364480584859848,0.364480584859848,0.364480584859848,1.0,1.0,1.0,1.0,1.0,1.0,1.0,0.6860200762748718,1.0,0.08543524146080017,0.0,0.9145647287368774,1.0,0.364480584859848,0.4309500136761994,0.4252276911030143,1.115839359011805
6829,0.393735408782959,0.8049983978271484,0.5285529494285583,0.48682793974876404,0.16582532227039337,0.16318677365779877,0.16318677365779877,0.16318677365779877,1.0,1.0,1.0,1.0,1.0,0.6000000238418579,0.0,0.6616018414497375,1.0,0.0834270790219307,0.0,0.9165729284286499,1.0,0.16318677365779877,0.7723566376939758,0.6439540189645316,0.9214995402923204
7858,0.3041865825653076,0.6528189182281494,0.2068212330341339,0.5383367538452148,0.1674017459154129,0.20565131306648254,0.20565131306648254,0.20565131306648254,1.0,1.0,1.0,1.0,1.0,1.0,1.0,0.5123626589775085,1.0,0.0025138237979263067,0.0,0.9974861741065979,1.0,0.20565131306648254,0.08510242968793387,0.08510242968793387,0.20812590713663298
3816,0.32348009943962097,0.6393184065818787,0.35478001832962036,0.3723599314689636,0.24330036342144012,0.44131889939308167,0.44131889939308167,0.44131889939308167,1.0,1.0,1.0,1.0,1.0,1.0,1.0,0.6393184065818787,1.0,0.8213910460472107,1.0,0.8213910460472107,1.0,0.44131889939308167,0.675264016031583,0.6600607479947765,1.3092636101012622
9225,0.3977406919002533,0.8281852602958679,0.384429931640625,0.6296116709709167,0.17918042838573456,0.07998992502689362,0.07998992502689362,0.07998992502689362,1.0,1.0,1.0,1.0,1.0,0.6000000238418579,0.0,0.7657460570335388,1.0,0.9679170250892639,1.0,0.9679170250892639,1.0,0.07998992502689362,0.9746502462910938,0.7741464576687108,1.0893277333362266
5018,0.4151598811149597,0.7846099734306335,0.4217831790447235,0.5278517603874207,0.29584476351737976,0.294746071100235,0.294746071100235,0.294746071100235,1.0,1.0,1.0,1.0,1.0,1.0,1.0,0.7846099734306335,1.0,0.02555852010846138,0.0,0.9744414687156677,1.0,0.294746071100235,0.7674138813395535,0.551693105339077,0.8072904352558594
4925,0.3883739709854126,0.9078140258789062,0.7628781795501709,0.321720689535141,0.08052297681570053,0.16584070026874542,0.16584070026874542,0.16584070026874542,1.0,1.0,1.0,1.0,1.0,1.0,1.0,0.9078140258789062,1.0,0.045626331120729446,0.0,0.9543736577033997,1.0,0.16584070026874542,0.3497227366234656,0.3497227366234656,0.7490276184488633
97,0.4448680877685547,0.9031597375869751,0.5075797438621521,0.5805534720420837,0.24647092819213867,0.1684776246547699,0.1684776246547699,0.1684776246547699,1.0,1.0,1.0,1.0,1.0,1.0,1.0,0.9031597375869751,1.0,0.8255149722099304,1.0,0.8255149722099304,1.0,0.1684776246547699,0.4980863013750489,0.4724114405229256,0.8088109041357023
8304,0.40013015270233154,0.8187029957771301,0.5426950454711914,0.38589778542518616,0.2717975676059723,0.224680095911026,1.3242027759552002,0.224680095911026,1.0,1.0,0.0,0.0,0.0,1.0,1.0,0.8187029957771301,1.0,0.6833873391151428,0.0,0.6833873391151428,0.9938139915466309,0.224680095911026,1.9777743498197031,0.34026237366358164,0.5771276964882909
4517,0.36700618267059326,0.8284981846809387,0.18922214210033417,0.6858134269714355,0.2259829044342041,0.1987721174955368,0.1987721174955368,0.1987721174955368,1.0,1.0,1.0,1.0,1.0,1.0,1.0,0.8284981846809387,1.0,0.08693666011095047,0.0,0.9130633473396301,1.0,0.1987721174955368,0.3458298964770041,0.3290308334903227,0.816980764256062
7476,0.503279983997345,0.9842621088027954,0.5084239840507507,0.6679093241691589,0.3335065543651581,0.3497866094112396,0.3497866094112396,0.3497866094112396,1.0,1.0,1.0,1.0,1.0,1.0,1.0,0.9842621088027954,1.0,0.001222982071340084,0.0,0.9987770318984985,1.0,0.3497866094112396,0.22033352858567465,0.22033352858567465,0.5502815146277551
5691,0.2588656544685364,0.5276889801025391,0.2650153338909149,0.21135352551937103,0.300228089094162,0.2682202458381653,0.2682202458381653,0.2682202458381653,1.0,1.0,1.0,1.0,1.0,0.6000000238418579,0.0,0.4890083372592926,1.0,0.015802929177880287,0.0,0.9841970801353455,0.9999667406082153,0.2682202458381653,0.4945446285385622,0.4945446285385622,0.7872686386345931
484,0.4407689571380615,0.866062581539154,0.5147771835327148,0.6313374638557434,0.17619208991527557,0.13414546847343445,0.13414546847343445,0.13414546847343445,1.0,1.0,1.0,1.0,1.0,1.0,1.0,0.866062581539154,1.0,0.11858734488487244,0.0,0.8814126253128052,0.9999762773513794,0.13414546847343445,0.48158539290331953,0.417463432695466,0.7632574000730246
3725,0.25501561164855957,0.5863800048828125,0.2868529260158539,0.27427664399147034,0.2039172202348709,0.20724883675575256,0.20724883675575256,0.20724883675575256,1.0,1.0,1.0,1.0,1.0,1.0,1.0,0.5863800048828125,1.0,0.03091060183942318,0.0,0.9690893888473511,0.9999998807907104,0.20724883675575256,0.46142796416324683,0.4501703875632592,1.1367961522120111
6854,0.3258715271949768,0.6791859865188599,0.4182417094707489,0.4151334762573242,0.14423935115337372,0.18620584905147552,0.18620584905147552,0.18620584905147552,1.0,1.0,1.0,1.0,1.0,1.0,1.0,0.5441486239433289,1.0,0.014277215115725994,0.0,0.9857227802276611,1.0,0.18620584905147552,0.14971169754006794,0.14971169754006794,0.3173144286644243
7300,0.32094377279281616,0.6465424299240112,0.2479785531759262,0.5472888946533203,0.16756391525268555,0.10732909291982651,0.5984280705451965,0.5984280705451965,0.6000000238418579,0.0,1.0,0.6000000238418579,0.0,0.20000000298023224,0.0,0.47662779688835144,0.0,0.7916751503944397,1.0,0.7916751503944397,0.9976993203163147,0.5984280705451965,1.7140450213675278,0.31481236349346,0.5568797646088498
3496,0.3872738480567932,0.7915250062942505,0.3689083456993103,0.5669041872024536,0.22600893676280975,0.1276632398366928,0.1276632398366928,0.1276632398366928,1.0,1.0,1.0,1.0,1.0,1.0,1.0,0.7915250062942505,1.0,0.8271819949150085,1.0,0.8271819949150085,1.0,0.1276632398366928,0.6447719086463876,0.5496543406510076,0.6489167225287684
8418,0.3475944697856903,0.7288786768913269,0.48682889342308044,0.4009192883968353,0.15503504872322083,0.15369398891925812,0.15369398891925812,0.15369398891925812,1.0,1.0,1.0,1.0,1.0,1.0,1.0,0.6531596183776855,1.0,0.014717208221554756,0.0,0.9852827787399292,1.0,0.15369398891925812,0.3949074109054505,0.3542881120773851,0.4767964757372643
3161,0.5208420157432556,1.0335838794708252,0.7070352435112,0.6220670342445374,0.2334236204624176,0.19425681233406067,1.2934983968734741,0.19425681233406067,1.0,1.0,0.0,0.0,0.0,0.20000000298023224,0.0,0.7689836025238037,1.0,0.23273636400699615,1.0,0.767263650894165,0.9999954700469971,0.19425681233406067,0.4189394703647583,0.4148793780926906,0.6741839205593181
2241,0.38119757175445557,0.734073281288147,0.531740665435791,0.38308462500572205,0.22876739501953125,0.06899403780698776,1.4346752166748047,0.06899403780698776,1.0,1.0,0.0,0.0,0.0,1.0,1.0,0.734073281288147,1.0,0.8119919300079346,0.0,0.8119919300079346,0.999921441078186,0.06899403780698776,1.9720134260605582,0.33352156713407816,0.34743062470058
1640,0.46961989998817444,0.9020475745201111,0.38162729144096375,0.5776727199554443,0.44955959916114807,0.1859409064054489,0.1859409064054489,0.1859409064054489,1.0,1.0,1.0,1.0,1.0,0.6000000238418579,0.0,0.6447528004646301,1.0,0.7905884981155396,1.0,0.7905884981155396,0.9861456155776978,0.1859409064054489,0.61203624050365,0.61203624050365,1.019310264349732
4728,0.38376083970069885,0.7656762003898621,0.5587435960769653,0.37143704295158386,0.22110195457935333,0.17766177654266357,0.17766177654266357,0.17766177654266357,1.0,1.0,1.0,1.0,1.0,1.0,1.0,0.7656762003898621,1.0,0.019751105457544327,0.0,0.9802488684654236,1.0,0.17766177654266357,0.39725799754162355,0.39678095150299747,0.7901437328124508
3977,0.4961347281932831,1.008620023727417,0.7629663348197937,0.39407268166542053,0.33136510848999023,0.3625410497188568,0.3625410497188568,0.3625410497188568,1.0,1.0,1.0,1.0,1.0,0.6000000238418579,0.0,0.9665554165840149,1.0,0.7985044121742249,1.0,0.7985044121742249,1.0,0.3625410497188568,1.6907442654819416,1.48404727228074,6.81037005231732
4107,0.4514496326446533,0.9964815974235535,0.7002217173576355,0.5031852722167969,0.15094192326068878,0.29369404911994934,0.29369404911994934,0.29369404911994934,1.0,1.0,1.0,1.0,1.0,0.6000000238418579,0.0,0.8544233441352844,1.0,0.8816469311714172,1.0,0.8816469311714172,1.0,0.29369404911994934,1.3371900792588878,0.7801886950131219,0.9903970404195573
1315,0.3239482045173645,0.6176397204399109,0.4233761727809906,0.3661247193813324,0.1823437362909317,0.2871505320072174,0.2871505320072174,0.2871505320072174,1.0,1.0,1.0,1.0,1.0,1.0,1.0,0.6176397204399109,1.0,0.9848771095275879,1.0,0.9848771095275879,1.0,0.2871505320072174,0.23841167253089865,0.2336068112554241,0.3691690166717858
5947,0.2872307002544403,0.6381946802139282,0.3865449130535126,0.19909849762916565,0.2760487198829651,0.19518990814685822,0.19518990814685822,0.19518990814685822,1.0,1.0,1.0,1.0,1.0,1.0,1.0,0.6381946802139282,1.0,0.020902812480926514,0.0,0.9790971875190735,1.0,0.19518990814685822,0.20595902063457575,0.20595902063457575,0.699584942155351
8128,0.35351651906967163,0.7206488847732544,0.49554577469825745,0.43824145197868347,0.12676243484020233,0.15508465468883514,0.15508465468883514,0.15508465468883514,1.0,1.0,1.0,1.0,1.0,1.0,1.0,0.7206488847732544,1.0,0.9360900521278381,1.0,0.9360900521278381,1.0,0.15508465468883514,0.4725697218108547,0.4602013524997906,1.248376036246899
3742,0.278807133436203,0.5894474387168884,0.30144956707954407,0.4198357164859772,0.11513610184192657,0.2467949390411377,0.2467949390411377,0.2467949390411377,1.0,1.0,1.0,1.0,1.0,1.0,1.0,0.5894474387168884,1.0,0.9946914315223694,1.0,0.9946914315223694,1.0,0.2467949390411377,0.27139765547229644,0.27139765547229644,0.4356317837118522
5796,0.4984440505504608,1.0541431903839111,0.5375298857688904,0.737083375453949,0.22071878612041473,0.24927078187465668,1.4188448190689087,0.24927078187465668,1.0,1.0,0.0,0.0,0.0,0.20000000298023224,0.0,0.6705009937286377,1.0,0.5915207862854004,0.0,0.5915207862854004,1.0,0.24927078187465668,0.9311580501793223,0.7788196315367953,0.9744296833562884
8880,0.42917028069496155,0.9632232785224915,0.23794487118721008,0.7557558417320251,0.29381003975868225,0.21839244663715363,0.21839244663715363,0.21839244663715363,1.0,1.0,1.0,1.0,1.0,0.20000000298023224,0.0,0.7834186553955078,1.0,0.016773799434304237,0.0,0.9832261800765991,0.9999978542327881,0.21839244663715363,0.6671930302851826,0.6441529429960446,0.8622323919200794
2116,0.21620860695838928,0.44366222620010376,0.3037169873714447,0.14656467735767365,0.1983441263437271,0.22829459607601166,0.22829459607601166,0.22829459607601166,1.0,1.0,1.0,1.0,1.0,1.0,1.0,0.44366222620010376,1.0,0.67390376329422,1.0,0.67390376329422,0.9684826135635376,0.22829459607601166,0.5708131959203365,0.47504712807958727,0.7904938420219252
3308,0.31641966104507446,0.6716864705085754,0.381547749042511,0.4160616993904114,0.15164946019649506,0.14680352807044983,0.14680352807044983,0.14680352807044983,1.0,1.0,1.0,1.0,1.0,1.0,1.0,0.6716864705085754,1.0,0.006094126962125301,0.0,0.9939059019088745,0.9999988079071045,0.14680352807044983,0.1823136084068068,0.1823136084068068,0.32791212279713106
9756,0.7653471231460571,1.5025923252105713,1.166607141494751,0.6077429056167603,0.5216911435127258,0.1479198932647705,1.172227144241333,0.1479198932647705,1.0,1.0,0.0,0.0,0.0,0.20000000298023224,0.0,0.8431314826011658,1.0,0.17030374705791473,1.0,0.8296962380409241,1.0,0.1479198932647705,1.0991390990465422,1.078397917954758,3.2505765907397923
2923,0.5939279198646545,1.1732252836227417,0.7945999503135681,0.6705999374389648,0.3165838420391083,0.159921795129776,0.159921795129776,0.159921795129776,1.0,1.0,1.0,1.0,1.0,0.20000000298023224,0.0,0.8593582510948181,1.0,0.07618404179811478,0.0,0.9238159656524658,1.0,0.159921795129776,0.7379518302315417,0.6226047041534903,0.8364593332210691
5998,0.38801658153533936,0.8389641642570496,0.5178492069244385,0.5393581390380859,0.10684237629175186,0.4838786721229553,0.4838786721229553,0.4838786721229553,1.0,1.0,1.0,1.0,1.0,1.0,1.0,0.8389641642570496,1.0,0.05554237216711044,0.0,0.9444576501846313,1.0,0.4838786721229553,1.0664354123259623,0.9675973164410522,6.1901557368994755
8581,0.6851053237915039,1.4455112218856812,0.6169171929359436,1.164486289024353,0.2739122807979584,0.1460469365119934,1.2009811401367188,0.1460469365119934,1.0,1.0,0.0,0.0,0.0,0.6000000238418579,0.0,0.664602518081665,1.0,0.6537219285964966,0.0,0.6537219285964966,0.9024597406387329,0.1460469365119934,1.9045839179991542,0.6562336306209879,0.9269039626082167
1740,0.437051922082901,0.8114622235298157,0.4707568287849426,0.5312783122062683,0.3091205656528473,0.1584872007369995,0.1584872007369995,0.1584872007369995,1.0,1.0,1.0,1.0,1.0,1.0,1.0,0.8114622235298157,1.0,0.06707960367202759,0.0,0.9329203963279724,1.0,0.1584872007369995,0.1924571944322711,0.18944849765368615,0.3201109657736517
3114,0.24024951457977295,0.5553656220436096,0.146892711520195,0.5120890736579895,0.06176679953932762,0.21850375831127167,0.21850375831127167,0.21850375831127167,1.0,1.0,1.0,1.0,1.0,1.0,1.0,0.5553656220436096,1.0,0.02379067987203598,0.0,0.9762093424797058,0.9999758005142212,0.21850375831127167,0.18103840847018537,0.18103840847018537,0.4939620502215736
61,0.4225305914878845,0.8740076422691345,0.45204654335975647,0.7087756395339966,0.10676952451467514,0.1809677928686142,0.1809677928686142,0.1809677928686142,1.0,1.0,1.0,1.0,1.0,1.0,1.0,0.8740076422691345,1.0,0.9967873096466064,1.0,0.9967873096466064,1.0,0.1809677928686142,0.22386013711140793,0.22386013711140793,0.49145783585999947
6792,0.32609665393829346,0.6131195425987244,0.37066182494163513,0.28743937611579895,0.3201887011528015,0.23176120221614838,0.23176120221614838,0.23176120221614838,1.0,1.0,1.0,1.0,1.0,1.0,1.0,0.6131195425987244,1.0,0.05985499918460846,0.0,0.9401450157165527,0.9999998807907104,0.23176120221614838,0.3778177147054317,0.37749847973583295,1.1924796811994163
7794,0.3146401345729828,0.7095938920974731,0.24830389022827148,0.4831934869289398,0.21242296695709229,0.11893371492624283,0.11893371492624283,0.11893371492624283,1.0,1.0,1.0,1.0,1.0,1.0,1.0,0.7095938920974731,1.0,0.7720988988876343,1.0,0.7720988988876343,1.0,0.11893371492624283,0.22890273392035657,0.22890273392035657,0.38186857908074867
128,0.4324036240577698,0.8423171043395996,0.4051578938961029,0.4871734082698822,0.4048795700073242,0.29669445753097534,0.29669445753097534,0.29669445753097534,1.0,1.0,1.0,1.0,1.0,1.0,1.0,0.8423171043395996,1.0,0.009215845726430416,0.0,0.9907841682434082,1.0,0.29669445753097534,0.22562076012508697,0.22562076012508697,0.4793813511595911
6492,0.5477049946784973,1.1138012409210205,0.5438734292984009,0.8431581854820251,0.25608351826667786,0.2014538049697876,0.2014538049697876,0.2014538049697876,1.0,1.0,1.0,1.0,1.0,0.6000000238418579,0.0,1.1061097383499146,1.0,0.10356388241052628,0.0,0.8964360952377319,0.9999998807907104,0.2014538049697876,0.25803159467585735,0.25803159467585735,0.5250326299857011
3101,0.4337185025215149,0.8575534224510193,0.4844714105129242,0.21912208199501038,0.5975618958473206,0.14351390302181244,0.14351390302181244,0.14351390302181244,1.0,1.0,1.0,1.0,1.0,0.6000000238418579,0.0,0.7728217244148254,1.0,0.012566710822284222,0.0,0.9874333143234253,0.9999997615814209,0.14351390302181244,0.7409215829819912,0.6379750760661991,2.754461533965439
1954,0.49727824330329895,1.0836008787155151,0.6524534821510315,0.5515397191047668,0.2878414988517761,0.12709765136241913,0.12709765136241913,0.12709765136241913,1.0,1.0,1.0,1.0,1.0,1.0,1.0,1.0836008787155151,1.0,0.027768203988671303,0.0,0.9722318053245544,1.0,0.12709765136241913,0.9447199245095719,0.9447199245095719,1.7845829845407015
2562,0.42254579067230225,0.8737367987632751,0.5669906139373779,0.43890315294265747,0.26174354553222656,0.15507380664348602,0.15507380664348602,0.15507380664348602,1.0,1.0,1.0,1.0,1.0,1.0,1.0,0.8737367987632751,1.0,0.35713842511177063,0.0,0.6428616046905518,0.935041069984436,0.15507380664348602,0.1352039880469385,0.1352039880469385,0.41678076984684387
2577,0.6427420377731323,1.4340990781784058,1.2805222272872925,0.5380358695983887,0.10966806858778,0.09206932783126831,0.09206932783126831,0.09206932783126831,1.0,1.0,1.0,1.0,1.0,0.6000000238418579,0.0,1.0281660556793213,1.0,0.37469199299812317,0.0,0.6253080368041992,1.0,0.09206932783126831,1.2408066850265627,0.9162035199964007,1.0874123455735634
6030,0.3625796437263489,0.8166902661323547,0.2774491012096405,0.4848320186138153,0.3254578709602356,0.06795482337474823,0.6707876920700073,0.6707876920700073,0.6000000238418579,0.0,0.0,0.4000000059604645,0.0,0.6000000238418579,0.0,0.7570574283599854,0.0,0.9521268606185913,0.0,0.9521268606185913,0.9999653100967407,0.7180389165878296,0.3512900751041451,0.3512900751041451,0.6550750812866808
9677,0.25151577591896057,0.5084207057952881,0.3651682734489441,0.2050672024488449,0.18431179225444794,0.15497718751430511,0.15497718751430511,0.15497718751430511,1.0,1.0,1.0,1.0,1.0,1.0,1.0,0.5084207057952881,1.0,0.946614682674408,1.0,0.946614682674408,1.0,0.15497718751430511,0.2348054685589589,0.23263923854901453,0.36973118584623027
8695,0.6016232967376709,1.2369838953018188,0.582410454750061,0.9519975781440735,0.2704617977142334,0.13853704929351807,0.13853704929351807,0.13853704929351807,1.0,1.0,1.0,1.0,1.0,1.0,1.0,1.2369838953018188,1.0,0.9201270937919617,1.0,0.9201270937919617,1.0,0.13853704929351807,0.5844451849974522,0.5461687979960923,0.759271182733878
9594,0.33308085799217224,0.6135461330413818,0.3241991400718689,0.41598081588745117,0.2590624690055847,0.14980195462703705,0.14980195462703705,0.14980195462703705,1.0,1.0,1.0,1.0,1.0,1.0,1.0,0.6135461330413818,1.0,0.7785730361938477,1.0,0.7785730361938477,1.0,0.14980195462703705,0.18313066694408978,0.18313066694408978,0.47091638596125646
8198,0.7213385105133057,1.4552212953567505,0.7637837529182434,1.048803687095642,0.35142794251441956,0.23439979553222656,0.23439979553222656,0.23439979553222656,1.0,1.0,1.0,1.0,1.0,0.6000000238418579,0.0,1.2139116525650024,1.0,0.45279091596603394,0.0,0.5472090840339661,0.5944087505340576,0.23439979553222656,0.689613919174892,0.6878623461369444,0.930263813999871
1995,0.25337454676628113,0.5553273558616638,0.25900277495384216,0.2916702926158905,0.20945052802562714,0.1333455890417099,0.1333455890417099,0.1333455890417099,1.0,1.0,1.0,1.0,1.0,0.6000000238418579,0.0,0.49810168147087097,1.0,0.022840408608317375,0.0,0.9771596193313599,0.9999010562896729,0.1333455890417099,0.23299800247157446,0.23299800247157446,0.41093435143205986
9734,0.325838178396225,0.6239978671073914,0.35184308886528015,0.3423769176006317,0.28329452872276306,0.07280050963163376,0.07280050963163376,0.07280050963163376,1.0,1.0,1.0,1.0,1.0,1.0,1.0,0.6239978671073914,1.0,0.34270769357681274,0.0,0.6572923064231873,0.9520089626312256,0.07280050963163376,0.5783674931379765,0.40678407678204936,0.7860711446219267
1292,0.26533523201942444,0.5685581564903259,0.15819452702999115,0.42598047852516174,0.21183061599731445,0.1319328099489212,0.1319328099489212,0.1319328099489212,1.0,1.0,1.0,1.0,1.0,1.0,1.0,0.5685581564903259,1.0,0.5554035305976868,1.0,0.5554035305976868,0.9915444850921631,0.1319328099489212,0.17106149663468048,0.17106149663468048,0.36082705989274744
5099,0.5069689750671387,0.9856356978416443,0.5526642799377441,0.6969751119613647,0.27126750349998474,0.22759190201759338,0.22759190201759338,0.22759190201759338,1.0,1.0,1.0,1.0,1.0,1.0,1.0,0.9979373216629028,1.0,0.7525168061256409,1.0,0.7525168061256409,0.9789463877677917,0.22759190201759338,0.6330846705583808,0.6330846705583808,1.6560765904474624
1955,0.3446309566497803,0.684349000453949,0.48388513922691345,0.31426212191581726,0.2357456237077713,0.2894204258918762,0.2894204258918762,0.2894204258918762,1.0,1.0,1.0,1.0,1.0,1.0,1.0,0.684349000453949,1.0,0.9943056702613831,1.0,0.9943056702613831,0.9999805688858032,0.2894204258918762,0.1713758088785009,0.1713758088785009,0.3572982443085718
6963,0.6963468790054321,1.4508732557296753,0.8717730641365051,0.8624281287193298,0.3548394739627838,0.18543116748332977,0.18543116748332977,0.18543116748332977,1.0,1.0,1.0,1.0,1.0,1.0,1.0,1.4508732557296753,1.0,0.9176619052886963,1.0,0.9176619052886963,0.9999963045120239,0.18543116748332977,1.2982272966306183,1.0567438446267488,1.6194748336578597
8263,0.3718061149120331,0.8113495111465454,0.4776316285133362,0.3886793553829193,0.2491072714328766,0.12719646096229553,0.12719646096229553,0.12719646096229553,1.0,1.0,1.0,1.0,1.0,0.6000000238418579,0.0,0.7063435912132263,1.0,0.9730492830276489,1.0,0.9730492830276489,0.9999871253967285,0.12719646096229553,0.7974328163338884,0.7698164562664797,5.374496735138763
8556,0.37709587812423706,0.8040310144424438,0.42423731088638306,0.39634859561920166,0.31070172786712646,0.07270289212465286,0.07270289212465286,0.07270289212465286,1.0,1.0,1.0,1.0,1.0,1.0,1.0,0.8040310144424438,1.0,0.8882433176040649,1.0,0.8882433176040649,1.0,0.07270289212465286,0.5937601357893076,0.537900364629713,0.868397027583509
5246,0.4257067143917084,0.9568572044372559,0.3942684531211853,0.6209803819656372,0.2618713080883026,0.16124142706394196,0.16124142706394196,0.16124142706394196,1.0,1.0,1.0,1.0,1.0,0.6000000238418579,0.0,0.9910200238227844,1.0,0.0308622308075428,0.0,0.9691377878189087,1.0,0.16124142706394196,1.0031758237015764,0.8453835700909593,0.9602244451658737
2525,0.2949378788471222,0.6128880977630615,0.4016852378845215,0.30466681718826294,0.17846159636974335,0.27091482281684875,0.27091482281684875,0.27091482281684875,1.0,1.0,1.0,1.0,1.0,0.6000000238418579,0.0,0.46250009536743164,1.0,0.03777423873543739,0.0,0.9622257351875305,1.0,0.27091482281684875,0.6343195886611078,0.4700667325600152,0.6524475231554628
229,0.4780680537223816,1.036194086074829,0.49211016297340393,0.71540766954422,0.22668646275997162,0.25930359959602356,0.25930359959602356,0.25930359959602356,1.0,1.0,1.0,1.0,1.0,1.0,1.0,1.036194086074829,1.0,0.18785133957862854,0.0,0.8121486902236938,1.0,0.25930359959602356,0.9712262650758179,0.9638939211983804,3.890885737206626
2913,0.5615774393081665,1.084985613822937,0.7116108536720276,0.5313757061958313,0.44174572825431824,0.1939026415348053,0.1939026415348053,0.1939026415348053,1.0,1.0,1.0,1.0,1.0,0.6000000238418579,0.0,1.1782788038253784,1.0,0.9935365319252014,1.0,0.9935365319252014,1.0,0.1939026415348053,0.9787069118194796,0.9203048033763299,1.2065795581997563
382,0.44833776354789734,0.8983227014541626,0.40894657373428345,0.6615518927574158,0.27451491355895996,0.08890432119369507,0.08890432119369507,0.08890432119369507,1.0,1.0,1.0,1.0,1.0,1.0,1.0,0.8983227014541626,1.0,0.08765055239200592,0.0,0.9123494625091553,1.0,0.08890432119369507,1.7685608505485961,1.700437615985785,13.062723531720584
3931,0.3732091784477234,0.7895631790161133,0.42244431376457214,0.3601698875427246,0.33701324462890625,0.16148923337459564,0.16148923337459564,0.16148923337459564,1.0,1.0,1.0,1.0,1.0,0.6000000238418579,0.0,0.8345246315002441,1.0,0.9869455695152283,1.0,0.9869455695152283,1.0,0.16148923337459564,0.5357588636187678,0.5038798674334458,0.7433245335184765
9042,0.55643630027771,1.160779595375061,1.0206009149551392,0.37783727049827576,0.2708706557750702,0.08428983390331268,0.08428983390331268,0.08428983390331268,1.0,1.0,1.0,1.0,1.0,0.20000000298023224,0.0,0.8911027908325195,1.0,0.7096996903419495,1.0,0.7096996903419495,0.9999997615814209,0.08428983390331268,0.5633553058427023,0.4518326548931276,0.913542500915513
9073,0.38787341117858887,0.7901502251625061,0.4234374165534973,0.46983519196510315,0.27034759521484375,0.09468068182468414,0.09468068182468414,0.09468068182468414,1.0,1.0,1.0,1.0,1.0,0.6000000238418579,0.0,0.7091448903083801,1.0,0.0070718033239245415,0.0,0.9929282069206238,1.0,0.09468068182468414,0.14601041810206863,0.14601041810206863,0.3390983604732904
9334,0.26196184754371643,0.5563315749168396,0.3925997316837311,0.27036815881729126,0.12291760742664337,0.1258825808763504,0.1258825808763504,0.1258825808763504,1.0,1.0,1.0,1.0,1.0,1.0,1.0,0.5563315749168396,1.0,0.16973645985126495,0.0,0.8302635550498962,1.0,0.1258825808763504,0.4450398954287802,0.4355156334594882,0.8059317752250901
6327,0.414359986782074,0.8891205191612244,0.7549487948417664,0.3033044934272766,0.18482652306556702,0.1525401771068573,0.1525401771068573,0.1525401771068573,1.0,1.0,1.0,1.0,1.0,1.0,1.0,0.8891205191612244,1.0,0.9245335459709167,1.0,0.9245335459709167,1.0,0.1525401771068573,0.26002659043007165,0.26002659043007165,0.5898309825855309
4084,0.6504121422767639,1.444654107093811,0.8795524835586548,0.8362622261047363,0.23542185127735138,0.28017306327819824,0.8574126362800598,0.7460296750068665,0.6000000238418579,0.0,0.0,0.4000000059604645,0.0,0.6000000238418579,0.0,1.188978672027588,0.0,0.12388050556182861,1.0,0.8761194944381714,0.9358233213424683,0.7460296750068665,0.3613533604289026,0.3613533604289026,0.7196998025471446
3159,0.3688439130783081,0.7252235412597656,0.47710758447647095,0.3662188947200775,0.26320528984069824,0.17722171545028687,0.17722171545028687,0.17722171545028687,1.0,1.0,1.0,1.0,1.0,1.0,1.0,0.7252235412597656,1.0,0.8268048167228699,1.0,0.8268048167228699,0.9999942779541016,0.17722171545028687,0.10597137814672648,0.10597137814672648,0.19128832266893012
7530,0.3517014980316162,0.7095878720283508,0.35759565234184265,0.4570062756538391,0.24050255119800568,0.18674007058143616,0.18674007058143616,0.18674007058143616,1.0,1.0,1.0,1.0,1.0,1.0,1.0,0.7095878720283508,1.0,0.009265964850783348,0.0,0.9907340407371521,1.0,0.18674007058143616,0.35747449133813924,0.35747449133813924,0.6114061734216721
4053,0.34166228771209717,0.6936363577842712,0.4929359555244446,0.353965699672699,0.1780853122472763,0.1232733502984047,0.1232733502984047,0.1232733502984047,1.0,1.0,1.0,1.0,1.0,1.0,1.0,0.6936363577842712,1.0,0.017488446086645126,0.0,0.982511579990387,1.0,0.1232733502984047,0.4212591812227801,0.410195527224013,0.6879599737443898
2788,0.4176723062992096,0.8316583633422852,0.5644503235816956,0.4090811312198639,0.27948543429374695,0.10747406631708145,0.10747406631708145,0.10747406631708145,1.0,1.0,1.0,1.0,1.0,0.6000000238418579,0.0,0.6840330362319946,1.0,0.9847226738929749,1.0,0.9847226738929749,1.0,0.10747406631708145,0.8459643570739265,0.7465998227600845,1.6586107992066745
7374,0.6630905866622925,1.3162349462509155,0.854164719581604,0.6007484793663025,0.534358561038971,0.20373931527137756,1.4497040510177612,0.20373931527137756,1.0,1.0,0.0,0.0,0.0,0.6000000238418579,0.0,1.2537676095962524,1.0,0.8819693326950073,0.0,0.8819693326950073,1.0,0.20373931527137756,1.5156123592537758,1.312589207386151,6.141789340281107
9265,0.3978947699069977,0.7369155287742615,0.4197178781032562,0.4611786901950836,0.3127877712249756,0.09654602408409119,0.09654602408409119,0.09654602408409119,1.0,1.0,1.0,1.0,1.0,0.6000000238418579,0.0,0.7544974684715271,1.0,0.9663925170898438,1.0,0.9663925170898438,1.0,0.09654602408409119,0.572948732262439,0.569826986588672,1.483308146605641
2329,0.4593525826931,0.9376764297485352,0.62203449010849,0.40954095125198364,0.3464823365211487,0.1598139852285385,1.377601981163025,0.1598139852285385,1.0,1.0,0.0,0.0,0.0,0.6000000238418579,0.0,0.8666933178901672,1.0,0.15440194308757782,1.0,0.845598042011261,1.0,0.1598139852285385,1.886476878370135,1.6759586449765325,3.3182947670192684
6011,0.37301015853881836,0.8043329119682312,0.5395800471305847,0.5178884863853455,0.06156193092465401,0.14618846774101257,0.14618846774101257,0.14618846774101257,1.0,1.0,1.0,1.0,1.0,0.6000000238418579,0.0,0.7284532785415649,1.0,0.18206866085529327,0.0,0.8179313540458679,0.9999939203262329,0.14618846774101257,0.4607265722480184,0.4335955602916983,0.7972859462123616
6926,0.2960646450519562,0.6646181344985962,0.2282702922821045,0.5461735129356384,0.11375017464160919,0.15690015256404877,0.15690015256404877,0.15690015256404877,1.0,1.0,1.0,1.0,1.0,1.0,1.0,0.6646181344985962,1.0,0.9254878759384155,1.0,0.9254878759384155,1.0,0.15690015256404877,1.3329641235742256,0.9545444152186852,1.5253813650936356
5516,0.5092571973800659,1.1486676931381226,1.0270088911056519,0.18552309274673462,0.3152395784854889,0.18728917837142944,0.8033773303031921,0.4858730733394623,0.6000000238418579,0.0,0.0,0.4000000059604645,0.0,0.20000000298023224,0.0,0.7364309430122375,0.0,0.06342826783657074,1.0,0.9365717172622681,0.9995430707931519,0.4858730733394623,0.9209571178403396,0.9020090802082346,1.904518222851011
7891,0.4687943160533905,0.9444686770439148,0.6084786653518677,0.579478919506073,0.21842531859874725,0.4392804205417633,0.4392804205417633,0.4392804205417633,1.0,1.0,1.0,1.0,1.0,1.0,1.0,0.9444686770439148,1.0,0.916347324848175,1.0,0.916347324848175,1.0,0.4392804205417633,0.5586196661930101,0.557887471801208,1.1279623436960866
5252,0.4090845286846161,0.7978461384773254,0.5841782689094543,0.3208930194377899,0.3221822679042816,0.2965247929096222,0.2965247929096222,0.2965247929096222,1.0,1.0,1.0,1.0,1.0,0.6000000238418579,0.0,0.779053270816803,1.0,0.9502323865890503,1.0,0.9502323865890503,1.0,0.2965247929096222,0.3330254142001,0.3330254142001,0.806554948995612
8580,0.3355928063392639,0.6844410300254822,0.3493068218231201,0.3453015983104706,0.31216999888420105,0.14162492752075195,1.2240955829620361,0.14162492752075195,1.0,1.0,0.0,0.0,0.0,0.20000000298023224,0.0,0.8059181571006775,1.0,0.8715744614601135,0.0,0.8715744614601135,0.9813836216926575,0.14162492752075195,1.4825828439792796,0.5612770717999651,0.8450684225564676
6744,0.613504946231842,1.1503252983093262,0.6945287585258484,0.8298110961914062,0.31617477536201477,0.07926149666309357,0.07926149666309357,0.07926149666309357,1.0,1.0,1.0,1.0,1.0,0.6000000238418579,0.0,1.0926414728164673,1.0,0.8643720746040344,1.0,0.8643720746040344,0.9999961853027344,0.07926149666309357,0.2167770938947585,0.2167770938947585,0.39792918213173567
4464,0.4747038781642914,1.0927278995513916,0.5567631125450134,0.7098391056060791,0.1575094610452652,0.1348111629486084,0.1348111629486084,0.1348111629486084,1.0,1.0,1.0,1.0,1.0,0.20000000298023224,0.0,0.6347218751907349,1.0,0.2329920381307602,0.0,0.7670079469680786,0.9491136074066162,0.1348111629486084,0.5066270694970543,0.5066270694970543,0.763407336391968
9178,0.41678914427757263,0.8547331094741821,0.4321706295013428,0.2304234504699707,0.5877732634544373,0.18304558098316193,0.5988677144050598,0.5988677144050598,0.6000000238418579,0.0,1.0,0.6000000238418579,0.0,0.20000000298023224,0.0,0.7338491678237915,0.0,0.029296064749360085,0.0,0.9707039594650269,0.621957540512085,0.5988677144050598,1.7132388259984375,0.6218537614923247,0.9193810921270285
8618,0.23775295913219452,0.4655189514160156,0.13191042840480804,0.2795037031173706,0.30184468626976013,0.12793374061584473,0.12793374061584473,0.12793374061584473,1.0,1.0,1.0,1.0,1.0,0.6000000238418579,0.0,0.5901761054992676,1.0,0.48624053597450256,0.0,0.5137594938278198,0.9970470070838928,0.12793374061584473,0.22719901510462825,0.22719901510462825,0.580403360298446
9808,0.27466320991516113,0.5257347822189331,0.3089437186717987,0.26456141471862793,0.2504844665527344,0.1538664549589157,0.1538664549589157,0.1538664549589157,1.0,1.0,1.0,1.0,1.0,1.0,1.0,0.5257347822189331,1.0,0.11055605858564377,0.0,0.8894439339637756,0.9999957084655762,0.1538664549589157,0.42860845541201015,0.2845747699684862,0.647280035964998
8775,0.4557238817214966,0.9011489152908325,0.39837175607681274,0.543207585811615,0.42559242248535156,0.19873380661010742,0.19873380661010742,0.19873380661010742,1.0,1.0,1.0,1.0,1.0,0.6000000238418579,0.0,0.9425724148750305,1.0,0.3013155162334442,0.0,0.6986844539642334,0.9983128309249878,0.19873380661010742,0.3964280048758488,0.3595843834150337,0.6483469473737613
308,0.46460452675819397,0.9791805148124695,0.4913587272167206,0.5722501873970032,0.330204576253891,0.34479770064353943,0.34479770064353943,0.34479770064353943,1.0,1.0,1.0,1.0,1.0,1.0,1.0,0.9791805148124695,1.0,0.9660030007362366,1.0,0.9660030007362366,0.990349292755127,0.34479770064353943,0.2599621184405643,0.19613801513974422,0.40516513601212834
2168,0.4508097767829895,0.872956395149231,0.5277244448661804,0.4285588264465332,0.3961459696292877,0.1977778524160385,0.1977778524160385,0.1977778524160385,1.0,1.0,1.0,1.0,1.0,1.0,1.0,0.872956395149231,1.0,0.44885364174842834,0.0,0.551146388053894,0.6229615807533264,0.1977778524160385,0.3951554217077612,0.3951554217077612,0.7873348986084319
4093,0.4311002194881439,0.8661495447158813,0.7007613182067871,0.29630613327026367,0.2962331473827362,0.18614624440670013,0.18614624440670013,0.18614624440670013,1.0,1.0,1.0,1.0,1.0,1.0,1.0,0.8661495447158813,1.0,0.012962336651980877,0.0,0.9870376586914062,1.0,0.18614624440670013,0.6111898809518735,0.6096563540261508,4.026151163610263
4349,0.4451003968715668,0.9076154828071594,0.5266770720481873,0.5828388333320618,0.2257852554321289,0.16994817554950714,0.16994817554950714,0.16994817554950714,1.0,1.0,1.0,1.0,1.0,0.6000000238418579,0.0,0.8662812113761902,1.0,0.22162647545337677,0.0,0.7783735394477844,0.8080368638038635,0.16994817554950714,0.15822417473112405,0.15822417473112405,0.2983626138473358
2312,0.42704999446868896,0.7967309355735779,0.5213803052902222,0.4444899559020996,0.3152797222137451,0.2524709403514862,0.2524709403514862,0.2524709403514862,1.0,1.0,1.0,1.0,1.0,1.0,1.0,0.7967309355735779,1.0,0.06960926204919815,0.0,0.9303907155990601,0.9999998807907104,0.2524709403514862,0.4474005649342183,0.4474005649342183,0.9370826275738692
1974,0.4927592873573303,1.029244065284729,0.5983830690383911,0.5228046178817749,0.3570900857448578,0.34056323766708374,0.34056323766708374,0.34056323766708374,1.0,1.0,1.0,1.0,1.0,0.6000000238418579,0.0,1.0610647201538086,1.0,0.27780675888061523,0.0,0.7221932411193848,1.0,0.34056323766708374,1.2622822707760486,1.1827904371013318,2.925193683231507
2696,0.5419523119926453,1.1656874418258667,0.47713419795036316,0.8149338960647583,0.3337887227535248,0.16945789754390717,0.16945789754390717,0.16945789754390717,1.0,1.0,1.0,1.0,1.0,1.0,1.0,1.1680994033813477,1.0,0.9356645345687866,1.0,0.9356645345687866,1.0,0.16945789754390717,1.1201460369568164,1.1008983181613599,2.204785418073565
1764,0.6435657739639282,1.3021131753921509,0.3688103258609772,0.9292810559272766,0.6326058506965637,0.1615818589925766,1.1461464166641235,0.1615818589925766,1.0,1.0,0.0,0.0,0.0,0.6000000238418579,0.0,1.228439211845398,1.0,0.4133478105068207,1.0,0.5866521596908569,0.6512192487716675,0.1615818589925766,1.3939101111522905,0.5673989160944445,0.8253425654773713
6657,0.27388113737106323,0.5325708985328674,0.14380674064159393,0.41529709100723267,0.2625395953655243,0.14631536602973938,0.14631536602973938,0.14631536602973938,1.0,1.0,1.0,1.0,1.0,0.6000000238418579,0.0,0.5851265788078308,1.0,0.7211357951164246,1.0,0.7211357951164246,1.0,0.14631536602973938,0.2642111652917901,0.20305729434493963,0.22824831802060386
6495,0.4302484691143036,0.8601486086845398,0.6694170236587524,0.4845784306526184,0.13674986362457275,0.15270210802555084,0.15270210802555084,0.15270210802555084,1.0,1.0,1.0,1.0,1.0,1.0,1.0,0.8601486086845398,1.0,0.01916489750146866,0.0,0.9808350801467896,1.0,0.15270210802555084,0.3607199856784914,0.3440107070638009,0.7570686420685172
1560,0.7383747696876526,1.440785527229309,0.8832894563674927,0.7663552761077881,0.5654792785644531,0.2507341504096985,0.7547095417976379,0.7547095417976379,0.6000000238418579,0.0,1.0,0.6000000238418579,0.0,0.6000000238418579,0.0,1.440785527229309,0.0,0.9807398319244385,1.0,0.9807398319244385,0.9999995231628418,0.7547095417976379,1.4291566004328158,0.8958443479555213,1.7269556561808324
5659,0.5082811713218689,1.1506431102752686,0.8201528787612915,0.4734160900115967,0.23127464950084686,0.49344608187675476,1.7695316076278687,0.49344608187675476,1.0,1.0,0.0,0.0,0.0,0.6000000238418579,0.0,1.049373984336853,1.0,0.5855531692504883,0.0,0.5855531692504883,1.0,0.49344608187675476,2.6404585918598578,1.1582282667464239,1.9562579193979193
5363,0.4814034700393677,1.0240833759307861,0.3017159700393677,0.8262268900871277,0.3162674605846405,0.23769965767860413,0.23769965767860413,0.23769965767860413,1.0,1.0,1.0,1.0,1.0,1.0,1.0,1.0240833759307861,1.0,0.9761508703231812,1.0,0.9761508703231812,0.9999855756759644,0.23769965767860413,0.3235866953183708,0.3235866953183708,0.670178316666113
4235,0.38907861709594727,0.7234283089637756,0.42992621660232544,0.39459922909736633,0.34271034598350525,0.2175455540418625,0.2175455540418625,0.2175455540418625,1.0,1.0,1.0,1.0,1.0,0.6000000238418579,0.0,0.6341877579689026,1.0,0.983069658279419,1.0,0.983069658279419,1.0,0.2175455540418625,0.9195694355164885,0.9172341256664592,4.2703769095392685
5631,0.5393117666244507,1.0765596628189087,0.7489460110664368,0.5973127484321594,0.27167654037475586,0.0642181858420372,0.0642181858420372,0.0642181858420372,1.0,1.0,1.0,1.0,1.0,0.6000000238418579,0.0,0.9475501179695129,1.0,0.15368801355361938,0.0,0.8463119864463806,1.0,0.0642181858420372,0.8329795382132571,0.5864472414343002,0.9718813369053303
1242,0.5499921441078186,1.091215968132019,0.5105715394020081,0.7311992645263672,0.40820565819740295,0.2527031898498535,0.2527031898498535,0.2527031898498535,1.0,1.0,1.0,1.0,1.0,0.6000000238418579,0.0,1.1101617813110352,1.0,0.9934545755386353,1.0,0.9934545755386353,0.9994145631790161,0.2527031898498535,0.4905451396370721,0.46379260932777183,1.2434704395377965
35,0.2609776556491852,0.4932922422885895,0.2928329110145569,0.334803968667984,0.15529601275920868,0.22265271842479706,0.22265271842479706,0.22265271842479706,1.0,1.0,1.0,1.0,1.0,1.0,1.0,0.4932922422885895,1.0,0.06283122301101685,0.0,0.9371687769889832,1.0,0.22265271842479706,0.20135600592856862,0.20019296626398278,0.4172313533932324
7931,0.3815528452396393,0.782127857208252,0.4232638478279114,0.5856431126594543,0.13575153052806854,0.45510610938072205,0.45510610938072205,0.45510610938072205,1.0,1.0,1.0,1.0,1.0,0.6000000238418579,0.0,0.7815122604370117,1.0,0.9755333065986633,1.0,0.9755333065986633,1.0,0.45510610938072205,0.9208821754323603,0.4956308954905357,0.6746537798875181
6259,0.5432039499282837,1.1097252368927002,0.582211434841156,0.7753187417984009,0.2720816135406494,0.21034713089466095,0.21034713089466095,0.21034713089466095,1.0,1.0,1.0,1.0,1.0,1.0,1.0,1.134099006652832,1.0,0.021799076348543167,0.0,0.9782009124755859,0.9999901056289673,0.21034713089466095,0.26657174576525655,0.26657174576525655,0.5531063244794033
4341,0.38021349906921387,0.8270211219787598,0.3888704478740692,0.6083236932754517,0.14344635605812073,0.18241262435913086,1.209389328956604,0.18241262435913086,1.0,1.0,0.0,0.0,0.0,1.0,1.0,0.7957359552383423,1.0,0.2982713580131531,1.0,0.7017286419868469,0.9189713001251221,0.18241262435913086,1.769915657359221,0.373355228804547,0.6042947480058101
736,0.5174462199211121,1.166824221611023,0.8734641075134277,0.38268470764160156,0.2961897850036621,0.11832638084888458,0.11832638084888458,0.11832638084888458,1.0,1.0,1.0,1.0,1.0,1.0,1.0,1.166824221611023,1.0,0.8200749158859253,1.0,0.8200749158859253,1.0,0.11832638084888458,0.4707531641445778,0.44475647188675344,0.7201751423565251
1202,0.5863056778907776,1.1644227504730225,0.6064923405647278,0.7016834616661072,0.45074135065078735,0.14978496730327606,0.14978496730327606,0.14978496730327606,1.0,1.0,1.0,1.0,1.0,0.6000000238418579,0.0,0.9496793150901794,1.0,0.9922221302986145,1.0,0.9922221302986145,1.0,0.14978496730327606,0.539812118991644,0.5371945895418487,1.0051822909515236
2673,0.5662904381752014,1.1838467121124268,0.443880558013916,0.7793481945991516,0.4756424129009247,0.26808658242225647,1.1090384721755981,0.26808658242225647,1.0,1.0,0.0,0.0,0.0,0.20000000298023224,0.0,0.6803798079490662,1.0,0.01752983033657074,1.0,0.9824701547622681,1.0,0.26808658242225647,0.8553627611301924,0.8223300625371598,1.0259827784189708
7108,0.5630245208740234,1.1657514572143555,1.0034104585647583,0.42262473702430725,0.26303830742836,0.054163552820682526,0.054163552820682526,0.054163552820682526,1.0,1.0,1.0,1.0,1.0,0.6000000238418579,0.0,0.902276337146759,1.0,0.24948090314865112,0.0,0.7505190968513489,0.9999901056289673,0.054163552820682526,0.4978935698280486,0.4786858091646987,0.8267867695647789
6770,0.5016758441925049,0.9803966879844666,0.3664382994174957,0.7481759190559387,0.3904132843017578,0.18359754979610443,0.18359754979610443,0.18359754979610443,1.0,1.0,1.0,1.0,1.0,0.6000000238418579,0.0,0.7374874949455261,1.0,0.848303496837616,1.0,0.848303496837616,1.0,0.18359754979610443,1.4294063499469762,0.8756548522334306,1.0865816226199336
3894,0.48171764612197876,0.995216965675354,0.6825164556503296,0.5769221782684326,0.18571417033672333,0.12525592744350433,0.12525592744350433,0.12525592744350433,1.0,1.0,1.0,1.0,1.0,0.6000000238418579,0.0,0.9451456069946289,1.0,0.13012604415416718,0.0,0.8698739409446716,1.0,0.12525592744350433,1.0941047946715674,0.7817803017788885,0.9619457875501425
8742,0.8994066119194031,1.9275505542755127,1.2600635290145874,0.9721732139587402,0.4659828841686249,0.16793540120124817,0.6899766325950623,0.6899766325950623,0.6000000238418579,0.0,1.0,0.6000000238418579,0.0,0.20000000298023224,0.0,1.4013620615005493,0.0,0.3262077867984772,0.0,0.6737922430038452,0.7762514352798462,0.6899766325950623,1.857587819152192,0.7002759270802854,1.2154300284556443
5542,0.33173638582229614,0.6721643209457397,0.3909494876861572,0.35845518112182617,0.2458045482635498,0.247365340590477,0.247365340590477,0.247365340590477,1.0,1.0,1.0,1.0,1.0,1.0,1.0,0.6721643209457397,1.0,0.9904829263687134,1.0,0.9904829263687134,0.9931910634040833,0.247365340590477,0.19667812438566482,0.19667812438566482,0.5841688364736365
2752,0.31030020117759705,0.6605669856071472,0.49002447724342346,0.2674306035041809,0.17344558238983154,0.20322029292583466,0.20322029292583466,0.20322029292583466,1.0,1.0,1.0,1.0,1.0,1.0,1.0,0.6605669856071472,1.0,0.005274281837046146,0.0,0.9947257041931152,1.0,0.20322029292583466,0.2526590812752312,0.2526590812752312,0.6552336428537741
3331,0.29799214005470276,0.5668503642082214,0.3799845278263092,0.26313725113868713,0.25085458159446716,0.13477188348770142,0.13477188348770142,0.13477188348770142,1.0,1.0,1.0,1.0,1.0,1.0,1.0,0.5668503642082214,1.0,0.932232141494751,1.0,0.932232141494751,1.0,0.13477188348770142,0.439823714240854,0.4353028350258241,0.8210443771095861
6718,0.3170841932296753,0.6325784921646118,0.34655138850212097,0.44949913024902344,0.1552020162343979,0.14368103444576263,0.14368103444576263,0.14368103444576263,1.0,1.0,1.0,1.0,1.0,0.6000000238418579,0.0,0.5936249494552612,1.0,0.45570626854896545,0.0,0.5442937612533569,0.9999984502792358,0.14368103444576263,0.1666992019010252,0.1666992019010252,0.3006692240068718
3219,0.4089230000972748,0.830282986164093,0.33406326174736023,0.6152719855308533,0.277433842420578,0.09986342489719391,0.7622069120407104,0.46695461869239807,0.6000000238418579,0.0,0.0,0.4000000059604645,0.0,0.20000000298023224,0.0,0.8142511248588562,0.0,0.848741352558136,0.0,0.848741352558136,0.9985346794128418,0.46695461869239807,0.30484738758454505,0.30484738758454505,0.4895056273637885
4465,0.4813404083251953,0.9620859026908875,0.45515361428260803,0.719624936580658,0.269242525100708,0.1997220367193222,0.1997220367193222,0.1997220367193222,1.0,1.0,1.0,1.0,1.0,0.6000000238418579,0.0,0.8354215621948242,1.0,0.8452682495117188,1.0,0.8452682495117188,1.0,0.1997220367193222,1.1463222851429404,0.815337056568947,1.105503254866377
1697,0.5485527515411377,1.1618492603302002,0.5108572244644165,0.8870465159416199,0.24775433540344238,0.14929179847240448,0.14929179847240448,0.14929179847240448,1.0,1.0,1.0,1.0,1.0,0.6000000238418579,0.0,0.9324737787246704,1.0,0.8203160762786865,1.0,0.8203160762786865,1.0,0.14929179847240448,1.263875987211885,1.0060686029537398,2.969865106487483
4892,0.43616536259651184,0.8342480063438416,0.573366641998291,0.4083157181739807,0.3268136978149414,0.2383253425359726,0.2383253425359726,0.2383253425359726,1.0,1.0,1.0,1.0,1.0,0.6000000238418579,0.0,0.8360126614570618,1.0,0.9738562703132629,1.0,0.9738562703132629,1.0,0.2383253425359726,0.22189191553922238,0.22065411627612885,0.4025541231901989
950,0.5820252895355225,1.2182244062423706,0.4488890767097473,0.9257789850234985,0.3714078962802887,0.19712086021900177,0.19712086021900177,0.19712086021900177,1.0,1.0,1.0,1.0,1.0,0.6000000238418579,0.0,1.0585908889770508,1.0,0.9715894460678101,1.0,0.9715894460678101,1.0,0.19712086021900177,1.2914835925117414,1.0753188302162946,1.8052835118748518
5387,0.2831112742424011,0.6008524894714355,0.3200845718383789,0.43624672293663025,0.09300244599580765,0.14991030097007751,0.14991030097007751,0.14991030097007751,1.0,1.0,1.0,1.0,1.0,1.0,1.0,0.6008524894714355,1.0,0.02657197043299675,0.0,0.9734280109405518,1.0,0.14991030097007751,0.30282317365104106,0.3027994561269069,0.5854252540289525
4871,0.2671331465244293,0.5542136430740356,0.31620079278945923,0.34385189414024353,0.14134681224822998,0.20161214470863342,0.20161214470863342,0.20161214470863342,1.0,1.0,1.0,1.0,1.0,1.0,1.0,0.5542136430740356,1.0,0.025410830974578857,0.0,0.9745891690254211,1.0,0.20161214470863342,0.3716864707092759,0.29190171891620215,0.4318922988844493
5279,0.24522799253463745,0.4722602367401123,0.28626328706741333,0.2530226409435272,0.19639800488948822,0.17817281186580658,0.17817281186580658,0.17817281186580658,1.0,1.0,1.0,1.0,1.0,1.0,1.0,0.4722602367401123,1.0,0.9569081664085388,1.0,0.9569081664085388,1.0,0.17817281186580658,0.1824213779472164,0.1824213779472164,0.5026194720844459
2371,0.43148425221443176,0.8608172535896301,0.6343678832054138,0.4086970388889313,0.25138768553733826,0.1649474799633026,0.1649474799633026,0.1649474799633026,1.0,1.0,1.0,1.0,1.0,1.0,1.0,0.8608172535896301,1.0,0.44540640711784363,0.0,0.554593563079834,0.999998927116394,0.1649474799633026,0.5818932223682234,0.5255970561256896,0.6809450611127644
3047,0.507099986076355,1.0756038427352905,0.7742596864700317,0.48687443137168884,0.26016589999198914,0.147992342710495,0.147992342710495,0.147992342710495,1.0,1.0,1.0,1.0,1.0,1.0,1.0,1.0756038427352905,1.0,0.7463396191596985,1.0,0.7463396191596985,1.0,0.147992342710495,1.6615353440069753,1.6494253277209925,10.602174869284529
9160,0.2868857979774475,0.5834702849388123,0.30290430784225464,0.3646071255207062,0.19314585626125336,0.247460275888443,0.247460275888443,0.247460275888443,1.0,1.0,1.0,1.0,1.0,1.0,1.0,0.5834702849388123,1.0,0.008176819421350956,0.0,0.9918231964111328,1.0,0.247460275888443,0.10645421022359113,0.10645421022359113,0.32892507938640786
970,0.3213499188423157,0.6701264381408691,0.2556390166282654,0.49335652589797974,0.21505418419837952,0.22534723579883575,0.22534723579883575,0.22534723579883575,1.0,1.0,1.0,1.0,1.0,1.0,1.0,0.6701264381408691,1.0,0.9885488152503967,1.0,0.9885488152503967,1.0,0.22534723579883575,0.15926059687214586,0.15926059687214586,0.28974802725339616
4749,0.6707541346549988,1.356245517730713,1.0310081243515015,0.6901730895042419,0.291081041097641,0.3387039303779602,0.3387039303779602,0.3387039303779602,1.0,1.0,1.0,1.0,1.0,1.0,1.0,1.356245517730713,1.0,0.24945949018001556,0.0,0.7505404949188232,1.0,0.3387039303779602,0.9402771756007686,0.7931007030963378,0.9597949302014337
7899,0.5239243507385254,1.047965407371521,0.6326269507408142,0.6285690665245056,0.3105771243572235,0.1668105274438858,0.1668105274438858,0.1668105274438858,1.0,1.0,1.0,1.0,1.0,1.0,1.0,1.047965407371521,1.0,0.47533825039863586,0.0,0.5246617794036865,0.9999995231628418,0.1668105274438858,0.5604014024311523,0.5604014024311523,1.4545539988037264
6506,0.3641585111618042,0.7444705367088318,0.5776407122612,0.27988871932029724,0.23494604229927063,0.15361468493938446,0.15361468493938446,0.15361468493938446,1.0,1.0,1.0,1.0,1.0,1.0,1.0,0.7444705367088318,1.0,0.9913968443870544,1.0,0.9913968443870544,0.9999980926513672,0.15361468493938446,0.13421960227599405,0.13421960227599405,0.19217280979647627
558,0.39379915595054626,0.8016607165336609,0.5276339650154114,0.43333539366722107,0.22042806446552277,0.17450416088104248,0.17450416088104248,0.17450416088104248,1.0,1.0,1.0,1.0,1.0,1.0,1.0,0.7234646677970886,1.0,0.08367927372455597,0.0,0.9163207411766052,1.0,0.17450416088104248,0.460880395661811,0.45151931422096153,0.8637772158496331
5558,0.4508662819862366,0.9828476309776306,0.8412805795669556,0.2881931960582733,0.22312508523464203,0.19413892924785614,0.19413892924785614,0.19413892924785614,1.0,1.0,1.0,1.0,1.0,1.0,1.0,0.9828476309776306,1.0,0.6858755946159363,1.0,0.6858755946159363,0.9999606609344482,0.19413892924785614,0.5818383345080133,0.5818383345080133,0.9986705458007669
4035,0.34155580401420593,0.6496720314025879,0.3434593379497528,0.4769950807094574,0.20421293377876282,0.16203215718269348,0.16203215718269348,0.16203215718269348,1.0,1.0,1.0,1.0,1.0,1.0,1.0,0.6689568758010864,1.0,0.9838683605194092,1.0,0.9838683605194092,1.0,0.16203215718269348,0.1263853039066662,0.1263853039066662,0.3120502635862267
8870,0.4580490291118622,1.013343095779419,0.6180906295776367,0.6202618479728699,0.13579456508159637,0.13158385455608368,0.13158385455608368,0.13158385455608368,1.0,1.0,1.0,1.0,1.0,1.0,1.0,1.013343095779419,1.0,0.017230119556188583,0.0,0.9827699065208435,1.0,0.13158385455608368,0.6512091046193292,0.5205928615023159,0.738402368551356
7866,0.30266764760017395,0.671026885509491,0.2870055139064789,0.49673959612846375,0.12425778061151505,0.2304641455411911,1.1171025037765503,0.3814615309238434,0.20000000298023224,0.0,1.0,0.20000000298023224,0.0,0.20000000298023224,0.0,0.671026885509491,0.0,0.2811445891857147,0.0,0.7188553810119629,0.371969997882843,1.1171025037765503,2.0568051167972574,0.06947382920287763,0.13877295608879192
9936,0.40061283111572266,0.7968291640281677,0.46916887164115906,0.5790000557899475,0.15366944670677185,0.23959140479564667,0.23959140479564667,0.23959140479564667,1.0,1.0,1.0,1.0,1.0,1.0,1.0,0.7968291640281677,1.0,0.9608632326126099,1.0,0.9608632326126099,0.9999929666519165,0.23959140479564667,0.33340767380549713,0.33288788856338647,0.5914311396169355
1281,0.6919188499450684,1.5472644567489624,1.03220796585083,0.5942920446395874,0.44925656914711,0.20722126960754395,1.2275956869125366,0.20722126960754395,1.0,1.0,0.0,0.0,0.0,0.20000000298023224,0.0,0.6950610280036926,1.0,0.03973995894193649,1.0,0.9602600336074829,1.0,0.20722126960754395,0.6803612957148233,0.5464341071510078,0.8557270834359404
6480,0.4460951089859009,1.0311611890792847,0.6320659518241882,0.5840678215026855,0.12215148657560349,0.109645776450634,0.109645776450634,0.109645776450634,1.0,1.0,1.0,1.0,1.0,1.0,1.0,1.0311611890792847,1.0,0.01510782353579998,0.0,0.9848921895027161,0.9992467164993286,0.109645776450634,0.4206221019788345,0.4206221019788345,1.3541633708182172
3334,0.8053622245788574,1.6602146625518799,0.9441367983818054,1.200563669204712,0.2713862359523773,0.30817508697509766,0.30817508697509766,0.30817508697509766,1.0,1.0,1.0,1.0,1.0,1.0,1.0,1.386392593383789,1.0,0.9979144930839539,1.0,0.9979144930839539,1.0,0.30817508697509766,0.4671075369354376,0.4671075369354376,0.8999134157820455
7779,0.4584672451019287,0.8806800842285156,0.7050100564956665,0.36893200874328613,0.3014596402645111,0.23182013630867004,0.23182013630867004,0.23182013630867004,1.0,1.0,1.0,1.0,1.0,0.6000000238418579,0.0,0.9275358319282532,1.0,0.3966723680496216,0.0,0.6033276319503784,1.0,0.23182013630867004,0.877862827970145,0.8384731399674776,0.9738286605951212
9558,0.5884841084480286,1.1258586645126343,0.8713407516479492,0.43188047409057617,0.46223101019859314,0.13859303295612335,0.13859303295612335,0.13859303295612335,1.0,1.0,1.0,1.0,1.0,0.6000000238418579,0.0,1.1699596643447876,1.0,0.050190821290016174,0.0,0.949809193611145,1.0,0.13859303295612335,0.7137074019343074,0.5482138049553328,0.795325960615361
1591,0.49463438987731934,1.0468143224716187,0.7406153082847595,0.5444859862327576,0.1988019198179245,0.24599440395832062,0.7614734172821045,0.7614734172821045,0.6000000238418579,0.0,0.0,0.4000000059604645,0.0,0.20000000298023224,0.0,0.7426812052726746,0.0,0.9521391987800598,0.0,0.9521391987800598,0.9999991655349731,0.7831078171730042,0.3093958066536869,0.3093958066536869,1.1146110455112934
891,0.32554545998573303,0.7283955216407776,0.4044017493724823,0.3220575749874115,0.2501771152019501,0.11957954615354538,0.11957954615354538,0.11957954615354538,1.0,1.0,1.0,1.0,1.0,1.0,1.0,0.5825812220573425,1.0,0.01398549135774374,0.0,0.9860144853591919,1.0,0.11957954615354538,0.5778448761503696,0.5435087077528844,0.7427268527572305
8762,0.4301993250846863,0.9515125155448914,0.5002797842025757,0.45574626326560974,0.33457186818122864,0.2548218369483948,0.9202398657798767,0.642225444316864,0.6000000238418579,0.0,0.0,0.4000000059604645,0.0,0.20000000298023224,0.0,0.8954429030418396,0.0,0.26152539253234863,1.0,0.7384746074676514,0.9999983310699463,0.642225444316864,0.5819587616641585,0.5021744631881624,0.8112901545141121
8766,0.27315592765808105,0.5612365007400513,0.20010077953338623,0.41125187277793884,0.2081151306629181,0.1476820558309555,0.1476820558309555,0.1476820558309555,1.0,1.0,1.0,1.0,1.0,0.6000000238418579,0.0,0.6127861142158508,1.0,0.014381342567503452,0.0,0.9856186509132385,0.9999717473983765,0.1476820558309555,0.12875754861047906,0.12875754861047906,0.261902521660459
7,0.40055277943611145,0.7999258041381836,0.567009449005127,0.4431251585483551,0.19152359664440155,0.21713042259216309,0.21713042259216309,0.21713042259216309,1.0,1.0,1.0,1.0,1.0,0.6000000238418579,0.0,0.733022928237915,1.0,0.6316433548927307,1.0,0.6316433548927307,1.0,0.21713042259216309,1.1136093656254078,0.9127825589683918,1.8261314321532571
5749,0.3252936899662018,0.7308399081230164,0.589040219783783,0.25519859790802,0.13164226710796356,0.1151178851723671,0.1151178851723671,0.1151178851723671,1.0,1.0,1.0,1.0,1.0,1.0,1.0,0.7308399081230164,1.0,0.9953977465629578,1.0,0.9953977465629578,1.0,0.1151178851723671,0.12719354729391463,0.12719354729391463,0.2655113765639431
9245,0.4886704981327057,0.9396976828575134,0.684267520904541,0.4839468002319336,0.2977972626686096,0.1683199107646942,0.1683199107646942,0.1683199107646942,1.0,1.0,1.0,1.0,1.0,0.20000000298023224,0.0,0.7983664274215698,1.0,0.9900466799736023,1.0,0.9900466799736023,1.0,0.1683199107646942,1.9127958883898752,1.1912383598996574,8.302347541412402
1562,0.3230173885822296,0.7076478600502014,0.497048944234848,0.28871607780456543,0.1832871288061142,0.28738829493522644,0.28738829493522644,0.28738829493522644,1.0,1.0,1.0,1.0,1.0,1.0,1.0,0.7076478600502014,1.0,0.9560689330101013,1.0,0.9560689330101013,1.0,0.28738829493522644,0.2994265974230044,0.25695090202577003,0.43922518113952946
6179,0.4573117792606354,0.8512753844261169,0.4761746823787689,0.5148566365242004,0.38090401887893677,0.23277123272418976,0.23277123272418976,0.23277123272418976,1.0,1.0,1.0,1.0,1.0,0.6000000238418579,0.0,0.8496937155723572,1.0,0.9781891703605652,1.0,0.9781891703605652,1.0,0.23277123272418976,0.5973166298672815,0.5592945816194048,1.1454055158741245
9144,0.4805581569671631,0.9999300837516785,0.6169443130493164,0.6843287348747253,0.1404014378786087,0.1593972146511078,0.1593972146511078,0.1593972146511078,1.0,1.0,1.0,1.0,1.0,0.6000000238418579,0.0,0.7688115835189819,1.0,0.7993181943893433,1.0,0.7993181943893433,0.9869465231895447,0.1593972146511078,0.7779460307026771,0.7779460307026771,1.6364802590468985
4051,0.4432048201560974,0.9580981135368347,0.7414788603782654,0.4750745892524719,0.11306089162826538,0.1522122472524643,0.1522122472524643,0.1522122472524643,1.0,1.0,1.0,1.0,1.0,1.0,1.0,0.904705822467804,1.0,0.9626228213310242,1.0,0.9626228213310242,0.9999995231628418,0.1522122472524643,0.5767796403585301,0.5767796403585301,1.4575372261584403
7107,0.5204377770423889,0.9934765100479126,0.496786504983902,0.6469579935073853,0.4175688326358795,0.2685488760471344,0.5881103873252869,0.5881103873252869,0.6000000238418579,0.0,1.0,0.6000000238418579,0.0,0.6000000238418579,0.0,0.6981901526451111,0.0,0.3189568817615509,0.0,0.6810431480407715,0.9999904632568359,0.5881103873252869,1.562234431327862,0.5279250443422085,0.7240686915692647
7538,0.3639787435531616,0.7453410029411316,0.4926559627056122,0.3840167224407196,0.21526353061199188,0.22446627914905548,0.22446627914905548,0.22446627914905548,1.0,1.0,1.0,1.0,1.0,1.0,1.0,0.7453410029411316,1.0,0.9391775727272034,1.0,0.9391775727272034,1.0,0.22446627914905548,0.1635168166569326,0.1635168166569326,0.372428323862426
7489,0.2900899052619934,0.6532148718833923,0.4039134979248047,0.1927998661994934,0.27355635166168213,0.2220667153596878,0.2220667153596878,0.2220667153596878,1.0,1.0,1.0,1.0,1.0,1.0,1.0,0.6532148718833923,1.0,0.9915032386779785,1.0,0.9915032386779785,1.0,0.2220667153596878,0.14453303958295938,0.14453303958295938,0.33335249985571375
4513,0.5536110401153564,1.033978819847107,0.5897024273872375,0.6440781354904175,0.42705246806144714,0.22258661687374115,0.22258661687374115,0.22258661687374115,1.0,1.0,1.0,1.0,1.0,1.0,1.0,1.033978819847107,1.0,0.0013145679840818048,0.0,0.9986854195594788,1.0,0.22258661687374115,0.47623057062940377,0.34044438616147127,0.6636206544172696
9867,0.38619112968444824,0.7389556169509888,0.4566994309425354,0.48971906304359436,0.212154820561409,0.12215548008680344,0.12215548008680344,0.12215548008680344,1.0,1.0,1.0,1.0,1.0,1.0,1.0,0.49427589774131775,1.0,0.17803694307804108,0.0,0.8219630718231201,0.9999996423721313,0.12215548008680344,0.1176250842368302,0.1176250842368302,0.30803007562492535
3038,0.37325817346572876,0.722241997718811,0.3652344346046448,0.36871057748794556,0.38582944869995117,0.10714206844568253,0.10714206844568253,0.10714206844568253,1.0,1.0,1.0,1.0,1.0,0.20000000298023224,0.0,0.7355520129203796,1.0,0.10856263339519501,0.0,0.8914373517036438,1.0,0.10714206844568253,1.4968470254522668,0.9988064178401326,1.5030388144438325
3834,0.2535735070705414,0.5465202927589417,0.48047706484794617,0.09655927121639252,0.18368418514728546,0.1561552733182907,0.1561552733182907,0.1561552733182907,1.0,1.0,1.0,1.0,1.0,1.0,1.0,0.5465202927589417,1.0,0.9418014883995056,1.0,0.9418014883995056,1.0,0.1561552733182907,0.3374260502604374,0.33311618592996156,0.45297871805524537
5725,0.445279598236084,0.9333570599555969,0.59905606508255,0.442470520734787,0.2943122088909149,0.2098708152770996,0.2098708152770996,0.2098708152770996,1.0,1.0,1.0,1.0,1.0,1.0,1.0,0.9333570599555969,1.0,0.9722372889518738,1.0,0.9722372889518738,1.0,0.2098708152770996,0.9114159166345314,0.6473341512356681,0.9373498532771483
707,0.6550676226615906,1.3613260984420776,0.9884401559829712,0.7354623675346375,0.24130034446716309,0.1345176249742508,1.2456077337265015,0.1345176249742508,1.0,1.0,0.0,0.0,0.0,0.6000000238418579,0.0,0.8963778614997864,1.0,0.6236175894737244,0.0,0.6236175894737244,0.8824777007102966,0.1345176249742508,1.4866482710165003,0.6499920185186006,0.8913325660150245
7478,0.2931876480579376,0.6045243144035339,0.2266843616962433,0.43635550141334534,0.2165229767560959,0.22958801686763763,0.7180066108703613,0.7180066108703613,0.6000000238418579,0.0,1.0,0.6000000238418579,0.0,0.6000000238418579,0.0,0.6045243144035339,0.0,0.04029340669512749,0.0,0.9597066044807434,0.25501489639282227,0.7180066108703613,1.2104749846040248,0.7810300639621396,0.9512988320945689
3063,0.43149998784065247,0.8200355768203735,0.43647846579551697,0.5169510841369629,0.341070294380188,0.19298551976680756,0.19298551976680756,0.19298551976680756,1.0,1.0,1.0,1.0,1.0,0.6000000238418579,0.0,0.840432345867157,1.0,0.027912674471735954,0.0,0.9720873236656189,1.0,0.19298551976680756,1.010524905397083,1.0083580496046476,15.559428806717241
328,0.42639678716659546,0.8917423486709595,0.7475760579109192,0.3926486372947693,0.13896560668945312,0.1401360183954239,0.1401360183954239,0.1401360183954239,1.0,1.0,1.0,1.0,1.0,1.0,1.0,0.8917423486709595,1.0,0.9796397089958191,1.0,0.9796397089958191,1.0,0.1401360183954239,0.9371316565175241,0.797184960686615,1.0186278303752458
4393,0.5592043995857239,1.1169829368591309,0.6036853194236755,0.8224164843559265,0.2515110671520233,0.2544092833995819,0.2544092833995819,0.2544092833995819,1.0,1.0,1.0,1.0,1.0,1.0,1.0,1.1169829368591309,1.0,0.9968282580375671,1.0,0.9968282580375671,1.0,0.2544092833995819,0.3923449525963915,0.3923449525963915,0.747607957629259
7935,0.2741270065307617,0.5511172413825989,0.43924370408058167,0.2509312331676483,0.13220611214637756,0.21440868079662323,0.21440868079662323,0.21440868079662323,1.0,1.0,1.0,1.0,1.0,1.0,1.0,0.5511172413825989,1.0,0.9820408821105957,1.0,0.9820408821105957,1.0,0.21440868079662323,0.39806903227057466,0.3839168813147969,0.5861361330269979
5084,0.44852474331855774,0.9042981266975403,0.2943294942378998,0.6748132109642029,0.37643152475357056,0.12563787400722504,0.12563787400722504,0.12563787400722504,1.0,1.0,1.0,1.0,1.0,1.0,1.0,0.8237539529800415,1.0,0.19927658140659332,0.0,0.8007234334945679,0.9995437264442444,0.12563787400722504,0.17926415879849752,0.17926415879849752,0.49658538803318486
6114,0.48364362120628357,0.9340655207633972,0.6256260871887207,0.5179044008255005,0.3074004352092743,0.21206605434417725,0.21206605434417725,0.21206605434417725,1.0,1.0,1.0,1.0,1.0,1.0,1.0,0.9340655207633972,1.0,0.8327293992042542,1.0,0.8327293992042542,0.9987879395484924,0.21206605434417725,0.5274019520116837,0.4486654036620435,0.8833823071922982
5820,0.7068410515785217,1.4567919969558716,1.0512773990631104,0.7253797650337219,0.34386587142944336,0.23654137551784515,0.23654137551784515,0.23654137551784515,1.0,1.0,1.0,1.0,1.0,0.20000000298023224,0.0,1.3065475225448608,1.0,0.9426814317703247,1.0,0.9426814317703247,1.0,0.23654137551784515,1.2735754131286379,0.6990418887875743,0.9580995996758377
3289,0.5877408385276794,1.3183588981628418,0.35618653893470764,1.178175687789917,0.22886040806770325,0.17192818224430084,0.17192818224430084,0.17192818224430084,1.0,1.0,1.0,1.0,1.0,0.6000000238418579,0.0,0.8689271807670593,1.0,0.8689225912094116,1.0,0.8689225912094116,1.0,0.17192818224430084,2.10904421513147,1.4450202566067865,11.729777013022607
7719,0.45775502920150757,1.0929059982299805,0.8905372023582458,0.31878912448883057,0.16393862664699554,0.1780574768781662,0.1780574768781662,0.1780574768781662,1.0,1.0,1.0,1.0,1.0,1.0,1.0,1.0260101556777954,1.0,0.943109393119812,1.0,0.943109393119812,1.0,0.1780574768781662,0.19936433735151357,0.19936433735151357,0.44381848892607406
6551,0.6907661557197571,1.3652318716049194,0.5877348780632019,1.0385761260986328,0.4459875524044037,0.208882674574852,0.7764631509780884,0.7764631509780884,0.6000000238418579,0.0,1.0,0.6000000238418579,0.0,0.6000000238418579,0.0,1.3652318716049194,0.0,0.24635273218154907,0.0,0.7536472678184509,0.9999998807907104,0.7764631509780884,1.4661939689452221,0.6060524899897474,0.9015199206586382
8313,0.3061792552471161,0.6164080500602722,0.3287958800792694,0.19958218932151794,0.3901596963405609,0.1573028564453125,0.1573028564453125,0.1573028564453125,1.0,1.0,1.0,1.0,1.0,0.6000000238418579,0.0,0.648556649684906,1.0,0.020935986191034317,0.0,0.9790639877319336,1.0,0.1573028564453125,1.1445057291475318,0.5844534905515991,0.8791877324728149
8892,0.41878968477249146,0.870305061340332,0.6664555668830872,0.1653539389371872,0.42455950379371643,0.2737552523612976,0.2737552523612976,0.2737552523612976,1.0,1.0,1.0,1.0,1.0,1.0,1.0,0.870305061340332,1.0,0.16647346317768097,0.0,0.8335265517234802,1.0,0.2737552523612976,0.6455884607168392,0.6379393099574687,1.8547119133618373
6159,0.4049648940563202,0.8786851763725281,0.7004154324531555,0.33651992678642273,0.17795918881893158,0.20822365581989288,0.20822365581989288,0.20822365581989288,1.0,1.0,1.0,1.0,1.0,1.0,1.0,0.8786851763725281,1.0,0.9963663816452026,1.0,0.9963663816452026,1.0,0.20822365581989288,0.2163422980869004,0.2163422980869004,0.7442833335697754
671,0.37543725967407227,0.8678800463676453,0.59479159116745,0.40371009707450867,0.12780998647212982,0.2569362223148346,0.2569362223148346,0.2569362223148346,1.0,1.0,1.0,1.0,1.0,1.0,1.0,0.8678800463676453,1.0,0.9418430328369141,1.0,0.9418430328369141,0.9999176263809204,0.2569362223148346,0.38276864993427934,0.38276864993427934,0.6339283695906255
8566,0.29922714829444885,0.6346896290779114,0.2579484283924103,0.4192989766597748,0.22043399512767792,0.15262766182422638,0.15262766182422638,0.15262766182422638,1.0,1.0,1.0,1.0,1.0,1.0,1.0,0.6346896290779114,1.0,0.028739025816321373,0.0,0.9712609648704529,1.0,0.15262766182422638,0.1679516387436809,0.1679516387436809,0.4131865311405753
2412,0.30822908878326416,0.7145832180976868,0.23636917769908905,0.5694767236709595,0.11884135007858276,0.10009219497442245,0.10009219497442245,0.10009219497442245,1.0,1.0,1.0,1.0,1.0,1.0,1.0,0.7145832180976868,1.0,0.06462948769330978,0.0,0.9353705048561096,0.9969052672386169,0.10009219497442245,0.24194010863326734,0.24194010863326734,0.5232346318687835
3954,0.3846607506275177,0.7726662755012512,0.4348655343055725,0.40487441420555115,0.3142422139644623,0.19775442779064178,0.19775442779064178,0.19775442779064178,1.0,1.0,1.0,1.0,1.0,0.6000000238418579,0.0,0.9130975008010864,1.0,0.2447453886270523,0.0,0.7552546262741089,1.0,0.19775442779064178,0.36262366955824177,0.33981179484755014,0.572747984217215
3844,0.4454585611820221,0.883518636226654,0.515576958656311,0.5796659588813782,0.24113278090953827,0.21878854930400848,0.21878854930400848,0.21878854930400848,1.0,1.0,1.0,1.0,1.0,0.6000000238418579,0.0,0.8056346774101257,1.0,0.7780482172966003,1.0,0.7780482172966003,0.9999761581420898,0.21878854930400848,0.5038447201698889,0.3905528576833677,0.5784349217033902
5842,0.47598645091056824,0.9347280859947205,0.6553642153739929,0.5433737635612488,0.22922122478485107,0.23829007148742676,0.23829007148742676,0.23829007148742676,1.0,1.0,1.0,1.0,1.0,0.6000000238418579,0.0,0.8193165063858032,1.0,0.03537082299590111,0.0,0.9646291732788086,1.0,0.23829007148742676,0.23565120442147228,0.23565120442147228,0.49014075892846404
447,0.45427942276000977,0.9595850110054016,0.5879367589950562,0.4666999876499176,0.308201402425766,0.25515007972717285,0.25515007972717285,0.25515007972717285,1.0,1.0,1.0,1.0,1.0,1.0,1.0,0.9595850110054016,1.0,0.9975034594535828,1.0,0.9975034594535828,1.0,0.25515007972717285,0.3904894089853657,0.3904894089853657,0.820299225764552
5221,0.36221274733543396,0.7005967497825623,0.500601053237915,0.303827702999115,0.28220945596694946,0.14506149291992188,1.1564273834228516,0.23628489673137665,0.20000000298023224,0.0,1.0,0.20000000298023224,0.0,0.20000000298023224,0.0,0.6445283889770508,0.0,0.17952018976211548,0.0,0.8204798102378845,0.9610934257507324,1.1564273834228516,2.0114935404820744,0.27291107476473403,1.1830914264049126
1037,0.40041428804397583,0.82441246509552,0.30438071489334106,0.5692477226257324,0.3276143968105316,0.11203141510486603,0.11203141510486603,0.11203141510486603,1.0,1.0,1.0,1.0,1.0,0.6000000238418579,0.0,0.8616172075271606,1.0,0.5701343417167664,1.0,0.5701343417167664,0.9999996423721313,0.11203141510486603,0.3407883433772384,0.3218536971927559,0.4758690189066322
6476,0.5315176844596863,1.0454908609390259,0.5701044201850891,0.7613555788993835,0.2630928158760071,0.1321876496076584,0.1321876496076584,0.1321876496076584,1.0,1.0,1.0,1.0,1.0,0.20000000298023224,0.0,0.8958703875541687,1.0,0.9642759561538696,1.0,0.9642759561538696,1.0,0.1321876496076584,0.4882012692152979,0.3930324599566943,0.51582793966503
201,0.44513797760009766,0.8922132849693298,0.24033260345458984,0.6609927415847778,0.4340885281562805,0.06857375055551529,1.3481491804122925,0.06857375055551529,1.0,1.0,0.0,0.0,0.0,0.6000000238418579,0.0,0.750598132610321,1.0,0.5156983137130737,0.0,0.5156983137130737,1.0,0.06857375055551529,2.507962176898868,1.4471168453041212,2.5988822292474487
5737,0.3143344819545746,0.5941362380981445,0.39537313580513,0.3209330141544342,0.22669723629951477,0.19488981366157532,0.19488981366157532,0.19488981366157532,1.0,1.0,1.0,1.0,1.0,1.0,1.0,0.5941362380981445,1.0,0.03943324461579323,0.0,0.9605667591094971,1.0,0.19488981366157532,0.22300761783601392,0.22300761783601392,0.5503105831963679
9627,0.531460702419281,1.0727261304855347,0.6281774640083313,0.6431393623352051,0.32306525111198425,0.17868010699748993,0.17868010699748993,0.17868010699748993,1.0,1.0,1.0,1.0,1.0,0.20000000298023224,0.0,1.000813364982605,1.0,0.6822828650474548,1.0,0.6822828650474548,1.0,0.17868010699748993,1.4506712881321493,1.0741898293528565,1.2776376084397112
3632,0.6318987607955933,1.2769190073013306,0.5710838437080383,1.0216106176376343,0.3030017018318176,0.26821571588516235,0.26821571588516235,0.26821571588516235,1.0,1.0,1.0,1.0,1.0,0.6000000238418579,0.0,1.2623999118804932,1.0,0.1126541942358017,0.0,0.8873457908630371,1.0,0.26821571588516235,0.7679855659240674,0.7283033697004968,0.9576994528017572
1631,0.4051220715045929,0.8685089945793152,0.7573967576026917,0.37461692094802856,0.08335252851247787,0.15785223245620728,0.15785223245620728,0.15785223245620728,1.0,1.0,1.0,1.0,1.0,0.6000000238418579,0.0,0.8786396384239197,1.0,0.9407767653465271,1.0,0.9407767653465271,1.0,0.15785223245620728,0.8371768644689968,0.7821083206203527,1.886205825816618
2634,0.45784157514572144,0.9475165605545044,0.7514509558677673,0.43313971161842346,0.1889341026544571,0.14005635678768158,0.14005635678768158,0.14005635678768158,1.0,1.0,1.0,1.0,1.0,1.0,1.0,0.9475165605545044,1.0,0.8567261099815369,1.0,0.8567261099815369,0.9526160955429077,0.14005635678768158,0.809531738534613,0.809531738534613,1.8612506025833777
9580,0.45893594622612,0.9323046803474426,0.4983389377593994,0.5593287348747253,0.31914016604423523,0.22943060100078583,0.22943060100078583,0.22943060100078583,1.0,1.0,1.0,1.0,1.0,0.6000000238418579,0.0,0.8598553538322449,1.0,0.9664723873138428,1.0,0.9664723873138428,1.0,0.22943060100078583,0.9169376727505539,0.8192475383661569,1.393354429430956
224,0.5574631690979004,1.0928065776824951,0.6942815780639648,0.6848548054695129,0.29325300455093384,0.2603181302547455,0.2603181302547455,0.2603181302547455,1.0,1.0,1.0,1.0,1.0,1.0,1.0,1.0928065776824951,1.0,0.9708032608032227,1.0,0.9708032608032227,1.0,0.2603181302547455,0.4337584147266231,0.3660192715253043,0.6621337039014807
2941,0.4708388149738312,1.0026154518127441,0.31717416644096375,0.8116371035575867,0.2837052047252655,0.17055483162403107,0.17055483162403107,0.17055483162403107,1.0,1.0,1.0,1.0,1.0,0.20000000298023224,0.0,0.7389798164367676,1.0,0.9305597543716431,1.0,0.9305597543716431,1.0,0.17055483162403107,0.9271635105342445,0.6263939785589615,0.8760103806602264
1123,0.515670657157898,1.0616075992584229,0.6359369158744812,0.6308919787406921,0.2801831364631653,0.23970074951648712,0.23970074951648712,0.23970074951648712,1.0,1.0,1.0,1.0,1.0,1.0,1.0,1.0616075992584229,1.0,0.974553644657135,1.0,0.974553644657135,0.9999967813491821,0.23970074951648712,0.2977943714954869,0.2977943714954869,0.5427343668350773
973,0.5267803072929382,1.1649713516235352,0.8741409182548523,0.44193536043167114,0.2642645835876465,0.21445558965206146,0.21445558965206146,0.21445558965206146,1.0,1.0,1.0,1.0,1.0,0.6000000238418579,0.0,1.0428482294082642,1.0,0.19595645368099213,0.0,0.8040435314178467,1.0,0.21445558965206146,0.28022574574744014,0.26958538981063995,0.4811962994321621
27,0.6018354892730713,1.246624231338501,0.6736692190170288,0.9200460314750671,0.2117910385131836,0.1298457682132721,0.9267312288284302,0.1298457682132721,1.0,1.0,0.0,0.0,0.0,0.6000000238418579,0.0,0.9458903670310974,1.0,0.7826422452926636,0.0,0.7826422452926636,1.0,0.1298457682132721,0.7848005181527136,0.7245900062740835,0.9321182615281423
7244,0.4255974590778351,0.8550683856010437,0.4641951620578766,0.4261009395122528,0.38649633526802063,0.2718040943145752,0.2718040943145752,0.2718040943145752,1.0,1.0,1.0,1.0,1.0,1.0,1.0,0.8550683856010437,1.0,0.9824152588844299,1.0,0.9824152588844299,1.0,0.2718040943145752,0.23307237021883134,0.23307237021883134,0.8085147422068485
5674,0.5400581359863281,1.0409425497055054,0.7176441550254822,0.6916064620018005,0.2109239399433136,0.1425880640745163,0.1425880640745163,0.1425880640745163,1.0,1.0,1.0,1.0,1.0,0.6000000238418579,0.0,0.9681009650230408,1.0,0.9236422777175903,1.0,0.9236422777175903,1.0,0.1425880640745163,0.6861344369228949,0.6810965867506912,1.060763062323766
7436,0.5580193400382996,1.0585116147994995,0.7315958142280579,0.5015026330947876,0.4409596621990204,0.2678050994873047,0.2678050994873047,0.2678050994873047,1.0,1.0,1.0,1.0,1.0,0.6000000238418579,0.0,0.9485745429992676,1.0,0.25342246890068054,0.0,0.7465775012969971,1.0,0.2678050994873047,1.0494754435749485,0.5665910824149747,0.8520925476621712
4022,0.32439953088760376,0.6640615463256836,0.24304692447185516,0.4934382438659668,0.23671327531337738,0.1889202743768692,0.1889202743768692,0.1889202743768692,1.0,1.0,1.0,1.0,1.0,1.0,1.0,0.6640615463256836,1.0,0.002982247620820999,0.0,0.9970177412033081,1.0,0.1889202743768692,0.27730600577894304,0.2770403012991804,0.6530631060667939
8448,0.42635828256607056,0.8837165832519531,0.43306246399879456,0.6629427671432495,0.18306957185268402,0.23859624564647675,0.23859624564647675,0.23859624564647675,1.0,1.0,1.0,1.0,1.0,1.0,1.0,0.8837165832519531,1.0,0.9776219129562378,1.0,0.9776219129562378,1.0,0.23859624564647675,0.2835336910943996,0.2835336910943996,0.5563487109388192
6035,0.5141524076461792,1.1424683332443237,0.7157850861549377,0.6248897910118103,0.20178242027759552,0.23770204186439514,0.23770204186439514,0.23770204186439514,1.0,1.0,1.0,1.0,1.0,0.6000000238418579,0.0,1.13729989528656,1.0,0.7915430665016174,1.0,0.7915430665016174,1.0,0.23770204186439514,0.8963061642906922,0.7737184979595985,0.9263747238779629
403,0.43945708870887756,0.9041949510574341,0.503217875957489,0.6000316739082336,0.21512165665626526,0.08617391437292099,0.08617391437292099,0.08617391437292099,1.0,1.0,1.0,1.0,1.0,1.0,1.0,0.9041949510574341,1.0,0.10320359468460083,0.0,0.8967964053153992,0.9999997615814209,0.08617391437292099,0.24846016554853198,0.24846016554853198,0.5092529464058954
8881,0.480660080909729,0.9125320315361023,0.5019664168357849,0.6802248954772949,0.2597889304161072,0.27147164940834045,0.27147164940834045,0.27147164940834045,1.0,1.0,1.0,1.0,1.0,1.0,1.0,0.9125320315361023,1.0,0.03623895347118378,0.0,0.963761031627655,1.0,0.27147164940834045,0.22986374766629042,0.22040072446691755,0.4473304503782963
1258,0.3217932879924774,0.6903370022773743,0.3735717236995697,0.37936463952064514,0.21244339644908905,0.19066767394542694,0.19066767394542694,0.19066767394542694,1.0,1.0,1.0,1.0,1.0,1.0,1.0,0.6903370022773743,1.0,0.9657753705978394,1.0,0.9657753705978394,1.0,0.19066767394542694,0.2958966679998693,0.2850676932453514,0.5251553413840162
7367,0.4952153265476227,0.9766610264778137,0.45358163118362427,0.5045637488365173,0.527500569820404,0.27636203169822693,0.7857245802879333,0.7384054064750671,0.6000000238418579,0.0,1.0,0.6000000238418579,0.0,0.20000000298023224,0.0,1.0355865955352783,0.0,0.05692438781261444,0.0,0.9430755972862244,0.9728178977966309,0.7857245802879333,1.8832031248276353,0.4463469123185517,0.6616803849925003
9420,0.5474311113357544,1.1663705110549927,0.9487430453300476,0.3191516101360321,0.37439852952957153,0.22738288342952728,0.839328408241272,0.682750403881073,0.6000000238418579,0.0,0.0,0.4000000059604645,0.0,0.6000000238418579,0.0,0.8260673880577087,0.0,0.09305137395858765,1.0,0.9069486260414124,0.9999858140945435,0.682750403881073,0.1760928347266533,0.1760928347266533,0.29649363019725794
3876,0.6733951568603516,1.520602822303772,0.8665769696235657,1.002970576286316,0.15063785016536713,0.21458759903907776,0.7803791761398315,0.7126936316490173,0.6000000238418579,0.0,1.0,0.6000000238418579,0.0,0.6000000238418579,0.0,1.520602822303772,0.0,0.011837029829621315,0.0,0.9881629943847656,0.6707108020782471,0.7803791761398315,0.9572696024704509,0.7981160432202383,0.9507011812253051
3505,0.3979623317718506,0.7654997706413269,0.4526573717594147,0.3847283124923706,0.3565013110637665,0.10926103591918945,0.10926103591918945,0.10926103591918945,1.0,1.0,1.0,1.0,1.0,1.0,1.0,0.7772344946861267,1.0,0.0755278542637825,0.0,0.9244721531867981,0.9999126195907593,0.10926103591918945,0.375972688034464,0.3381357908909699,0.5817835725166663
2250,0.44720086455345154,0.9659709930419922,0.7151575088500977,0.3174954354763031,0.3089495301246643,0.23065565526485443,0.23065565526485443,0.23065565526485443,1.0,1.0,1.0,1.0,1.0,1.0,1.0,0.9610999226570129,1.0,0.004147151485085487,0.0,0.9958528280258179,1.0,0.23065565526485443,0.15167942093468678,0.15167942093468678,0.31505349366599705
360,0.5181961059570312,1.0263311862945557,0.424836128950119,0.8243617415428162,0.30539047718048096,0.130258709192276,0.7809333801269531,0.6269122362136841,0.6000000238418579,0.0,0.0,0.4000000059604645,0.0,0.20000000298023224,0.0,0.6505926251411438,0.0,0.7553545236587524,0.0,0.7553545236587524,0.9978833794593811,0.6269122362136841,0.21404572067713187,0.21404572067713187,0.40740529303325096
7733,0.4615086615085602,0.9696714282035828,0.5018017888069153,0.4601200520992279,0.4226040542125702,0.24409984052181244,0.24409984052181244,0.24409984052181244,1.0,1.0,1.0,1.0,1.0,1.0,1.0,0.9696714282035828,1.0,0.9895998239517212,1.0,0.9895998239517212,1.0,0.24409984052181244,0.558843678745705,0.5560237126626714,0.9274800628191656
8923,0.2565528452396393,0.4962533414363861,0.21140161156654358,0.31680533289909363,0.24145160615444183,0.15956608951091766,0.15956608951091766,0.15956608951091766,1.0,1.0,1.0,1.0,1.0,1.0,1.0,0.4962533414363861,1.0,0.876289427280426,1.0,0.876289427280426,1.0,0.15956608951091766,0.5720623021039397,0.5540819654646485,1.3291289647075968
4636,0.41248810291290283,0.7705036401748657,0.36251598596572876,0.5376240611076355,0.3373241424560547,0.09875316917896271,0.09875316917896271,0.09875316917896271,1.0,1.0,1.0,1.0,1.0,1.0,1.0,0.7705036401748657,1.0,0.02553882822394371,0.0,0.9744611978530884,1.0,0.09875316917896271,0.301460761071192,0.301460761071192,0.724625962175814
327,0.337674617767334,0.6917605400085449,0.47344931960105896,0.3581053912639618,0.18146906793117523,0.22265195846557617,0.22265195846557617,0.22265195846557617,1.0,1.0,1.0,1.0,1.0,1.0,1.0,0.6917605400085449,1.0,0.044906675815582275,0.0,0.9550933241844177,1.0,0.22265195846557617,0.34577626130613404,0.3424334119392497,0.6379332831562888
704,0.3038269877433777,0.6962308287620544,0.3732653558254242,0.46218520402908325,0.0760304257273674,0.195213183760643,0.195213183760643,0.195213183760643,1.0,1.0,1.0,1.0,1.0,1.0,1.0,0.6962308287620544,1.0,0.6386470794677734,1.0,0.6386470794677734,0.9999464750289917,0.195213183760643,0.5531405863692836,0.5460861703410607,1.8219881051799796
8079,0.4098174571990967,0.7487203478813171,0.5159955024719238,0.43446674942970276,0.2789900004863739,0.10908766835927963,0.10908766835927963,0.10908766835927963,1.0,1.0,1.0,1.0,1.0,1.0,1.0,0.7487203478813171,1.0,0.863490104675293,1.0,0.863490104675293,1.0,0.10908766835927963,0.6070912551752984,0.6070912551752984,2.3511589756507743
1937,0.3449537754058838,0.7526023983955383,0.46627411246299744,0.46882572770118713,0.09976143389940262,0.13798697292804718,0.13798697292804718,0.13798697292804718,1.0,1.0,1.0,1.0,1.0,1.0,1.0,0.7526023983955383,1.0,0.9813629388809204,1.0,0.9813629388809204,1.0,0.13798697292804718,0.11404818136047447,0.11404818136047447,0.24722384164843722
2698,0.41804519295692444,0.8936416506767273,0.5749144554138184,0.46044430136680603,0.2187766283750534,0.2667515277862549,0.2667515277862549,0.2667515277862549,1.0,1.0,1.0,1.0,1.0,1.0,1.0,0.8936416506767273,1.0,0.8854292631149292,1.0,0.8854292631149292,1.0,0.2667515277862549,0.3454104982541847,0.32693942284265454,0.6231083802038615
4910,0.3062392771244049,0.619809627532959,0.24080336093902588,0.5144651532173157,0.16344939172267914,0.1283586174249649,0.1283586174249649,0.1283586174249649,1.0,1.0,1.0,1.0,1.0,1.0,1.0,0.5350427031517029,1.0,0.9776548147201538,1.0,0.9776548147201538,0.6041961908340454,0.1283586174249649,0.21893186442114343,0.21893186442114343,0.3742921240899565
3710,0.7228355407714844,1.3143646717071533,0.8604318499565125,0.7758001089096069,0.5322744846343994,0.14948955178260803,0.6330992579460144,0.6330992579460144,0.6000000238418579,0.0,1.0,0.6000000238418579,0.0,0.20000000298023224,0.0,0.8457450270652771,0.0,0.58631432056427,1.0,0.58631432056427,1.0,0.6330992579460144,2.06910958174009,0.26427626323506265,0.34326048543665577
842,0.3163740634918213,0.7540934681892395,0.5164130926132202,0.31191232800483704,0.12079675495624542,0.23898987472057343,0.23898987472057343,0.23898987472057343,1.0,1.0,1.0,1.0,1.0,1.0,1.0,0.7540934681892395,1.0,0.8895817399024963,1.0,0.8895817399024963,0.9999998807907104,0.23898987472057343,0.058625073482153754,0.058625073482153754,0.11213420914077887
6762,0.5038532614707947,1.1625843048095703,0.7052217721939087,0.6458828449249268,0.16045519709587097,0.1706622838973999,1.3028372526168823,0.1706622838973999,1.0,1.0,0.0,0.0,0.0,0.20000000298023224,0.0,0.6301091313362122,1.0,0.20214210450649261,1.0,0.7978578805923462,1.0,0.1706622838973999,0.5576687019279394,0.44103296054596636,0.5786067468615481
8819,0.414370059967041,0.852472722530365,0.5281782150268555,0.5483313798904419,0.16660049557685852,0.07705724239349365,0.07705724239349365,0.07705724239349365,1.0,1.0,1.0,1.0,1.0,0.6000000238418579,0.0,0.8101968169212341,1.0,0.7529796361923218,1.0,0.7529796361923218,1.0,0.07705724239349365,0.8607881798318558,0.697132596079987,0.8950358107915392
2800,0.33573344349861145,0.6989654898643494,0.3524337708950043,0.324625164270401,0.3301413059234619,0.32464829087257385,0.32464829087257385,0.32464829087257385,1.0,1.0,1.0,1.0,1.0,1.0,1.0,0.6989654898643494,1.0,0.0717250406742096,0.0,0.9282749891281128,0.9998743534088135,0.32464829087257385,0.3001685783290727,0.24357289865903986,0.4902389341002509
79,0.3862369656562805,0.8473606109619141,0.42333802580833435,0.526249885559082,0.20912304520606995,0.21419663727283478,0.7608270049095154,0.7608270049095154,0.6000000238418579,0.0,1.0,0.6000000238418579,0.0,0.20000000298023224,0.0,0.8154134750366211,0.0,0.8036789298057556,1.0,0.8036789298057556,0.9995501637458801,0.7608270049095154,1.799786540866793,0.30435789878613656,0.546699982482625
5490,0.549014687538147,1.1603753566741943,0.3705516755580902,0.9607332348823547,0.3157590329647064,0.2556612193584442,0.2556612193584442,0.2556612193584442,1.0,1.0,1.0,1.0,1.0,0.6000000238418579,0.0,1.157263159751892,1.0,0.25422579050064087,0.0,0.7457742094993591,1.0,0.2556612193584442,0.786160863917486,0.7612197830118353,0.9716308398897902
9941,0.40028834342956543,0.7964143753051758,0.33599790930747986,0.6709322333335876,0.1939348578453064,0.27535948157310486,0.712123692035675,0.712123692035675,0.6000000238418579,0.0,1.0,0.6000000238418579,0.0,0.6000000238418579,0.0,0.7964143753051758,0.0,0.32248473167419434,0.0,0.6775152683258057,0.916168749332428,0.712123692035675,1.6956385619573289,0.42240506990652926,0.6821375778511354
7222,0.39720532298088074,0.8357523083686829,0.47139960527420044,0.6033310890197754,0.11688518524169922,0.11538117378950119,0.11538117378950119,0.11538117378950119,1.0,1.0,1.0,1.0,1.0,1.0,1.0,0.8357523083686829,1.0,0.9666377305984497,1.0,0.9666377305984497,1.0,0.11538117378950119,0.26144475329579436,0.25331001411529225,0.4164721592229623
3357,0.3357701897621155,0.7065734267234802,0.5144111514091492,0.3846531808376312,0.10824616253376007,0.08215375989675522,0.08215375989675522,0.08215375989675522,1.0,1.0,1.0,1.0,1.0,0.6000000238418579,0.0,0.7027596831321716,1.0,0.07724323868751526,0.0,0.9227567911148071,0.9999308586120605,0.08215375989675522,0.22878101943419704,0.22878101943419704,0.3480703577614448
7766,0.3946228623390198,0.7763257026672363,0.5325648784637451,0.4552445411682129,0.19605913758277893,0.26545068621635437,1.2890204191207886,0.26545068621635437,1.0,1.0,0.0,0.0,0.0,1.0,1.0,0.7763257026672363,1.0,0.3320769965648651,1.0,0.6679229736328125,0.8856527805328369,0.26545068621635437,1.9215369387387022,0.36687501514453486,0.6568213612378023
9447,0.3257858455181122,0.7528896927833557,0.6059643030166626,0.16229002177715302,0.20910310745239258,0.3318536579608917,0.3318536579608917,0.3318536579608917,1.0,1.0,1.0,1.0,1.0,1.0,1.0,0.7528896927833557,1.0,0.014775796793401241,0.0,0.985224187374115,1.0,0.3318536579608917,0.49947927151081106,0.49947927151081106,1.7145046677562354
3185,0.5323772430419922,1.0869946479797363,0.5809740424156189,0.7910157442092896,0.2251420021057129,0.0925576463341713,0.0925576463341713,0.0925576463341713,1.0,1.0,1.0,1.0,1.0,0.6000000238418579,0.0,1.0470768213272095,1.0,0.04837166145443916,0.0,0.9516283273696899,1.0,0.0925576463341713,0.40916369648242146,0.40723068037199955,0.6010264698815472
1923,0.821711540222168,1.6586636304855347,0.877458393573761,0.9935654997825623,0.5941108465194702,0.1844824105501175,1.2256993055343628,0.1844824105501175,1.0,1.0,0.0,0.0,0.0,0.20000000298023224,0.0,0.6363919377326965,1.0,0.0386100634932518,1.0,0.96138995885849,1.0,0.1844824105501175,0.5938608739533487,0.5937833511020675,0.9044832341089157
3851,0.508332371711731,1.0332189798355103,0.6038845181465149,0.6869101524353027,0.23420225083827972,0.20587025582790375,0.7099289298057556,0.5824865698814392,0.6000000238418579,0.0,0.0,0.4000000059604645,0.0,0.20000000298023224,0.0,0.8458088040351868,0.0,0.1343865841627121,1.0,0.8656134009361267,0.9340010285377502,0.5824865698814392,0.252427949722127,0.252427949722127,0.4166485522850638
1310,0.46191808581352234,0.8361465334892273,0.4762296676635742,0.3644416034221649,0.5450830459594727,0.13538627326488495,1.1796387434005737,0.13538627326488495,1.0,1.0,0.0,0.0,0.0,0.20000000298023224,0.0,0.6244337558746338,1.0,0.15411005914211273,1.0,0.8458899259567261,1.0,0.13538627326488495,0.521876941650634,0.4814337022928964,0.6824179956249034
3690,0.2866573631763458,0.6192054152488708,0.2715703845024109,0.48511239886283875,0.10328923910856247,0.045124080032110214,0.045124080032110214,0.045124080032110214,1.0,1.0,1.0,1.0,1.0,1.0,1.0,0.6192054152488708,1.0,0.0037348042242228985,0.0,0.996265172958374,1.0,0.045124080032110214,0.16924076369021215,0.16924076369021215,0.4383680440596316
7768,0.5781119465827942,1.3188660144805908,0.6614304184913635,0.869903564453125,0.20300176739692688,0.35575249791145325,0.35575249791145325,0.35575249791145325,1.0,1.0,1.0,1.0,1.0,0.6000000238418579,0.0,1.1204971075057983,1.0,0.9743975400924683,1.0,0.9743975400924683,1.0,0.35575249791145325,1.5584150791929754,0.9998420063183249,1.1017145007183795
4678,0.4396127164363861,0.9501997232437134,0.3730540871620178,0.831126868724823,0.11465716361999512,0.24178102612495422,0.24178102612495422,0.24178102612495422,1.0,1.0,1.0,1.0,1.0,0.6000000238418579,0.0,0.7570003867149353,1.0,0.9796087145805359,1.0,0.9796087145805359,1.0,0.24178102612495422,0.21526329338785466,0.21526329338785466,0.466116393551569
5544,0.4039343595504761,0.7868486642837524,0.571140706539154,0.3905143439769745,0.25014808773994446,0.1071402058005333,0.1071402058005333,0.1071402058005333,1.0,1.0,1.0,1.0,1.0,1.0,1.0,0.7868486642837524,1.0,0.1892620325088501,0.0,0.8107379674911499,1.0,0.1071402058005333,0.7624438257152623,0.7371219853322898,1.5533603953940565
4160,0.3545658588409424,0.7580508589744568,0.503687858581543,0.40145203471183777,0.15855765342712402,0.28956109285354614,0.28956109285354614,0.28956109285354614,1.0,1.0,1.0,1.0,1.0,1.0,1.0,0.7521291971206665,1.0,0.9861654043197632,1.0,0.9861654043197632,0.9999991655349731,0.28956109285354614,0.17296095306655532,0.17296095306655532,0.2984161590545735
9286,0.6046304106712341,1.257511019706726,0.6569157838821411,0.9409794807434082,0.21599605679512024,0.1842077523469925,0.1842077523469925,0.1842077523469925,1.0,1.0,1.0,1.0,1.0,0.6000000238418579,0.0,1.2275892496109009,1.0,0.4690794050693512,0.0,0.5309206247329712,0.9486658573150635,0.1842077523469925,0.32387808606522644,0.32387808606522644,0.583676943252338
2430,0.42006805539131165,0.7993369102478027,0.4726318418979645,0.4797940254211426,0.3077782094478607,0.14020420610904694,1.2087359428405762,0.14020420610904694,1.0,1.0,0.0,0.0,0.0,1.0,1.0,0.7993369102478027,1.0,0.4641997814178467,1.0,0.5358002185821533,0.9999998807907104,0.14020420610904694,1.8221919478890725,0.36949058097075727,0.7977814067382172
827,0.25125521421432495,0.48727914690971375,0.318050354719162,0.21727652847766876,0.2184387892484665,0.19487109780311584,1.0627840757369995,0.3302919864654541,0.20000000298023224,0.0,1.0,0.20000000298023224,0.0,0.20000000298023224,0.0,0.48727914690971375,0.0,0.09306541085243225,0.0,0.9069346189498901,0.944545328617096,1.0627840757369995,2.058760746515768,0.11164852991205582,0.233353862381515
3537,0.8636291027069092,1.72841477394104,1.0770517587661743,0.956521213054657,0.5573143362998962,0.18820178508758545,1.2534595727920532,0.18820178508758545,1.0,1.0,0.0,0.0,0.0,0.20000000298023224,0.0,1.285531997680664,1.0,0.07379209250211716,1.0,0.9262079000473022,1.0,0.18820178508758545,0.7260333692722389,0.7188218614941924,0.9645562589667993
4105,0.37211188673973083,0.8605321049690247,0.2521704435348511,0.6341691017150879,0.22999607026576996,0.08670436590909958,0.08670436590909958,0.08670436590909958,1.0,1.0,1.0,1.0,1.0,0.6000000238418579,0.0,0.8612064719200134,1.0,0.9671498537063599,1.0,0.9671498537063599,0.9988446235656738,0.08670436590909958,0.43306767385126943,0.3603916943857058,0.6230467070872788
9618,0.4298664927482605,1.025860071182251,0.4485777020454407,0.7317885756492615,0.10923319309949875,0.19523009657859802,0.19523009657859802,0.19523009657859802,1.0,1.0,1.0,1.0,1.0,0.6000000238418579,0.0,0.7429947853088379,1.0,0.2575182616710663,0.0,0.7424817085266113,1.0,0.19523009657859802,0.9967360877264428,0.7841005334886716,0.9967616555079186
5010,0.35304296016693115,0.7284935116767883,0.30565595626831055,0.4821312129497528,0.2713416516780853,0.19736920297145844,0.6819390654563904,0.6819390654563904,0.6000000238418579,0.0,1.0,0.6000000238418579,0.0,0.6000000238418579,0.0,0.7284935116767883,0.0,0.9129632711410522,1.0,0.9129632711410522,0.923570990562439,0.6819390654563904,1.9724005576275574,0.574985941261918,0.984093196589014
299,0.4085964858531952,0.9399383664131165,0.4071676433086395,0.6772560477256775,0.14136575162410736,0.16806820034980774,0.16806820034980774,0.16806820034980774,1.0,1.0,1.0,1.0,1.0,0.6000000238418579,0.0,0.8349722027778625,1.0,0.11747908592224121,0.0,0.8825209140777588,1.0,0.16806820034980774,2.091284825726053,1.1050241638764677,3.3392467701514117
958,0.6196274161338806,1.2354013919830322,0.8797062039375305,0.7253368496894836,0.2538392245769501,0.09762740880250931,0.09762740880250931,0.09762740880250931,1.0,1.0,1.0,1.0,1.0,1.0,1.0,1.2354013919830322,1.0,0.17913271486759186,0.0,0.8208673000335693,1.0,0.09762740880250931,1.890126191717193,1.8885898427536658,28.11737589638982
6886,0.5518659353256226,1.1678422689437866,0.7729359269142151,0.699182391166687,0.18347947299480438,0.14634636044502258,0.14634636044502258,0.14634636044502258,1.0,1.0,1.0,1.0,1.0,0.6000000238418579,0.0,1.1956621408462524,1.0,0.172470360994339,0.0,0.8275296688079834,1.0,0.14634636044502258,0.3005198362820894,0.2842406953283766,0.39707289982762706
9963,0.38180118799209595,0.8531976938247681,0.32467660307884216,0.6641208529472351,0.15660610795021057,0.1616392880678177,0.1616392880678177,0.1616392880678177,1.0,1.0,1.0,1.0,1.0,0.6000000238418579,0.0,0.8684762120246887,1.0,0.8867260813713074,1.0,0.8867260813713074,0.9997859597206116,0.1616392880678177,0.46738323962163353,0.46738323962163353,0.9834799345591854
7990,0.5242363214492798,1.1177154779434204,0.7170335650444031,0.6984798312187195,0.1571953445672989,0.12723200023174286,0.12723200023174286,0.12723200023174286,1.0,1.0,1.0,1.0,1.0,0.6000000238418579,0.0,0.917823314666748,1.0,0.9624075889587402,1.0,0.9624075889587402,1.0,0.12723200023174286,0.4264648710501735,0.4264648710501735,0.9308435653554897
1142,0.2268669307231903,0.4647013247013092,0.1874958723783493,0.19157040119171143,0.3015344440937042,0.10080807656049728,0.10080807656049728,0.10080807656049728,1.0,1.0,1.0,1.0,1.0,1.0,1.0,0.4647013247013092,1.0,0.24763061106204987,0.0,0.7523694038391113,0.9152097702026367,0.10080807656049728,0.17412735342830454,0.17412735342830454,0.39156128190050943
6665,0.5174885988235474,1.002087950706482,0.49934765696525574,0.543861985206604,0.5092562437057495,0.16243590414524078,0.16243590414524078,0.16243590414524078,1.0,1.0,1.0,1.0,1.0,0.6000000238418579,0.0,0.8997461199760437,1.0,0.9618691205978394,1.0,0.9618691205978394,1.0,0.16243590414524078,1.002064725045006,0.9807392717235619,3.031006568727758
5510,0.4994131922721863,0.9568139910697937,0.6370571255683899,0.6110040545463562,0.2501782476902008,0.28110313415527344,0.28110313415527344,0.28110313415527344,1.0,1.0,1.0,1.0,1.0,1.0,1.0,1.0380865335464478,1.0,0.9935304522514343,1.0,0.9935304522514343,1.0,0.28110313415527344,0.5496140405373009,0.36141753896783113,0.4938966421862626
9260,0.3354061245918274,0.6415473818778992,0.2876271605491638,0.51715487241745,0.2014363557100296,0.20934753119945526,0.20934753119945526,0.20934753119945526,1.0,1.0,1.0,1.0,1.0,1.0,1.0,0.6415473818778992,1.0,0.2012280523777008,0.0,0.7987719774246216,1.0,0.20934753119945526,0.16570031191724566,0.16570031191724566,0.35366145773415986
3087,0.3157651126384735,0.6608379483222961,0.44574958086013794,0.2930773198604584,0.20846842229366302,0.20816390216350555,0.20816390216350555,0.20816390216350555,1.0,1.0,1.0,1.0,1.0,0.6000000238418579,0.0,0.6571688055992126,1.0,0.07732488214969635,0.0,0.9226751327514648,1.0,0.20816390216350555,0.3305234547026349,0.32238240485945535,0.48523687297928064
2366,0.45760104060173035,0.9457980990409851,0.486255943775177,0.6331548094749451,0.2533923089504242,0.18821969628334045,0.18821969628334045,0.18821969628334045,1.0,1.0,1.0,1.0,1.0,0.6000000238418579,0.0,0.6859199404716492,1.0,0.10432688891887665,0.0,0.8956730961799622,1.0,0.18821969628334045,0.17076319306414361,0.17076319306414361,0.29090401836815494
9898,0.3262350261211395,0.6312122344970703,0.39463135600090027,0.4032242000102997,0.18084953725337982,0.28219208121299744,0.28219208121299744,0.28219208121299744,1.0,1.0,1.0,1.0,1.0,1.0,1.0,0.6044865846633911,1.0,0.9767560958862305,1.0,0.9767560958862305,1.0,0.28219208121299744,0.1773008785701485,0.17256424053337158,0.2879248545020557
6529,0.36651894450187683,0.6992794871330261,0.36395490169525146,0.4539623260498047,0.28163954615592957,0.10163559764623642,0.10163559764623642,0.10163559764623642,1.0,1.0,1.0,1.0,1.0,1.0,1.0,0.6992794871330261,1.0,0.9585870504379272,1.0,0.9585870504379272,0.9999988079071045,0.10163559764623642,0.4706729406812469,0.46623758291112105,0.9761138724755132
8660,0.4130201041698456,0.9314743280410767,0.5574693083763123,0.519140899181366,0.16245010495185852,0.0953827053308487,0.0953827053308487,0.0953827053308487,1.0,1.0,1.0,1.0,1.0,1.0,1.0,0.9314743280410767,1.0,0.02599811553955078,0.0,0.9740018844604492,0.9999982118606567,0.0953827053308487,0.4437640657327487,0.43897440218517075,0.7169681909668688
7467,0.33653032779693604,0.6493692994117737,0.4445933997631073,0.28570500016212463,0.27929261326789856,0.15031401813030243,0.2824728190898895,0.2824728190898895,0.20000000298023224,0.0,0.0,0.800000011920929,0.0,0.20000000298023224,0.0,0.6914775967597961,0.0,0.5492821931838989,0.0,0.5492821931838989,0.9995670914649963,1.1655830144882202,0.1252055482747058,0.1252055482747058,0.3152808822554279
856,0.3878176510334015,0.7394047379493713,0.43490323424339294,0.5028179287910461,0.2257317155599594,0.24364416301250458,0.24364416301250458,0.24364416301250458,1.0,1.0,1.0,1.0,1.0,1.0,1.0,0.7394047379493713,1.0,0.9260373115539551,1.0,0.9260373115539551,1.0,0.24364416301250458,0.24487968592168766,0.24487968592168766,0.4701777195873803
5538,0.5564256310462952,1.1510711908340454,0.7275990843772888,0.6947678327560425,0.24691002070903778,0.310482919216156,0.310482919216156,0.310482919216156,1.0,1.0,1.0,1.0,1.0,1.0,1.0,1.0457462072372437,1.0,0.15412183105945587,0.0,0.8458781838417053,1.0,0.310482919216156,0.5693469264584758,0.5358906070480315,1.277808976862718
5411,0.4254145622253418,0.9241573214530945,0.4913599491119385,0.5222660303115845,0.2626175284385681,0.12319942563772202,0.12319942563772202,0.12319942563772202,1.0,1.0,1.0,1.0,1.0,1.0,1.0,0.9241573214530945,1.0,0.03266606479883194,0.0,0.9673339128494263,0.9999998807907104,0.12319942563772202,0.6247756502504841,0.6247756502504841,0.9668678095353875
121,0.2723114788532257,0.5760318636894226,0.21268963813781738,0.5029369592666626,0.10130780190229416,0.1714603155851364,0.1714603155851364,0.1714603155851364,1.0,1.0,1.0,1.0,1.0,1.0,1.0,0.5760318636894226,1.0,0.9345129728317261,1.0,0.9345129728317261,1.0,0.1714603155851364,0.29843269490287483,0.2848423717013125,0.3640231527855659
1366,0.4701177775859833,1.0355291366577148,0.6011999249458313,0.656737744808197,0.15241549909114838,0.14206509292125702,0.14206509292125702,0.14206509292125702,1.0,1.0,1.0,1.0,1.0,1.0,1.0,0.8016155362129211,1.0,0.23362520337104797,0.0,0.7663748264312744,1.0,0.14206509292125702,0.3780339489912858,0.37581139700675453,0.6855095065936342
5778,0.49023300409317017,1.0354912281036377,0.3467329144477844,0.8600820899009705,0.26388391852378845,0.20872631669044495,0.20872631669044495,0.20872631669044495,1.0,1.0,1.0,1.0,1.0,0.6000000238418579,0.0,0.9688016176223755,1.0,0.9377591013908386,1.0,0.9377591013908386,1.0,0.20872631669044495,0.4882655825436758,0.48629097710440833,1.0320695276434446
5645,0.4672446548938751,0.9299383163452148,0.5166060328483582,0.6989719271659851,0.1861557960510254,0.2331581562757492,0.7998365759849548,0.4706157147884369,0.6000000238418579,0.0,0.0,0.4000000059604645,0.0,0.6000000238418579,0.0,0.6754966378211975,0.0,0.022869521751999855,1.0,0.9771304726600647,0.9947051405906677,0.4706157147884369,0.7500537345328596,0.6531814433282243,1.0148618825866034
6413,0.41298240423202515,0.9004285931587219,0.34403523802757263,0.812251091003418,0.08266084641218185,0.22048960626125336,0.8664048314094543,0.5304474830627441,0.6000000238418579,0.0,0.0,0.4000000059604645,0.0,0.20000000298023224,0.0,0.8192170262336731,0.0,0.10258817672729492,1.0,0.8974118232727051,0.9982378482818604,0.5304474830627441,0.47234825836970346,0.47234825836970346,0.8531334604776885
1447,0.4172411262989044,0.8066259622573853,0.39883849024772644,0.5253815054893494,0.32750335335731506,0.17715388536453247,0.17715388536453247,0.17715388536453247,1.0,1.0,1.0,1.0,1.0,1.0,1.0,0.8066259622573853,1.0,0.9740628600120544,1.0,0.9740628600120544,1.0,0.17715388536453247,0.7762088651514304,0.752254434889323,1.6009321933381626
8040,0.41587531566619873,0.8518428802490234,0.6620938181877136,0.41196081042289734,0.17357125878334045,0.10399305820465088,1.443324327468872,0.10399305820465088,1.0,1.0,0.0,0.0,0.0,0.6000000238418579,0.0,0.8378602862358093,1.0,0.5060047507286072,0.0,0.5060047507286072,0.9999656677246094,0.10399305820465088,2.2181304397957136,0.4898805335158935,0.9365652308261003
5022,0.41518712043762207,0.8502916693687439,0.30419331789016724,0.6199345588684082,0.32143348455429077,0.11437755078077316,0.11437755078077316,0.11437755078077316,1.0,1.0,1.0,1.0,1.0,1.0,1.0,0.906831681728363,1.0,0.10832858830690384,0.0,0.8916714191436768,1.0,0.11437755078077316,0.3932819069265634,0.3932819069265634,1.6323919521488965
9549,0.541607677936554,1.0081161260604858,0.5655465126037598,0.5092611312866211,0.5500154495239258,0.30024611949920654,1.4626483917236328,0.30024611949920654,1.0,1.0,0.0,0.0,0.0,1.0,1.0,1.0916751623153687,1.0,0.5474823117256165,0.0,0.5474823117256165,1.0,0.30024611949920654,1.8388375090309301,0.2927684278435658,0.5664295264684474
262,0.33219894766807556,0.739663302898407,0.14865748584270477,0.6085383296012878,0.2394009679555893,0.16860459744930267,0.16860459744930267,0.16860459744930267,1.0,1.0,1.0,1.0,1.0,1.0,1.0,0.739663302898407,1.0,0.9892836809158325,1.0,0.9892836809158325,1.0,0.16860459744930267,0.6402926780477701,0.6373713357895802,1.351034314212379
5024,0.42683660984039307,0.8968952298164368,0.4442736804485321,0.6325241923332214,0.20371194183826447,0.15494799613952637,0.15494799613952637,0.15494799613952637,1.0,1.0,1.0,1.0,1.0,0.6000000238418579,0.0,0.7268272638320923,1.0,0.7971895337104797,1.0,0.7971895337104797,0.9999998807907104,0.15494799613952637,0.7773389795149637,0.3888298622571615,0.5877292612050645
3929,0.42165815830230713,0.8909046053886414,0.6961456537246704,0.1977754682302475,0.3710533082485199,0.13670776784420013,0.13670776784420013,0.13670776784420013,1.0,1.0,1.0,1.0,1.0,0.6000000238418579,0.0,0.6853411793708801,1.0,0.26702621579170227,0.0,0.7329738140106201,0.8730782866477966,0.13670776784420013,0.8570610371822414,0.8525993882340966,1.9506650826858658
3781,0.2812020778656006,0.5299339294433594,0.3296571373939514,0.26910996437072754,0.24483902752399445,0.056583572179079056,0.056583572179079056,0.056583572179079056,1.0,1.0,1.0,1.0,1.0,1.0,1.0,0.5299339294433594,1.0,0.11393441259860992,0.0,0.8860656023025513,0.9991576671600342,0.056583572179079056,0.08938823780378072,0.08938823780378072,0.18146727295098206
9328,0.42818862199783325,0.938524067401886,0.6615012288093567,0.47564896941185,0.14741557836532593,0.12134947627782822,0.12134947627782822,0.12134947627782822,1.0,1.0,1.0,1.0,1.0,1.0,1.0,0.938524067401886,1.0,0.9202342629432678,1.0,0.9202342629432678,0.9999990463256836,0.12134947627782822,0.3256046780527513,0.3256046780527513,0.6833413892480895
4469,0.6547511219978333,1.3502132892608643,0.6156957149505615,0.67137211561203,0.6771854162216187,0.16977517306804657,1.2624889612197876,0.16977517306804657,1.0,1.0,0.0,0.0,0.0,0.6000000238418579,0.0,1.1243488788604736,1.0,0.3852243423461914,1.0,0.6147756576538086,1.0,0.16977517306804657,2.292805967199856,2.1465687789122283,23.214112910957446
9713,0.4511735439300537,0.9308188557624817,0.3971993327140808,0.7236032485961914,0.23271803557872772,0.230495885014534,0.230495885014534,0.230495885014534,1.0,1.0,1.0,1.0,1.0,0.6000000238418579,0.0,0.8442663550376892,1.0,0.6070236563682556,1.0,0.6070236563682556,1.0,0.230495885014534,0.2844866476367669,0.2844866476367669,0.5334146465128222
9211,0.3341917395591736,0.7176099419593811,0.37939050793647766,0.4285316467285156,0.19465303421020508,0.12966468930244446,0.12966468930244446,0.12966468930244446,1.0,1.0,1.0,1.0,1.0,1.0,1.0,0.7176099419593811,1.0,0.019102809950709343,0.0,0.9808971881866455,1.0,0.12966468930244446,0.8158111810784321,0.8005671367381474,2.592384941633945
8398,0.3855230212211609,0.8343653678894043,0.6111699938774109,0.42111626267433167,0.12428274005651474,0.09154226630926132,0.09154226630926132,0.09154226630926132,1.0,1.0,1.0,1.0,1.0,1.0,1.0,0.8343653678894043,1.0,0.011252861469984055,0.0,0.9887471199035645,1.0,0.09154226630926132,0.21585498375711182,0.21221835393451663,0.3125502398802065
1394,0.4227500855922699,0.9041386842727661,0.35834962129592896,0.6816394925117493,0.2282610386610031,0.10982690006494522,0.10982690006494522,0.10982690006494522,1.0,1.0,1.0,1.0,1.0,0.6000000238418579,0.0,0.9249431490898132,1.0,0.9570088982582092,1.0,0.9570088982582092,0.9999984502792358,0.10982690006494522,0.16951450419473824,0.16951450419473824,0.4770118803133095
1565,0.5221650004386902,1.0499145984649658,0.7955400347709656,0.4034315049648285,0.36752328276634216,0.20880186557769775,0.20880186557769775,0.20880186557769775,1.0,1.0,1.0,1.0,1.0,0.6000000238418579,0.0,1.031008005142212,1.0,0.04284273460507393,0.0,0.9571572542190552,1.0,0.20880186557769775,0.9055698071956534,0.7582432785130705,0.965896249952907
814,0.5530561208724976,1.3081092834472656,0.6825295686721802,0.8793900609016418,0.09724872559309006,0.24895477294921875,1.281449794769287,0.24895477294921875,1.0,1.0,0.0,0.0,0.0,0.20000000298023224,0.0,0.4335149824619293,1.0,0.978682279586792,0.0,0.978682279586792,1.0,0.24895477294921875,0.5379321407364595,0.4728316939981533,0.7106096714895853
1486,0.4536633789539337,0.9886766672134399,0.4867497384548187,0.6860857009887695,0.18815462291240692,0.17457500100135803,0.17457500100135803,0.17457500100135803,1.0,1.0,1.0,1.0,1.0,0.6000000238418579,0.0,1.0071784257888794,1.0,0.9782019257545471,1.0,0.9782019257545471,1.0,0.17457500100135803,0.6179623399919896,0.6163584216564009,0.9422692664280293
4617,0.6731155514717102,1.383530616760254,1.0344429016113281,0.5252182483673096,0.45968547463417053,0.2706904709339142,0.2706904709339142,0.2706904709339142,1.0,1.0,1.0,1.0,1.0,0.6000000238418579,0.0,1.3695658445358276,1.0,0.009901522658765316,0.0,0.9900984764099121,1.0,0.2706904709339142,0.8630065893435921,0.8586742003501479,1.852640663814602
6307,0.29208916425704956,0.5984607934951782,0.22566886246204376,0.45292359590530396,0.19767501950263977,0.3440849781036377,0.3440849781036377,0.3440849781036377,1.0,1.0,1.0,1.0,1.0,1.0,1.0,0.5984607934951782,1.0,0.9383682012557983,1.0,0.9383682012557983,1.0,0.3440849781036377,0.15475083566877892,0.15475083566877892,0.3282246200651401
2489,0.27257585525512695,0.569112241268158,0.37824225425720215,0.3011418282985687,0.13834348320960999,0.2352299988269806,0.2352299988269806,0.2352299988269806,1.0,1.0,1.0,1.0,1.0,1.0,1.0,0.569112241268158,1.0,0.007174731697887182,0.0,0.9928252696990967,0.9999994039535522,0.2352299988269806,0.19147402870446878,0.19147402870446878,0.4990604637398079
8027,0.4438827633857727,0.9070796966552734,0.3670680522918701,0.644540011882782,0.3200402557849884,0.26073941588401794,0.26073941588401794,0.26073941588401794,1.0,1.0,1.0,1.0,1.0,1.0,1.0,0.9070796966552734,1.0,0.9692320227622986,1.0,0.9692320227622986,1.0,0.26073941588401794,0.5426838252478859,0.5313033447530578,1.0633763359596193
6912,0.33007076382637024,0.6973627209663391,0.5468543171882629,0.2681046426296234,0.1752532571554184,0.16175010800361633,0.16175010800361633,0.16175010800361633,1.0,1.0,1.0,1.0,1.0,1.0,1.0,0.6340381503105164,1.0,0.9963079690933228,1.0,0.9963079690933228,0.9999998807907104,0.16175010800361633,0.1605380509413878,0.1599176463037536,0.2419335813438682
3454,0.5160717368125916,1.0191632509231567,0.8178558349609375,0.3781854212284088,0.3521738052368164,0.13315102458000183,0.13315102458000183,0.13315102458000183,1.0,1.0,1.0,1.0,1.0,0.6000000238418579,0.0,0.8608933687210083,1.0,0.008369943127036095,0.0,0.9916300773620605,1.0,0.13315102458000183,0.7074042239837105,0.7074042239837105,2.3908381391573945
9430,0.5040993690490723,1.051500916481018,0.6899832487106323,0.6195357441902161,0.20277921855449677,0.15889742970466614,0.15889742970466614,0.15889742970466614,1.0,1.0,1.0,1.0,1.0,0.6000000238418579,0.0,1.0138050317764282,1.0,0.4017409384250641,0.0,0.5982590913772583,0.9998887777328491,0.15889742970466614,0.4340319037253921,0.393741992779504,0.7337333583668544
1805,0.4394755959510803,0.8753280639648438,0.408888578414917,0.5997263193130493,0.3098118007183075,0.1201377734541893,0.1201377734541893,0.1201377734541893,1.0,1.0,1.0,1.0,1.0,0.6000000238418579,0.0,0.8338258862495422,1.0,0.03312348574399948,0.0,0.9668765068054199,0.9999663829803467,0.1201377734541893,0.1461137710963894,0.1461137710963894,0.2513452721783063
7708,0.40073832869529724,0.8434942364692688,0.5034374594688416,0.5469245314598083,0.15185289084911346,0.13167794048786163,0.13167794048786163,0.13167794048786163,1.0,1.0,1.0,1.0,1.0,1.0,1.0,0.8434942364692688,1.0,0.004056258127093315,0.0,0.9959437251091003,0.9999212026596069,0.13167794048786163,0.20154928677493747,0.20154928677493747,0.40360477100591546
6116,0.40689393877983093,0.8098611831665039,0.6079453825950623,0.45843034982681274,0.15430612862110138,0.23066766560077667,0.23066766560077667,0.23066766560077667,1.0,1.0,1.0,1.0,1.0,1.0,1.0,0.8098611831665039,1.0,0.016743440181016922,0.0,0.9832565784454346,1.0,0.23066766560077667,0.15110475788284003,0.15110475788284003,0.19357677418090163
758,0.5450467467308044,1.1466039419174194,0.5230365991592407,0.9579635858535767,0.15413999557495117,0.15510424971580505,0.15510424971580505,0.15510424971580505,1.0,1.0,1.0,1.0,1.0,1.0,1.0,0.9448190927505493,1.0,0.05703038349747658,0.0,0.9429696202278137,0.9999619722366333,0.15510424971580505,0.49910570596108583,0.49910570596108583,1.4136165043050326
4368,0.4743024706840515,0.9659661650657654,0.41931667923927307,0.807621955871582,0.19596882164478302,0.13149051368236542,0.13149051368236542,0.13149051368236542,1.0,1.0,1.0,1.0,1.0,0.6000000238418579,0.0,0.8497893214225769,1.0,0.8397924900054932,1.0,0.8397924900054932,1.0,0.13149051368236542,1.4656639686885726,1.126031538408249,2.2609102513849484
1579,0.44674018025398254,0.9201505780220032,0.44985562562942505,0.6432749629020691,0.2470899373292923,0.2473336011171341,0.2473336011171341,0.2473336011171341,1.0,1.0,1.0,1.0,1.0,1.0,1.0,0.9201505780220032,1.0,0.01106072124093771,0.0,0.9889392852783203,1.0,0.2473336011171341,0.6489970386744028,0.6489970386744028,1.3099176726585244
6983,0.44229236245155334,0.9862680435180664,0.8330461382865906,0.34580662846565247,0.14802415668964386,0.16523024439811707,0.16523024439811707,0.16523024439811707,1.0,1.0,1.0,1.0,1.0,1.0,1.0,0.9862680435180664,1.0,0.064720019698143,0.0,0.9352799654006958,0.9999996423721313,0.16523024439811707,0.6028824380526839,0.5437677176612634,1.020402083799653
5860,0.3123190999031067,0.6917133927345276,0.3667050898075104,0.4542010724544525,0.11605112999677658,0.10260068625211716,0.10260068625211716,0.10260068625211716,1.0,1.0,1.0,1.0,1.0,1.0,1.0,0.6917133927345276,1.0,0.8920383453369141,1.0,0.8920383453369141,1.0,0.10260068625211716,0.4969616204768069,0.4430772705542541,0.712309994877935
634,0.3166853189468384,0.6590899229049683,0.4939235746860504,0.2137000560760498,0.24243231117725372,0.1503913849592209,0.1503913849592209,0.1503913849592209,1.0,1.0,1.0,1.0,1.0,1.0,1.0,0.6590899229049683,1.0,0.7976138591766357,1.0,0.7976138591766357,1.0,0.1503913849592209,0.28378806112937766,0.25908088686093395,0.3011924932668525
7523,0.264730304479599,0.529167115688324,0.2882559895515442,0.3101782202720642,0.1957567185163498,0.2405061572790146,0.2405061572790146,0.2405061572790146,1.0,1.0,1.0,1.0,1.0,1.0,1.0,0.529167115688324,1.0,0.21431481838226318,0.0,0.7856851816177368,0.9999998807907104,0.2405061572790146,0.23770802236630065,0.23770802236630065,0.43039824379093844
5407,0.5230245590209961,1.0932244062423706,0.8911938667297363,0.420211523771286,0.2576683461666107,0.13727454841136932,0.13727454841136932,0.13727454841136932,1.0,1.0,1.0,1.0,1.0,0.20000000298023224,0.0,0.8074085116386414,1.0,0.028346266597509384,0.0,0.9716537594795227,1.0,0.13727454841136932,1.0673926911288931,0.8150456726062134,0.9642122790782338
6897,0.7136349678039551,1.4618475437164307,0.5191916823387146,1.1962333917617798,0.42547979950904846,0.2540197968482971,1.0561374425888062,0.2540197968482971,1.0,1.0,0.0,0.0,0.0,0.6000000238418579,0.0,1.5324678421020508,1.0,0.3810883164405823,1.0,0.6189116835594177,1.0,0.2540197968482971,1.2499433743089834,0.9065147302924312,1.0333643463768392
7676,0.5509049892425537,1.1692914962768555,1.002004861831665,0.5290092825889587,0.12170080095529556,0.18270252645015717,0.18270252645015717,0.18270252645015717,1.0,1.0,1.0,1.0,1.0,0.6000000238418579,0.0,1.0058656930923462,1.0,0.8776856660842896,1.0,0.8776856660842896,1.0,0.18270252645015717,0.6797588368200783,0.6275690518450623,0.7453508154425318
7249,0.45400142669677734,0.9939993023872375,0.4812431335449219,0.5415972471237183,0.33916381001472473,0.29233020544052124,0.29233020544052124,0.29233020544052124,1.0,1.0,1.0,1.0,1.0,1.0,1.0,0.9939993023872375,1.0,0.9069326519966125,1.0,0.9069326519966125,1.0,0.29233020544052124,1.0325866579141751,0.9491540728315763,2.8976901951887895
6021,0.3324117958545685,0.7084871530532837,0.6090161204338074,0.249405175447464,0.1388140171766281,0.3819836676120758,0.3819836676120758,0.3819836676120758,1.0,1.0,1.0,1.0,1.0,1.0,1.0,0.7084871530532837,1.0,0.9311597943305969,1.0,0.9311597943305969,1.0,0.3819836676120758,0.2527210895487807,0.2527210895487807,0.5283096629336904
3584,0.5390096306800842,1.081943392753601,0.8049362301826477,0.47286954522132874,0.33922311663627625,0.20117340981960297,0.20117340981960297,0.20117340981960297,1.0,1.0,1.0,1.0,1.0,0.6000000238418579,0.0,1.0184977054595947,1.0,0.04731634631752968,0.0,0.9526836276054382,1.0,0.20117340981960297,0.6898685576736527,0.6728515733354898,0.9666534509618672
2258,0.3223992884159088,0.6497206687927246,0.4946152865886688,0.29097676277160645,0.18160578608512878,0.17740722000598907,0.17740722000598907,0.17740722000598907,1.0,1.0,1.0,1.0,1.0,1.0,1.0,0.6497206687927246,1.0,0.9976480603218079,1.0,0.9976480603218079,1.0,0.17740722000598907,0.27809113246814005,0.27809113246814005,1.5199845831620047
9014,0.2583598494529724,0.4994666278362274,0.2968702018260956,0.2693895995616913,0.20881974697113037,0.14518915116786957,0.14518915116786957,0.14518915116786957,1.0,1.0,1.0,1.0,1.0,1.0,1.0,0.4994666278362274,1.0,0.003199557540938258,0.0,0.996800422668457,0.9999995231628418,0.14518915116786957,0.35588513146587175,0.35588513146587175,2.321299543000101
3580,0.49834075570106506,1.0428892374038696,0.8213720321655273,0.36656785011291504,0.30708226561546326,0.1646851748228073,0.1646851748228073,0.1646851748228073,1.0,1.0,1.0,1.0,1.0,0.6000000238418579,0.0,0.7824773192405701,1.0,0.8360131978988647,1.0,0.8360131978988647,1.0,0.1646851748228073,0.4743388898357354,0.47146998277273694,0.9370526827243676
316,0.4840279817581177,1.001633644104004,0.5083443522453308,0.8134658932685852,0.13027366995811462,0.19883665442466736,0.5426641702651978,0.5426641702651978,0.6000000238418579,0.0,1.0,0.6000000238418579,0.0,0.20000000298023224,0.0,0.8793350458145142,0.0,0.2750835418701172,0.0,0.7249164581298828,0.9999867677688599,0.5426641702651978,1.9410149811729343,0.35244490370693726,0.6191145745911687
9205,0.3777654767036438,0.7649162411689758,0.42516764998435974,0.48178884387016296,0.2263399213552475,0.08029448240995407,0.08029448240995407,0.08029448240995407,1.0,1.0,1.0,1.0,1.0,1.0,1.0,0.7649162411689758,1.0,0.02867785282433033,0.0,0.9713221192359924,1.0,0.08029448240995407,0.8078878086816602,0.7297169949866021,1.107782078303851
6557,0.42104583978652954,0.8576652407646179,0.2843469977378845,0.6808471083641052,0.2979433536529541,0.24545685946941376,0.24545685946941376,0.24545685946941376,1.0,1.0,1.0,1.0,1.0,1.0,1.0,0.8576652407646179,1.0,0.01055220142006874,0.0,0.9894477725028992,0.9996079802513123,0.24545685946941376,0.34753192805727573,0.3396768508797352,0.5713789682469874
4535,0.4336576759815216,0.8409509658813477,0.5152028203010559,0.3737637996673584,0.4120063781738281,0.17456020414829254,0.17456020414829254,0.17456020414829254,1.0,1.0,1.0,1.0,1.0,1.0,1.0,0.8409509658813477,1.0,0.026929499581456184,0.0,0.973070502281189,1.0,0.17456020414829254,0.4727218256051264,0.4255456386250464,0.6580566644547714
4317,0.3865683972835541,0.805311381816864,0.5764926075935364,0.23668701946735382,0.3465255796909332,0.27554160356521606,0.27554160356521606,0.27554160356521606,1.0,1.0,1.0,1.0,1.0,0.6000000238418579,0.0,1.0233936309814453,1.0,0.044608570635318756,0.0,0.9553914070129395,1.0,0.27554160356521606,0.8010284221789638,0.7996329612421061,2.406162292395358
1193,0.31504175066947937,0.6295282244682312,0.2855859100818634,0.4215279519557953,0.23801131546497345,0.18962661921977997,0.18962661921977997,0.18962661921977997,1.0,1.0,1.0,1.0,1.0,1.0,1.0,0.6295282244682312,1.0,0.11969537287950516,0.0,0.8803046345710754,1.0,0.18962661921977997,0.55968897198371,0.4624622776983818,0.6664591339402459
7468,0.474652498960495,0.9597316980361938,0.4429735243320465,0.6612810492515564,0.3197029232978821,0.23736567795276642,0.23736567795276642,0.23736567795276642,1.0,1.0,1.0,1.0,1.0,0.6000000238418579,0.0,0.9505900740623474,1.0,0.581369936466217,1.0,0.581369936466217,0.9999997615814209,0.23736567795276642,0.4835413405347162,0.4646176431505524,0.6560761162315998
3036,0.33130380511283875,0.6751893162727356,0.47930431365966797,0.37488624453544617,0.13972075283527374,0.30055028200149536,0.30055028200149536,0.30055028200149536,1.0,1.0,1.0,1.0,1.0,1.0,1.0,0.6751893162727356,1.0,0.0013854639837518334,0.0,0.9986145496368408,1.0,0.30055028200149536,0.25348054363427613,0.25348054363427613,0.5161187114917809
9480,0.7048094272613525,1.3893173933029175,0.6455894112586975,1.1830471754074097,0.2857915759086609,0.19401252269744873,0.7404507994651794,0.5676574110984802,0.6000000238418579,0.0,0.0,0.4000000059604645,0.0,0.20000000298023224,0.0,0.7272740602493286,0.0,0.18165887892246246,1.0,0.8183411359786987,0.9999998807907104,0.5676574110984802,0.2302190728307106,0.2302190728307106,0.4003728782152074
9825,0.2931848168373108,0.6068013310432434,0.24231253564357758,0.4552999436855316,0.18194197118282318,0.11813395470380783,0.11813395470380783,0.11813395470380783,1.0,1.0,1.0,1.0,1.0,1.0,1.0,0.6068013310432434,1.0,0.022441858425736427,0.0,0.9775581359863281,1.0,0.11813395470380783,0.49009743128482397,0.48590920362999285,1.532272217134764
7672,0.4172985255718231,0.8488864302635193,0.5343773365020752,0.2980894148349762,0.4194287359714508,0.16095852851867676,0.16095852851867676,0.16095852851867676,1.0,1.0,1.0,1.0,1.0,0.6000000238418579,0.0,0.8326981663703918,1.0,0.01452586892992258,0.0,0.9854741096496582,1.0,0.16095852851867676,1.252384659062395,1.1714005034604529,3.685139596855406
7287,0.27579131722450256,0.5700413584709167,0.41871529817581177,0.21098239719867706,0.1976761668920517,0.11222650855779648,0.11222650855779648,0.11222650855779648,1.0,1.0,1.0,1.0,1.0,1.0,1.0,0.603093147277832,1.0,0.03472835198044777,0.0,0.9652716517448425,0.9999997615814209,0.11222650855779648,0.16162774764785082,0.15078668500231637,0.22425176404459712
4168,0.33114302158355713,0.7028324604034424,0.5887114405632019,0.24613423645496368,0.15858332812786102,0.18366676568984985,0.18366676568984985,0.18366676568984985,1.0,1.0,1.0,1.0,1.0,1.0,1.0,0.7028324604034424,1.0,0.9305340647697449,1.0,0.9305340647697449,1.0,0.18366676568984985,0.095120103983756,0.095120103983756,0.23734024517925245
2378,0.34264788031578064,0.7241376638412476,0.45215684175491333,0.4805700480937958,0.09521670639514923,0.24224138259887695,0.24224138259887695,0.24224138259887695,1.0,1.0,1.0,1.0,1.0,1.0,1.0,0.7241376638412476,1.0,0.227363720536232,0.0,0.7726362943649292,1.0,0.24224138259887695,0.9476170988068846,0.65206753791962,0.8487976938322475
5138,0.47103580832481384,0.9608837366104126,0.427568644285202,0.7219991683959961,0.2635394334793091,0.24982693791389465,0.24982693791389465,0.24982693791389465,1.0,1.0,1.0,1.0,1.0,1.0,1.0,0.9608837366104126,1.0,0.9868301749229431,1.0,0.9868301749229431,0.9999502897262573,0.24982693791389465,0.42518919183751147,0.42518919183751147,0.9921477060044634
4387,0.5229398608207703,1.0105456113815308,0.6866940259933472,0.6225773692131042,0.2595480680465698,0.10585291683673859,0.10585291683673859,0.10585291683673859,1.0,1.0,1.0,1.0,1.0,0.6000000238418579,0.0,0.7420269846916199,1.0,0.7730552554130554,1.0,0.7730552554130554,0.9999998807907104,0.10585291683673859,0.9649863882873574,0.6781877008873628,0.9100550625648048
2897,0.4427328407764435,0.9192705154418945,0.381732314825058,0.6885244846343994,0.2579416036605835,0.16333842277526855,0.16333842277526855,0.16333842277526855,1.0,1.0,1.0,1.0,1.0,1.0,1.0,0.9192705154418945,1.0,0.0581524632871151,0.0,0.941847562789917,1.0,0.16333842277526855,0.7332780260572281,0.7283411577045248,2.5300876971072923
5933,0.6591383218765259,1.3507963418960571,0.7228289842605591,0.8567891120910645,0.39779695868492126,0.35198158025741577,0.35198158025741577,0.35198158025741577,1.0,1.0,1.0,1.0,1.0,0.6000000238418579,0.0,1.3173704147338867,1.0,0.9817003607749939,1.0,0.9817003607749939,1.0,0.35198158025741577,0.6555442091455806,0.643060699335882,1.3963807491448041
3751,0.4194034934043884,0.8130108714103699,0.4717148244380951,0.47763791680336,0.30885764956474304,0.21221089363098145,0.21221089363098145,0.21221089363098145,1.0,1.0,1.0,1.0,1.0,0.6000000238418579,0.0,0.7272064089775085,1.0,0.17100822925567627,0.0,0.8289917707443237,1.0,0.21221089363098145,0.637613280398482,0.637613280398482,5.300674818544314
4922,0.43166783452033997,0.8235509991645813,0.47070184350013733,0.5669413805007935,0.25736021995544434,0.16943125426769257,1.2008568048477173,0.16943125426769257,1.0,1.0,0.0,0.0,0.0,0.6000000238418579,0.0,0.732856035232544,1.0,0.12989450991153717,1.0,0.870105504989624,1.0,0.16943125426769257,0.9247465869706036,0.7936531283671784,0.9575314791625709
5726,0.34053686261177063,0.6577318906784058,0.38178226351737976,0.4146811068058014,0.22514720261096954,0.19622138142585754,0.19622138142585754,0.19622138142585754,1.0,1.0,1.0,1.0,1.0,1.0,1.0,0.6577318906784058,1.0,0.9668312668800354,1.0,0.9668312668800354,1.0,0.19622138142585754,0.6409916075740105,0.6079469002281293,1.7382125749184276
3249,0.3154783844947815,0.6271795630455017,0.35593295097351074,0.3864692151546478,0.20403292775154114,0.26666387915611267,0.26666387915611267,0.26666387915611267,1.0,1.0,1.0,1.0,1.0,1.0,1.0,0.6271795630455017,1.0,0.24155183136463165,0.0,0.7584481835365295,1.0,0.26666387915611267,0.7461092870817698,0.6669889585859455,0.8352060891177371
8244,0.2910996079444885,0.6013633608818054,0.18143995106220245,0.4970908761024475,0.19476795196533203,0.1450922042131424,0.1450922042131424,0.1450922042131424,1.0,1.0,1.0,1.0,1.0,1.0,1.0,0.6108300089836121,1.0,0.9981562495231628,1.0,0.9981562495231628,1.0,0.1450922042131424,0.1293214382330941,0.126441070269374,0.22221081492025932
1674,0.5316013693809509,1.1112804412841797,0.7340971827507019,0.4584848880767822,0.40222200751304626,0.247022345662117,0.247022345662117,0.247022345662117,1.0,1.0,1.0,1.0,1.0,1.0,1.0,1.133925437927246,1.0,0.04882289096713066,0.0,0.9511771202087402,0.9999148845672607,0.247022345662117,0.7935122047150326,0.7053831392344032,0.9899556453126972
8462,0.40423884987831116,0.861095130443573,0.5714470744132996,0.48495402932167053,0.15631552040576935,0.1891625076532364,0.1891625076532364,0.1891625076532364,1.0,1.0,1.0,1.0,1.0,0.6000000238418579,0.0,0.8756663203239441,1.0,0.9793932437896729,1.0,0.9793932437896729,1.0,0.1891625076532364,0.6491104321153041,0.6183747458315675,1.056059732544824
2560,0.38645103573799133,0.8534911274909973,0.4135020673274994,0.46189337968826294,0.28395771980285645,0.09863533079624176,0.09863533079624176,0.09863533079624176,1.0,1.0,1.0,1.0,1.0,0.6000000238418579,0.0,0.7798452377319336,1.0,0.20465564727783203,0.0,0.795344352722168,0.9978364109992981,0.09863533079624176,0.34879507662950116,0.34879507662950116,0.6870129876121248
7927,0.5573480129241943,1.1104040145874023,0.5603755116462708,0.8878166079521179,0.22385208308696747,0.24875055253505707,0.24875055253505707,0.24875055253505707,1.0,1.0,1.0,1.0,1.0,0.6000000238418579,0.0,0.9467021822929382,1.0,0.6921413540840149,1.0,0.6921413540840149,1.0,0.24875055253505707,1.1393521533907234,1.0085928377272129,2.1309798214643436
6812,0.5719223618507385,1.1277374029159546,0.48252901434898376,0.7451645135879517,0.48807331919670105,0.2679767608642578,0.2679767608642578,0.2679767608642578,1.0,1.0,1.0,1.0,1.0,0.6000000238418579,0.0,1.012198567390442,1.0,0.9466792345046997,1.0,0.9466792345046997,1.0,0.2679767608642578,1.0279844481776788,0.6876144903480155,0.8929252998913131
2588,0.46426674723625183,0.988105297088623,0.32460713386535645,0.8330277800559998,0.2351652830839157,0.11546989530324936,0.5774596333503723,0.5774596333503723,0.6000000238418579,0.0,1.0,0.6000000238418579,0.0,0.20000000298023224,0.0,0.9694368243217468,0.0,0.8613981604576111,1.0,0.8613981604576111,0.9936153888702393,0.5774596333503723,1.7752377610235017,0.5833729245602441,0.9347149286694789
5096,0.4787885546684265,0.9495387077331543,0.6619083881378174,0.6305248141288757,0.14393246173858643,0.1459650993347168,0.6173900961875916,0.6173900961875916,0.6000000238418579,0.0,1.0,0.6000000238418579,0.0,0.20000000298023224,0.0,0.8397579193115234,0.0,0.741597056388855,1.0,0.741597056388855,0.9533915519714355,0.6173900961875916,1.5747523637153884,0.47738743063780814,0.7160929094128211
4336,0.6518545150756836,1.4417763948440552,0.9816612601280212,0.7906939387321472,0.18320846557617188,0.19600598514080048,0.6967531442642212,0.6967531442642212,0.6000000238418579,0.0,1.0,0.6000000238418579,0.0,0.20000000298023224,0.0,0.9068471789360046,0.0,0.5008915662765503,1.0,0.5008915662765503,0.9999964237213135,0.6967531442642212,2.2144303360389435,0.39914710996465946,1.080829102862757
8266,0.4439546763896942,0.9537603259086609,0.6533797383308411,0.5454180836677551,0.13306620717048645,0.08595217019319534,0.08595217019319534,0.08595217019319534,1.0,1.0,1.0,1.0,1.0,1.0,1.0,1.0481997728347778,1.0,0.013028918765485287,0.0,0.9869710803031921,1.0,0.08595217019319534,0.2678510563983433,0.24767177565714632,0.3562129077058688
6736,0.3723573386669159,0.8210514187812805,0.6967018246650696,0.21691162884235382,0.2034585028886795,0.08241167664527893,0.08241167664527893,0.08241167664527893,1.0,1.0,1.0,1.0,1.0,0.6000000238418579,0.0,0.7392396330833435,1.0,0.9144943356513977,1.0,0.9144943356513977,1.0,0.08241167664527893,0.9507473369610825,0.6586995212938346,2.4826127459650404
1410,0.36319753527641296,0.8679556250572205,0.4224584996700287,0.5509420037269592,0.11619209498167038,0.17590926587581635,1.1264175176620483,0.3449719548225403,0.20000000298023224,0.0,1.0,0.20000000298023224,0.0,0.20000000298023224,0.0,0.83251953125,0.0,0.5379061698913574,1.0,0.5379061698913574,0.951524555683136,1.1264175176620483,1.9018478431839798,0.10408300779154898,0.19666080147060963
1298,0.3287314176559448,0.6317490339279175,0.2753031849861145,0.4780946671962738,0.23279647529125214,0.1964019536972046,0.1964019536972046,0.1964019536972046,1.0,1.0,1.0,1.0,1.0,1.0,1.0,0.6317490339279175,1.0,0.08742335438728333,0.0,0.9125766754150391,1.0,0.1964019536972046,0.27119925354132945,0.27119925354132945,0.6964463065491954
2066,0.428056925535202,0.8980804681777954,0.6697020530700684,0.35210713744163513,0.2623615860939026,0.1138029620051384,0.1138029620051384,0.1138029620051384,1.0,1.0,1.0,1.0,1.0,1.0,1.0,0.9069965481758118,1.0,0.08902190625667572,0.0,0.9109780788421631,1.0,0.1138029620051384,0.3485838985232682,0.3485838985232682,0.6347156208660242
6757,0.37212616205215454,0.7609980702400208,0.4915313720703125,0.42425957322120667,0.20058751106262207,0.1794225424528122,0.1794225424528122,0.1794225424528122,1.0,1.0,1.0,1.0,1.0,1.0,1.0,0.7609980702400208,1.0,0.9760090112686157,1.0,0.9760090112686157,0.986155092716217,0.1794225424528122,0.12375237284281344,0.12375237284281344,0.2327356971892935
2450,0.3646884262561798,0.8031975626945496,0.3423435389995575,0.5463535189628601,0.20536819100379944,0.18965037167072296,0.18965037167072296,0.18965037167072296,1.0,1.0,1.0,1.0,1.0,1.0,1.0,0.8031975626945496,1.0,0.7925882935523987,1.0,0.7925882935523987,0.999556839466095,0.18965037167072296,0.47340656009687065,0.47340656009687065,3.1281762220351412
8296,0.3066868484020233,0.7005979418754578,0.4532366693019867,0.2700270116329193,0.19679690897464752,0.25487223267555237,0.25487223267555237,0.25487223267555237,1.0,1.0,1.0,1.0,1.0,1.0,1.0,0.7005979418754578,1.0,0.8389691114425659,1.0,0.8389691114425659,1.0,0.25487223267555237,0.6601533418804012,0.6074054086274666,0.8072513193765808
589,0.40698400139808655,0.9285406470298767,0.270746648311615,0.7208467721939087,0.22935853898525238,0.16810248792171478,0.16810248792171478,0.16810248792171478,1.0,1.0,1.0,1.0,1.0,0.6000000238418579,0.0,0.8807790875434875,1.0,0.9123638272285461,1.0,0.9123638272285461,1.0,0.16810248792171478,0.2929455147121021,0.2929455147121021,0.6293068657103316
1002,0.4120444059371948,0.7928101420402527,0.48065099120140076,0.4025660455226898,0.3529161512851715,0.09640204161405563,0.09640204161405563,0.09640204161405563,1.0,1.0,1.0,1.0,1.0,1.0,1.0,0.7720276713371277,1.0,0.6976766586303711,1.0,0.6976766586303711,0.9999996423721313,0.09640204161405563,0.19462455023126882,0.19462455023126882,0.41106915155466567
5000,0.3797582685947418,0.7839735150337219,0.3573276698589325,0.521746814250946,0.2602003514766693,0.12796182930469513,0.6542035341262817,0.6542035341262817,0.6000000238418579,0.0,1.0,0.6000000238418579,0.0,0.6000000238418579,0.0,0.7839735150337219,0.0,0.5642740726470947,1.0,0.5642740726470947,0.9999977350234985,0.6542035341262817,1.967931380927245,0.4228980471775033,0.5106708998961169
6105,0.3661929666996002,0.7580603957176208,0.40877795219421387,0.5529502630233765,0.13685062527656555,0.20465587079524994,0.20465587079524994,0.20465587079524994,1.0,1.0,1.0,1.0,1.0,0.6000000238418579,0.0,0.7332318425178528,1.0,0.9312634468078613,1.0,0.9312634468078613,1.0,0.20465587079524994,0.3179962481258119,0.3102487634934647,0.48140934152251885
9564,0.4344293177127838,0.809914231300354,0.44996461272239685,0.5801348686218262,0.27318838238716125,0.28890737891197205,0.28890737891197205,0.28890737891197205,1.0,1.0,1.0,1.0,1.0,1.0,1.0,0.809914231300354,1.0,0.0065270462073385715,0.0,0.9934729337692261,1.0,0.28890737891197205,0.468783153630664,0.468783153630664,2.0540851494727996
204,0.37050992250442505,0.7458102107048035,0.5087355971336365,0.2959095239639282,0.3068845868110657,0.08221858739852905,0.08221858739852905,0.08221858739852905,1.0,1.0,1.0,1.0,1.0,0.6000000238418579,0.0,0.7255366444587708,1.0,0.7338513731956482,1.0,0.7338513731956482,1.0,0.08221858739852905,0.4595911194043598,0.44366200280890605,0.8456364176731643
1484,0.2708963453769684,0.6168408393859863,0.40729475021362305,0.2481456995010376,0.15724854171276093,0.16618405282497406,0.16618405282497406,0.16618405282497406,1.0,1.0,1.0,1.0,1.0,1.0,1.0,0.6168408393859863,1.0,0.015999678522348404,0.0,0.9840003252029419,1.0,0.16618405282497406,0.3380717334990946,0.3380717334990946,0.5949553975032649
646,0.6075956225395203,1.1900757551193237,0.7897749543190002,0.6911943554878235,0.3418175280094147,0.13723048567771912,0.13723048567771912,0.13723048567771912,1.0,1.0,1.0,1.0,1.0,0.6000000238418579,0.0,1.1195917129516602,1.0,0.07338779419660568,0.0,0.9266121983528137,1.0,0.13723048567771912,0.86974175337242,0.8631859672095454,2.1643594790960763
9829,0.4508592188358307,0.9226843118667603,0.5142369866371155,0.5525093078613281,0.2858313024044037,0.13498669862747192,0.13498669862747192,0.13498669862747192,1.0,1.0,1.0,1.0,1.0,0.6000000238418579,0.0,0.8840174078941345,1.0,0.003129043150693178,0.0,0.9968709349632263,1.0,0.13498669862747192,0.3186024710769713,0.3003434812221525,0.5569804952036193
1596,0.4263583719730377,0.8926014304161072,0.31878361105918884,0.6323747038841248,0.3279166519641876,0.1662752479314804,0.1662752479314804,0.1662752479314804,1.0,1.0,1.0,1.0,1.0,0.6000000238418579,0.0,0.6917018294334412,1.0,0.026826778426766396,0.0,0.973173201084137,1.0,0.1662752479314804,0.3897063300394662,0.38702671337564715,0.7382621833711508
3528,0.3527796268463135,0.7208466529846191,0.22403445839881897,0.5056135058403015,0.328690767288208,0.26484164595603943,0.26484164595603943,0.26484164595603943,1.0,1.0,1.0,1.0,1.0,1.0,1.0,0.7208466529846191,1.0,0.0397595576941967,0.0,0.9602404236793518,0.9999998807907104,0.26484164595603943,0.4783676534675675,0.47508715898405046,0.8074033258697211
1795,0.42456158995628357,0.8518247604370117,0.5286691784858704,0.5368441939353943,0.2081713229417801,0.178794726729393,0.178794726729393,0.178794726729393,1.0,1.0,1.0,1.0,1.0,0.6000000238418579,0.0,0.7880348563194275,1.0,0.015219529159367085,0.0,0.984780490398407,1.0,0.178794726729393,0.28146933888929815,0.2663807629968054,0.4809381012756907
3076,0.37931203842163086,0.7998761534690857,0.3906550109386444,0.6132847666740417,0.13399621844291687,0.17682155966758728,0.17682155966758728,0.17682155966758728,1.0,1.0,1.0,1.0,1.0,1.0,1.0,0.7998761534690857,1.0,0.9631063342094421,1.0,0.9631063342094421,1.0,0.17682155966758728,0.28124865330327964,0.27911077402182344,0.5291734290225694
4260,0.2613515853881836,0.49398499727249146,0.2928633391857147,0.30500710010528564,0.18618431687355042,0.25865134596824646,0.25865134596824646,0.25865134596824646,1.0,1.0,1.0,1.0,1.0,0.6000000238418579,0.0,0.4734092354774475,1.0,0.5905675292015076,1.0,0.5905675292015076,0.5006681084632874,0.25865134596824646,0.28807714879405094,0.28807714879405094,0.718231923117553
6589,0.2933198809623718,0.6014987230300903,0.43675509095191956,0.30467164516448975,0.1385328620672226,0.2579643428325653,0.2579643428325653,0.2579643428325653,1.0,1.0,1.0,1.0,1.0,0.6000000238418579,0.0,0.5534023642539978,1.0,0.9871208071708679,1.0,0.9871208071708679,0.9999758005142212,0.2579643428325653,0.17694294605413194,0.17694294605413194,0.33549435082217277
7924,0.38144320249557495,0.7612234950065613,0.2920815646648407,0.586808443069458,0.26543954014778137,0.23549644649028778,0.23549644649028778,0.23549644649028778,1.0,1.0,1.0,1.0,1.0,1.0,1.0,0.7542971968650818,1.0,0.9261491298675537,1.0,0.9261491298675537,0.9999966621398926,0.23549644649028778,0.18287780370482037,0.18287780370482037,0.3551088490118945
8214,0.9313077330589294,1.92803955078125,1.708328127861023,0.735786497592926,0.34980854392051697,0.22294817864894867,1.2431995868682861,0.22294817864894867,1.0,1.0,0.0,0.0,0.0,0.20000000298023224,0.0,0.6817037463188171,1.0,0.8885401487350464,0.0,0.8885401487350464,1.0,0.22294817864894867,0.2871651075824236,0.2829567445390399,0.4669772998574947
9852,0.43023937940597534,0.9376168251037598,0.8215084075927734,0.2924756705760956,0.17673400044441223,0.16233065724372864,0.16233065724372864,0.16233065724372864,1.0,1.0,1.0,1.0,1.0,0.20000000298023224,0.0,0.8319840431213379,1.0,0.9135890007019043,1.0,0.9135890007019043,0.8509772419929504,0.16233065724372864,0.4904358793820718,0.4904358793820718,1.5603276898744058
8238,0.5291619300842285,0.9848329424858093,0.5004536509513855,0.7103766798973083,0.3766554296016693,0.26394087076187134,0.26394087076187134,0.26394087076187134,1.0,1.0,1.0,1.0,1.0,1.0,1.0,0.9848329424858093,1.0,0.9924079179763794,1.0,0.9924079179763794,0.9999996423721313,0.26394087076187134,0.3428770101583284,0.3428770101583284,1.4873438180081688
2608,0.45876649022102356,0.8682703375816345,0.5120243430137634,0.5466497540473938,0.31762537360191345,0.14412623643875122,0.14412623643875122,0.14412623643875122,1.0,1.0,1.0,1.0,1.0,1.0,1.0,0.8682703375816345,1.0,0.0028063952922821045,0.0,0.9971935749053955,1.0,0.14412623643875122,0.28162238355725644,0.2778806107738599,0.4890436049475574
7985,0.6182023882865906,1.2888078689575195,0.8689664006233215,0.6682137846946716,0.3174268305301666,0.1509728878736496,1.2334202527999878,0.1509728878736496,1.0,1.0,0.0,0.0,0.0,0.20000000298023224,0.0,1.0050300359725952,1.0,0.926629900932312,0.0,0.926629900932312,1.0,0.1509728878736496,0.4319620876368282,0.4154891929173385,0.5450100727851935
2276,0.6520682573318481,1.3942688703536987,0.5713379979133606,1.0205481052398682,0.36431851983070374,0.19755540788173676,0.8379057049751282,0.7334129810333252,0.6000000238418579,0.0,0.0,0.4000000059604645,0.0,0.20000000298023224,0.0,0.846141517162323,0.0,0.3238890767097473,1.0,0.6761109232902527,0.9990687966346741,0.7334129810333252,0.3248880900220794,0.3248880900220794,0.6756465019127875
3134,0.6866447925567627,1.251353144645691,0.7704684734344482,0.8066393136978149,0.4828266203403473,0.12245287746191025,0.7661873698234558,0.7177165150642395,0.6000000238418579,0.0,0.0,0.4000000059604645,0.0,0.20000000298023224,0.0,1.1268519163131714,0.0,0.8452360033988953,0.0,0.8452360033988953,1.0,0.7177165150642395,0.7185496451722149,0.6993049601473782,3.030060657892914
6399,0.32433658838272095,0.6702079176902771,0.22536464035511017,0.5406238436698914,0.20702116191387177,0.17790476977825165,0.17790476977825165,0.17790476977825165,1.0,1.0,1.0,1.0,1.0,1.0,1.0,0.6702079176902771,1.0,0.9894098043441772,1.0,0.9894098043441772,1.0,0.17790476977825165,0.725039305479096,0.6526660964153147,1.2951516851090261
8386,0.34647026658058167,0.6714248657226562,0.397415429353714,0.32782217860221863,0.31417328119277954,0.20019756257534027,0.20019756257534027,0.20019756257534027,1.0,1.0,1.0,1.0,1.0,1.0,1.0,0.6714248657226562,1.0,0.9992382526397705,1.0,0.9992382526397705,1.0,0.20019756257534027,0.33990728077940696,0.2940924736804573,0.6061998261930921
2964,0.427481472492218,0.8096594214439392,0.5791069269180298,0.4530749022960663,0.25026264786720276,0.16769814491271973,0.16769814491271973,0.16769814491271973,1.0,1.0,1.0,1.0,1.0,1.0,1.0,0.8096594214439392,1.0,0.019234560430049896,0.0,0.9807654619216919,1.0,0.16769814491271973,1.0525197698825417,0.969214175600679,2.1649936347258545
2762,0.25363731384277344,0.5017059445381165,0.2541194260120392,0.35133978724479675,0.15545277297496796,0.10403821617364883,0.6638639569282532,0.6638639569282532,0.6000000238418579,0.0,1.0,0.6000000238418579,0.0,0.6000000238418579,0.0,0.5017059445381165,0.0,0.8001927733421326,1.0,0.8001927733421326,0.8707587718963623,0.6638639569282532,1.9090508409376303,0.2898732533176485,0.43541199364336114
9459,0.4616375267505646,0.8995990753173828,0.46657687425613403,0.6804566383361816,0.2378789484500885,0.22037649154663086,0.22037649154663086,0.22037649154663086,1.0,1.0,1.0,1.0,1.0,0.20000000298023224,0.0,0.873248279094696,1.0,0.9483328461647034,1.0,0.9483328461647034,1.0,0.22037649154663086,0.703116959813241,0.6988799931295795,0.91312726738714
2457,0.40387508273124695,0.8981515765190125,0.8425573706626892,0.2258329838514328,0.1432347297668457,0.20573489367961884,0.20573489367961884,0.20573489367961884,1.0,1.0,1.0,1.0,1.0,0.6000000238418579,0.0,0.783379077911377,1.0,0.876124382019043,1.0,0.876124382019043,1.0,0.20573489367961884,0.9657284325890678,0.8076058992102243,1.0138652021467565
1068,0.42231500148773193,0.8232879042625427,0.4343246519565582,0.46479305624961853,0.36782726645469666,0.28826573491096497,0.28826573491096497,0.28826573491096497,1.0,1.0,1.0,1.0,1.0,0.6000000238418579,0.0,0.791175365447998,1.0,0.0621727854013443,0.0,0.9378272294998169,0.9999322891235352,0.28826573491096497,0.34268613217756483,0.2956749065604206,0.40640712353395353
2671,0.41889628767967224,0.8480913043022156,0.40148478746414185,0.48266884684562683,0.37253519892692566,0.19953487813472748,0.19953487813472748,0.19953487813472748,1.0,1.0,1.0,1.0,1.0,1.0,1.0,0.8480913043022156,1.0,0.9899646639823914,1.0,0.9899646639823914,1.0,0.19953487813472748,0.7184938667450355,0.7118859277854747,1.0461569226895047
9495,0.4673520028591156,0.9346620440483093,0.4925622045993805,0.5271691679954529,0.38232460618019104,0.30072513222694397,0.521437406539917,0.521437406539917,0.20000000298023224,0.0,0.0,0.800000011920929,0.0,0.20000000298023224,0.0,0.9248455166816711,0.0,0.5385878682136536,0.0,0.5385878682136536,0.9999973773956299,1.2044893503189087,0.43571940639237444,0.43571940639237444,0.9756981478566346
417,0.16748365759849548,0.3409181535243988,0.2612761855125427,0.12560446560382843,0.1155703067779541,0.14253592491149902,0.14253592491149902,0.14253592491149902,1.0,1.0,1.0,1.0,1.0,1.0,1.0,0.3409181535243988,1.0,0.7891485691070557,1.0,0.7891485691070557,0.9999970197677612,0.14253592491149902,0.15668484926557477,0.15668484926557477,0.32871604329709125
1902,0.41878193616867065,0.898371160030365,0.6981160044670105,0.40798529982566833,0.15024447441101074,0.1444079577922821,0.1444079577922821,0.1444079577922821,1.0,1.0,1.0,1.0,1.0,0.6000000238418579,0.0,0.8954097032546997,1.0,0.05303185060620308,0.0,0.946968138217926,1.0,0.1444079577922821,0.5473785606524391,0.5431593731684283,1.9475051255518274
8837,0.5303131341934204,1.0177032947540283,0.5689879059791565,0.6122224926948547,0.4097287654876709,0.18370097875595093,0.18370097875595093,0.18370097875595093,1.0,1.0,1.0,1.0,1.0,0.6000000238418579,0.0,0.9525461196899414,1.0,0.01999572291970253,0.0,0.9800042510032654,1.0,0.18370097875595093,0.3949403767129622,0.330884079204128,0.5065205053357337
4013,0.7533735036849976,1.5571247339248657,1.03243887424469,0.8372945785522461,0.39038702845573425,0.2353791743516922,1.3168052434921265,0.2353791743516922,1.0,1.0,0.0,0.0,0.0,0.6000000238418579,0.0,1.3295457363128662,1.0,0.6365827918052673,0.0,0.6365827918052673,0.9987009763717651,0.2353791743516922,1.580000760324089,0.662767302257265,1.0761797111163667
2207,0.2659163773059845,0.5217708349227905,0.26060569286346436,0.29180535674095154,0.24533796310424805,0.1147410199046135,0.1147410199046135,0.1147410199046135,1.0,1.0,1.0,1.0,1.0,1.0,1.0,0.5217708349227905,1.0,0.01619979366660118,0.0,0.9838002324104309,1.0,0.1147410199046135,0.6237290453082647,0.6179462429148077,2.0132607208317648
3910,0.3697164058685303,0.7724373936653137,0.518366277217865,0.42437586188316345,0.16640707850456238,0.1292310655117035,0.1292310655117035,0.1292310655117035,1.0,1.0,1.0,1.0,1.0,1.0,1.0,0.636431872844696,1.0,0.00944482907652855,0.0,0.9905551671981812,1.0,0.1292310655117035,0.47554426893639407,0.4504951943010772,1.0491381756647642
9754,0.5510109066963196,1.112571120262146,0.5307536125183105,0.9033609628677368,0.21891824901103973,0.21384592354297638,0.21384592354297638,0.21384592354297638,1.0,1.0,1.0,1.0,1.0,0.6000000238418579,0.0,1.0330085754394531,1.0,0.03121531940996647,0.0,0.9687846899032593,1.0,0.21384592354297638,0.6330250217752178,0.6330250217752178,0.9632786847417162
7456,0.283254474401474,0.604684591293335,0.3091614842414856,0.4131496548652649,0.12745225429534912,0.148026242852211,0.148026242852211,0.148026242852211,1.0,1.0,1.0,1.0,1.0,1.0,1.0,0.604684591293335,1.0,0.8577444553375244,1.0,0.8577444553375244,1.0,0.148026242852211,0.33521490259521297,0.31693086457053304,0.7034812412470614
6982,0.32476353645324707,0.727077305316925,0.21309900283813477,0.6186235547065735,0.142567977309227,0.21281711757183075,0.21281711757183075,0.21281711757183075,1.0,1.0,1.0,1.0,1.0,0.6000000238418579,0.0,0.7134809494018555,1.0,0.9613662362098694,1.0,0.9613662362098694,0.9999229907989502,0.21281711757183075,0.33909935807575947,0.33909935807575947,1.307837072821277
9441,0.29999420046806335,0.6483370661735535,0.37717577815055847,0.40754595398902893,0.11526086181402206,0.20612438023090363,0.20612438023090363,0.20612438023090363,1.0,1.0,1.0,1.0,1.0,1.0,1.0,0.6483370661735535,1.0,0.9598966836929321,1.0,0.9598966836929321,0.999951958656311,0.20612438023090363,0.18855248037994618,0.18855248037994618,0.35077161304933147
8083,0.36889269948005676,0.7349492311477661,0.37610340118408203,0.3597881495952606,0.37078648805618286,0.18456895649433136,0.9851440787315369,0.18456895649433136,1.0,1.0,0.0,0.0,0.0,0.6000000238418579,0.0,0.7166374325752258,1.0,0.46925243735313416,1.0,0.5307475328445435,0.601996898651123,0.18456895649433136,2.1981902197127843,0.3498699174887938,0.7310967336687558
1956,0.2235921025276184,0.4340454041957855,0.22724583745002747,0.28928929567337036,0.1542411744594574,0.132538303732872,0.132538303732872,0.132538303732872,1.0,1.0,1.0,1.0,1.0,1.0,1.0,0.4340454041957855,1.0,0.8727847337722778,1.0,0.8727847337722778,0.9938321113586426,0.132538303732872,0.2729774345002724,0.24914909140040328,0.40389877525724704
7208,0.4702032208442688,0.9983335733413696,0.4122316539287567,0.6664916276931763,0.33188629150390625,0.18287257850170135,0.18287257850170135,0.18287257850170135,1.0,1.0,1.0,1.0,1.0,0.6000000238418579,0.0,0.991712749004364,1.0,0.04358914867043495,0.0,0.956410825252533,1.0,0.18287257850170135,1.029866596525711,0.8572617934713079,1.764953630875595
7979,0.34673500061035156,0.7086943984031677,0.5320648550987244,0.24637256562709808,0.2617674767971039,0.21165886521339417,0.21165886521339417,0.21165886521339417,1.0,1.0,1.0,1.0,1.0,0.6000000238418579,0.0,0.6369122862815857,1.0,0.05366900935769081,0.0,0.9463309645652771,0.5084415078163147,0.21165886521339417,0.23308501031326714,0.23308501031326714,0.3936168391363445
386,0.2672420144081116,0.5394448637962341,0.26680153608322144,0.33505842089653015,0.19986599683761597,0.22843675315380096,1.0808918476104736,0.4862695634365082,0.6000000238418579,0.0,0.0,0.4000000059604645,0.0,0.6000000238418579,0.0,0.5394448637962341,0.0,0.6628886461257935,0.0,0.6628886461257935,0.7683655619621277,0.4862695634365082,0.1135546578771341,0.1135546578771341,0.2208735847038784
2754,0.5541629791259766,1.1898621320724487,0.7039787173271179,0.7009381055831909,0.25757214426994324,0.1710539013147354,0.5927830934524536,0.5927830934524536,0.6000000238418579,0.0,0.0,0.4000000059604645,0.0,0.20000000298023224,0.0,1.062315821647644,0.0,0.08739844709634781,1.0,0.9126015305519104,0.9991806149482727,0.7601543664932251,0.4702312617521659,0.4702312617521659,1.125370885547668
4210,0.5406392216682434,1.0166345834732056,0.69402676820755,0.5153539776802063,0.4125368595123291,0.2903001606464386,0.2903001606464386,0.2903001606464386,1.0,1.0,1.0,1.0,1.0,0.6000000238418579,0.0,0.961764931678772,1.0,0.990776002407074,1.0,0.990776002407074,1.0,0.2903001606464386,1.1758603326831871,0.7176926143725639,1.0050512919323755
9848,0.39453184604644775,0.8449034690856934,0.44479188323020935,0.47230264544487,0.26650094985961914,0.2470557540655136,0.2470557540655136,0.2470557540655136,1.0,1.0,1.0,1.0,1.0,1.0,1.0,0.8449034690856934,1.0,0.01628216542303562,0.0,0.9837178587913513,1.0,0.2470557540655136,0.4772214616942267,0.44784604243164516,0.6972679232994113
7054,0.4487214982509613,0.8871011734008789,0.5427905917167664,0.4335959553718567,0.3697779178619385,0.2006676197052002,0.2006676197052002,0.2006676197052002,1.0,1.0,1.0,1.0,1.0,0.6000000238418579,0.0,0.8298512697219849,1.0,0.9309816956520081,1.0,0.9309816956520081,1.0,0.2006676197052002,0.5383685459082571,0.5078817433611825,0.9356922290329615
8380,0.43207883834838867,0.8332027792930603,0.6103442311286926,0.3979088366031647,0.2879832684993744,0.20684778690338135,0.20684778690338135,0.20684778690338135,1.0,1.0,1.0,1.0,1.0,0.6000000238418579,0.0,0.7533584833145142,1.0,0.003953042905777693,0.0,0.9960469603538513,1.0,0.20684778690338135,0.2598719105760848,0.2598719105760848,0.47686936985374784
2966,0.6016679406166077,1.1450976133346558,0.7803381085395813,0.6378372311592102,0.38682860136032104,0.21741162240505219,0.21741162240505219,0.21741162240505219,1.0,1.0,1.0,1.0,1.0,0.6000000238418579,0.0,1.095764398574829,1.0,0.04948524385690689,0.0,0.9505147337913513,0.9999018907546997,0.21741162240505219,0.49269458380737396,0.37710974961859955,0.797057424456048
2534,0.5096753835678101,0.9765422940254211,0.5601076483726501,0.5581957697868347,0.4107227921485901,0.2468426525592804,0.2468426525592804,0.2468426525592804,1.0,1.0,1.0,1.0,1.0,0.6000000238418579,0.0,0.9286726117134094,1.0,0.9891769289970398,1.0,0.9891769289970398,1.0,0.2468426525592804,0.5341381031076365,0.5177398830339291,0.7860358524909173
3044,0.349475622177124,0.7217082977294922,0.3880022466182709,0.4118182361125946,0.24860630929470062,0.13641031086444855,1.3035386800765991,0.13641031086444855,1.0,1.0,0.0,0.0,0.0,1.0,1.0,0.7217082977294922,1.0,0.7001142501831055,0.0,0.7001142501831055,1.0,0.13641031086444855,2.0461849077291823,0.5830614033749213,1.4923889836192696
1753,0.5359686613082886,1.0545140504837036,0.5107008218765259,0.7681894302368164,0.3290158212184906,0.2559889256954193,0.2559889256954193,0.2559889256954193,1.0,1.0,1.0,1.0,1.0,0.20000000298023224,0.0,0.9296965003013611,1.0,0.01884838007390499,0.0,0.9811516404151917,1.0,0.2559889256954193,1.2596058911664267,0.5980154740770303,1.0377052835537084
7789,0.4091513156890869,0.835761547088623,0.5481346845626831,0.4321194291114807,0.2471998780965805,0.2100902795791626,0.2100902795791626,0.2100902795791626,1.0,1.0,1.0,1.0,1.0,1.0,1.0,0.8756628036499023,1.0,0.9679914116859436,1.0,0.9679914116859436,1.0,0.2100902795791626,1.432674740496529,0.9523600907635762,2.5643789831175208
6640,0.4595230519771576,0.9557005167007446,0.3931167721748352,0.7074950337409973,0.27795732021331787,0.2185073345899582,0.2185073345899582,0.2185073345899582,1.0,1.0,1.0,1.0,1.0,1.0,1.0,0.9557005167007446,1.0,0.9939889907836914,1.0,0.9939889907836914,0.9999998807907104,0.2185073345899582,0.5947630425929324,0.5947630425929324,0.9433215496013333
7915,0.49193257093429565,1.018131136894226,0.7183780074119568,0.5060229301452637,0.2513968050479889,0.20868483185768127,0.20868483185768127,0.20868483185768127,1.0,1.0,1.0,1.0,1.0,1.0,1.0,0.8422341346740723,1.0,0.9933038353919983,1.0,0.9933038353919983,1.0,0.20868483185768127,0.6161641569914632,0.6142802367372224,0.9358567869234257
6918,0.5044844746589661,1.0175460577011108,0.7028800845146179,0.47426673769950867,0.33630654215812683,0.14130328595638275,0.14130328595638275,0.14130328595638275,1.0,1.0,1.0,1.0,1.0,0.6000000238418579,0.0,0.8959951400756836,1.0,0.0025402542669326067,0.0,0.9974597692489624,1.0,0.14130328595638275,1.0484316635293898,0.7245518260502405,0.9861558433195946
7425,0.30252182483673096,0.648265540599823,0.3968513011932373,0.3403497636318207,0.1703644096851349,0.25716567039489746,0.25716567039489746,0.25716567039489746,1.0,1.0,1.0,1.0,1.0,1.0,1.0,0.648265540599823,1.0,0.9946934580802917,1.0,0.9946934580802917,0.9999938011169434,0.25716567039489746,0.08135432280877897,0.08135432280877897,0.13278064520596353
7969,0.4460059404373169,0.9317871332168579,0.5560149550437927,0.5326274633407593,0.2493753731250763,0.10388816893100739,0.10388816893100739,0.10388816893100739,1.0,1.0,1.0,1.0,1.0,1.0,1.0,0.9317871332168579,1.0,0.1674152910709381,0.0,0.8325847387313843,0.9999994039535522,0.10388816893100739,0.2929776248420167,0.2929776248420167,0.47679359467286864
9392,0.25083333253860474,0.4959588944911957,0.28446370363235474,0.3799605071544647,0.08807577937841415,0.22859631478786469,0.22859631478786469,0.22859631478786469,1.0,1.0,1.0,1.0,1.0,0.6000000238418579,0.0,0.49528560042381287,1.0,0.06683021783828735,0.0,0.9331697821617126,1.0,0.22859631478786469,0.38013398698078094,0.37852745676085686,0.5886220336644978
2863,0.37245485186576843,0.7395085692405701,0.4301953911781311,0.41800394654273987,0.26916512846946716,0.19217592477798462,0.19217592477798462,0.19217592477798462,1.0,1.0,1.0,1.0,1.0,1.0,1.0,0.7395085692405701,1.0,0.9957455992698669,1.0,0.9957455992698669,0.9999951124191284,0.19217592477798462,0.600459485960005,0.59803402373289,4.304092820151424
5805,0.5780841112136841,1.2021255493164062,0.6608933806419373,0.8603338599205017,0.21302509307861328,0.21376073360443115,0.21376073360443115,0.21376073360443115,1.0,1.0,1.0,1.0,1.0,1.0,1.0,1.2021255493164062,1.0,0.01114715076982975,0.0,0.988852858543396,1.0,0.21376073360443115,0.9119583004001942,0.8683407983646416,1.3120998982129142
85,0.42092910408973694,0.9109044075012207,0.6910054683685303,0.3967602252960205,0.17502160370349884,0.2467726469039917,0.2467726469039917,0.2467726469039917,1.0,1.0,1.0,1.0,1.0,0.6000000238418579,0.0,0.7666360139846802,1.0,0.8166521191596985,1.0,0.8166521191596985,1.0,0.2467726469039917,0.7601897279671498,0.6825820662750072,0.8292325622500154
7338,0.4693675935268402,1.0911484956741333,0.41601333022117615,0.9374758005142212,0.05461359769105911,0.21257276833057404,0.21257276833057404,0.21257276833057404,1.0,1.0,1.0,1.0,1.0,1.0,1.0,1.0911484956741333,1.0,0.04403628036379814,0.0,0.9559637308120728,1.0,0.21257276833057404,0.7742537632423101,0.7669633565601399,2.0619846291881125
159,0.5170894265174866,1.0194932222366333,0.5692304968833923,0.6743179559707642,0.30771970748901367,0.10680706799030304,0.5359013676643372,0.5359013676643372,0.6000000238418579,0.0,1.0,0.6000000238418579,0.0,0.20000000298023224,0.0,0.6299101114273071,0.0,0.5400817394256592,1.0,0.5400817394256592,0.9999780654907227,0.5359013676643372,2.1431378274635,0.23240281949261488,0.48139083249631015
9080,0.2761438488960266,0.5081839561462402,0.26573774218559265,0.32484251260757446,0.23785126209259033,0.15645956993103027,0.15645956993103027,0.15645956993103027,1.0,1.0,1.0,1.0,1.0,1.0,1.0,0.5081839561462402,1.0,0.2854546308517456,0.0,0.7145453691482544,0.9999991655349731,0.15645956993103027,0.18281723547113704,0.18281723547113704,0.36069988714830614
7073,0.3056013882160187,0.7310661673545837,0.6166665554046631,0.25952431559562683,0.040613241493701935,0.20900742709636688,0.20900742709636688,0.20900742709636688,1.0,1.0,1.0,1.0,1.0,1.0,1.0,0.7310661673545837,1.0,0.302590936422348,0.0,0.6974090337753296,0.999189555644989,0.20900742709636688,0.3533438395829241,0.3533438395829241,0.7114399628031037
3122,0.25988084077835083,0.5068657994270325,0.3566356897354126,0.23278427124023438,0.19022244215011597,0.17506685853004456,0.17506685853004456,0.17506685853004456,1.0,1.0,1.0,1.0,1.0,1.0,1.0,0.5068657994270325,1.0,0.9977651834487915,1.0,0.9977651834487915,1.0,0.17506685853004456,0.17243388707338753,0.17243388707338753,0.4078028344414086
6139,0.4180513620376587,0.8540406227111816,0.44558826088905334,0.5862113833427429,0.222354456782341,0.12042713165283203,0.12042713165283203,0.12042713165283203,1.0,1.0,1.0,1.0,1.0,0.6000000238418579,0.0,0.658675491809845,1.0,0.8915513753890991,1.0,0.8915513753890991,1.0,0.12042713165283203,0.38853735946233786,0.34510228654405384,0.6530241297182362
989,0.4944811761379242,1.022405982017517,0.738787829875946,0.42744579911231995,0.3172098994255066,0.16241781413555145,0.16241781413555145,0.16241781413555145,1.0,1.0,1.0,1.0,1.0,0.6000000238418579,0.0,0.902768611907959,1.0,0.7348955273628235,1.0,0.7348955273628235,1.0,0.16241781413555145,0.9465165885954474,0.844973981224766,2.014248346142665
6528,0.26100999116897583,0.5569793581962585,0.26541778445243835,0.23762790858745575,0.2799842655658722,0.19699954986572266,0.19699954986572266,0.19699954986572266,1.0,1.0,1.0,1.0,1.0,1.0,1.0,0.5569793581962585,1.0,0.9861106872558594,1.0,0.9861106872558594,1.0,0.19699954986572266,0.595690829654465,0.47206941127928714,1.1770507910120183
5418,0.3266262412071228,0.6311715841293335,0.379076212644577,0.3336207866668701,0.26718172430992126,0.13876008987426758,0.13876008987426758,0.13876008987426758,1.0,1.0,1.0,1.0,1.0,1.0,1.0,0.6362460851669312,1.0,0.009283683262765408,0.0,0.9907163381576538,0.9999929666519165,0.13876008987426758,0.1655414103091602,0.1655414103091602,0.33583915682250953
5692,0.3021696209907532,0.6274189352989197,0.5152600407600403,0.31549739837646484,0.07575134187936783,0.2920757234096527,0.2920757234096527,0.2920757234096527,1.0,1.0,1.0,1.0,1.0,1.0,1.0,0.6274189352989197,1.0,0.8853639364242554,1.0,0.8853639364242554,1.0,0.2920757234096527,0.4623892315522139,0.46059524124423357,1.413883846150624
1897,0.3767244517803192,0.8459010124206543,0.42450085282325745,0.5174523591995239,0.18822012841701508,0.23003068566322327,0.23003068566322327,0.23003068566322327,1.0,1.0,1.0,1.0,1.0,1.0,1.0,0.8459010124206543,1.0,0.0671403557062149,0.0,0.9328596591949463,1.0,0.23003068566322327,0.14857597980392695,0.14857597980392695,0.28960999324807724
801,0.35599055886268616,0.6823381185531616,0.49950075149536133,0.3124557137489319,0.25601518154144287,0.1686866581439972,0.1686866581439972,0.1686866581439972,1.0,1.0,1.0,1.0,1.0,1.0,1.0,0.6823381185531616,1.0,0.8033151626586914,1.0,0.8033151626586914,1.0,0.1686866581439972,0.34505796787036425,0.3097837067026717,0.3556076511234554
620,0.3667745292186737,0.704486608505249,0.4937756657600403,0.4033706784248352,0.20317716896533966,0.09796253591775894,1.1400530338287354,0.2588161528110504,0.20000000298023224,0.0,1.0,0.20000000298023224,0.0,0.20000000298023224,0.0,0.704486608505249,0.0,0.19716088473796844,0.0,0.8028391003608704,0.8568459749221802,1.1400530338287354,1.7858780902773133,0.22555458524049748,0.4114179139591651
901,0.39629054069519043,0.9005208015441895,0.7394778728485107,0.22938628494739532,0.2200074940919876,0.1580977439880371,0.1580977439880371,0.1580977439880371,1.0,1.0,1.0,1.0,1.0,0.6000000238418579,0.0,0.8180287480354309,1.0,0.7419918775558472,1.0,0.7419918775558472,1.0,0.1580977439880371,0.699349879299664,0.6841565455113722,0.9604671533249307
5348,0.5271731615066528,1.1517304182052612,0.8183687329292297,0.42442819476127625,0.33872243762016296,0.2772238552570343,0.2772238552570343,0.2772238552570343,1.0,1.0,1.0,1.0,1.0,0.20000000298023224,0.0,1.1919978857040405,1.0,0.977946937084198,1.0,0.977946937084198,1.0,0.2772238552570343,1.2473968968283027,0.8310525479751346,0.9816638502736355
8986,0.39975881576538086,0.8030509948730469,0.6330705285072327,0.3135203719139099,0.2526856064796448,0.1734294295310974,0.1734294295310974,0.1734294295310974,1.0,1.0,1.0,1.0,1.0,0.6000000238418579,0.0,0.8209884762763977,1.0,0.9930657148361206,1.0,0.9930657148361206,0.9999998807907104,0.1734294295310974,0.44338780686167073,0.37066261294658304,0.7334193361874115
749,0.49960118532180786,1.0501359701156616,0.4853099286556244,0.7170941233634949,0.29639944434165955,0.205454021692276,0.205454021692276,0.205454021692276,1.0,1.0,1.0,1.0,1.0,1.0,1.0,1.0501359701156616,1.0,0.23307175934314728,0.0,0.7669282555580139,1.0,0.205454021692276,0.7490788087037349,0.6563803814245003,0.8539374122064691
9432,0.26318487524986267,0.5359809994697571,0.2429703325033188,0.33768558502197266,0.20889873802661896,0.1623433381319046,0.1623433381319046,0.1623433381319046,1.0,1.0,1.0,1.0,1.0,1.0,1.0,0.5359809994697571,1.0,0.9738120436668396,1.0,0.9738120436668396,1.0,0.1623433381319046,0.3405839421415336,0.2034352763851282,0.21472585422830676
8092,0.5033035278320312,1.0332943201065063,0.5425934791564941,0.7565237879753113,0.21079328656196594,0.1719261109828949,0.1719261109828949,0.1719261109828949,1.0,1.0,1.0,1.0,1.0,1.0,1.0,1.0332943201065063,1.0,0.20632198452949524,0.0,0.7936780452728271,0.8666925430297852,0.1719261109828949,0.3602063715380959,0.3602063715380959,0.7948516693514537
4154,0.3681755065917969,0.8083855509757996,0.3853759467601776,0.49279531836509705,0.22635512053966522,0.17288629710674286,0.17288629710674286,0.17288629710674286,1.0,1.0,1.0,1.0,1.0,1.0,1.0,0.8083855509757996,1.0,0.9335233569145203,1.0,0.9335233569145203,0.9999814033508301,0.17288629710674286,0.9186356053200551,0.7151004602398152,2.1821385403061395
6096,0.3529272973537445,0.7536600232124329,0.5764162540435791,0.3076576292514801,0.17470793426036835,0.2931099832057953,0.2931099832057953,0.2931099832057953,1.0,1.0,1.0,1.0,1.0,1.0,1.0,0.7536600232124329,1.0,0.021598661318421364,0.0,0.9784013628959656,0.9999997615814209,0.2931099832057953,0.4294744708993932,0.3947436256132739,0.608133372193147
1556,0.4425027370452881,0.9458166360855103,0.412156879901886,0.5987986922264099,0.31655269861221313,0.16898922622203827,1.3390718698501587,0.16898922622203827,1.0,1.0,0.0,0.0,0.0,0.6000000238418579,0.0,0.8789270520210266,1.0,0.44615358114242554,1.0,0.5538464188575745,1.0,0.16898922622203827,1.7997132147699897,0.6854908270661086,1.252295761802238
4251,0.2737543284893036,0.5430383682250977,0.11177249252796173,0.40607020258903503,0.30342015624046326,0.12438859045505524,0.12438859045505524,0.12438859045505524,1.0,1.0,1.0,1.0,1.0,0.6000000238418579,0.0,0.5192762017250061,1.0,0.9337887167930603,1.0,0.9337887167930603,1.0,0.12438859045505524,0.495531237894067,0.4707655688619238,0.7652980823807529
5086,0.30483606457710266,0.6018943786621094,0.34529557824134827,0.40004420280456543,0.1691683679819107,0.0851789340376854,0.0851789340376854,0.0851789340376854,1.0,1.0,1.0,1.0,1.0,1.0,1.0,0.5674495100975037,1.0,0.1464070826768875,0.0,0.8535929322242737,1.0,0.0851789340376854,0.2017481296024719,0.2017481296024719,0.2992040417454339
4367,0.5638635754585266,1.1390053033828735,0.7377623915672302,0.6323050856590271,0.32152315974235535,0.1840207427740097,0.1840207427740097,0.1840207427740097,1.0,1.0,1.0,1.0,1.0,1.0,1.0,1.0993090867996216,1.0,0.052899960428476334,0.0,0.947100043296814,0.9996029734611511,0.1840207427740097,0.4474659964407918,0.4357506503472861,0.785449179807828
3961,0.33451372385025024,0.6413614153862,0.4418211877346039,0.410579651594162,0.15114019811153412,0.2499711960554123,0.4034241735935211,0.4034241735935211,0.20000000298023224,0.0,0.0,0.800000011920929,0.0,0.20000000298023224,0.0,0.6413614153862,0.0,0.03489907085895538,1.0,0.9651009440422058,0.9999995231628418,0.983611524105072,0.19383159068746547,0.19383159068746547,0.44339141803649273
6831,0.3479391038417816,0.68519526720047,0.34614118933677673,0.41013631224632263,0.2875397205352783,0.35442525148391724,0.35442525148391724,0.35442525148391724,1.0,1.0,1.0,1.0,1.0,1.0,1.0,0.68519526720047,1.0,0.13099896907806396,0.0,0.869001030921936,1.0,0.35442525148391724,1.3513572560734506,1.1501692439692435,6.264076332021474
1042,0.48358482122421265,1.0050901174545288,0.4671725332736969,0.706678569316864,0.276903361082077,0.2104671448469162,0.2104671448469162,0.2104671448469162,1.0,1.0,1.0,1.0,1.0,0.6000000238418579,0.0,0.9843746423721313,1.0,0.9947527647018433,1.0,0.9947527647018433,0.8013889193534851,0.2104671448469162,0.5205448280829124,0.4853890955895013,0.9345999085322366
7069,0.4679739773273468,0.9593362212181091,0.4326663017272949,0.6233867406845093,0.34786897897720337,0.05119319632649422,1.035207748413086,0.05119319632649422,1.0,1.0,0.0,0.0,0.0,0.6000000238418579,0.0,1.0410505533218384,1.0,0.20946387946605682,1.0,0.790536105632782,1.0,0.05119319632649422,1.273533682303408,0.8889991663054143,1.14496706187042
183,0.3091181814670563,0.6470717787742615,0.3719909191131592,0.4149770438671112,0.14038659632205963,0.27745357155799866,0.27745357155799866,0.27745357155799866,1.0,1.0,1.0,1.0,1.0,1.0,1.0,0.6470717787742615,1.0,0.003450088668614626,0.0,0.9965499043464661,1.0,0.27745357155799866,0.326870567987215,0.326870567987215,0.7628498575777791
2700,0.5168629884719849,1.1043113470077515,0.8021020293235779,0.37854501605033875,0.36994192004203796,0.16711115837097168,0.16711115837097168,0.16711115837097168,1.0,1.0,1.0,1.0,1.0,0.6000000238418579,0.0,0.7729060053825378,1.0,0.10405214130878448,0.0,0.8959478735923767,1.0,0.16711115837097168,0.5671992992391534,0.5671992992391534,1.711042088527794
478,0.5280150771141052,1.11282217502594,0.8393930792808533,0.2606891095638275,0.4839628338813782,0.19300678372383118,1.1158250570297241,0.19300678372383118,1.0,1.0,0.0,0.0,0.0,0.20000000298023224,0.0,0.8087595105171204,1.0,0.3269346058368683,1.0,0.6730654239654541,1.0,0.19300678372383118,0.5792841657938573,0.5772739314012985,0.8792744963795461
1448,0.42233872413635254,0.8573505282402039,0.5061659216880798,0.4272378087043762,0.3336125314235687,0.10802104324102402,0.10802104324102402,0.10802104324102402,1.0,1.0,1.0,1.0,1.0,1.0,1.0,0.8573505282402039,1.0,0.012979991734027863,0.0,0.9870200157165527,0.9999994039535522,0.10802104324102402,0.6621409291386157,0.5988829050356137,0.8336037287647782
8906,0.21936824917793274,0.4689183831214905,0.20499472320079803,0.3067173957824707,0.1463925689458847,0.21200518310070038,0.21200518310070038,0.21200518310070038,1.0,1.0,1.0,1.0,1.0,1.0,1.0,0.4689183831214905,1.0,0.9882230162620544,1.0,0.9882230162620544,1.0,0.21200518310070038,0.15757782758078778,0.15757782758078778,0.354777141204819
8769,0.507831871509552,1.004947543144226,0.716793954372406,0.5808733105659485,0.2258283644914627,0.1434604376554489,0.1434604376554489,0.1434604376554489,1.0,1.0,1.0,1.0,1.0,0.6000000238418579,0.0,0.796178936958313,1.0,0.05192716792225838,0.0,0.9480728507041931,1.0,0.1434604376554489,0.7295895601943038,0.5882886041325905,0.7443318301386862
9971,0.41037386655807495,0.8442016839981079,0.7168058156967163,0.304280161857605,0.21003560721874237,0.11474146693944931,0.11474146693944931,0.11474146693944931,1.0,1.0,1.0,1.0,1.0,1.0,1.0,0.8442016839981079,1.0,0.9839640259742737,1.0,0.9839640259742737,1.0,0.11474146693944931,0.9847422377146625,0.7726848447886993,0.9655823267014725
8316,0.656329870223999,1.3128626346588135,0.6858127117156982,1.0390146970748901,0.24416232109069824,0.16782061755657196,1.3433459997177124,0.16782061755657196,1.0,1.0,0.0,0.0,0.0,0.20000000298023224,0.0,0.7910110950469971,1.0,0.6811496019363403,0.0,0.6811496019363403,0.9999997615814209,0.16782061755657196,0.76285348004497,0.6637810314275533,0.8709484183171946
7440,0.3411942422389984,0.6505259275436401,0.31534919142723083,0.32856908440589905,0.3796643316745758,0.21890926361083984,0.7718310952186584,0.7718310952186584,0.6000000238418579,0.0,1.0,0.6000000238418579,0.0,0.6000000238418579,0.0,0.6505259275436401,0.0,0.023933768272399902,0.0,0.9760662317276001,0.8282206654548645,0.7718310952186584,1.6364250412910215,0.5162550849369317,0.7911656502322675
8567,0.3376998007297516,0.679746150970459,0.23535802960395813,0.22745847702026367,0.5502829551696777,0.21508684754371643,0.646632969379425,0.646632969379425,0.6000000238418579,0.0,1.0,0.6000000238418579,0.0,0.20000000298023224,0.0,0.6689659953117371,0.0,0.15818771719932556,0.0,0.841812252998352,0.9999884366989136,0.646632969379425,1.726067024995749,0.44381424206954495,0.7156237392781356
2046,0.31653329730033875,0.7114162445068359,0.2695930004119873,0.5587901473045349,0.12121661752462387,0.1304132044315338,0.1304132044315338,0.1304132044315338,1.0,1.0,1.0,1.0,1.0,0.6000000238418579,0.0,0.6856368780136108,1.0,0.44862037897109985,0.0,0.5513796210289001,0.9996178150177002,0.1304132044315338,0.2471695029630901,0.2471625525325665,0.42499798265112465
8674,0.6129557490348816,1.2186707258224487,0.8696352243423462,0.6955422759056091,0.27368980646133423,0.12476544827222824,1.2511470317840576,0.12476544827222824,1.0,1.0,0.0,0.0,0.0,0.20000000298023224,0.0,1.0560157299041748,1.0,0.49485543370246887,1.0,0.5051445960998535,1.0,0.12476544827222824,1.1104886181832685,1.0738717353822718,2.4342060575179163
7150,0.4110375940799713,0.813694417476654,0.4647742807865143,0.5160866975784302,0.25225183367729187,0.13546578586101532,0.13546578586101532,0.13546578586101532,1.0,1.0,1.0,1.0,1.0,0.6000000238418579,0.0,0.7423169016838074,1.0,0.4131702482700348,0.0,0.5868297815322876,1.0,0.13546578586101532,0.7442685975068055,0.6954196555731539,0.9048249096969727
4804,0.3408304452896118,0.6555275321006775,0.34785690903663635,0.4449021518230438,0.22973227500915527,0.25493237376213074,0.25493237376213074,0.25493237376213074,1.0,1.0,1.0,1.0,1.0,1.0,1.0,0.5606393814086914,1.0,0.0330953374505043,0.0,0.9669046401977539,1.0,0.25493237376213074,0.27040580300895717,0.23738366726268803,0.37036048087648227
1233,0.48380738496780396,1.01983642578125,0.6663312315940857,0.5173305869102478,0.26776036620140076,0.2535514235496521,0.897481381893158,0.6122247576713562,0.6000000238418579,0.0,0.0,0.4000000059604645,0.0,0.20000000298023224,0.0,0.878073513507843,0.0,0.9036356806755066,0.0,0.9036356806755066,0.9920096397399902,0.6122247576713562,0.3034705846967502,0.3034705846967502,0.4149773637491758
576,0.6323056221008301,1.3592302799224854,0.38289162516593933,1.1721004247665405,0.3419245779514313,0.1700538992881775,0.1700538992881775,0.1700538992881775,1.0,1.0,1.0,1.0,1.0,1.0,1.0,1.3592302799224854,1.0,0.9911425113677979,1.0,0.9911425113677979,1.0,0.1700538992881775,0.590424779073128,0.58960084705132,0.9245430928027727
746,0.3005366027355194,0.6170570254325867,0.34843710064888,0.34047412872314453,0.21269865334033966,0.2709072530269623,0.2709072530269623,0.2709072530269623,1.0,1.0,1.0,1.0,1.0,1.0,1.0,0.6170570254325867,1.0,0.047581497579813004,0.0,0.9524185061454773,0.9999991655349731,0.2709072530269623,0.6023820000638952,0.5356647530925239,1.1898628747691062
4999,0.45443499088287354,0.897810161113739,0.5742133855819702,0.5329089760780334,0.25618264079093933,0.2462816685438156,0.2462816685438156,0.2462816685438156,1.0,1.0,1.0,1.0,1.0,0.20000000298023224,0.0,0.7649437785148621,1.0,0.9418285489082336,1.0,0.9418285489082336,1.0,0.2462816685438156,0.439389628460177,0.439389628460177,0.7350939764685314
597,0.45043471455574036,0.8911008834838867,0.49621254205703735,0.5342899560928345,0.32080164551734924,0.25127896666526794,0.25127896666526794,0.25127896666526794,1.0,1.0,1.0,1.0,1.0,1.0,1.0,0.8911008834838867,1.0,0.019675370305776596,0.0,0.9803246259689331,1.0,0.25127896666526794,0.2194475332833344,0.2194475332833344,0.478224363724263
1576,0.35391733050346375,0.754094123840332,0.29966670274734497,0.5954090356826782,0.16667623817920685,0.13385049998760223,0.13385049998760223,0.13385049998760223,1.0,1.0,1.0,1.0,1.0,1.0,1.0,0.754094123840332,1.0,0.9924815893173218,1.0,0.9924815893173218,0.9999982118606567,0.13385049998760223,0.21589776240743994,0.21589776240743994,0.4123538644342821
9977,0.5364694595336914,1.080203890800476,0.37044164538383484,0.9012549519538879,0.33771181106567383,0.15258370339870453,0.15258370339870453,0.15258370339870453,1.0,1.0,1.0,1.0,1.0,1.0,1.0,1.080203890800476,1.0,0.008434262126684189,0.0,0.9915657639503479,0.9999793767929077,0.15258370339870453,0.4551876836299818,0.4551876836299818,0.7937798961194396
4928,0.4963124096393585,1.0186209678649902,0.6452410817146301,0.660914421081543,0.1827816367149353,0.32896631956100464,0.32896631956100464,0.32896631956100464,1.0,1.0,1.0,1.0,1.0,0.6000000238418579,0.0,0.8312212228775024,1.0,0.07911647111177444,0.0,0.9208835363388062,1.0,0.32896631956100464,0.6851798798284252,0.5693433549570343,0.9244497873889292
6902,0.290912389755249,0.5841467976570129,0.39788752794265747,0.27001211047172546,0.20483744144439697,0.21547745168209076,0.21547745168209076,0.21547745168209076,1.0,1.0,1.0,1.0,1.0,1.0,1.0,0.6350900530815125,1.0,0.9911214113235474,1.0,0.9911214113235474,1.0,0.21547745168209076,0.1815695931616495,0.1815695931616495,0.3629923005331764
7342,0.4370926320552826,0.8685081601142883,0.5311337113380432,0.456577867269516,0.3235663175582886,0.14451058208942413,0.14451058208942413,0.14451058208942413,1.0,1.0,1.0,1.0,1.0,1.0,1.0,0.8685081601142883,1.0,0.9367122054100037,1.0,0.9367122054100037,1.0,0.14451058208942413,0.6760705602683202,0.4996877560948453,0.7140135802243066
2153,0.4776895344257355,0.9965351223945618,0.5338842272758484,0.6493440866470337,0.24984018504619598,0.1928236484527588,0.32442012429237366,0.32442012429237366,0.20000000298023224,0.0,0.0,0.800000011920929,0.0,0.20000000298023224,0.0,0.9965351223945618,0.0,0.002384299412369728,1.0,0.9976156949996948,1.0,0.873519241809845,0.30119790873693536,0.30119790873693536,0.8456651269978037
8836,0.27253565192222595,0.5648423433303833,0.2928025424480438,0.43516865372657776,0.0896357074379921,0.18940046429634094,0.18940046429634094,0.18940046429634094,1.0,1.0,1.0,1.0,1.0,1.0,1.0,0.5648423433303833,1.0,0.9626805782318115,1.0,0.9626805782318115,1.0,0.18940046429634094,0.5917500780347934,0.5322415988820457,0.8875018034323952
584,0.3499968945980072,0.6672489643096924,0.4938516318798065,0.3252316415309906,0.2309073507785797,0.23702989518642426,0.23702989518642426,0.23702989518642426,1.0,1.0,1.0,1.0,1.0,0.6000000238418579,0.0,0.6718919277191162,1.0,0.9570801854133606,1.0,0.9570801854133606,1.0,0.23702989518642426,0.7826877934616535,0.7082074243882349,0.9673308124471194
8842,0.48557358980178833,1.0386641025543213,0.5180858969688416,0.7418280839920044,0.19680693745613098,0.21713745594024658,0.21713745594024658,0.21713745594024658,1.0,1.0,1.0,1.0,1.0,0.6000000238418579,0.0,0.9022625088691711,1.0,0.9962853193283081,1.0,0.9962853193283081,1.0,0.21713745594024658,0.43439392310605296,0.43439392310605296,1.546464350886636
6777,0.38503924012184143,0.7734422087669373,0.5020604133605957,0.467191606760025,0.18586568534374237,0.1384609192609787,0.1384609192609787,0.1384609192609787,1.0,1.0,1.0,1.0,1.0,0.20000000298023224,0.0,0.6495029330253601,1.0,0.14095264673233032,0.0,0.8590473532676697,1.0,0.1384609192609787,0.48730472006670034,0.48730472006670034,0.905830840722482
6190,0.33096811175346375,0.7344052195549011,0.33827605843544006,0.4387206733226776,0.21590757369995117,0.24096976220607758,0.24096976220607758,0.24096976220607758,1.0,1.0,1.0,1.0,1.0,1.0,1.0,0.7344052195549011,1.0,0.6899120807647705,1.0,0.6899120807647705,1.0,0.24096976220607758,0.5205275195013849,0.5124403728923371,2.1515015001084055
5178,0.33884572982788086,0.7518462538719177,0.5234574675559998,0.3515400290489197,0.14153949916362762,0.23893915116786957,0.23893915116786957,0.23893915116786957,1.0,1.0,1.0,1.0,1.0,0.20000000298023224,0.0,0.5386885404586792,1.0,0.46000343561172485,0.0,0.5399965643882751,1.0,0.23893915116786957,2.0131757011172198,0.8045611213485736,1.664683116336453
4661,0.34939226508140564,0.7340162992477417,0.4008162021636963,0.3441845178604126,0.30317607522010803,0.2113773375749588,0.2113773375749588,0.2113773375749588,1.0,1.0,1.0,1.0,1.0,1.0,1.0,0.7340162992477417,1.0,0.9926552772521973,1.0,0.9926552772521973,0.9999998807907104,0.2113773375749588,0.37369826537812956,0.37369826537812956,0.6137705849320645
5813,0.29287073016166687,0.6312082409858704,0.44600000977516174,0.25355038046836853,0.17906184494495392,0.18160590529441833,0.18160590529441833,0.18160590529441833,1.0,1.0,1.0,1.0,1.0,1.0,1.0,0.6312082409858704,1.0,0.9870495200157166,1.0,0.9870495200157166,0.9999998807907104,0.18160590529441833,0.3798730742887903,0.36483817207943614,0.43318516846594596
1569,0.4004961848258972,0.794010579586029,0.26023611426353455,0.5783548355102539,0.36289748549461365,0.18561500310897827,0.18561500310897827,0.18561500310897827,1.0,1.0,1.0,1.0,1.0,1.0,1.0,0.794010579586029,1.0,0.09896824508905411,0.0,0.9010317325592041,1.0,0.18561500310897827,0.5297128969271265,0.4809125220184513,0.9048616540662874
7875,0.4783337414264679,0.9819089770317078,0.43112659454345703,0.689867377281189,0.31400713324546814,0.23251524567604065,0.23251524567604065,0.23251524567604065,1.0,1.0,1.0,1.0,1.0,0.6000000238418579,0.0,0.8468491435050964,1.0,0.7510525584220886,1.0,0.7510525584220886,1.0,0.23251524567604065,0.8843035011648149,0.8424316845026024,0.9809615667833869
3487,0.5193657279014587,0.9892674684524536,0.580638587474823,0.6740690469741821,0.3033895790576935,0.3430456221103668,1.3566101789474487,0.3430456221103668,1.0,1.0,0.0,0.0,0.0,0.6000000238418579,0.0,0.9472950100898743,1.0,0.501362681388855,0.0,0.501362681388855,0.9999953508377075,0.3430456221103668,2.5359960512450455,0.6699404453980843,2.2055246399456574
9924,0.6311467885971069,1.2776228189468384,0.8564323782920837,0.6890298128128052,0.3479780852794647,0.20865459740161896,0.20865459740161896,0.20865459740161896,1.0,1.0,1.0,1.0,1.0,0.20000000298023224,0.0,0.9136466383934021,1.0,0.11085953563451767,0.0,0.8891404867172241,1.0,0.20865459740161896,1.0343576367913327,0.8816717847173585,1.14841624482171
3240,0.5623925924301147,1.1712703704833984,0.8520233035087585,0.6329713463783264,0.20218303799629211,0.15407346189022064,0.15407346189022064,0.15407346189022064,1.0,1.0,1.0,1.0,1.0,0.6000000238418579,0.0,1.1510549783706665,1.0,0.9819943308830261,1.0,0.9819943308830261,1.0,0.15407346189022064,0.46812426737805035,0.45684069975153235,0.8599534123821942
3778,0.6494573354721069,1.3150606155395508,0.6704745292663574,0.9548249244689941,0.3230724632740021,0.2518952786922455,0.8726264834403992,0.602037250995636,0.6000000238418579,0.0,0.0,0.4000000059604645,0.0,0.6000000238418579,0.0,1.1446764469146729,0.0,0.9710918664932251,0.0,0.9710918664932251,0.9999905824661255,0.602037250995636,0.49117032066370125,0.49117032066370125,1.0993418224738245
8591,0.6066340804100037,1.1790623664855957,0.8929678201675415,0.5980587601661682,0.3288755416870117,0.20111627876758575,0.20111627876758575,0.20111627876758575,1.0,1.0,1.0,1.0,1.0,0.6000000238418579,0.0,0.7817782759666443,1.0,0.24160075187683105,0.0,0.758399248123169,1.0,0.20111627876758575,1.3112698540647343,0.8424832430610548,1.2323465832704499
6856,0.6217536330223083,1.2713826894760132,0.6906026005744934,0.7926862239837646,0.38197192549705505,0.19864535331726074,0.19864535331726074,0.19864535331726074,1.0,1.0,1.0,1.0,1.0,0.6000000238418579,0.0,1.3553065061569214,1.0,0.9742431640625,1.0,0.9742431640625,1.0,0.19864535331726074,1.328825013022,1.2401327836383285,4.592999883045079
8973,0.19386114180088043,0.3926674425601959,0.3395005762577057,0.07066842168569565,0.17141442000865936,0.2021121084690094,0.2021121084690094,0.2021121084690094,1.0,1.0,1.0,1.0,1.0,1.0,1.0,0.3926674425601959,1.0,0.43926164507865906,0.0,0.5607383251190186,0.9999122619628906,0.2021121084690094,0.21928338116378487,0.21668175866032008,0.48736220287650905
9079,0.5409303307533264,1.0211992263793945,0.5301600694656372,0.7637103796005249,0.3289205729961395,0.2197493612766266,0.2197493612766266,0.2197493612766266,1.0,1.0,1.0,1.0,1.0,1.0,1.0,1.0211992263793945,1.0,0.9582003355026245,1.0,0.9582003355026245,1.0,0.2197493612766266,0.9374435876055616,0.652662626981888,0.9287966702599656
3330,0.7070601582527161,1.4259026050567627,0.9072427749633789,0.8910301327705383,0.3229074776172638,0.1603601723909378,1.0253790616989136,0.46370282769203186,0.6000000238418579,0.0,0.0,0.4000000059604645,0.0,0.20000000298023224,0.0,1.0891996622085571,0.0,0.054085876792669296,1.0,0.9459141492843628,0.734991192817688,0.46370282769203186,0.5010294553278745,0.4688026990181856,0.5683972680498929
1827,0.6270202994346619,1.3046276569366455,0.5105043649673462,1.0399067401885986,0.33064988255500793,0.2672252357006073,0.2672252357006073,0.2672252357006073,1.0,1.0,1.0,1.0,1.0,0.20000000298023224,0.0,1.134137511253357,1.0,0.14819885790348053,0.0,0.8518011569976807,1.0,0.2672252357006073,1.0076477022155208,0.7619340918720505,1.3662308949227766
3721,0.3587966561317444,0.6878724098205566,0.42436352372169495,0.41827723383903503,0.23374910652637482,0.14565692842006683,0.14565692842006683,0.14565692842006683,1.0,1.0,1.0,1.0,1.0,1.0,1.0,0.7438022494316101,1.0,0.9897542595863342,1.0,0.9897542595863342,1.0,0.14565692842006683,0.42851993166230656,0.42851993166230656,0.9700485141468981
6556,0.44067856669425964,0.9831922650337219,0.3508492112159729,0.7524846792221069,0.21870183944702148,0.22366181015968323,0.22366181015968323,0.22366181015968323,1.0,1.0,1.0,1.0,1.0,0.6000000238418579,0.0,0.9909107089042664,1.0,0.24917583167552948,0.0,0.7508241534233093,0.9988757967948914,0.22366181015968323,0.48950661234820697,0.4239880605638309,0.6585374131401398
2236,0.5435137748718262,1.16714608669281,0.5922593474388123,0.7218897342681885,0.316392183303833,0.3792897164821625,0.3792897164821625,0.3792897164821625,1.0,1.0,1.0,1.0,1.0,0.6000000238418579,0.0,0.9985014796257019,1.0,0.9555618762969971,1.0,0.9555618762969971,1.0,0.3792897164821625,0.8723385846258725,0.7781064722234594,1.11356932370707
4233,0.3087843060493469,0.6570581793785095,0.3599799871444702,0.3479525148868561,0.21842050552368164,0.3602614998817444,0.3602614998817444,0.3602614998817444,1.0,1.0,1.0,1.0,1.0,1.0,1.0,0.6570581793785095,1.0,0.015297690406441689,0.0,0.9847022891044617,1.0,0.3602614998817444,0.38182561200145676,0.37955895651940613,0.8102796968583692
4712,0.6502752304077148,1.3347376585006714,0.8229975700378418,0.45962706208229065,0.6682011485099792,0.2229214757680893,1.1007417440414429,0.2229214757680893,1.0,1.0,0.0,0.0,0.0,0.20000000298023224,0.0,0.9678826332092285,1.0,0.9506961107254028,0.0,0.9506961107254028,1.0,0.2229214757680893,1.2666632947940393,1.2477238805400996,8.90338135530345
5841,0.4719376564025879,1.0311509370803833,0.3696768283843994,0.8966823816299438,0.14945362508296967,0.13646812736988068,0.13646812736988068,0.13646812736988068,1.0,1.0,1.0,1.0,1.0,1.0,1.0,1.0311509370803833,1.0,0.9192711114883423,1.0,0.9192711114883423,1.0,0.13646812736988068,0.31552127515126005,0.31552127515126005,0.7403748186133186
1015,0.4465238153934479,0.8848692178726196,0.5557180643081665,0.4401664733886719,0.3436868190765381,0.09293336421251297,0.09293336421251297,0.09293336421251297,1.0,1.0,1.0,1.0,1.0,0.6000000238418579,0.0,0.9130899310112,1.0,0.9401347637176514,1.0,0.9401347637176514,0.9999946355819702,0.09293336421251297,0.352990459726597,0.352540505888428,0.5807402707881072
6370,0.3842955529689789,0.8141336441040039,0.30160239338874817,0.6181649565696716,0.23311927914619446,0.17715784907341003,0.17715784907341003,0.17715784907341003,1.0,1.0,1.0,1.0,1.0,0.6000000238418579,0.0,0.721320629119873,1.0,0.8317273259162903,1.0,0.8317273259162903,1.0,0.17715784907341003,1.1657501084892903,0.8592440332597808,0.9724189299620032
6409,0.5395435690879822,1.0096874237060547,0.6590901613235474,0.6581835150718689,0.3013569414615631,0.2688041627407074,1.173261046409607,0.2688041627407074,1.0,1.0,0.0,0.0,0.0,1.0,1.0,1.0096874237060547,1.0,0.45256996154785156,1.0,0.5474300384521484,0.9999842643737793,0.2688041627407074,2.104818727057342,0.18327952894106658,0.8142094420212749
7238,0.4881170392036438,0.9859353303909302,0.6485995650291443,0.5768604278564453,0.2388911247253418,0.26264968514442444,1.3963960409164429,0.26264968514442444,1.0,1.0,0.0,0.0,0.0,0.20000000298023224,0.0,0.7252615094184875,1.0,0.09981417655944824,1.0,0.9001858234405518,0.7324748635292053,0.26264968514442444,1.602268105711793,0.49411697270370525,0.7972404966671526
4623,0.6135354042053223,1.3451982736587524,0.5376374125480652,1.0487843751907349,0.2541843056678772,0.2174438089132309,0.2174438089132309,0.2174438089132309,1.0,1.0,1.0,1.0,1.0,0.6000000238418579,0.0,0.820224940776825,1.0,0.016698909923434258,0.0,0.9833011031150818,1.0,0.2174438089132309,1.2655801551450276,0.7529705028677266,1.3860655617119855
8543,0.31649908423423767,0.635992705821991,0.3202506899833679,0.39825189113616943,0.23099465668201447,0.10555646568536758,0.6673954129219055,0.5601232051849365,0.6000000238418579,0.0,0.0,0.4000000059604645,0.0,0.20000000298023224,0.0,0.6141077876091003,0.0,0.8815688490867615,0.0,0.8815688490867615,0.9998682737350464,0.5601232051849365,0.30899869724671075,0.30899869724671075,0.49352146973133887
205,0.3156142830848694,0.6531326174736023,0.4949687123298645,0.310433954000473,0.14144012331962585,0.24553446471691132,1.186729073524475,0.24553446471691132,1.0,1.0,0.0,0.0,0.0,1.0,1.0,0.6531326174736023,1.0,0.399392694234848,1.0,0.6006072759628296,0.7774724960327148,0.24553446471691132,2.001857188459504,0.06542110547874144,0.14076274502797123
9371,0.5845202803611755,1.2534958124160767,0.5060808062553406,1.0674090385437012,0.18007110059261322,0.12202560901641846,0.5069568753242493,0.5069568753242493,0.6000000238418579,0.0,1.0,0.6000000238418579,0.0,0.6000000238418579,0.0,0.7837806940078735,0.0,0.8377270102500916,1.0,0.8377270102500916,0.945650041103363,0.5069568753242493,1.6927524673846623,0.612627704711669,1.9342184886361284
3390,0.35856375098228455,0.7847881317138672,0.30545124411582947,0.6098611950874329,0.1603788435459137,0.1175476536154747,0.1175476536154747,0.1175476536154747,1.0,1.0,1.0,1.0,1.0,1.0,1.0,0.7847881317138672,1.0,0.016514556482434273,0.0,0.9834854602813721,0.9999984502792358,0.1175476536154747,0.10605439677674884,0.10605439677674884,0.24313006834891743
5690,0.6199571490287781,1.3471704721450806,0.9122907519340515,0.6878955364227295,0.25968489050865173,0.17786303162574768,0.17786303162574768,0.17786303162574768,1.0,1.0,1.0,1.0,1.0,0.6000000238418579,0.0,1.0774229764938354,1.0,0.033862873911857605,0.0,0.9661371111869812,1.0,0.17786303162574768,0.8336701139821908,0.7765297336720381,1.060196033905447
3221,0.7698675990104675,1.7896922826766968,0.5700492262840271,1.3539866209030151,0.3855668306350708,0.28614750504493713,0.5625676512718201,0.5625676512718201,0.6000000238418579,0.0,1.0,0.6000000238418579,0.0,0.20000000298023224,0.0,1.3017120361328125,0.0,0.533882737159729,1.0,0.533882737159729,1.0,0.5625676512718201,2.038156025970779,0.7921490759409431,2.133518741727817
3472,0.43835681676864624,0.8847911953926086,0.31327423453330994,0.627705991268158,0.37409016489982605,0.14436650276184082,0.14436650276184082,0.14436650276184082,1.0,1.0,1.0,1.0,1.0,0.6000000238418579,0.0,0.6222611665725708,1.0,0.06645822525024414,0.0,0.9335417747497559,1.0,0.14436650276184082,0.8563204524725264,0.5770844650528137,0.7969420245381658
3681,0.49869194626808167,0.9976171851158142,0.8078277707099915,0.5113250017166138,0.17692290246486664,0.16016049683094025,0.16016049683094025,0.16016049683094025,1.0,1.0,1.0,1.0,1.0,1.0,1.0,0.9976171851158142,1.0,0.9772934317588806,1.0,0.9772934317588806,1.0,0.16016049683094025,0.9890564546083201,0.6951871498117312,1.3542362813148991
6768,0.4701843559741974,0.8844673037528992,0.5172775983810425,0.571610152721405,0.3216651976108551,0.15008476376533508,0.15008476376533508,0.15008476376533508,1.0,1.0,1.0,1.0,1.0,1.0,1.0,0.8844673037528992,1.0,0.9923248291015625,1.0,0.9923248291015625,1.0,0.15008476376533508,0.3409024387565531,0.3409024387565531,0.7975802843903373
2314,0.5625537633895874,1.1680454015731812,0.6221163868904114,0.8207542300224304,0.24479050934314728,0.14100578427314758,0.14100578427314758,0.14100578427314758,1.0,1.0,1.0,1.0,1.0,0.6000000238418579,0.0,1.1683309078216553,1.0,0.9749050140380859,1.0,0.9749050140380859,0.8559105396270752,0.14100578427314758,0.638055333499682,0.6310970097324319,1.9017272839387076
6147,0.31691351532936096,0.7420212626457214,0.46694621443748474,0.28108882904052734,0.2027055323123932,0.2410232126712799,0.2410232126712799,0.2410232126712799,1.0,1.0,1.0,1.0,1.0,0.6000000238418579,0.0,0.683029294013977,1.0,0.03691660985350609,0.0,0.9630833864212036,1.0,0.2410232126712799,1.0204129086213207,0.7171917865341815,0.9566954597378107
9451,0.4780287742614746,0.9808110594749451,0.43854162096977234,0.6505569815635681,0.344987690448761,0.2793358862400055,0.9288668036460876,0.6530681848526001,0.6000000238418579,0.0,0.0,0.4000000059604645,0.0,0.20000000298023224,0.0,0.7651528716087341,0.0,0.5295964479446411,0.0,0.5295964479446411,0.9441836476325989,0.6530681848526001,0.3753283054992415,0.3561347605884547,0.6381135482462772
8486,0.4568386971950531,0.9527667164802551,0.5560620427131653,0.5965778827667236,0.2178761512041092,0.20433728396892548,0.20433728396892548,0.20433728396892548,1.0,1.0,1.0,1.0,1.0,0.6000000238418579,0.0,0.8943116068840027,1.0,0.5291135907173157,1.0,0.5291135907173157,1.0,0.20433728396892548,1.1007254917475113,0.8301197890443353,0.9583660610791336
6038,0.4220697283744812,0.8686216473579407,0.6614665389060974,0.4506521224975586,0.15409044921398163,0.2369990199804306,0.645872950553894,0.645872950553894,0.6000000238418579,0.0,1.0,0.6000000238418579,0.0,0.6000000238418579,0.0,0.7815664410591125,0.0,0.4999556541442871,0.0,0.5000443458557129,1.0,0.645872950553894,2.426275319741108,0.617460445975497,1.4196261803117074
5215,0.4411509931087494,0.9321151971817017,0.7665599584579468,0.244193434715271,0.312699556350708,0.09935186058282852,0.09935186058282852,0.09935186058282852,1.0,1.0,1.0,1.0,1.0,0.6000000238418579,0.0,1.0120173692703247,1.0,0.8720512390136719,1.0,0.8720512390136719,0.9999991655349731,0.09935186058282852,0.6041234104880745,0.5388585169439333,0.8838607662658512
7075,0.4944259822368622,0.9978528022766113,0.5752221345901489,0.6228598952293396,0.2851959764957428,0.20112743973731995,0.20112743973731995,0.20112743973731995,1.0,1.0,1.0,1.0,1.0,0.6000000238418579,0.0,0.9112483859062195,1.0,0.04139602184295654,0.0,0.9586039781570435,1.0,0.20112743973731995,0.592398044778356,0.592398044778356,0.9804277957181474
9573,0.43942856788635254,0.9135929346084595,0.6034596562385559,0.4710617959499359,0.24376411736011505,0.1762911081314087,1.23319411277771,0.1762911081314087,1.0,1.0,0.0,0.0,0.0,0.6000000238418579,0.0,0.6754459738731384,1.0,0.9063143134117126,0.0,0.9063143134117126,1.0,0.1762911081314087,0.8733419754871836,0.6459067194052984,1.193141057617982
6582,0.7728040218353271,1.5233211517333984,1.0365585088729858,0.8662559390068054,0.4155976474285126,0.2594939172267914,0.9045408368110657,0.5758827328681946,0.6000000238418579,0.0,0.0,0.4000000059604645,0.0,0.20000000298023224,0.0,0.8941375613212585,0.0,0.5173467993736267,0.0,0.5173467993736267,0.9999076128005981,0.5758827328681946,0.4542531012473856,0.44978423102199666,0.7586700600283931
3494,0.33007708191871643,0.673545777797699,0.4056895673274994,0.4400857388973236,0.14445586502552032,0.2139534056186676,0.2139534056186676,0.2139534056186676,1.0,1.0,1.0,1.0,1.0,0.6000000238418579,0.0,0.6737892031669617,1.0,0.950569748878479,1.0,0.950569748878479,1.0,0.2139534056186676,0.36020331287420604,0.35952232410840873,0.5816304519786382
2873,0.4302957355976105,0.9347872138023376,0.8239936232566833,0.25208503007888794,0.2148086130619049,0.19049763679504395,0.19049763679504395,0.19049763679504395,1.0,1.0,1.0,1.0,1.0,1.0,1.0,0.9347872138023376,1.0,0.017535744234919548,0.0,0.9824642539024353,1.0,0.19049763679504395,0.5379040541381828,0.48700119007448806,0.8446245399785767
7359,0.4372987449169159,0.9047698378562927,0.5051256418228149,0.6121966242790222,0.19457392394542694,0.23209337890148163,0.23209337890148163,0.23209337890148163,1.0,1.0,1.0,1.0,1.0,1.0,1.0,0.9047698378562927,1.0,0.04484248906373978,0.0,0.9551575183868408,1.0,0.23209337890148163,0.15681863878842922,0.15681863878842922,0.312927803598732
345,0.3785136640071869,0.746088445186615,0.33021989464759827,0.5015462636947632,0.303774893283844,0.08663161844015121,0.08663161844015121,0.08663161844015121,1.0,1.0,1.0,1.0,1.0,1.0,1.0,0.746088445186615,1.0,0.926552414894104,1.0,0.926552414894104,1.0,0.08663161844015121,0.17933099970839608,0.17419370246586544,0.3888155703664643
1950,0.33591535687446594,0.7085314989089966,0.23868070542812347,0.6217141151428223,0.14735117554664612,0.09379234164953232,0.09379234164953232,0.09379234164953232,1.0,1.0,1.0,1.0,1.0,1.0,1.0,0.7085314989089966,1.0,0.9831536412239075,1.0,0.9831536412239075,1.0,0.09379234164953232,0.256061959131776,0.256061959131776,0.3643128974680901
4883,0.2946065664291382,0.5748916864395142,0.23016424477100372,0.44752731919288635,0.20612812042236328,0.1304519921541214,0.1304519921541214,0.1304519921541214,1.0,1.0,1.0,1.0,1.0,1.0,1.0,0.5748916864395142,1.0,0.2544799745082855,0.0,0.7455199956893921,1.0,0.1304519921541214,0.10776859616491952,0.10776859616491952,0.2507140329973902
145,0.4290425777435303,0.8466948866844177,0.4611644744873047,0.6550795435905457,0.1708836406469345,0.1449311226606369,1.1471202373504639,0.1449311226606369,1.0,1.0,0.0,0.0,0.0,1.0,1.0,0.8466948866844177,1.0,0.09117702394723892,1.0,0.9088229537010193,0.511593222618103,0.1449311226606369,2.201492480386156,0.5013701119689171,1.1016516588744039
6395,0.30330079793930054,0.6218062043190002,0.4360336363315582,0.32419511675834656,0.14967364072799683,0.09817039966583252,0.09817039966583252,0.09817039966583252,1.0,1.0,1.0,1.0,1.0,1.0,1.0,0.6218062043190002,1.0,0.9752070307731628,1.0,0.9752070307731628,0.974420964717865,0.09817039966583252,0.2848760832468281,0.2848760832468281,0.5799448450010143
562,0.498565673828125,1.0034233331680298,0.2921583652496338,0.8288506865501404,0.37468793988227844,0.22393016517162323,0.22393016517162323,0.22393016517162323,1.0,1.0,1.0,1.0,1.0,1.0,1.0,1.0034233331680298,1.0,0.02090100757777691,0.0,0.9790989756584167,0.9999991655349731,0.22393016517162323,0.5070033880388107,0.4714642985056632,0.8164238651947847
1114,0.3306039869785309,0.6858829259872437,0.23374108970165253,0.5131238698959351,0.24494695663452148,0.1326131671667099,0.1326131671667099,0.1326131671667099,1.0,1.0,1.0,1.0,1.0,1.0,1.0,0.6858829259872437,1.0,0.13016273081302643,0.0,0.8698372840881348,1.0,0.1326131671667099,0.7901393554211292,0.788499705072929,5.669635313089063
5561,0.3389841616153717,0.7185773253440857,0.295702189207077,0.576982319355011,0.1442679613828659,0.11616753786802292,0.11616753786802292,0.11616753786802292,1.0,1.0,1.0,1.0,1.0,0.6000000238418579,0.0,0.615040123462677,1.0,0.5797050595283508,1.0,0.5797050595283508,1.0,0.11616753786802292,0.6899554873591306,0.644510038719956,0.8861208399471044
5889,0.45044803619384766,0.892625629901886,0.6459549069404602,0.4498477578163147,0.2555413246154785,0.17004559934139252,0.17004559934139252,0.17004559934139252,1.0,1.0,1.0,1.0,1.0,1.0,1.0,0.8485864996910095,1.0,0.01535059604793787,0.0,0.9846494197845459,1.0,0.17004559934139252,0.1989658941157938,0.1989658941157938,0.39599678944949407
2632,0.4557931125164032,0.9286002516746521,0.3188738524913788,0.7183173894882202,0.330188125371933,0.15296092629432678,1.367571234703064,0.15296092629432678,1.0,1.0,0.0,0.0,0.0,0.6000000238418579,0.0,0.7280247807502747,1.0,0.23358725011348724,1.0,0.7664127349853516,1.0,0.15296092629432678,0.935163201807119,0.7629373792985806,0.9282567125317298
2452,0.2987358272075653,0.5766535401344299,0.34777113795280457,0.3224038779735565,0.22603252530097961,0.1533902883529663,0.1533902883529663,0.1533902883529663,1.0,1.0,1.0,1.0,1.0,1.0,1.0,0.5766535401344299,1.0,0.9361226558685303,1.0,0.9361226558685303,0.9993757605552673,0.1533902883529663,0.1252499851724718,0.1252499851724718,0.27085299349965264
4347,0.36363083124160767,0.7097169756889343,0.49480611085891724,0.38061049580574036,0.2154759019613266,0.12271463125944138,0.12271463125944138,0.12271463125944138,1.0,1.0,1.0,1.0,1.0,1.0,1.0,0.7097169756889343,1.0,0.00928567536175251,0.0,0.9907143115997314,0.9940199851989746,0.12271463125944138,0.11394908754316098,0.11394908754316098,0.23885675016358252
9158,0.5198870897293091,0.9790361523628235,0.7347325682640076,0.5263537764549255,0.298574835062027,0.23152709007263184,0.23152709007263184,0.23152709007263184,1.0,1.0,1.0,1.0,1.0,0.6000000238418579,0.0,1.0182923078536987,1.0,0.35235166549682617,0.0,0.6476483345031738,1.0,0.23152709007263184,1.0858341554828086,0.7182748017235763,1.1072229147451043
9619,0.4725213646888733,0.8831068277359009,0.5822232961654663,0.39109429717063904,0.444246381521225,0.18041394650936127,0.18041394650936127,0.18041394650936127,1.0,1.0,1.0,1.0,1.0,1.0,1.0,0.8831068277359009,1.0,0.016627512872219086,0.0,0.9833725094795227,1.0,0.18041394650936127,0.7480693145056508,0.6950677757215197,2.398602901016943
8050,0.34416669607162476,0.7196094393730164,0.3397374153137207,0.5393449664115906,0.153417706489563,0.1899559050798416,0.1899559050798416,0.1899559050798416,1.0,1.0,1.0,1.0,1.0,0.6000000238418579,0.0,0.6634694933891296,1.0,0.9755698442459106,1.0,0.9755698442459106,1.0,0.1899559050798416,0.7908765629296477,0.769290742420471,1.6332999702256166
8882,0.7579506039619446,1.598598837852478,1.3470622301101685,0.5499388575553894,0.3768506646156311,0.23240506649017334,0.23240506649017334,0.23240506649017334,1.0,1.0,1.0,1.0,1.0,0.6000000238418579,0.0,1.5868934392929077,1.0,0.9809062480926514,1.0,0.9809062480926514,1.0,0.23240506649017334,0.662935061646958,0.6609831404811978,1.0321137179380993
667,0.4543561041355133,0.878858745098114,0.5925444960594177,0.4370213449001312,0.33350226283073425,0.1631949543952942,0.1631949543952942,0.1631949543952942,1.0,1.0,1.0,1.0,1.0,0.6000000238418579,0.0,0.865113377571106,1.0,0.7969170808792114,1.0,0.7969170808792114,1.0,0.1631949543952942,1.0032656882107331,0.8712535472825846,1.114906799485423
7890,0.33423301577568054,0.6891698241233826,0.4938313961029053,0.3106635510921478,0.19820402562618256,0.1823580116033554,0.1823580116033554,0.1823580116033554,1.0,1.0,1.0,1.0,1.0,1.0,1.0,0.6891698241233826,1.0,0.9745855927467346,1.0,0.9745855927467346,0.9999973773956299,0.1823580116033554,0.313431447742518,0.313431447742518,1.4584331126366388
287,0.4292140603065491,0.8719016909599304,0.4186519682407379,0.6834180951118469,0.1855720728635788,0.13889767229557037,0.13889767229557037,0.13889767229557037,1.0,1.0,1.0,1.0,1.0,1.0,1.0,0.8719016909599304,1.0,0.6471710205078125,1.0,0.6471710205078125,0.9999736547470093,0.13889767229557037,0.4938867466590417,0.4661037050154836,0.7636205486482717
9875,0.534324049949646,1.0530011653900146,0.8374213576316833,0.49537333846092224,0.27017727494239807,0.09248477965593338,0.09248477965593338,0.09248477965593338,1.0,1.0,1.0,1.0,1.0,0.20000000298023224,0.0,0.803364098072052,1.0,0.6086386442184448,1.0,0.6086386442184448,1.0,0.09248477965593338,0.7018113240214501,0.5098761159682644,0.6770811283818782
2215,0.38726872205734253,0.7906891703605652,0.3896122872829437,0.5360846519470215,0.2361091673374176,0.186423197388649,0.186423197388649,0.186423197388649,1.0,1.0,1.0,1.0,1.0,1.0,1.0,0.7930694222450256,1.0,0.9937242865562439,1.0,0.9937242865562439,0.9999958276748657,0.186423197388649,0.330805263570434,0.330805263570434,0.7149706869082877
8352,0.43214210867881775,0.8809248208999634,0.39481186866760254,0.6007676124572754,0.30084672570228577,0.1549401432275772,0.1549401432275772,0.1549401432275772,1.0,1.0,1.0,1.0,1.0,0.6000000238418579,0.0,1.05345618724823,1.0,0.9617679119110107,1.0,0.9617679119110107,1.0,0.1549401432275772,0.39079495638441636,0.36458096647540256,0.641977045243037
6755,0.2205970585346222,0.43233680725097656,0.14118805527687073,0.3442077338695526,0.17639532685279846,0.2062411606311798,0.2062411606311798,0.2062411606311798,1.0,1.0,1.0,1.0,1.0,1.0,1.0,0.43233680725097656,1.0,0.05492020025849342,0.0,0.9450798034667969,1.0,0.2062411606311798,0.37929762855484905,0.37539404943235116,0.7776575410263119
9750,0.2252865880727768,0.4516265094280243,0.2243383377790451,0.23741452395915985,0.21410684287548065,0.350934237241745,0.350934237241745,0.350934237241745,1.0,1.0,1.0,1.0,1.0,1.0,1.0,0.4516265094280243,1.0,0.8985394835472107,1.0,0.8985394835472107,0.9999997615814209,0.350934237241745,0.47906617017434944,0.45020325673066514,0.9844289223110886
6333,0.41328248381614685,0.8281192779541016,0.5993772745132446,0.39372768998146057,0.2467423528432846,0.11568345874547958,0.11568345874547958,0.11568345874547958,1.0,1.0,1.0,1.0,1.0,0.20000000298023224,0.0,0.8452579379081726,1.0,0.04180583357810974,0.0,0.9581941366195679,0.9999998807907104,0.11568345874547958,0.5005822783131099,0.5005822783131099,0.804028770008853
8250,0.3443862497806549,0.7760167121887207,0.3797253668308258,0.4946487545967102,0.15878458321094513,0.3547836244106293,0.3547836244106293,0.3547836244106293,1.0,1.0,1.0,1.0,1.0,1.0,1.0,0.7760167121887207,1.0,0.2448609173297882,0.0,0.7551391124725342,0.9999998807907104,0.3547836244106293,0.21221605013006561,0.21221605013006561,0.4922479022063197
4558,0.8401025533676147,1.7691982984542847,1.3317936658859253,0.9250871539115906,0.2634269595146179,0.1596624255180359,1.2104990482330322,0.1596624255180359,1.0,1.0,0.0,0.0,0.0,0.20000000298023224,0.0,0.5311828851699829,1.0,0.1137290820479393,1.0,0.8862709403038025,1.0,0.1596624255180359,0.49839472589188666,0.4754933907632814,1.0056974294266832
3796,0.2863089144229889,0.5707820057868958,0.28709420561790466,0.44784966111183167,0.12398288398981094,0.11426623165607452,0.11426623165607452,0.11426623165607452,1.0,1.0,1.0,1.0,1.0,1.0,1.0,0.5707820057868958,1.0,0.8879979848861694,1.0,0.8879979848861694,0.9999881982803345,0.11426623165607452,0.07031257114024386,0.07031257114024386,0.1519022847916048
7066,0.4417838156223297,0.9728878140449524,0.7941567301750183,0.36797523498535156,0.1632193773984909,0.12173400074243546,0.12173400074243546,0.12173400074243546,1.0,1.0,1.0,1.0,1.0,1.0,1.0,0.8023352026939392,1.0,0.9064679741859436,1.0,0.9064679741859436,1.0,0.12173400074243546,0.7817628247860822,0.6927036242181179,1.1459209970505129
9541,0.3186427354812622,0.7037196159362793,0.2643425166606903,0.558338463306427,0.13324715197086334,0.2389879673719406,0.2389879673719406,0.2389879673719406,1.0,1.0,1.0,1.0,1.0,0.6000000238418579,0.0,0.6660330891609192,1.0,0.01312935072928667,0.0,0.9868706464767456,0.9999973773956299,0.2389879673719406,0.26656005414248995,0.26656005414248995,0.6994626266988031
261,0.4033240079879761,0.8083502650260925,0.5359193682670593,0.49052271246910095,0.18352992832660675,0.12180860340595245,0.12180860340595245,0.12180860340595245,1.0,1.0,1.0,1.0,1.0,1.0,1.0,0.8083502650260925,1.0,0.041952308267354965,0.0,0.9580476880073547,1.0,0.12180860340595245,0.6024385319838432,0.5901729103395346,0.9117124658640007
8382,0.4585603177547455,0.9334850311279297,0.33304092288017273,0.7383980751037598,0.30424195528030396,0.1634393185377121,0.1634393185377121,0.1634393185377121,1.0,1.0,1.0,1.0,1.0,1.0,1.0,0.9334850311279297,1.0,0.629962682723999,1.0,0.629962682723999,0.9999943971633911,0.1634393185377121,0.3472491810364132,0.29914081656586783,0.58181818791275
764,0.6438435912132263,1.2485920190811157,0.6938863396644592,0.6931729912757874,0.5444715023040771,0.170151948928833,0.170151948928833,0.170151948928833,1.0,1.0,1.0,1.0,1.0,1.0,1.0,1.2585748434066772,1.0,0.01200328953564167,0.0,0.9879966974258423,0.9999997615814209,0.170151948928833,0.4482602204191365,0.4482602204191365,0.8338095576483816
6705,0.28315651416778564,0.5603156089782715,0.32741305232048035,0.25501561164855957,0.26704081892967224,0.06322511285543442,0.06322511285543442,0.06322511285543442,1.0,1.0,1.0,1.0,1.0,1.0,1.0,0.5452199578285217,1.0,0.07749879360198975,0.0,0.9225012063980103,0.9993311166763306,0.06322511285543442,0.2826365849364257,0.2826365849364257,0.9120327183662033
8651,0.3069007396697998,0.6743175387382507,0.2608463168144226,0.3668651580810547,0.2929907441139221,0.12349259853363037,0.12349259853363037,0.12349259853363037,1.0,1.0,1.0,1.0,1.0,0.6000000238418579,0.0,0.7619861960411072,1.0,0.014398830942809582,0.0,0.9856011867523193,0.997757613658905,0.12349259853363037,0.25671686215007716,0.25671686215007716,0.533523898694053
7378,0.2858075797557831,0.5632314085960388,0.18863338232040405,0.3847421705722809,0.2840472161769867,0.26004528999328613,0.26004528999328613,0.26004528999328613,1.0,1.0,1.0,1.0,1.0,0.6000000238418579,0.0,0.4862961769104004,1.0,0.011841436848044395,0.0,0.9881585836410522,1.0,0.26004528999328613,0.5175124435104815,0.42671171188273144,1.1340371268030323
3797,0.2457031011581421,0.49610453844070435,0.41258201003074646,0.14796407520771027,0.17656315863132477,0.16115236282348633,0.16115236282348633,0.16115236282348633,1.0,1.0,1.0,1.0,1.0,1.0,1.0,0.49610453844070435,1.0,0.9439664483070374,1.0,0.9439664483070374,1.0,0.16115236282348633,0.4343215182860381,0.4153558364610917,0.6985306215051557
2685,0.3694429099559784,0.7609115839004517,0.3536374568939209,0.5109203457832336,0.24377083778381348,0.1984981745481491,0.1984981745481491,0.1984981745481491,1.0,1.0,1.0,1.0,1.0,1.0,1.0,0.7609115839004517,1.0,0.14776843786239624,0.0,0.8522315621376038,0.9658554196357727,0.1984981745481491,0.1902713468506981,0.1902713468506981,0.32718840344680616
503,0.42265555262565613,0.8747143745422363,0.6332769393920898,0.5299121141433716,0.10477756708860397,0.1935722976922989,0.1935722976922989,0.1935722976922989,1.0,1.0,1.0,1.0,1.0,1.0,1.0,0.7974783778190613,1.0,0.9885508418083191,1.0,0.9885508418083191,1.0,0.1935722976922989,0.4072630520785723,0.4072630520785723,0.8784172849956254
1259,0.42016667127609253,0.8356807827949524,0.3587794303894043,0.4609488546848297,0.44077157974243164,0.19313175976276398,0.19313175976276398,0.19313175976276398,1.0,1.0,1.0,1.0,1.0,1.0,1.0,0.7038155794143677,1.0,0.9693622589111328,1.0,0.9693622589111328,1.0,0.19313175976276398,0.9783332661796261,0.9284524928040825,6.271320765158475
1023,0.4090087413787842,0.8186842203140259,0.5878599286079407,0.47109994292259216,0.1680663526058197,0.15088604390621185,0.15088604390621185,0.15088604390621185,1.0,1.0,1.0,1.0,1.0,1.0,1.0,0.8186842203140259,1.0,0.9699335694313049,1.0,0.9699335694313049,0.999481737613678,0.15088604390621185,0.32351643250846995,0.28563241262209776,0.588896706947209
6424,0.46912938356399536,0.988486111164093,0.8653688430786133,0.3578682839870453,0.1841510683298111,0.20480561256408691,0.20480561256408691,0.20480561256408691,1.0,1.0,1.0,1.0,1.0,1.0,1.0,0.988486111164093,1.0,0.0333331823348999,0.0,0.9666668176651001,0.9999973773956299,0.20480561256408691,0.5778730164573749,0.4608115763821083,0.8041856130910588
7210,0.5463011264801025,1.081584095954895,0.6842682957649231,0.6748499274253845,0.2797851264476776,0.11671493202447891,1.4189586639404297,0.11671493202447891,1.0,1.0,0.0,0.0,0.0,0.6000000238418579,0.0,0.9946565628051758,1.0,0.55097895860672,0.0,0.55097895860672,1.0,0.11671493202447891,1.1727125615271121,0.8125281178072952,0.9665426264741247
6243,0.3233591318130493,0.6419356465339661,0.32091984152793884,0.4756617546081543,0.17349575459957123,0.23935365676879883,0.23935365676879883,0.23935365676879883,1.0,1.0,1.0,1.0,1.0,1.0,1.0,0.6419356465339661,1.0,0.9829537868499756,1.0,0.9829537868499756,1.0,0.23935365676879883,0.25996878326962825,0.25996878326962825,0.6707937544248902
314,0.5659230947494507,1.1627883911132812,0.7813084721565247,0.738102912902832,0.17835791409015656,0.16072306036949158,0.16072306036949158,0.16072306036949158,1.0,1.0,1.0,1.0,1.0,1.0,1.0,1.1627883911132812,1.0,0.9931192398071289,1.0,0.9931192398071289,1.0,0.16072306036949158,0.5919931342008552,0.5919931342008552,2.072571028709645
5413,0.24852178990840912,0.4908199906349182,0.22280147671699524,0.35612979531288147,0.16663403809070587,0.16308119893074036,0.16308119893074036,0.16308119893074036,1.0,1.0,1.0,1.0,1.0,1.0,1.0,0.4908199906349182,1.0,0.991949200630188,1.0,0.991949200630188,1.0,0.16308119893074036,0.12550854236958095,0.12550854236958095,0.2574893084998782
886,0.4344184398651123,0.8415228128433228,0.6957859396934509,0.2449931651353836,0.3624761402606964,0.14317038655281067,0.14317038655281067,0.14317038655281067,1.0,1.0,1.0,1.0,1.0,0.6000000238418579,0.0,0.6415468454360962,1.0,0.024356510490179062,0.0,0.975643515586853,1.0,0.14317038655281067,0.6551517879000084,0.5340453272821291,0.7414184139481138
3610,0.43477168679237366,0.9133991599082947,0.5079877972602844,0.4384033679962158,0.35792386531829834,0.2867766320705414,0.2867766320705414,0.2867766320705414,1.0,1.0,1.0,1.0,1.0,0.6000000238418579,0.0,0.7290172576904297,1.0,0.8432185649871826,1.0,0.8432185649871826,1.0,0.2867766320705414,0.5886863440392093,0.5459603171741396,1.1869077451964465
2903,0.3799036741256714,0.7957433462142944,0.1539098471403122,0.7106801271438599,0.27512112259864807,0.16937902569770813,0.16937902569770813,0.16937902569770813,1.0,1.0,1.0,1.0,1.0,0.6000000238418579,0.0,0.6976225972175598,1.0,0.05917799100279808,0.0,0.9408220052719116,0.9997466206550598,0.16937902569770813,0.1007181690229415,0.1007181690229415,0.21639894893333453
2226,0.5716827511787415,1.142581582069397,0.5957595705986023,0.6593913435935974,0.4598974287509918,0.3798440098762512,1.5455909967422485,0.47810181975364685,0.20000000298023224,0.0,1.0,0.20000000298023224,0.0,0.20000000298023224,0.0,1.142581582069397,0.0,0.003192115807905793,0.0,0.996807873249054,0.5869349241256714,1.5455909967422485,2.028903788458714,0.45907241382460623,2.1403245980978998
1540,0.5403817892074585,1.084593653678894,0.7655929923057556,0.547920286655426,0.3076320290565491,0.31194543838500977,0.31194543838500977,0.31194543838500977,1.0,1.0,1.0,1.0,1.0,0.6000000238418579,0.0,1.0186741352081299,1.0,0.860516369342804,1.0,0.860516369342804,1.0,0.31194543838500977,0.5374381922747357,0.4983318618689616,0.6381835123629628
5905,0.3492785096168518,0.6901838183403015,0.3793678879737854,0.44527244567871094,0.22319507598876953,0.22809302806854248,0.22809302806854248,0.22809302806854248,1.0,1.0,1.0,1.0,1.0,1.0,1.0,0.6901838183403015,1.0,0.052397146821022034,0.0,0.9476028680801392,1.0,0.22809302806854248,0.5953801392736646,0.5846385939460126,0.8075517976265382
4462,0.3674713671207428,0.8218221664428711,0.15544332563877106,0.7077444195747375,0.23922641575336456,0.4201883375644684,0.4201883375644684,0.4201883375644684,1.0,1.0,1.0,1.0,1.0,1.0,1.0,0.8218221664428711,1.0,0.01724967174232006,0.0,0.9827503561973572,1.0,0.4201883375644684,0.38347705142572497,0.38347705142572497,1.0992332873617703
9445,0.34828776121139526,0.693658173084259,0.3174639642238617,0.4460812211036682,0.2813180088996887,0.13322517275810242,0.13322517275810242,0.13322517275810242,1.0,1.0,1.0,1.0,1.0,1.0,1.0,0.693658173084259,1.0,0.21428057551383972,0.0,0.7857193946838379,0.9987730383872986,0.13322517275810242,0.3186552069106533,0.3184253497272071,0.6748692913465311
9569,0.2803320586681366,0.58031165599823,0.43248340487480164,0.16730323433876038,0.24120961129665375,0.12478931248188019,1.2348648309707642,0.12478931248188019,1.0,1.0,0.0,0.0,0.0,0.6000000238418579,0.0,0.3504495322704315,1.0,0.5354500412940979,0.0,0.5354500412940979,0.9999998807907104,0.12478931248188019,1.296993479852536,0.6904680739339772,0.9112461043472301
1732,0.46483874320983887,1.0393071174621582,0.4144161641597748,0.6088235378265381,0.37127646803855896,0.1849021166563034,1.3567808866500854,0.1849021166563034,1.0,1.0,0.0,0.0,0.0,0.6000000238418579,0.0,1.1125870943069458,1.0,0.9079990386962891,0.0,0.9079990386962891,1.0,0.1849021166563034,2.0604386617847283,1.4712751170827092,8.469305128568028
1836,0.45625272393226624,0.9625712633132935,0.659149706363678,0.5518632531166077,0.1577451527118683,0.2725435793399811,0.7248405814170837,0.7248405814170837,0.6000000238418579,0.0,1.0,0.6000000238418579,0.0,0.20000000298023224,0.0,0.7760050892829895,0.0,0.06683991849422455,0.0,0.9331600666046143,0.9999998807907104,0.7248405814170837,1.8371816675788115,0.5902249434458439,0.9511961375326582
7759,0.31262972950935364,0.7094908952713013,0.17514152824878693,0.5641641020774841,0.19858351349830627,0.13733921945095062,0.13733921945095062,0.13733921945095062,1.0,1.0,1.0,1.0,1.0,1.0,1.0,0.7094908952713013,1.0,0.9045859575271606,1.0,0.9045859575271606,1.0,0.13733921945095062,0.8920813250759391,0.8857512532357947,2.4182104214326894
8053,0.354232519865036,0.6777654886245728,0.4027669131755829,0.39228180050849915,0.2676487863063812,0.2554614543914795,0.2554614543914795,0.2554614543914795,1.0,1.0,1.0,1.0,1.0,1.0,1.0,0.6777654886245728,1.0,0.7771791815757751,1.0,0.7771791815757751,1.0,0.2554614543914795,0.43206980989543836,0.4136389664962194,0.6808870483446069
2607,0.3657439053058624,0.7376653552055359,0.39094093441963196,0.39698246121406555,0.3093082904815674,0.19558782875537872,0.19558782875537872,0.19558782875537872,1.0,1.0,1.0,1.0,1.0,0.6000000238418579,0.0,0.6316737532615662,1.0,0.9738567471504211,1.0,0.9738567471504211,0.9970234036445618,0.19558782875537872,0.22227205322828592,0.21939311332211026,0.39145377119660896
8867,0.302176296710968,0.6969720125198364,0.3905540108680725,0.3246292173862457,0.19134566187858582,0.18463170528411865,0.18463170528411865,0.18463170528411865,1.0,1.0,1.0,1.0,1.0,1.0,1.0,0.6969720125198364,1.0,0.9206381440162659,1.0,0.9206381440162659,1.0,0.18463170528411865,0.26102453911322815,0.26102453911322815,0.5811748878978377
2407,0.5091840028762817,1.1168392896652222,0.8853594064712524,0.4366237223148346,0.2055688202381134,0.20867085456848145,0.20867085456848145,0.20867085456848145,1.0,1.0,1.0,1.0,1.0,1.0,1.0,1.1168392896652222,1.0,0.10241181403398514,0.0,0.8975881934165955,1.0,0.20867085456848145,0.6861719001447365,0.6861719001447365,1.198599333186887
7784,0.42124509811401367,0.9406771063804626,0.5589330196380615,0.29422515630722046,0.41057711839675903,0.1498417854309082,0.1498417854309082,0.1498417854309082,1.0,1.0,1.0,1.0,1.0,0.6000000238418579,0.0,0.9092810750007629,1.0,0.05967384949326515,0.0,0.9403261542320251,0.999976634979248,0.1498417854309082,0.4244637294616488,0.4244637294616488,0.974094268565075
8630,0.47781607508659363,0.9632775187492371,0.5661281943321228,0.6510719656944275,0.2162480652332306,0.3510063588619232,0.3510063588619232,0.3510063588619232,1.0,1.0,1.0,1.0,1.0,1.0,1.0,0.9632775187492371,1.0,0.04176190495491028,0.0,0.9582381248474121,1.0,0.3510063588619232,0.3211297496076607,0.3211297496076607,0.581294358358007
9789,0.35812127590179443,0.7318498492240906,0.3742789328098297,0.3730964660644531,0.3269883692264557,0.13379548490047455,0.13379548490047455,0.13379548490047455,1.0,1.0,1.0,1.0,1.0,1.0,1.0,0.7318498492240906,1.0,0.03725408390164375,0.0,0.9627459049224854,1.0,0.13379548490047455,0.4776206776613574,0.4776206776613574,1.0962724462273983
7482,0.23779456317424774,0.46727925539016724,0.3494087755680084,0.1659185141324997,0.19805635511875153,0.16463054716587067,0.16463054716587067,0.16463054716587067,1.0,1.0,1.0,1.0,1.0,1.0,1.0,0.46727925539016724,1.0,0.9868321418762207,1.0,0.9868321418762207,0.9999974966049194,0.16463054716587067,0.14077468772146937,0.1316357288307326,0.17957853607518914
2248,0.4177486002445221,0.8661980628967285,0.47892341017723083,0.43101388216018677,0.3433085083961487,0.07165761291980743,0.07165761291980743,0.07165761291980743,1.0,1.0,1.0,1.0,1.0,0.6000000238418579,0.0,0.7691659331321716,1.0,0.03128432855010033,0.0,0.9687156677246094,1.0,0.07165761291980743,1.3131334458235224,0.8401982757017803,1.2318520374057733
4054,0.32641804218292236,0.7117974162101746,0.5616925358772278,0.23630452156066895,0.18125703930854797,0.17025792598724365,1.310754656791687,0.17025792598724365,1.0,1.0,0.0,0.0,0.0,1.0,1.0,0.7117974162101746,1.0,0.7013529539108276,0.0,0.7013529539108276,0.9773910045623779,0.17025792598724365,2.133844488127842,0.60925917154336,1.2968092223658931
9467,0.3045780658721924,0.6459549069404602,0.4786284565925598,0.29482752084732056,0.1402781456708908,0.11641080677509308,0.23748107254505157,0.23748107254505157,0.20000000298023224,0.0,0.0,0.800000011920929,0.0,0.20000000298023224,0.0,0.6459549069404602,0.0,0.639906108379364,0.0,0.639906108379364,0.949337363243103,1.1422003507614136,0.15034037856618546,0.15034037856618546,0.3247670231225406
805,0.2456955760717392,0.47032424807548523,0.31875643134117126,0.24692364037036896,0.17140653729438782,0.14771801233291626,0.14771801233291626,0.14771801233291626,1.0,1.0,1.0,1.0,1.0,1.0,1.0,0.47032424807548523,1.0,0.9734821915626526,1.0,0.9734821915626526,1.0,0.14771801233291626,0.3370415435450162,0.2897796111048979,0.694108347961637
4842,0.4381926953792572,0.978580892086029,0.34151163697242737,0.7097694277763367,0.26329687237739563,0.27009597420692444,0.27009597420692444,0.27009597420692444,1.0,1.0,1.0,1.0,1.0,0.6000000238418579,0.0,1.0385496616363525,1.0,0.04456844925880432,0.0,0.9554315805435181,1.0,0.27009597420692444,2.2944830744889786,1.5772902126627484,12.171462379609718
7883,0.5184530019760132,0.9614925384521484,0.6136682629585266,0.5381540656089783,0.4035366177558899,0.23832140862941742,0.23832140862941742,0.23832140862941742,1.0,1.0,1.0,1.0,1.0,0.6000000238418579,0.0,1.0610071420669556,1.0,0.031031904742121696,0.0,0.9689680933952332,1.0,0.23832140862941742,1.0065523623763515,0.8159904206018361,1.0077444032382803
8615,0.3010241985321045,0.6289801597595215,0.5714065432548523,0.18320973217487335,0.14845633506774902,0.12414779514074326,0.12414779514074326,0.12414779514074326,1.0,1.0,1.0,1.0,1.0,1.0,1.0,0.6289801597595215,1.0,0.9713014364242554,1.0,0.9713014364242554,1.0,0.12414779514074326,0.15220878323738857,0.15220878323738857,0.3642460791113727
8310,0.45869797468185425,0.9414539337158203,0.6076312065124512,0.5444197058677673,0.22404304146766663,0.07277125120162964,0.07277125120162964,0.07277125120162964,1.0,1.0,1.0,1.0,1.0,1.0,1.0,0.9414539337158203,1.0,0.9550405144691467,1.0,0.9550405144691467,0.9999861717224121,0.07277125120162964,0.6435612701002169,0.6367517839024652,3.001056763354143
7505,0.46042823791503906,0.9184927940368652,0.47326764464378357,0.6486353278160095,0.25938165187835693,0.2550733983516693,0.2550733983516693,0.2550733983516693,1.0,1.0,1.0,1.0,1.0,1.0,1.0,0.9184927940368652,1.0,0.7049926519393921,1.0,0.7049926519393921,1.0,0.2550733983516693,0.5782307853460843,0.5744540069132961,0.8762184588211893
5649,0.5107753872871399,0.9934887290000916,0.4891505241394043,0.6977749466896057,0.34540054202079773,0.20124201476573944,0.20124201476573944,0.20124201476573944,1.0,1.0,1.0,1.0,1.0,1.0,1.0,0.9934887290000916,1.0,0.9943722486495972,1.0,0.9943722486495972,1.0,0.20124201476573944,0.2266695212326673,0.2266695212326673,0.5046069266173651
3129,0.26897889375686646,0.5106397867202759,0.29953187704086304,0.31460854411125183,0.1927962601184845,0.1920265555381775,0.1920265555381775,0.1920265555381775,1.0,1.0,1.0,1.0,1.0,1.0,1.0,0.5106397867202759,1.0,0.9980452060699463,1.0,0.9980452060699463,1.0,0.1920265555381775,0.15340769877938765,0.15340769877938765,0.40950601135211057
3750,0.6318243145942688,1.2590004205703735,0.7902242541313171,0.687065601348877,0.41818293929100037,0.13904264569282532,0.13904264569282532,0.13904264569282532,1.0,1.0,1.0,1.0,1.0,0.6000000238418579,0.0,1.1943514347076416,1.0,0.010723005048930645,0.0,0.9892770051956177,1.0,0.13904264569282532,0.8066822437524457,0.7402225985849109,0.9735107881775392
2263,0.6069515347480774,1.2352937459945679,0.8815705180168152,0.7142640948295593,0.22501997649669647,0.26906272768974304,0.26906272768974304,0.26906272768974304,1.0,1.0,1.0,1.0,1.0,0.20000000298023224,0.0,1.1176953315734863,1.0,0.8701857328414917,1.0,0.8701857328414917,1.0,0.26906272768974304,0.8947958094936459,0.767392012297989,0.9349028696195502
1885,0.5212329626083374,1.1758308410644531,1.1217933893203735,0.2554965913295746,0.18640874326229095,0.13619843125343323,0.13619843125343323,0.13619843125343323,1.0,1.0,1.0,1.0,1.0,0.20000000298023224,0.0,0.8308305740356445,1.0,0.9949709177017212,1.0,0.9949709177017212,1.0,0.13619843125343323,1.2496808766979355,0.7379762316280711,1.0183071005757458
3502,0.5260043144226074,0.9978802800178528,0.4817294180393219,0.6830875873565674,0.4131959080696106,0.11843905597925186,0.11843905597925186,0.11843905597925186,1.0,1.0,1.0,1.0,1.0,0.6000000238418579,0.0,1.041942834854126,1.0,0.9044448137283325,1.0,0.9044448137283325,1.0,0.11843905597925186,1.2692051507982607,1.2646361433452797,10.076089218208015
6157,0.4081704616546631,0.9164547324180603,0.23501567542552948,0.7571985125541687,0.2322971373796463,0.14996002614498138,1.1496832370758057,0.14996002614498138,1.0,1.0,0.0,0.0,0.0,1.0,1.0,0.9164547324180603,1.0,0.6322548985481262,0.0,0.6322548985481262,0.9826254844665527,0.14996002614498138,1.853651512620105,0.22159932174145938,0.5269588105669969
9406,0.3254658579826355,0.6584228277206421,0.21771137416362762,0.5495852828025818,0.2091008424758911,0.188077911734581,0.188077911734581,0.188077911734581,1.0,1.0,1.0,1.0,1.0,1.0,1.0,0.6584228277206421,1.0,0.06490929424762726,0.0,0.9350907206535339,0.9999505281448364,0.188077911734581,0.13605761608569072,0.13605761608569072,0.2504939019951034
9486,0.39953500032424927,0.850550651550293,0.6187391877174377,0.28661346435546875,0.2932523190975189,0.5374329090118408,0.5374329090118408,0.5374329090118408,1.0,1.0,1.0,1.0,1.0,1.0,1.0,0.850550651550293,1.0,0.9977207779884338,1.0,0.9977207779884338,1.0,0.5374329090118408,0.4994406568790676,0.4908247132359066,1.7501996328283944
3949,0.2888857126235962,0.6426190733909607,0.2974083125591278,0.45951053500175476,0.10973822325468063,0.23287320137023926,0.23287320137023926,0.23287320137023926,1.0,1.0,1.0,1.0,1.0,1.0,1.0,0.6426190733909607,1.0,0.7497784495353699,1.0,0.7497784495353699,0.9998369216918945,0.23287320137023926,0.2754094933693713,0.2627430038933632,0.5634239422916877
446,0.5254372358322144,1.1324692964553833,0.538291871547699,0.8792020678520203,0.15881772339344025,0.22618384659290314,0.22618384659290314,0.22618384659290314,1.0,1.0,1.0,1.0,1.0,0.6000000238418579,0.0,1.007452368736267,1.0,0.97804856300354,1.0,0.97804856300354,1.0,0.22618384659290314,0.6188132071677778,0.609496507512448,0.8542694873362066
781,0.485032856464386,0.9650207757949829,0.4685401916503906,0.5351566672325134,0.45140162110328674,0.06985720992088318,1.1897252798080444,0.06985720992088318,1.0,1.0,0.0,0.0,0.0,1.0,1.0,0.9650207757949829,1.0,0.3415473401546478,1.0,0.6584526300430298,1.0,0.06985720992088318,2.0286915672548917,1.483887077576994,4.2948562059835025
2423,0.42247480154037476,0.9026857614517212,0.4170435965061188,0.5587860941886902,0.29159465432167053,0.20410345494747162,0.20410345494747162,0.20410345494747162,1.0,1.0,1.0,1.0,1.0,1.0,1.0,0.9401931166648865,1.0,0.9551770091056824,1.0,0.9551770091056824,0.9999998807907104,0.20410345494747162,0.4477936600558356,0.43773219802443475,2.064448439014825
2686,0.4763748347759247,0.9470373392105103,0.5765913724899292,0.595885694026947,0.2566474676132202,0.24131737649440765,0.24131737649440765,0.24131737649440765,1.0,1.0,1.0,1.0,1.0,0.6000000238418579,0.0,0.7979235053062439,1.0,0.009079347364604473,0.0,0.9909206628799438,1.0,0.24131737649440765,0.9166538870479538,0.8462776341262558,6.590177036011142
6107,0.36834368109703064,0.759844958782196,0.4130447506904602,0.5053325891494751,0.1866537630558014,0.18254731595516205,0.18254731595516205,0.18254731595516205,1.0,1.0,1.0,1.0,1.0,1.0,1.0,0.759844958782196,1.0,0.14326198399066925,0.0,0.8567380309104919,0.9999903440475464,0.18254731595516205,0.707531417934366,0.5110492477165184,0.7399663103746994
9154,0.5983472466468811,1.0901272296905518,0.7203037142753601,0.5775192379951477,0.4972188174724579,0.14147233963012695,0.14147233963012695,0.14147233963012695,1.0,1.0,1.0,1.0,1.0,0.6000000238418579,0.0,0.8994609713554382,1.0,0.9894941449165344,1.0,0.9894941449165344,1.0,0.14147233963012695,0.5394707232924231,0.5269904678858737,0.867909730607841
7191,0.46683263778686523,0.9890457987785339,0.42066723108291626,0.8725711703300476,0.10725948959589005,0.15839830040931702,0.8357653021812439,0.48817178606987,0.6000000238418579,0.0,0.0,0.4000000059604645,0.0,0.20000000298023224,0.0,0.7548958659172058,0.0,0.8383029699325562,0.0,0.8383029699325562,1.0,0.48817178606987,0.35970506890932674,0.3595649961625093,0.6416762708562149
2239,0.47990936040878296,1.1580771207809448,0.35871273279190063,1.0270086526870728,0.05400673300027847,0.17186108231544495,0.17186108231544495,0.17186108231544495,1.0,1.0,1.0,1.0,1.0,1.0,1.0,1.1580771207809448,1.0,0.9435815811157227,1.0,0.9435815811157227,0.9999998807907104,0.17186108231544495,0.3605082824584897,0.3605082824584897,0.7806666221265229
3577,0.3008505702018738,0.5762383341789246,0.3748740553855896,0.33717042207717896,0.19050715863704681,0.19516123831272125,0.19516123831272125,0.19516123831272125,1.0,1.0,1.0,1.0,1.0,1.0,1.0,0.5762383341789246,1.0,0.9854414463043213,1.0,0.9854414463043213,1.0,0.19516123831272125,0.25733431142224,0.24482075101233383,0.44104714948190704
9877,0.41427212953567505,0.8822447657585144,0.5391483902931213,0.4250388741493225,0.2786291241645813,0.2415684312582016,0.2415684312582016,0.2415684312582016,1.0,1.0,1.0,1.0,1.0,1.0,1.0,0.8822447657585144,1.0,0.9696187376976013,1.0,0.9696187376976013,1.0,0.2415684312582016,0.7260824621108292,0.6468238171771852,0.8840064306549814
277,0.41468724608421326,0.8534685969352722,0.4177147448062897,0.6187394261360168,0.20760758221149445,0.2347540408372879,0.2347540408372879,0.2347540408372879,1.0,1.0,1.0,1.0,1.0,1.0,1.0,0.8534685969352722,1.0,0.8853023648262024,1.0,0.8853023648262024,1.0,0.2347540408372879,1.237784333190061,0.8808430356195546,3.7286329481945444
7422,0.5073390603065491,1.0566869974136353,0.4993441104888916,0.7184616923332214,0.304211288690567,0.2484249621629715,0.7061548829078674,0.6015722155570984,0.6000000238418579,0.0,0.0,0.4000000059604645,0.0,0.20000000298023224,0.0,0.7874138951301575,0.0,0.29658955335617065,1.0,0.7034104466438293,0.9999959468841553,0.6015722155570984,0.5682036660177711,0.5270002687118357,0.6820266755762487
2743,0.45640748739242554,0.9706192016601562,0.7909456491470337,0.28077608346939087,0.2975006103515625,0.14514505863189697,0.14514505863189697,0.14514505863189697,1.0,1.0,1.0,1.0,1.0,0.6000000238418579,0.0,1.0318658351898193,1.0,0.9169617295265198,1.0,0.9169617295265198,1.0,0.14514505863189697,0.43894160990064124,0.43894160990064124,0.8653972473672903
8517,0.3197833001613617,0.6286413669586182,0.30433306097984314,0.4941093623638153,0.16090743243694305,0.25158336758613586,1.1685913801193237,0.48323431611061096,0.20000000298023224,0.0,1.0,0.20000000298023224,0.0,0.20000000298023224,0.0,0.6286413669586182,0.0,0.30367764830589294,0.0,0.6963223218917847,0.9999407529830933,1.1685913801193237,1.956713288202094,0.23462108598478457,0.6559432340440523
5640,0.4534461498260498,0.8623164296150208,0.5129430890083313,0.5222663283348083,0.32512903213500977,0.1341514140367508,0.1341514140367508,0.1341514140367508,1.0,1.0,1.0,1.0,1.0,1.0,1.0,0.8623164296150208,1.0,0.035706959664821625,0.0,0.9642930626869202,1.0,0.1341514140367508,0.6944020356423405,0.6748123224488055,1.19361986491119
8155,0.5799518823623657,1.1322224140167236,0.7043318748474121,0.6638755798339844,0.37164804339408875,0.13068340718746185,0.13068340718746185,0.13068340718746185,1.0,1.0,1.0,1.0,1.0,0.6000000238418579,0.0,0.9390794634819031,1.0,0.5975979566574097,1.0,0.5975979566574097,0.9999998807907104,0.13068340718746185,1.4631238797756705,0.7063373701118668,0.8116254668819671
7604,0.3890455365180969,0.7897903323173523,0.42574578523635864,0.5422754883766174,0.19911536574363708,0.18750521540641785,0.18750521540641785,0.18750521540641785,1.0,1.0,1.0,1.0,1.0,0.6000000238418579,0.0,0.7633379101753235,1.0,0.48806411027908325,0.0,0.5119358897209167,0.9873015880584717,0.18750521540641785,0.19397087722991724,0.19397087722991724,0.35839170647862945
5382,0.4644618630409241,0.913670003414154,0.4884072244167328,0.6592270731925964,0.24575117230415344,0.17906910181045532,0.17906910181045532,0.17906910181045532,1.0,1.0,1.0,1.0,1.0,1.0,1.0,0.913670003414154,1.0,0.7382321357727051,1.0,0.7382321357727051,1.0,0.17906910181045532,0.3833699859758286,0.38164918100839257,1.486826833153175
7104,0.3395840525627136,0.7025143504142761,0.4036639332771301,0.5133944749832153,0.10169368982315063,0.14493858814239502,0.14493858814239502,0.14493858814239502,1.0,1.0,1.0,1.0,1.0,1.0,1.0,0.7025143504142761,1.0,0.3862055242061615,0.0,0.6137944459915161,1.0,0.14493858814239502,0.9648275417070286,0.7429619211992645,0.9990570475672673
2290,0.30149659514427185,0.617749035358429,0.2641603648662567,0.38151779770851135,0.2588115930557251,0.1334892362356186,0.1334892362356186,0.1334892362356186,1.0,1.0,1.0,1.0,1.0,1.0,1.0,0.607861340045929,1.0,0.13342313468456268,0.0,0.8665768504142761,0.9989047050476074,0.1334892362356186,0.33439511576820447,0.33439511576820447,0.6520739652297702
1669,0.38776183128356934,0.7578455209732056,0.4576955735683441,0.5384881496429443,0.16710172593593597,0.10972058773040771,0.10972058773040771,0.10972058773040771,1.0,1.0,1.0,1.0,1.0,1.0,1.0,0.7578455209732056,1.0,0.9549746513366699,1.0,0.9549746513366699,0.9999998807907104,0.10972058773040771,0.316194268316312,0.30520103210895244,0.4944942362632276
6950,0.4412013590335846,0.9142528772354126,0.4676024615764618,0.7215524911880493,0.13444912433624268,0.22534394264221191,0.8858959078788757,0.47689270973205566,0.6000000238418579,0.0,0.0,0.4000000059604645,0.0,0.20000000298023224,0.0,0.623374879360199,0.0,0.09581005573272705,1.0,0.904189944267273,0.7968957424163818,0.47689270973205566,0.12942127323989278,0.12942127323989278,0.20248295620721551
2645,0.44809502363204956,0.8969789743423462,0.5483627319335938,0.46992212533950806,0.3260001838207245,0.18694843351840973,0.18694843351840973,0.18694843351840973,1.0,1.0,1.0,1.0,1.0,0.6000000238418579,0.0,0.658904492855072,1.0,0.6581150889396667,1.0,0.6581150889396667,1.0,0.18694843351840973,0.887542791914334,0.7457663750471856,2.451009206129785
1775,0.40934666991233826,0.8179810643196106,0.42490360140800476,0.6632464528083801,0.13988995552062988,0.192857027053833,0.192857027053833,0.192857027053833,1.0,1.0,1.0,1.0,1.0,1.0,1.0,0.8179810643196106,1.0,0.037025563418865204,0.0,0.9629744291305542,1.0,0.192857027053833,0.6606574947082338,0.5468688660024371,0.740701233530395
9179,0.3661763072013855,0.7654711604118347,0.25730690360069275,0.6153039336204529,0.22591805458068848,0.03567332774400711,0.03567332774400711,0.03567332774400711,1.0,1.0,1.0,1.0,1.0,1.0,1.0,0.7654711604118347,1.0,0.03613477945327759,0.0,0.9638652205467224,0.9999786615371704,0.03567332774400711,0.20584664216938034,0.20584664216938034,0.40097588349792734
515,0.44255635142326355,0.9012446403503418,0.5838202834129333,0.41131001710891724,0.3325386345386505,0.16469989717006683,0.16469989717006683,0.16469989717006683,1.0,1.0,1.0,1.0,1.0,0.6000000238418579,0.0,0.8147956728935242,1.0,0.811427116394043,1.0,0.811427116394043,0.9999998807907104,0.16469989717006683,0.4243896719251531,0.3147138091639841,0.6159431339328786
6738,0.4142357110977173,0.8645666241645813,0.3078564405441284,0.35072192549705505,0.5841286182403564,0.21617017686367035,0.21617017686367035,0.21617017686367035,1.0,1.0,1.0,1.0,1.0,1.0,1.0,0.8645666241645813,1.0,0.7346066236495972,1.0,0.7346066236495972,1.0,0.21617017686367035,0.6816648537389168,0.6481054265405647,0.9249921534488073
1041,0.45476600527763367,0.8550578951835632,0.5395693182945251,0.5376357436180115,0.28709283471107483,0.12031932175159454,0.12031932175159454,0.12031932175159454,1.0,1.0,1.0,1.0,1.0,1.0,1.0,0.8550578951835632,1.0,0.02457624115049839,0.0,0.9754237532615662,1.0,0.12031932175159454,0.23557775387154298,0.23557775387154298,0.49541861538835363
1810,0.4554058313369751,0.969545304775238,0.20300641655921936,0.8528925776481628,0.3103184401988983,0.0984177514910698,0.0984177514910698,0.0984177514910698,1.0,1.0,1.0,1.0,1.0,0.6000000238418579,0.0,0.9619846343994141,1.0,0.9821406602859497,1.0,0.9821406602859497,1.0,0.0984177514910698,0.6573360735161758,0.5853692804274683,0.8577455477989496
6138,0.5487648844718933,1.0138682126998901,0.7189742922782898,0.5818557739257812,0.34546443819999695,0.1828162521123886,0.1828162521123886,0.1828162521123886,1.0,1.0,1.0,1.0,1.0,0.6000000238418579,0.0,0.8572593927383423,1.0,0.4516615569591522,0.0,0.5483384132385254,1.0,0.1828162521123886,0.6535822638620313,0.6370261920211859,1.0175143738790609
8606,0.5166119337081909,0.996571958065033,0.47513386607170105,0.6627117395401001,0.411990225315094,0.16909511387348175,0.16909511387348175,0.16909511387348175,1.0,1.0,1.0,1.0,1.0,0.6000000238418579,0.0,0.9861254096031189,1.0,0.013835038989782333,0.0,0.9861649870872498,1.0,0.16909511387348175,0.29729931156289163,0.2893201243015821,0.5092975247184213
9543,0.5112167596817017,1.1130878925323486,0.624958336353302,0.7213622331619263,0.18732967972755432,0.13105082511901855,0.13105082511901855,0.13105082511901855,1.0,1.0,1.0,1.0,1.0,0.20000000298023224,0.0,0.9689844250679016,1.0,0.6869591474533081,1.0,0.6869591474533081,0.9999992847442627,0.13105082511901855,0.4804608516654496,0.4799789724565603,0.7712969855394569
7272,0.4435628354549408,0.9091886878013611,0.6077442169189453,0.4686950147151947,0.25424912571907043,0.18414375185966492,0.18414375185966492,0.18414375185966492,1.0,1.0,1.0,1.0,1.0,0.6000000238418579,0.0,0.9854118227958679,1.0,0.0332682803273201,0.0,0.9667317271232605,1.0,0.18414375185966492,0.5467105516394486,0.5322613931648827,2.739504084740602
485,0.5977919697761536,1.1226215362548828,0.6557027697563171,0.5778147578239441,0.5598581433296204,0.2442382574081421,0.8470835089683533,0.6153338551521301,0.6000000238418579,0.0,1.0,0.6000000238418579,0.0,0.20000000298023224,0.0,1.0597628355026245,0.0,0.39771604537963867,0.0,0.6022839546203613,0.9968282580375671,0.8470835089683533,2.182752175602216,0.8086080120654918,1.2669520902792923
4042,0.8540316224098206,1.889809012413025,1.6807537078857422,0.5646066069602966,0.3167341649532318,0.11511030048131943,1.2161046266555786,0.11511030048131943,1.0,1.0,0.0,0.0,0.0,0.20000000298023224,0.0,1.0565122365951538,1.0,0.6052787899971008,0.0,0.6052787899971008,1.0,0.11511030048131943,0.5507597665574434,0.5368143982998224,0.8548449559619139
9892,0.35040539503097534,0.7555750012397766,0.5711671113967896,0.3157746493816376,0.1642743945121765,0.10425660759210587,0.10425660759210587,0.10425660759210587,1.0,1.0,1.0,1.0,1.0,1.0,1.0,0.7555750012397766,1.0,0.8710744380950928,1.0,0.8710744380950928,0.9999467134475708,0.10425660759210587,0.22888313610413602,0.22888313610413602,0.3750877497841586
2491,0.387831449508667,0.7523385286331177,0.3651576042175293,0.5499133467674255,0.24842341244220734,0.20794086158275604,0.20794086158275604,0.20794086158275604,1.0,1.0,1.0,1.0,1.0,0.6000000238418579,0.0,0.7028412818908691,1.0,0.09764555096626282,0.0,0.9023544788360596,1.0,0.20794086158275604,0.6073374478597706,0.43539968965391623,0.5393920533237871
6354,0.623238205909729,1.2441905736923218,0.9719066619873047,0.6297761797904968,0.26803165674209595,0.14058636128902435,0.14058636128902435,0.14058636128902435,1.0,1.0,1.0,1.0,1.0,0.6000000238418579,0.0,1.116559624671936,1.0,0.5195429921150208,1.0,0.5195429921150208,1.0,0.14058636128902435,0.9695898500590772,0.9054117485047866,1.0117497458972236
7199,0.8025212287902832,1.6295607089996338,1.06671941280365,1.1338895559310913,0.20695458352565765,0.2311437577009201,0.2311437577009201,0.2311437577009201,1.0,1.0,1.0,1.0,1.0,0.6000000238418579,0.0,0.9860700964927673,1.0,0.853606104850769,1.0,0.853606104850769,1.0,0.2311437577009201,0.8888245823602339,0.758668631270863,1.0898895774715331
2275,0.4950100779533386,0.978682816028595,0.5598164796829224,0.6423360705375671,0.2828776240348816,0.23296581208705902,0.7862376570701599,0.7862376570701599,0.6000000238418579,0.0,0.0,0.4000000059604645,0.0,0.20000000298023224,0.0,0.759341835975647,0.0,0.9593497514724731,0.0,0.9593497514724731,0.9999948740005493,0.8821269869804382,0.7825007103849657,0.7705509741634473,2.2892889915210786
4982,0.4996556341648102,1.0571602582931519,0.6701586842536926,0.5199158787727356,0.30889222025871277,0.12770557403564453,0.12770557403564453,0.12770557403564453,1.0,1.0,1.0,1.0,1.0,0.6000000238418579,0.0,1.0106972455978394,1.0,0.9316908121109009,1.0,0.9316908121109009,1.0,0.12770557403564453,0.3973021808705727,0.39671495869538237,0.904993005687376
5137,0.4238647222518921,0.8910922408103943,0.6922157406806946,0.44211044907569885,0.13726797699928284,0.1591709405183792,0.1591709405183792,0.1591709405183792,1.0,1.0,1.0,1.0,1.0,1.0,1.0,0.8910922408103943,1.0,0.050456978380680084,0.0,0.9495429992675781,1.0,0.1591709405183792,0.25601826026671276,0.25601826026671276,0.7849265817913291
3003,0.7144643664360046,1.3950660228729248,0.8852430582046509,0.7682275176048279,0.489922434091568,0.2727196216583252,0.2727196216583252,0.2727196216583252,1.0,1.0,1.0,1.0,1.0,1.0,1.0,1.3950660228729248,1.0,0.939727783203125,1.0,0.939727783203125,0.9999998807907104,0.2727196216583252,0.8256095927610733,0.7408075528766176,1.0002704294766924
6045,0.5868439674377441,1.1801049709320068,0.5635846257209778,0.8824310302734375,0.31451621651649475,0.08837633579969406,1.145843267440796,0.2211497575044632,0.20000000298023224,0.0,1.0,0.20000000298023224,0.0,0.20000000298023224,0.0,1.007361650466919,0.0,0.26521798968315125,0.0,0.7347819805145264,0.9998852014541626,1.145843267440796,2.027722971521496,0.25377812517299975,0.545116727010523
3595,0.4053393006324768,0.8981973528862,0.5157513618469238,0.5428985953330994,0.15736787021160126,0.26680120825767517,0.26680120825767517,0.26680120825767517,1.0,1.0,1.0,1.0,1.0,1.0,1.0,0.8981973528862,1.0,0.9494010806083679,1.0,0.9494010806083679,1.0,0.26680120825767517,0.2639198986993168,0.2639198986993168,0.6091797579175362
836,0.44377848505973816,0.9166707992553711,0.37213143706321716,0.7462316751480103,0.2129722684621811,0.19843356311321259,0.19843356311321259,0.19843356311321259,1.0,1.0,1.0,1.0,1.0,1.0,1.0,0.9166707992553711,1.0,0.9784985184669495,1.0,0.9784985184669495,1.0,0.19843356311321259,0.39679262000032434,0.3743747727980725,0.6106134464595734
2616,0.5806041955947876,1.1087989807128906,0.7047106623649597,0.6178358197212219,0.4192660450935364,0.05227078124880791,1.0806111097335815,0.05227078124880791,1.0,1.0,0.0,0.0,0.0,0.20000000298023224,0.0,0.9279708862304688,1.0,0.5556080341339111,0.0,0.5556080341339111,1.0,0.05227078124880791,1.0875561517215535,0.898914713144209,1.0805367540934594
6853,0.3603716194629669,0.7545693516731262,0.3327988088130951,0.5599202513694763,0.18839576840400696,0.08526881784200668,0.08526881784200668,0.08526881784200668,1.0,1.0,1.0,1.0,1.0,1.0,1.0,0.7545693516731262,1.0,0.3488246202468872,0.0,0.6511753797531128,1.0,0.08526881784200668,0.32438633106733344,0.30938536314230103,0.8241981386027417
6160,0.5906676054000854,1.266426682472229,0.4103718400001526,1.1289118528366089,0.2327190637588501,0.1255437582731247,1.2690538167953491,0.1255437582731247,1.0,1.0,0.0,0.0,0.0,0.20000000298023224,0.0,0.8082396388053894,1.0,0.3899993300437927,1.0,0.6100006699562073,1.0,0.1255437582731247,1.0772147909738667,0.8631748765472644,0.9852160990415996
7663,0.22456255555152893,0.4362296760082245,0.32071298360824585,0.18570950627326965,0.1672651469707489,0.24103549122810364,0.24103549122810364,0.24103549122810364,1.0,1.0,1.0,1.0,1.0,1.0,1.0,0.4362296760082245,1.0,0.1952381730079651,0.0,0.8047618269920349,1.0,0.24103549122810364,0.6946961537403902,0.6730230061709894,6.189327471730607
5195,0.5707411170005798,1.178953766822815,0.8658944964408875,0.3571864068508148,0.4891423285007477,0.21887712180614471,0.21887712180614471,0.21887712180614471,1.0,1.0,1.0,1.0,1.0,0.6000000238418579,0.0,1.2457607984542847,1.0,0.014660016633570194,0.0,0.9853399991989136,1.0,0.21887712180614471,1.5712335360186116,1.4232018400087827,4.153737654016981
7683,0.25944384932518005,0.5211907029151917,0.1368090659379959,0.3146044909954071,0.32691794633865356,0.19373278319835663,0.19373278319835663,0.19373278319835663,1.0,1.0,1.0,1.0,1.0,1.0,1.0,0.4343368709087372,1.0,0.867181658744812,1.0,0.867181658744812,0.9999996423721313,0.19373278319835663,0.06050386672045952,0.06050386672045952,0.12888963323039276
52,0.36472779512405396,0.7222889065742493,0.47393137216567993,0.527725875377655,0.0925261378288269,0.18221484124660492,0.18221484124660492,0.18221484124660492,1.0,1.0,1.0,1.0,1.0,1.0,1.0,0.7222889065742493,1.0,0.01065878476947546,0.0,0.9893411993980408,1.0,0.18221484124660492,0.2775024354661197,0.2775024354661197,0.6081788363857866
3649,0.25754591822624207,0.5781327486038208,0.1884613037109375,0.40589138865470886,0.17828509211540222,0.17301826179027557,0.17301826179027557,0.17301826179027557,1.0,1.0,1.0,1.0,1.0,1.0,1.0,0.5781327486038208,1.0,0.995202898979187,1.0,0.995202898979187,1.0,0.17301826179027557,0.14334870406933983,0.14334870406933983,0.2533249675398988
9774,0.4641745388507843,0.9706676602363586,0.5633127689361572,0.5849404335021973,0.2442704290151596,0.18337194621562958,0.18337194621562958,0.18337194621562958,1.0,1.0,1.0,1.0,1.0,0.6000000238418579,0.0,0.8586317300796509,1.0,0.023810837417840958,0.0,0.976189136505127,1.0,0.18337194621562958,0.569772757780762,0.530952100940288,1.0461638702780178
6877,0.2037394791841507,0.41548559069633484,0.2682858407497406,0.05104443430900574,0.29188814759254456,0.11211546510457993,0.11211546510457993,0.11211546510457993,1.0,1.0,1.0,1.0,1.0,1.0,1.0,0.41548559069633484,1.0,0.958878219127655,1.0,0.958878219127655,1.0,0.11211546510457993,0.22919036200772755,0.22919036200772755,1.3373541931179966
7030,0.440621554851532,0.8997554779052734,0.43160519003868103,0.7461122274398804,0.14414724707603455,0.1830156445503235,0.1830156445503235,0.1830156445503235,1.0,1.0,1.0,1.0,1.0,1.0,1.0,0.8997142910957336,1.0,0.006764869671314955,0.0,0.9932351112365723,1.0,0.1830156445503235,0.2876139683252333,0.2876139683252333,0.5947372642578895
3807,0.45703038573265076,0.8723961114883423,0.4068863093852997,0.5535762906074524,0.4106285274028778,0.2571123540401459,0.2571123540401459,0.2571123540401459,1.0,1.0,1.0,1.0,1.0,0.6000000238418579,0.0,0.9246107935905457,1.0,0.9089858531951904,1.0,0.9089858531951904,0.9999969005584717,0.2571123540401459,0.3506585761933729,0.3468408147593437,0.708810110699302
2942,0.383379191160202,0.7761681079864502,0.4830845892429352,0.3171921968460083,0.3498607575893402,0.2791776657104492,0.8360492587089539,0.6737227439880371,0.6000000238418579,0.0,0.0,0.4000000059604645,0.0,0.20000000298023224,0.0,0.60708087682724,0.0,0.9695767164230347,0.0,0.9695767164230347,0.9999986886978149,0.6737227439880371,0.36133913757370756,0.31816318822031364,0.37007667526052695
5793,0.31258660554885864,0.6591701507568359,0.4756856858730316,0.3071572184562683,0.15491686761379242,0.20577435195446014,0.20577435195446014,0.20577435195446014,1.0,1.0,1.0,1.0,1.0,0.6000000238418579,0.0,0.5612496733665466,1.0,0.5449532866477966,1.0,0.5449532866477966,0.9774703979492188,0.20577435195446014,0.21455736895335842,0.21455736895335842,0.5729857353072021
2545,0.574552059173584,1.2787848711013794,0.6713024377822876,0.8745368123054504,0.1778167188167572,0.2290606051683426,0.2290606051683426,0.2290606051683426,1.0,1.0,1.0,1.0,1.0,0.20000000298023224,0.0,0.9936410784721375,1.0,0.9533647894859314,1.0,0.9533647894859314,1.0,0.2290606051683426,1.0158568916713777,0.7268948551975571,0.9685302338648075
7807,0.33284953236579895,0.656056821346283,0.35550734400749207,0.48702573776245117,0.15601548552513123,0.1277092546224594,0.1277092546224594,0.1277092546224594,1.0,1.0,1.0,1.0,1.0,1.0,1.0,0.656056821346283,1.0,0.9974642992019653,1.0,0.9974642992019653,1.0,0.1277092546224594,0.3022313169637879,0.3022313169637879,0.5816911925098572
6610,0.3257010877132416,0.6411181688308716,0.3710630238056183,0.44638481736183167,0.1596553772687912,0.25447627902030945,0.25447627902030945,0.25447627902030945,1.0,1.0,1.0,1.0,1.0,1.0,1.0,0.6411181688308716,1.0,0.005445779301226139,0.0,0.9945542216300964,0.9999755620956421,0.25447627902030945,0.22039543755402163,0.22039543755402163,0.37158915296947836
2706,0.4434693157672882,0.9888458251953125,0.6955673098564148,0.4369104504585266,0.19793011248111725,0.16100236773490906,0.16100236773490906,0.16100236773490906,1.0,1.0,1.0,1.0,1.0,0.6000000238418579,0.0,0.9103386998176575,1.0,0.8270198702812195,1.0,0.8270198702812195,0.8515057563781738,0.16100236773490906,0.11304625134718554,0.11304625134718554,0.21881497504323397
1173,0.44461214542388916,0.9236552119255066,0.5813555121421814,0.5565187335014343,0.1959621012210846,0.1350456327199936,0.1350456327199936,0.1350456327199936,1.0,1.0,1.0,1.0,1.0,1.0,1.0,0.9236552119255066,1.0,0.8862457275390625,1.0,0.8862457275390625,0.9998005032539368,0.1350456327199936,0.2964284523502307,0.2964284523502307,0.7151143488192361
5147,0.38602444529533386,0.8756915926933289,0.31325721740722656,0.7265241146087646,0.11829179525375366,0.1852971315383911,0.1852971315383911,0.1852971315383911,1.0,1.0,1.0,1.0,1.0,1.0,1.0,0.9307770729064941,1.0,0.9554389715194702,1.0,0.9554389715194702,1.0,0.1852971315383911,0.4754636954365491,0.4754636954365491,1.1874127576635538
2297,0.26220348477363586,0.5501522421836853,0.2919132709503174,0.2998853325843811,0.1948118954896927,0.08846361935138702,0.08846361935138702,0.08846361935138702,1.0,1.0,1.0,1.0,1.0,1.0,1.0,0.5501522421836853,1.0,0.997269332408905,1.0,0.997269332408905,1.0,0.08846361935138702,0.09930257248180427,0.09930257248180427,0.21264720999154874
9022,0.5138142704963684,1.0006464719772339,0.6295382976531982,0.5444157719612122,0.3674885928630829,0.19129036366939545,0.19129036366939545,0.19129036366939545,1.0,1.0,1.0,1.0,1.0,0.20000000298023224,0.0,0.7995681762695312,1.0,0.9589782953262329,1.0,0.9589782953262329,1.0,0.19129036366939545,1.2076408435969148,0.7631056371807039,1.0305501251403997
4874,0.33402514457702637,0.6608986258506775,0.1998695582151413,0.5241034030914307,0.27810242772102356,0.1832655817270279,0.1832655817270279,0.1832655817270279,1.0,1.0,1.0,1.0,1.0,1.0,1.0,0.6608986258506775,1.0,0.002965255407616496,0.0,0.9970347285270691,1.0,0.1832655817270279,0.18362302120134616,0.18362302120134616,0.40978922271094564
5412,0.2626219689846039,0.5047634243965149,0.26366350054740906,0.21354074776172638,0.310661643743515,0.24920998513698578,0.24920998513698578,0.24920998513698578,1.0,1.0,1.0,1.0,1.0,1.0,1.0,0.5047634243965149,1.0,0.45991799235343933,0.0,0.5400819778442383,0.9999986886978149,0.24920998513698578,0.575074124854727,0.534580235550317,1.0879662668265995
7645,0.24348679184913635,0.5359812378883362,0.23753748834133148,0.3683173358440399,0.12460551410913467,0.1968570202589035,0.1968570202589035,0.1968570202589035,1.0,1.0,1.0,1.0,1.0,1.0,1.0,0.5359812378883362,1.0,0.008845987729728222,0.0,0.9911540150642395,0.9999979734420776,0.1968570202589035,0.4753094756576851,0.46763024533349096,0.7070460707866452
7433,0.34748220443725586,0.655580997467041,0.44131705164909363,0.39589616656303406,0.20523326098918915,0.18739579617977142,0.18739579617977142,0.18739579617977142,1.0,1.0,1.0,1.0,1.0,1.0,1.0,0.5843603014945984,1.0,0.9944538474082947,1.0,0.9944538474082947,0.9999971389770508,0.18739579617977142,0.12445198229611555,0.12445198229611555,0.20496474962656794
227,0.5124951601028442,0.9948511123657227,0.6234814524650574,0.47820281982421875,0.43580102920532227,0.1740453988313675,0.1740453988313675,0.1740453988313675,1.0,1.0,1.0,1.0,1.0,1.0,1.0,0.9948511123657227,1.0,0.03838707506656647,0.0,0.9616129398345947,1.0,0.1740453988313675,0.9447415649466531,0.8854281596164247,2.0748457045353477
247,0.2777772545814514,0.5921676754951477,0.4072021543979645,0.1437290757894516,0.2824003994464874,0.20118474960327148,0.964840829372406,0.7032646536827087,0.6000000238418579,0.0,0.0,0.4000000059604645,0.0,0.20000000298023224,0.0,0.5666702389717102,0.0,0.36229902505874634,1.0,0.6377009749412537,0.855589747428894,0.7032646536827087,0.4989901951755884,0.4989901951755884,0.7451828294040295
8010,0.43222570419311523,1.0165128707885742,0.7950204014778137,0.3171482980251312,0.18450836837291718,0.1743539273738861,1.1011680364608765,0.1743539273738861,1.0,1.0,0.0,0.0,0.0,1.0,1.0,0.9396550059318542,1.0,0.20848530530929565,1.0,0.7915146946907043,0.999998927116394,0.1743539273738861,1.947164211273199,0.2976924999810411,0.8090772512907732
2769,0.24218755960464478,0.5126386880874634,0.20885701477527618,0.4072333872318268,0.11047222465276718,0.17904230952262878,0.17904230952262878,0.17904230952262878,1.0,1.0,1.0,1.0,1.0,1.0,1.0,0.5126386880874634,1.0,0.9261735081672668,1.0,0.9261735081672668,1.0,0.17904230952262878,0.14756163550552334,0.1448630400873223,0.24964364860261565
1252,0.4396452009677887,0.8852920532226562,0.6506356596946716,0.5062212347984314,0.16207872331142426,0.1472797840833664,0.1472797840833664,0.1472797840833664,1.0,1.0,1.0,1.0,1.0,1.0,1.0,0.8852920532226562,1.0,0.99443119764328,1.0,0.99443119764328,1.0,0.1472797840833664,0.3826839095762976,0.32800214462484034,0.6627941622004702
3139,0.24789981544017792,0.6163884997367859,0.17088928818702698,0.4909954071044922,0.08181468397378922,0.0877591148018837,0.0877591148018837,0.0877591148018837,1.0,1.0,1.0,1.0,1.0,1.0,1.0,0.6163884997367859,1.0,0.19081339240074158,0.0,0.809186577796936,0.999983549118042,0.0877591148018837,0.12681215129476087,0.12681215129476087,0.2520021628142338
8002,0.5433802604675293,1.0195928812026978,0.6493508815765381,0.39788389205932617,0.5829059481620789,0.09265401214361191,0.09265401214361191,0.09265401214361191,1.0,1.0,1.0,1.0,1.0,0.6000000238418579,0.0,1.0986900329589844,1.0,0.4939176142215729,0.0,0.5060824155807495,0.9999998807907104,0.09265401214361191,0.6457341382216786,0.6215766889239088,3.441198269753149
1824,0.4105197489261627,0.9129144549369812,0.7521162033081055,0.24422840774059296,0.2352146953344345,0.2187640219926834,0.2187640219926834,0.2187640219926834,1.0,1.0,1.0,1.0,1.0,0.6000000238418579,0.0,0.8415313959121704,1.0,0.9696475267410278,1.0,0.9696475267410278,1.0,0.2187640219926834,0.9837278329644517,0.9427886161650957,7.571904461115587
4390,0.6084248423576355,1.3096343278884888,0.7160212397575378,0.6656665205955505,0.4435867369174957,0.36642464995384216,1.3172221183776855,0.36642464995384216,1.0,1.0,0.0,0.0,0.0,1.0,1.0,1.3096343278884888,1.0,0.41770023107528687,1.0,0.5822997689247131,0.9999741315841675,0.36642464995384216,1.5303476622435785,0.7500144837539552,1.6083942262954518
9238,0.47554072737693787,0.9894722104072571,0.8332743048667908,0.2632324695587158,0.330115407705307,0.20761220157146454,0.20761220157146454,0.20761220157146454,1.0,1.0,1.0,1.0,1.0,0.6000000238418579,0.0,0.8906614184379578,1.0,0.9440401792526245,1.0,0.9440401792526245,1.0,0.20761220157146454,0.6321150817863436,0.6148813375427463,0.8422625047947199
3869,0.4284542202949524,0.7938806414604187,0.45674213767051697,0.5382019877433777,0.29041850566864014,0.18367718160152435,0.5897977352142334,0.5897977352142334,0.6000000238418579,0.0,1.0,0.6000000238418579,0.0,0.20000000298023224,0.0,0.7849712371826172,0.0,0.8299708962440491,1.0,0.8299708962440491,0.7872488498687744,0.5897977352142334,1.4543052197438318,0.5774106261540647,0.7730845095220715
3282,0.49181607365608215,1.0436493158340454,0.4469722807407379,0.9079551696777344,0.12052073329687119,0.26449814438819885,0.26449814438819885,0.26449814438819885,1.0,1.0,1.0,1.0,1.0,0.6000000238418579,0.0,0.9202201962471008,1.0,0.9479222893714905,1.0,0.9479222893714905,1.0,0.26449814438819885,0.6625979540406081,0.6625979540406081,1.0540883347868675
2798,0.3492397367954254,0.715023934841156,0.42888393998146057,0.37343737483024597,0.2453979104757309,0.17825454473495483,0.9263545870780945,0.5729057788848877,0.6000000238418579,0.0,0.0,0.4000000059604645,0.0,0.20000000298023224,0.0,0.5532011985778809,0.0,0.5275794267654419,0.0,0.5275794267654419,0.999876856803894,0.5729057788848877,0.27835553030072796,0.27665006533188974,0.4717707305148214
4185,0.4210251569747925,0.8653144240379333,0.43853074312210083,0.6676878929138184,0.15685681998729706,0.14342151582241058,0.14342151582241058,0.14342151582241058,1.0,1.0,1.0,1.0,1.0,0.6000000238418579,0.0,0.8803844451904297,1.0,0.973646342754364,1.0,0.973646342754364,0.9999997615814209,0.14342151582241058,0.4399536458405696,0.4349285632123409,0.8839250616299793
4757,0.7021511197090149,1.4065102338790894,1.0164076089859009,0.7721081972122192,0.31793761253356934,0.32207807898521423,0.32207807898521423,0.32207807898521423,1.0,1.0,1.0,1.0,1.0,0.6000000238418579,0.0,1.175984263420105,1.0,0.8453533053398132,1.0,0.8453533053398132,0.9999880790710449,0.32207807898521423,1.0428319200546479,0.8887981938554078,1.5557707411965145
1911,0.47077664732933044,1.0764834880828857,0.6655990481376648,0.5254917740821838,0.22123892605304718,0.07662026584148407,0.07662026584148407,0.07662026584148407,1.0,1.0,1.0,1.0,1.0,1.0,1.0,0.9790717959403992,1.0,0.8503661751747131,1.0,0.8503661751747131,1.0,0.07662026584148407,0.5761498033962282,0.5252039764581621,0.6981095577294318
3557,0.4489285349845886,0.8256794214248657,0.45563164353370667,0.47223520278930664,0.4189186990261078,0.13256661593914032,0.13256661593914032,0.13256661593914032,1.0,1.0,1.0,1.0,1.0,0.20000000298023224,0.0,0.7964788675308228,1.0,0.863368809223175,1.0,0.863368809223175,1.0,0.13256661593914032,0.5052247179603038,0.4049043719667905,0.45585296405372594
7364,0.22053030133247375,0.41958409547805786,0.21326017379760742,0.29504498839378357,0.15328575670719147,0.08271533250808716,0.08271533250808716,0.08271533250808716,1.0,1.0,1.0,1.0,1.0,1.0,1.0,0.41958409547805786,1.0,0.018476644530892372,0.0,0.981523334980011,0.9999998807907104,0.08271533250808716,0.2896762821772994,0.2896762821772994,1.5219853503634684
7850,0.478762149810791,1.0016252994537354,0.39278724789619446,0.6759557723999023,0.3675433099269867,0.20798359811306,0.20798359811306,0.20798359811306,1.0,1.0,1.0,1.0,1.0,0.6000000238418579,0.0,1.0097343921661377,1.0,0.137991800904274,0.0,0.8620082139968872,1.0,0.20798359811306,1.301839398955887,1.0317212411848669,1.020963401461031
6813,0.4064943790435791,0.8257501721382141,0.68109530210495,0.288406103849411,0.24998167157173157,0.15580515563488007,0.7515608668327332,0.6407603621482849,0.6000000238418579,0.0,1.0,0.6000000238418579,0.0,0.6000000238418579,0.0,0.8257501721382141,0.0,0.9899634718894958,1.0,0.9899634718894958,0.9021490812301636,0.7515608668327332,1.4849759324546274,0.5854000773621552,0.791485361151663
2572,0.40700703859329224,0.8399961590766907,0.6486116051673889,0.36579644680023193,0.20661316812038422,0.10234898328781128,0.10234898328781128,0.10234898328781128,1.0,1.0,1.0,1.0,1.0,0.6000000238418579,0.0,0.7016217708587646,1.0,0.988179087638855,1.0,0.988179087638855,0.9928305745124817,0.10234898328781128,0.38580163137532264,0.38580163137532264,0.7944530373152752
2157,0.30220362544059753,0.6434386968612671,0.1828344315290451,0.579131543636322,0.14464500546455383,0.25859805941581726,0.25859805941581726,0.25859805941581726,1.0,1.0,1.0,1.0,1.0,0.6000000238418579,0.0,0.5654797554016113,1.0,0.9923014640808105,1.0,0.9923014640808105,0.9999992847442627,0.25859805941581726,0.13297197117009182,0.13297197117009182,0.27233049391418335
8686,0.4638279378414154,0.9768857359886169,0.7304134368896484,0.3419235646724701,0.3191468119621277,0.21971218287944794,0.21971218287944794,0.21971218287944794,1.0,1.0,1.0,1.0,1.0,0.6000000238418579,0.0,0.8899099230766296,1.0,0.9364681243896484,1.0,0.9364681243896484,0.9967536330223083,0.21971218287944794,0.44417110843974605,0.44417110843974605,0.8015531163258734
3948,0.7604164481163025,1.568098545074463,0.5987401008605957,1.2684845924377441,0.4140244424343109,0.3063337504863739,0.3063337504863739,0.3063337504863739,1.0,1.0,1.0,1.0,1.0,0.20000000298023224,0.0,1.2734631299972534,1.0,0.15211458504199982,0.0,0.8478854298591614,1.0,0.3063337504863739,1.3564282175068199,1.2084190809351008,1.5531786985533298
6996,0.371778279542923,0.8030573725700378,0.3610963523387909,0.5671863555908203,0.18705207109451294,0.11635234206914902,1.2970350980758667,0.11635234206914902,1.0,1.0,0.0,0.0,0.0,1.0,1.0,0.8030573725700378,1.0,0.44922342896461487,1.0,0.5507766008377075,0.9937852621078491,0.11635234206914902,1.8181641168092457,0.27959313311857936,0.4741996393477966
9903,0.6293107271194458,1.335256576538086,0.790140688419342,0.8854436874389648,0.212347611784935,0.2397063821554184,0.8259488940238953,0.617944598197937,0.6000000238418579,0.0,0.0,0.4000000059604645,0.0,0.20000000298023224,0.0,0.917981743812561,0.0,0.885897696018219,0.0,0.885897696018219,0.9997119307518005,0.617944598197937,0.5216740083739085,0.49456859796955344,0.940096953109952
7909,0.415714293718338,0.9002866744995117,0.4573230445384979,0.6969652771949768,0.09285461157560349,0.07827149331569672,0.07827149331569672,0.07827149331569672,1.0,1.0,1.0,1.0,1.0,1.0,1.0,0.9002866744995117,1.0,0.02526470273733139,0.0,0.9747353196144104,0.9999997615814209,0.07827149331569672,0.3659919511856966,0.36496441455419265,0.6509127199699288
2648,0.6160390973091125,1.324857234954834,0.5442991256713867,0.9657120108604431,0.3381061255931854,0.24358628690242767,0.24358628690242767,0.24358628690242767,1.0,1.0,1.0,1.0,1.0,0.20000000298023224,0.0,0.8155573010444641,1.0,0.42912667989730835,0.0,0.5708733201026917,1.0,0.24358628690242767,1.5986774449653467,0.49607415852272246,0.6205765194886818
1649,0.46281981468200684,0.9526347517967224,0.5797438025474548,0.6037523150444031,0.20496325194835663,0.2461848258972168,0.2461848258972168,0.2461848258972168,1.0,1.0,1.0,1.0,1.0,1.0,1.0,0.9526347517967224,1.0,0.9941121935844421,1.0,0.9941121935844421,1.0,0.2461848258972168,1.0050421651597667,0.9147762123412845,1.6725602273883189
7305,0.40587112307548523,0.9068522453308105,0.5056289434432983,0.507775068283081,0.20420943200588226,0.15388064086437225,0.15388064086437225,0.15388064086437225,1.0,1.0,1.0,1.0,1.0,0.6000000238418579,0.0,0.8075562715530396,1.0,0.0216361116617918,0.0,0.9783638715744019,1.0,0.15388064086437225,0.6309138299692252,0.5421770670619199,0.8101818161290425
4700,0.4186117351055145,0.8492612838745117,0.6616618037223816,0.4250340163707733,0.1691393405199051,0.17427745461463928,0.17427745461463928,0.17427745461463928,1.0,1.0,1.0,1.0,1.0,1.0,1.0,0.8492612838745117,1.0,0.6031755805015564,1.0,0.6031755805015564,0.8127216696739197,0.17427745461463928,0.19193603721150143,0.19193603721150143,0.4809847364951155
4912,0.527021050453186,1.0050402879714966,0.456682413816452,0.7620282173156738,0.36235252022743225,0.1572233885526657,0.1572233885526657,0.1572233885526657,1.0,1.0,1.0,1.0,1.0,1.0,1.0,0.9454305768013,1.0,0.949194610118866,1.0,0.949194610118866,1.0,0.1572233885526657,0.29907792723310134,0.29594430773142044,0.5358166272169448
6502,0.5009533166885376,1.0859928131103516,0.8417925238609314,0.3598434031009674,0.3012239336967468,0.15456676483154297,0.7864468693733215,0.5030995607376099,0.6000000238418579,0.0,0.0,0.4000000059604645,0.0,0.20000000298023224,0.0,0.8605457544326782,0.0,0.38867416977882385,1.0,0.6113258600234985,0.9931963682174683,0.5030995607376099,0.5594907284209674,0.5594907284209674,0.8515156479329921
1371,0.39762482047080994,0.809539258480072,0.269308477640152,0.60441654920578,0.3191494345664978,0.2964601516723633,0.8334461450576782,0.7765229940414429,0.6000000238418579,0.0,0.0,0.4000000059604645,0.0,0.6000000238418579,0.0,0.809539258480072,0.0,0.10655103623867035,1.0,0.8934489488601685,0.9971049427986145,0.7765229940414429,0.628129455251021,0.4429471723239655,0.8502781293871398
1513,0.3323556184768677,0.6165387034416199,0.3680218458175659,0.3532882034778595,0.2757567763328552,0.2529080808162689,1.0382318496704102,0.3769155442714691,0.20000000298023224,0.0,1.0,0.20000000298023224,0.0,0.20000000298023224,0.0,0.6165387034416199,0.0,0.6419607996940613,1.0,0.6419607996940613,0.9168962836265564,1.0382318496704102,1.9375004036632928,0.17887154780163916,0.39661760782729233
809,0.3112550973892212,0.6518341898918152,0.4056819975376129,0.3749476969242096,0.15313558280467987,0.10473723709583282,0.10473723709583282,0.10473723709583282,1.0,1.0,1.0,1.0,1.0,1.0,1.0,0.6518341898918152,1.0,0.05130411311984062,0.0,0.9486958980560303,0.9917540550231934,0.10473723709583282,0.23068209439541276,0.23068209439541276,0.46827120258562555
3368,0.33077991008758545,0.6948930025100708,0.4926997721195221,0.3210596740245819,0.17858031392097473,0.13893592357635498,0.13893592357635498,0.13893592357635498,1.0,1.0,1.0,1.0,1.0,0.6000000238418579,0.0,0.5364672541618347,1.0,0.9708585143089294,1.0,0.9708585143089294,1.0,0.13893592357635498,0.2939898360951729,0.2877878984463887,0.593029722696006
867,0.459606796503067,1.0246816873550415,0.608659029006958,0.6253288984298706,0.14483249187469482,0.1264917105436325,0.1264917105436325,0.1264917105436325,1.0,1.0,1.0,1.0,1.0,0.20000000298023224,0.0,0.7082221508026123,1.0,0.055366501212120056,0.0,0.9446334838867188,1.0,0.1264917105436325,0.8718011539936241,0.5617568752843992,0.7210974543864996
2229,0.31161177158355713,0.6179030537605286,0.3025907278060913,0.47582244873046875,0.15642209351062775,0.11310404539108276,0.11310404539108276,0.11310404539108276,1.0,1.0,1.0,1.0,1.0,1.0,1.0,0.6179030537605286,1.0,0.8580325841903687,1.0,0.8580325841903687,0.9508268237113953,0.11310404539108276,0.1951484620412543,0.1951484620412543,0.3660772063372315
5992,0.33293330669403076,0.6624056100845337,0.3447585999965668,0.47475138306617737,0.1792898178100586,0.1394737809896469,0.1394737809896469,0.1394737809896469,1.0,1.0,1.0,1.0,1.0,1.0,1.0,0.6624056100845337,1.0,0.9855480790138245,1.0,0.9855480790138245,0.9999651908874512,0.1394737809896469,0.20414803009072977,0.20414803009072977,0.4429157536139305
2635,0.3547661006450653,0.7186359763145447,0.4201134741306305,0.4343830645084381,0.20980162918567657,0.2207150012254715,0.2207150012254715,0.2207150012254715,1.0,1.0,1.0,1.0,1.0,1.0,1.0,0.7186359763145447,1.0,0.010392452590167522,0.0,0.989607572555542,1.0,0.2207150012254715,0.44402189763166616,0.4440132980231955,0.9890708278793446
948,0.6527231931686401,1.3168128728866577,0.5911973714828491,1.0593736171722412,0.307598739862442,0.19038037955760956,0.19038037955760956,0.19038037955760956,1.0,1.0,1.0,1.0,1.0,0.6000000238418579,0.0,1.0269333124160767,1.0,0.02997567504644394,0.0,0.9700243473052979,1.0,0.19038037955760956,1.1052773976421324,0.9483897646833614,1.330475454529991
3477,0.41461610794067383,0.8555022478103638,0.5469309091567993,0.47535157203674316,0.22156567871570587,0.11200423538684845,0.11200423538684845,0.11200423538684845,1.0,1.0,1.0,1.0,1.0,1.0,1.0,0.8480944037437439,1.0,0.013628385029733181,0.0,0.986371636390686,0.8607702255249023,0.11200423538684845,0.08403558321280347,0.08403558321280347,0.16178246200071913
4487,0.3003368675708771,0.5766468048095703,0.3450309932231903,0.4076355993747711,0.14834389090538025,0.19368328154087067,0.19368328154087067,0.19368328154087067,1.0,1.0,1.0,1.0,1.0,1.0,1.0,0.5766468048095703,1.0,0.001976762432605028,0.0,0.9980232119560242,1.0,0.19368328154087067,0.43283578792357885,0.43283578792357885,1.1687702601093786
2213,0.5469029545783997,1.2338284254074097,0.4380403161048889,1.0437930822372437,0.1588754504919052,0.20162048935890198,0.8996376395225525,0.5192000865936279,0.6000000238418579,0.0,0.0,0.4000000059604645,0.0,0.20000000298023224,0.0,0.7961053252220154,0.0,0.7194415330886841,0.0,0.7194415330886841,0.9999967813491821,0.5192000865936279,0.3645442850539647,0.3645442850539647,0.6533436613569613
6593,0.3737894892692566,0.7438649535179138,0.5399205088615417,0.3894053101539612,0.19204257428646088,0.1002500057220459,0.1002500057220459,0.1002500057220459,1.0,1.0,1.0,1.0,1.0,1.0,1.0,0.7438649535179138,1.0,0.47340309619903564,0.0,0.5265969038009644,0.9948792457580566,0.1002500057220459,0.2007177429928147,0.2007177429928147,0.39612745078533274
838,0.5671164393424988,1.1671020984649658,0.7387965321540833,0.6489748954772949,0.3135778605937958,0.17665031552314758,0.17665031552314758,0.17665031552314758,1.0,1.0,1.0,1.0,1.0,1.0,1.0,1.1671020984649658,1.0,0.06841619312763214,0.0,0.931583821773529,1.0,0.17665031552314758,0.9063992287253434,0.8608486603330107,1.4404575897011533
3281,0.2440052032470703,0.5239235758781433,0.15700747072696686,0.4053609073162079,0.16964726150035858,0.287990540266037,0.7023501396179199,0.7023501396179199,0.6000000238418579,0.0,1.0,0.6000000238418579,0.0,0.20000000298023224,0.0,0.5650473833084106,0.0,0.005969788879156113,0.0,0.994030237197876,0.8275136947631836,0.7023501396179199,1.6135806955472234,0.43029066076650463,0.6700699650390861
4026,0.4652188718318939,0.9036619067192078,0.42318400740623474,0.5750457644462585,0.39742687344551086,0.15426455438137054,0.15426455438137054,0.15426455438137054,1.0,1.0,1.0,1.0,1.0,0.6000000238418579,0.0,1.001023530960083,1.0,0.10089899599552155,0.0,0.8991010189056396,1.0,0.15426455438137054,0.5548174915665742,0.5454391611203345,1.6037290122195245
401,0.46962738037109375,0.9774935841560364,0.30500301718711853,0.8917835354804993,0.21209560334682465,0.22621683776378632,0.22621683776378632,0.22621683776378632,1.0,1.0,1.0,1.0,1.0,0.6000000238418579,0.0,0.8701984286308289,1.0,0.9579169154167175,1.0,0.9579169154167175,1.0,0.22621683776378632,0.6140408461694402,0.477995951545239,0.6785792222622403
7817,0.4256892800331116,0.8753443956375122,0.37323805689811707,0.6411215662956238,0.26270824670791626,0.17816303670406342,0.17816303670406342,0.17816303670406342,1.0,1.0,1.0,1.0,1.0,0.6000000238418579,0.0,0.623675525188446,1.0,0.8219212293624878,1.0,0.8219212293624878,1.0,0.17816303670406342,0.1557539247089703,0.1557539247089703,0.3431043388649419
6140,0.3593253493309021,0.7942629456520081,0.7134968638420105,0.18968147039413452,0.17479771375656128,0.1261870414018631,0.1261870414018631,0.1261870414018631,1.0,1.0,1.0,1.0,1.0,1.0,1.0,0.7942629456520081,1.0,0.861436665058136,1.0,0.861436665058136,1.0,0.1261870414018631,0.3676682908405142,0.3676682908405142,0.7405155321832587
3545,0.35519665479660034,0.7000789642333984,0.27104702591896057,0.4657043516635895,0.32883864641189575,0.11039110273122787,0.11039110273122787,0.11039110273122787,1.0,1.0,1.0,1.0,1.0,1.0,1.0,0.7000789642333984,1.0,0.9620969295501709,1.0,0.9620969295501709,0.9970556497573853,0.11039110273122787,1.029012429898283,0.6694945500794708,1.0855292369009966
1901,0.452909380197525,0.9255580902099609,0.4574899673461914,0.5739728212356567,0.3272652328014374,0.1873483806848526,0.1873483806848526,0.1873483806848526,1.0,1.0,1.0,1.0,1.0,1.0,1.0,0.9382240176200867,1.0,0.960720956325531,1.0,0.960720956325531,0.9999529123306274,0.1873483806848526,0.30987834717686014,0.30987834717686014,0.5489446011819216
149,0.6214913725852966,1.2538155317306519,0.9318954348564148,0.6624911427497864,0.2700876295566559,0.25276172161102295,0.25276172161102295,0.25276172161102295,1.0,1.0,1.0,1.0,1.0,0.6000000238418579,0.0,0.9721763730049133,1.0,0.07955966144800186,0.0,0.9204403162002563,1.0,0.25276172161102295,0.43876521572978877,0.43876521572978877,1.2573372879029816
3142,0.219918355345726,0.4838850498199463,0.3084690272808075,0.16031041741371155,0.19097553193569183,0.22834794223308563,0.22834794223308563,0.22834794223308563,1.0,1.0,1.0,1.0,1.0,1.0,1.0,0.4838850498199463,1.0,0.05413204804062843,0.0,0.9458679556846619,1.0,0.22834794223308563,0.5702501471159245,0.5524832050991292,1.2104193645727426
5375,0.4842667579650879,1.0128177404403687,0.548152506351471,0.568192183971405,0.33645546436309814,0.13729985058307648,0.6834051012992859,0.5000352263450623,0.6000000238418579,0.0,0.0,0.4000000059604645,0.0,0.20000000298023224,0.0,0.7841026186943054,0.0,0.09108539670705795,1.0,0.9089146256446838,0.9997666478157043,0.5000352263450623,0.2707408969016011,0.2587905855730377,0.46916505241558903
4524,0.40715736150741577,0.8030031323432922,0.39473816752433777,0.4935198724269867,0.3332139551639557,0.10599386692047119,1.4361265897750854,0.10599386692047119,1.0,1.0,0.0,0.0,0.0,1.0,1.0,0.8030031323432922,1.0,0.6419243216514587,0.0,0.6419243216514587,0.9995461106300354,0.10599386692047119,2.0672030163587496,0.2684999852702935,0.4130520271021999
2817,0.4255048334598541,0.8083059191703796,0.5493847727775574,0.4847923219203949,0.24233734607696533,0.149703249335289,0.149703249335289,0.149703249335289,1.0,1.0,1.0,1.0,1.0,0.6000000238418579,0.0,0.738533079624176,1.0,0.9890565276145935,1.0,0.9890565276145935,1.0,0.149703249335289,0.19844556377167255,0.19844556377167255,0.5077043203140459
7849,0.2870849668979645,0.638189971446991,0.31950122117996216,0.36358705163002014,0.1781667023897171,0.16135798394680023,0.16135798394680023,0.16135798394680023,1.0,1.0,1.0,1.0,1.0,1.0,1.0,0.638189971446991,1.0,0.008525487035512924,0.0,0.9914745092391968,1.0,0.16135798394680023,0.1634710921730532,0.1634710921730532,0.3595333889902865
4109,0.5110795497894287,1.109889030456543,0.516360878944397,0.8551468253135681,0.16173087060451508,0.17141547799110413,0.17141547799110413,0.17141547799110413,1.0,1.0,1.0,1.0,1.0,0.6000000238418579,0.0,0.7244645357131958,1.0,0.01426544226706028,0.0,0.9857345819473267,1.0,0.17141547799110413,0.9050395957102709,0.8654731037652076,3.0239450553290763
8160,0.3965117335319519,0.8685235977172852,0.2840259075164795,0.6823351979255676,0.22317400574684143,0.15820232033729553,0.15820232033729553,0.15820232033729553,1.0,1.0,1.0,1.0,1.0,1.0,1.0,0.9398137927055359,1.0,0.9534845948219299,1.0,0.9534845948219299,1.0,0.15820232033729553,0.6532488492920061,0.49466670249613975,0.5889632161854539
7490,0.42579740285873413,0.9273985028266907,0.4520721137523651,0.4819258749485016,0.3433941602706909,0.15115557610988617,0.15115557610988617,0.15115557610988617,1.0,1.0,1.0,1.0,1.0,0.6000000238418579,0.0,0.8333380818367004,1.0,0.9942057728767395,1.0,0.9942057728767395,0.9999983310699463,0.15115557610988617,0.2794816557510933,0.2794816557510933,0.4939517375841161
2775,0.3563303053379059,0.7260785102844238,0.3283942937850952,0.5205606818199158,0.22003591060638428,0.16846099495887756,0.6306912899017334,0.6306912899017334,0.6000000238418579,0.0,1.0,0.6000000238418579,0.0,0.20000000298023224,0.0,0.6206492185592651,0.0,0.45246222615242004,0.0,0.5475378036499023,0.9999812841415405,0.6306912899017334,1.8943415174315612,0.2978389657538254,0.5901148800231617
7723,0.4213894307613373,0.8678886294364929,0.6230751276016235,0.4323854148387909,0.20870772004127502,0.1506664901971817,0.1506664901971817,0.1506664901971817,1.0,1.0,1.0,1.0,1.0,1.0,1.0,0.8678886294364929,1.0,0.9811879992485046,1.0,0.9811879992485046,1.0,0.1506664901971817,1.0242722539352789,0.9156546754205678,1.4026816450512152
7703,0.4198124408721924,0.9237764477729797,0.7828252911567688,0.33194705843925476,0.14466501772403717,0.13818252086639404,0.5668221712112427,0.5668221712112427,0.6000000238418579,0.0,1.0,0.6000000238418579,0.0,0.20000000298023224,0.0,0.9088298082351685,0.0,0.9625821709632874,1.0,0.9625821709632874,0.8241978287696838,0.5668221712112427,1.3982798994528913,0.6439288592743198,0.8850416023560721
1182,0.5429869890213013,1.161579966545105,0.43448373675346375,0.8823648691177368,0.31211215257644653,0.16385675966739655,0.16385675966739655,0.16385675966739655,1.0,1.0,1.0,1.0,1.0,1.0,1.0,1.1344135999679565,1.0,0.008840695954859257,0.0,0.9911593198776245,1.0,0.16385675966739655,0.3477963447048976,0.3477963447048976,1.7834488749897568
7816,0.6937271952629089,1.4487961530685425,0.7354283332824707,1.0869821310043335,0.25877103209495544,0.25896427035331726,1.3021713495254517,0.25896427035331726,1.0,1.0,0.0,0.0,0.0,0.20000000298023224,0.0,0.7849201560020447,1.0,0.8624546527862549,0.0,0.8624546527862549,1.0,0.25896427035331726,0.491785475665762,0.4533513969373993,0.7232999045056483
6943,0.4558640718460083,1.010689616203308,0.6839797496795654,0.49957188963890076,0.18404051661491394,0.2058691531419754,0.9809061884880066,0.6190600395202637,0.6000000238418579,0.0,0.0,0.4000000059604645,0.0,0.6000000238418579,0.0,0.9893426895141602,0.0,0.6602592468261719,0.0,0.6602592468261719,0.9999951124191284,0.6190600395202637,1.1323585692608396,1.0587360153879748,6.66360032063422
95,0.24936436116695404,0.5136156678199768,0.3784117102622986,0.2733395993709564,0.09634172916412354,0.22239916026592255,0.22239916026592255,0.22239916026592255,1.0,1.0,1.0,1.0,1.0,1.0,1.0,0.5136156678199768,1.0,0.9782065153121948,1.0,0.9782065153121948,1.0,0.22239916026592255,0.19192753353040326,0.19192753353040326,0.5002951911165637
2894,0.3814540505409241,0.6950752139091492,0.43016114830970764,0.4468974769115448,0.2673034369945526,0.21763277053833008,0.21763277053833008,0.21763277053833008,1.0,1.0,1.0,1.0,1.0,1.0,1.0,0.6950752139091492,1.0,0.041154082864522934,0.0,0.9588459134101868,1.0,0.21763277053833008,0.4267209239061241,0.36763007392167013,0.5571104236230267
2396,0.3273264169692993,0.6693496704101562,0.2386188805103302,0.48832494020462036,0.25503531098365784,0.0899989902973175,0.0899989902973175,0.0899989902973175,1.0,1.0,1.0,1.0,1.0,1.0,1.0,0.7524913549423218,1.0,0.05776875838637352,0.0,0.9422312378883362,0.9971036314964294,0.0899989902973175,0.2549080650922322,0.2549080650922322,0.4465413599066227
1117,0.3517656624317169,0.7158923149108887,0.35565876960754395,0.48563429713249207,0.21400390565395355,0.16748742759227753,0.16748742759227753,0.16748742759227753,1.0,1.0,1.0,1.0,1.0,1.0,1.0,0.7726303935050964,1.0,0.0010423472849652171,0.0,0.998957633972168,1.0,0.16748742759227753,0.2848461173119017,0.2848461173119017,0.6172792777823563
6644,0.3860006034374237,0.8905462622642517,0.5123607516288757,0.4071177542209625,0.23852324485778809,0.47131118178367615,1.4595600366592407,0.47131118178367615,1.0,1.0,0.0,0.0,0.0,0.6000000238418579,0.0,0.8540641069412231,1.0,0.2991690933704376,1.0,0.7008309364318848,0.6028929352760315,0.47131118178367615,1.3744105557044795,0.5951270320745907,0.8867412875445478
3056,0.4078885018825531,0.8756206631660461,0.6900165677070618,0.28316202759742737,0.2504867613315582,0.20165319740772247,0.20165319740772247,0.20165319740772247,1.0,1.0,1.0,1.0,1.0,1.0,1.0,0.8756206631660461,1.0,0.9796125292778015,1.0,0.9796125292778015,1.0,0.20165319740772247,0.441953411527181,0.38865423612299654,1.293991999134285
1287,0.5779363512992859,1.258515477180481,0.4276965260505676,1.0543946027755737,0.25171780586242676,0.24893425405025482,0.24893425405025482,0.24893425405025482,1.0,1.0,1.0,1.0,1.0,0.6000000238418579,0.0,1.0629403591156006,1.0,0.03694722428917885,0.0,0.9630527496337891,1.0,0.24893425405025482,0.8197844985223028,0.7714941800982984,1.0191142787423395
2459,0.37731999158859253,0.7517471313476562,0.374074786901474,0.3974321782588959,0.3604529798030853,0.12186552584171295,0.28663745522499084,0.28663745522499084,0.20000000298023224,0.0,0.0,0.800000011920929,0.0,0.20000000298023224,0.0,0.6567681431770325,0.0,0.46743857860565186,1.0,0.5325614213943481,0.560341477394104,1.0696070194244385,0.293645478560984,0.293645478560984,0.5862887452271428
9473,0.37827861309051514,0.760890007019043,0.6429821252822876,0.2833668291568756,0.2084868997335434,0.1929745078086853,0.1929745078086853,0.1929745078086853,1.0,1.0,1.0,1.0,1.0,0.6000000238418579,0.0,0.68923419713974,1.0,0.9355918169021606,1.0,0.9355918169021606,0.999947190284729,0.1929745078086853,0.35286793421429474,0.3528247873743921,0.5401350897998606
9248,0.4978070855140686,0.9987396597862244,0.5988986492156982,0.6579727530479431,0.23654980957508087,0.13030079007148743,0.13030079007148743,0.13030079007148743,1.0,1.0,1.0,1.0,1.0,1.0,1.0,0.9987396597862244,1.0,0.9377264380455017,1.0,0.9377264380455017,1.0,0.13030079007148743,0.7942038695094231,0.592289641072209,0.809198091491757
2299,0.4686412513256073,0.9836912155151367,0.6725614070892334,0.5175654292106628,0.21579685807228088,0.16854600608348846,0.16854600608348846,0.16854600608348846,1.0,1.0,1.0,1.0,1.0,1.0,1.0,0.9836912155151367,1.0,0.0017818333581089973,0.0,0.9982181787490845,1.0,0.16854600608348846,0.22710160858457737,0.22710160858457737,0.5016244135235967
9199,0.36272957921028137,0.742448627948761,0.6070970296859741,0.23615606129169464,0.244935542345047,0.19644814729690552,0.19644814729690552,0.19644814729690552,1.0,1.0,1.0,1.0,1.0,1.0,1.0,0.742448627948761,1.0,0.8433253765106201,1.0,0.8433253765106201,1.0,0.19644814729690552,0.4800438785559763,0.39456432055815177,1.1459468639490569
2836,0.2472606748342514,0.47152239084243774,0.23074360191822052,0.2931961119174957,0.21784229576587677,0.15944306552410126,0.15944306552410126,0.15944306552410126,1.0,1.0,1.0,1.0,1.0,1.0,1.0,0.47152239084243774,1.0,0.9822892546653748,1.0,0.9822892546653748,1.0,0.15944306552410126,0.38529481832030005,0.3725242263116742,0.7730265437407701
5626,0.3996429145336151,0.7977696061134338,0.3779802918434143,0.52414870262146,0.29679957032203674,0.13149228692054749,0.13149228692054749,0.13149228692054749,1.0,1.0,1.0,1.0,1.0,1.0,1.0,0.7977696061134338,1.0,0.9003508687019348,1.0,0.9003508687019348,1.0,0.13149228692054749,0.46504925955488036,0.46504925955488036,0.8511847754196442
7246,0.49036988615989685,1.0530979633331299,0.9335051774978638,0.33931174874305725,0.19829271733760834,0.16015656292438507,0.16015656292438507,0.16015656292438507,1.0,1.0,1.0,1.0,1.0,0.6000000238418579,0.0,0.9001206755638123,1.0,0.015973394736647606,0.0,0.9840266108512878,0.9999328851699829,0.16015656292438507,0.5487015530509991,0.5004464227614198,0.7628818799457913
8952,0.2870486080646515,0.5573193430900574,0.3316343426704407,0.3180258274078369,0.2114855796098709,0.1380717009305954,0.1380717009305954,0.1380717009305954,1.0,1.0,1.0,1.0,1.0,1.0,1.0,0.47912001609802246,1.0,0.2400815784931183,0.0,0.7599184513092041,0.5146576762199402,0.1380717009305954,0.07731988824948204,0.07731988824948204,0.1603359224465262
6097,0.5958564281463623,1.2285603284835815,0.8529356122016907,0.7528268694877625,0.1818067729473114,0.09496887773275375,0.09496887773275375,0.09496887773275375,1.0,1.0,1.0,1.0,1.0,0.6000000238418579,0.0,1.1950619220733643,1.0,0.942192554473877,1.0,0.942192554473877,1.0,0.09496887773275375,0.5799338496566523,0.5677974326382919,0.8621691659685173
9765,0.36623841524124146,0.7679668664932251,0.6256999969482422,0.2568017542362213,0.2162134200334549,0.14716212451457977,0.14716212451457977,0.14716212451457977,1.0,1.0,1.0,1.0,1.0,1.0,1.0,0.7679668664932251,1.0,0.9463173151016235,1.0,0.9463173151016235,1.0,0.14716212451457977,0.3685374541654434,0.3685374541654434,0.7279357689397483
6050,0.3559362292289734,0.7099987268447876,0.2597382068634033,0.43772584199905396,0.3703446090221405,0.20101003348827362,0.20101003348827362,0.20101003348827362,1.0,1.0,1.0,1.0,1.0,0.6000000238418579,0.0,0.8342826962471008,1.0,0.9625258445739746,1.0,0.9625258445739746,0.9999997615814209,0.20101003348827362,0.22358728832479083,0.22358728832479083,0.5551891014018575
5082,0.5556660890579224,1.0646785497665405,0.6421815156936646,0.6491745710372925,0.37564221024513245,0.2500859200954437,0.2500859200954437,0.2500859200954437,1.0,1.0,1.0,1.0,1.0,0.6000000238418579,0.0,0.8788923621177673,1.0,0.9793166518211365,1.0,0.9793166518211365,0.9654291272163391,0.2500859200954437,0.797242040002872,0.7739164979228721,2.028327721755318
8171,0.5945649743080139,1.2416833639144897,0.5733287930488586,1.0552122592926025,0.15515397489070892,0.12146089226007462,0.12146089226007462,0.12146089226007462,1.0,1.0,1.0,1.0,1.0,0.6000000238418579,0.0,1.0379971265792847,1.0,0.6394938826560974,1.0,0.6394938826560974,1.0,0.12146089226007462,0.2022995633292502,0.2022995633292502,0.519821896741764
7660,0.3237348198890686,0.71234530210495,0.20288483798503876,0.529378354549408,0.23894117772579193,0.09708381444215775,0.09708381444215775,0.09708381444215775,1.0,1.0,1.0,1.0,1.0,0.6000000238418579,0.0,0.6819860935211182,1.0,0.06880488246679306,0.0,0.9311951398849487,1.0,0.09708381444215775,0.28139487461974916,0.2757741746431489,0.5091554523196223
2440,0.482732355594635,1.0538434982299805,0.5654727220535278,0.6691309809684753,0.21359317004680634,0.12371557205915451,0.12371557205915451,0.12371557205915451,1.0,1.0,1.0,1.0,1.0,0.6000000238418579,0.0,0.7813047766685486,1.0,0.8841602206230164,1.0,0.8841602206230164,1.0,0.12371557205915451,1.2893854188633687,0.9086901056206879,1.2573219381286702
1240,0.3088906705379486,0.6573483347892761,0.43678829073905945,0.2923407256603241,0.1975429505109787,0.1343502253293991,0.1343502253293991,0.1343502253293991,1.0,1.0,1.0,1.0,1.0,1.0,1.0,0.6573483347892761,1.0,0.9797557592391968,1.0,0.9797557592391968,1.0,0.1343502253293991,0.591221177977626,0.5623876844251509,1.517953444348823
2255,0.3012881875038147,0.6433119177818298,0.3504447937011719,0.39012056589126587,0.1632990837097168,0.12065490335226059,0.12065490335226059,0.12065490335226059,1.0,1.0,1.0,1.0,1.0,1.0,1.0,0.6433119177818298,1.0,0.8621476888656616,1.0,0.8621476888656616,0.999961256980896,0.12065490335226059,0.942917190464932,0.9305254946063345,6.407049062250632
1630,0.25750184059143066,0.5132367014884949,0.28159213066101074,0.2256358116865158,0.26527759432792664,0.15331971645355225,0.15331971645355225,0.15331971645355225,1.0,1.0,1.0,1.0,1.0,1.0,1.0,0.5132367014884949,1.0,0.05192072317004204,0.0,0.9480792880058289,1.0,0.15331971645355225,0.3524321771017101,0.3475934040284483,0.6048160208833417
7280,0.34994059801101685,0.7073056101799011,0.4316785931587219,0.49158963561058044,0.12655353546142578,0.20516958832740784,0.20516958832740784,0.20516958832740784,1.0,1.0,1.0,1.0,1.0,0.6000000238418579,0.0,0.6922693252563477,1.0,0.826879620552063,1.0,0.826879620552063,0.9994722008705139,0.20516958832740784,0.48356679468295216,0.48356679468295216,0.8125193728681264
9234,0.46744635701179504,1.0293779373168945,0.6895044445991516,0.45478296279907227,0.2580516040325165,0.19780908524990082,0.19780908524990082,0.19780908524990082,1.0,1.0,1.0,1.0,1.0,0.6000000238418579,0.0,0.8862743377685547,1.0,0.1395411193370819,0.0,0.8604588508605957,1.0,0.19780908524990082,0.6980205772269654,0.6637975199010514,0.9376840237528982
6809,0.17860448360443115,0.36285462975502014,0.1326417177915573,0.27067452669143677,0.13249723613262177,0.18197496235370636,0.18197496235370636,0.18197496235370636,1.0,1.0,1.0,1.0,1.0,1.0,1.0,0.36285462975502014,1.0,0.007001511286944151,0.0,0.992998480796814,1.0,0.18197496235370636,0.17269671914118412,0.17269671914118412,0.5643022830754627
9373,0.5846790671348572,1.1462620496749878,0.8588205575942993,0.4846455752849579,0.41057106852531433,0.22029602527618408,0.22029602527618408,0.22029602527618408,1.0,1.0,1.0,1.0,1.0,0.6000000238418579,0.0,0.6936551332473755,1.0,0.0939943864941597,0.0,0.9060056209564209,0.5248320698738098,0.22029602527618408,0.22447088234048762,0.22447088234048762,0.3853915562659129
6349,0.5481477975845337,1.0538252592086792,0.4349089562892914,0.8570303320884705,0.3525039851665497,0.42368435859680176,0.42368435859680176,0.42368435859680176,1.0,1.0,1.0,1.0,1.0,0.6000000238418579,0.0,0.7579852938652039,1.0,0.5472826957702637,1.0,0.5472826957702637,0.9999946355819702,0.42368435859680176,0.8737309139852868,0.6925223356303587,0.8503128318099701
4075,0.5688657164573669,1.091589331626892,0.7548805475234985,0.5230875611305237,0.4286290109157562,0.29818764328956604,1.4700431823730469,0.29818764328956604,1.0,1.0,0.0,0.0,0.0,0.6000000238418579,0.0,1.2182072401046753,1.0,0.8669688701629639,0.0,0.8669688701629639,0.9955881834030151,0.29818764328956604,2.0074462867381633,0.6952618916383331,1.0079254379271787
4172,0.4553825259208679,0.9512068033218384,0.3590644299983978,0.792854368686676,0.21422874927520752,0.14646153151988983,0.6218306422233582,0.6218306422233582,0.6000000238418579,0.0,1.0,0.6000000238418579,0.0,0.20000000298023224,0.0,0.5910574793815613,0.0,0.15076260268688202,0.0,0.8492373824119568,0.9903620481491089,0.6218306422233582,2.3593344214016683,0.6752560646930654,1.5326706311751888
9794,0.3710729479789734,0.78570955991745,0.30114006996154785,0.6490449905395508,0.16303370893001556,0.16299234330654144,0.8907110095024109,0.6803079843521118,0.6000000238418579,0.0,0.0,0.4000000059604645,0.0,0.20000000298023224,0.0,0.36529049277305603,0.0,0.6594976186752319,0.0,0.6594976186752319,0.9999998807907104,0.6803079843521118,0.23041294093863507,0.21679681103056234,0.34004312844612483
9737,0.4550853967666626,0.8642126321792603,0.3787127733230591,0.6334676146507263,0.35307571291923523,0.26445862650871277,0.26445862650871277,0.26445862650871277,1.0,1.0,1.0,1.0,1.0,0.6000000238418579,0.0,0.8043749928474426,1.0,0.21960587799549103,0.0,0.7803941369056702,1.0,0.26445862650871277,0.8106541966342776,0.7367545929301625,1.726437583391391
5630,0.26067233085632324,0.49872446060180664,0.18914759159088135,0.29111286997795105,0.30175653100013733,0.2997518479824066,0.2997518479824066,0.2997518479824066,1.0,1.0,1.0,1.0,1.0,1.0,1.0,0.49872446060180664,1.0,0.05487488582730293,0.0,0.9451251029968262,1.0,0.2997518479824066,0.9268254740195787,0.8184065953916547,2.4360250775131616
1595,0.3942423462867737,0.8327886462211609,0.45295628905296326,0.5337747931480408,0.19599582254886627,0.31228455901145935,0.31228455901145935,0.31228455901145935,1.0,1.0,1.0,1.0,1.0,1.0,1.0,0.8327886462211609,1.0,0.021660681813955307,0.0,0.9783393144607544,1.0,0.31228455901145935,0.4919652436828421,0.4919652436828421,1.977610080418316
9946,0.4296431243419647,0.8530482649803162,0.5225830078125,0.575670063495636,0.19067621231079102,0.1173567995429039,0.1173567995429039,0.1173567995429039,1.0,1.0,1.0,1.0,1.0,0.6000000238418579,0.0,0.8338667750358582,1.0,0.010461654514074326,0.0,0.9895383715629578,0.9999992847442627,0.1173567995429039,0.4212973959423667,0.41472489141211744,0.6359996951311032
7537,0.46993398666381836,0.9917271733283997,0.6805459260940552,0.5199132561683655,0.20934271812438965,0.33579131960868835,0.33579131960868835,0.33579131960868835,1.0,1.0,1.0,1.0,1.0,0.6000000238418579,0.0,0.7804550528526306,1.0,0.9894412755966187,1.0,0.9894412755966187,1.0,0.33579131960868835,1.2441906720251514,0.8335810089119169,0.9669513033761735
9220,0.40836456418037415,0.8069751858711243,0.4725387692451477,0.3422083258628845,0.4103465676307678,0.21383237838745117,0.21383237838745117,0.21383237838745117,1.0,1.0,1.0,1.0,1.0,0.6000000238418579,0.0,0.7019553780555725,1.0,0.024206575006246567,0.0,0.9757934212684631,1.0,0.21383237838745117,0.5767069511485999,0.5536282392774339,1.610916070321436
6704,0.30422574281692505,0.5967363119125366,0.3206932246685028,0.3046250343322754,0.28735899925231934,0.2391861528158188,0.2391861528158188,0.2391861528158188,1.0,1.0,1.0,1.0,1.0,0.6000000238418579,0.0,0.575816810131073,1.0,0.9859494566917419,1.0,0.9859494566917419,1.0,0.2391861528158188,0.35930170214725377,0.26269637559351683,0.4953109722395692
5601,0.32068610191345215,0.6638992428779602,0.37853574752807617,0.42056161165237427,0.1629609912633896,0.20768575370311737,0.20768575370311737,0.20768575370311737,1.0,1.0,1.0,1.0,1.0,1.0,1.0,0.6638992428779602,1.0,0.0373854823410511,0.0,0.9626145362854004,1.0,0.20768575370311737,0.20272272446962755,0.20272272446962755,0.46023067013306834
323,0.602738082408905,1.1836681365966797,0.7108796834945679,0.6942909955978394,0.4030434191226959,0.26199284195899963,0.26199284195899963,0.26199284195899963,1.0,1.0,1.0,1.0,1.0,0.6000000238418579,0.0,0.9733570218086243,1.0,0.6483725905418396,1.0,0.6483725905418396,0.9956236481666565,0.26199284195899963,0.5140175514952411,0.5140175514952411,0.7643563363054449
8285,0.37507644295692444,0.8299348950386047,0.22513829171657562,0.6046708822250366,0.29542016983032227,0.16081492602825165,0.16081492602825165,0.16081492602825165,1.0,1.0,1.0,1.0,1.0,1.0,1.0,0.8274543881416321,1.0,0.02508801594376564,0.0,0.9749119877815247,1.0,0.16081492602825165,0.143154567056518,0.143154567056518,0.3047788039266932
9600,0.22998793423175812,0.4602130949497223,0.26939186453819275,0.3318713903427124,0.08870053291320801,0.20014262199401855,0.20014262199401855,0.20014262199401855,1.0,1.0,1.0,1.0,1.0,1.0,1.0,0.4602130949497223,1.0,0.09371991455554962,0.0,0.9062801003456116,0.9999426603317261,0.20014262199401855,0.2682721595771852,0.2682721595771852,0.544574401822491
5118,0.31115156412124634,0.6399440169334412,0.2751469314098358,0.32472971081733704,0.3335780203342438,0.13238011300563812,0.13238011300563812,0.13238011300563812,1.0,1.0,1.0,1.0,1.0,1.0,1.0,0.6399440169334412,1.0,0.9706779718399048,1.0,0.9706779718399048,1.0,0.13238011300563812,0.5302294403199023,0.5302294403199023,6.420495906890214
8060,0.39022910594940186,0.7977257370948792,0.43662402033805847,0.5968159437179565,0.13724735379219055,0.13435335457324982,0.13435335457324982,0.13435335457324982,1.0,1.0,1.0,1.0,1.0,1.0,1.0,0.7977257370948792,1.0,0.010556713677942753,0.0,0.989443302154541,1.0,0.13435335457324982,0.48636903247211194,0.48636903247211194,2.7135818810649397
840,0.3407338559627533,0.6977570056915283,0.2476983517408371,0.47411343455314636,0.30038976669311523,0.20392170548439026,0.7392640113830566,0.7392640113830566,0.6000000238418579,0.0,1.0,0.6000000238418579,0.0,0.20000000298023224,0.0,0.6880361437797546,0.0,0.40920573472976685,0.0,0.5907942652702332,0.9994596838951111,0.7392640113830566,2.064153931184909,0.3667872930369873,0.7491756943984761
6907,0.27501991391181946,0.5429562926292419,0.23929516971111298,0.38997894525527954,0.19578562676906586,0.179096058011055,0.179096058011055,0.179096058011055,1.0,1.0,1.0,1.0,1.0,1.0,1.0,0.5429562926292419,1.0,0.019445884972810745,0.0,0.9805541038513184,0.9999984502792358,0.179096058011055,0.28433522449607,0.28433522449607,0.4330505011675952
5509,0.33825311064720154,0.7203503251075745,0.4354587495326996,0.24651627242565155,0.33278417587280273,0.1517624408006668,0.1517624408006668,0.1517624408006668,1.0,1.0,1.0,1.0,1.0,0.6000000238418579,0.0,0.790655255317688,1.0,0.7861261963844299,1.0,0.7861261963844299,1.0,0.1517624408006668,0.8087329091608984,0.6520382109693591,0.8178391551489254
7565,0.411852091550827,0.7781227231025696,0.5992136001586914,0.3976120054721832,0.23873065412044525,0.2000352442264557,0.2000352442264557,0.2000352442264557,1.0,1.0,1.0,1.0,1.0,1.0,1.0,0.7721381187438965,1.0,0.023223303258419037,0.0,0.9767767190933228,1.0,0.2000352442264557,0.19429565119604048,0.19429565119604048,0.523545879969731
4660,0.3790144622325897,0.7917301654815674,0.5262154340744019,0.3081476092338562,0.3026803135871887,0.12064492702484131,0.12064492702484131,0.12064492702484131,1.0,1.0,1.0,1.0,1.0,1.0,1.0,0.7081212997436523,1.0,0.034311529248952866,0.0,0.9656884670257568,1.0,0.12064492702484131,0.18177202218368782,0.18177202218368782,0.5802700297667515
7554,0.5561954975128174,1.2267518043518066,0.8691607713699341,0.6294472217559814,0.1699782907962799,0.2601822316646576,0.2601822316646576,0.2601822316646576,1.0,1.0,1.0,1.0,1.0,1.0,1.0,1.2267518043518066,1.0,0.02179509960114956,0.0,0.9782049059867859,1.0,0.2601822316646576,0.61672443235214,0.61672443235214,2.104924261665381
2715,0.48808425664901733,0.9844167828559875,0.7828921675682068,0.43982526659965515,0.24153529107570648,0.31116318702697754,0.31116318702697754,0.31116318702697754,1.0,1.0,1.0,1.0,1.0,1.0,1.0,0.7259510159492493,1.0,0.9798731803894043,1.0,0.9798731803894043,0.9999998807907104,0.31116318702697754,0.6901679647642003,0.58812522708775,0.8789039700167997
3525,0.579594075679779,1.2276216745376587,0.618686318397522,0.899261474609375,0.22083449363708496,0.22577296197414398,0.22577296197414398,0.22577296197414398,1.0,1.0,1.0,1.0,1.0,0.20000000298023224,0.0,0.99275141954422,1.0,0.20510336756706238,0.0,0.7948966026306152,1.0,0.22577296197414398,1.4336339745960498,0.9208238131753739,2.9895741872864767
4088,0.5293524265289307,1.1838051080703735,0.5165794491767883,0.7203807234764099,0.3510969579219818,0.13114309310913086,0.5937172174453735,0.5937172174453735,0.6000000238418579,0.0,1.0,0.6000000238418579,0.0,0.20000000298023224,0.0,0.5753060579299927,0.0,0.03443293273448944,0.0,0.9655670523643494,0.900799036026001,0.5937172174453735,1.9259883321625582,0.49010871536217154,0.9329533235437432
440,0.5068420171737671,1.1008142232894897,0.502560555934906,0.807255208492279,0.21071024239063263,0.13169841468334198,0.13169841468334198,0.13169841468334198,1.0,1.0,1.0,1.0,1.0,0.6000000238418579,0.0,0.9475086331367493,1.0,0.9931595325469971,1.0,0.9931595325469971,0.9999961853027344,0.13169841468334198,0.4639450145619638,0.42280384555060047,0.673319318517554
8061,0.2883836627006531,0.6028604507446289,0.4627027213573456,0.07090451568365097,0.33154377341270447,0.1333157867193222,0.1333157867193222,0.1333157867193222,1.0,1.0,1.0,1.0,1.0,0.6000000238418579,0.0,0.6890427470207214,1.0,0.025444483384490013,0.0,0.974555492401123,1.0,0.1333157867193222,0.6657909110877361,0.6364065739067373,1.1436760269364232
1393,0.40463945269584656,0.7942452430725098,0.5446233153343201,0.4384572505950928,0.23083768784999847,0.14171381294727325,0.14171381294727325,0.14171381294727325,1.0,1.0,1.0,1.0,1.0,1.0,1.0,0.7942452430725098,1.0,0.945651650428772,1.0,0.945651650428772,1.0,0.14171381294727325,0.5537748698854079,0.5487784898009437,2.4495650113532235
8834,0.4970818758010864,1.0320007801055908,0.5856850743293762,0.7147864699363708,0.1907741278409958,0.06608393788337708,0.06608393788337708,0.06608393788337708,1.0,1.0,1.0,1.0,1.0,0.6000000238418579,0.0,0.8275542259216309,1.0,0.45731571316719055,0.0,0.5426843166351318,0.9999849796295166,0.06608393788337708,0.7253953099566808,0.6078627338567278,1.0712629680416443
1900,0.43136319518089294,0.8644195795059204,0.4436018168926239,0.5126035213470459,0.3378841280937195,0.10821639746427536,0.10821639746427536,0.10821639746427536,1.0,1.0,1.0,1.0,1.0,1.0,1.0,0.8644195795059204,1.0,0.8391585946083069,1.0,0.8391585946083069,1.0,0.10821639746427536,0.575476416235609,0.5655444284707923,0.9168001260716876
81,0.4723394811153412,0.9359914660453796,0.3773748576641083,0.7535486221313477,0.2860949635505676,0.21185770630836487,0.21185770630836487,0.21185770630836487,1.0,1.0,1.0,1.0,1.0,1.0,1.0,0.9359914660453796,1.0,0.02606418915092945,0.0,0.9739357829093933,0.9999738931655884,0.21185770630836487,0.9238119276278552,0.8741490147141876,2.526122387922669
432,0.5404341220855713,1.0475469827651978,0.4437265396118164,0.8066739439964294,0.37090179324150085,0.09325467795133591,0.09325467795133591,0.09325467795133591,1.0,1.0,1.0,1.0,1.0,1.0,1.0,1.0475469827651978,1.0,0.9935818910598755,1.0,0.9935818910598755,0.9987694621086121,0.09325467795133591,0.2253323371827147,0.2253323371827147,0.44991942279451047
9586,0.27454057335853577,0.5493740439414978,0.29772675037384033,0.2129773199558258,0.312917560338974,0.2859216630458832,0.2859216630458832,0.2859216630458832,1.0,1.0,1.0,1.0,1.0,1.0,1.0,0.5493740439414978,1.0,0.09228358417749405,0.0,0.9077163934707642,0.9041965007781982,0.2859216630458832,2.2512220629297017,2.240414575237658,79.59396155876492
2359,0.37230193614959717,0.7070723176002502,0.46342357993125916,0.4325772225856781,0.22090502083301544,0.16557100415229797,0.16557100415229797,0.16557100415229797,1.0,1.0,1.0,1.0,1.0,1.0,1.0,0.7070723176002502,1.0,0.8830921649932861,1.0,0.8830921649932861,1.0,0.16557100415229797,0.7143528271831957,0.6082068188957263,0.9127961709467735
7017,0.5771118402481079,1.1380985975265503,0.5422119498252869,0.8754321336746216,0.31369146704673767,0.1329144537448883,0.1329144537448883,0.1329144537448883,1.0,1.0,1.0,1.0,1.0,0.20000000298023224,0.0,0.7367704510688782,1.0,0.8906723856925964,1.0,0.8906723856925964,1.0,0.1329144537448883,1.1719741492244766,0.7739480874223071,1.137683529277022
450,0.5601219534873962,1.1617121696472168,0.882347583770752,0.45172119140625,0.346297025680542,0.1754320114850998,1.326511263847351,0.1754320114850998,1.0,1.0,0.0,0.0,0.0,0.6000000238418579,0.0,1.092180609703064,1.0,0.5780848860740662,0.0,0.5780848860740662,0.7557303309440613,0.1754320114850998,1.966261926054314,0.25872198199630303,0.6462995210926659
3124,0.3461114466190338,0.710850179195404,0.5081177949905396,0.27073678374290466,0.25947970151901245,0.17459531128406525,0.17459531128406525,0.17459531128406525,1.0,1.0,1.0,1.0,1.0,0.6000000238418579,0.0,0.6881800293922424,1.0,0.15929313004016876,0.0,0.8407068848609924,1.0,0.17459531128406525,0.6731869818010084,0.6128697588244786,0.8598118112474822
5706,0.35167551040649414,0.6884763836860657,0.35391587018966675,0.4283921718597412,0.2727183997631073,0.1409071534872055,0.1409071534872055,0.1409071534872055,1.0,1.0,1.0,1.0,1.0,1.0,1.0,0.6884763836860657,1.0,0.016587918624281883,0.0,0.9834120869636536,1.0,0.1409071534872055,0.21764275415401174,0.2000467155318691,0.2329885467803502
3414,0.2711668014526367,0.5583726763725281,0.1981976479291916,0.4178486764431,0.197454035282135,0.2011289894580841,0.2011289894580841,0.2011289894580841,1.0,1.0,1.0,1.0,1.0,0.6000000238418579,0.0,0.534311056137085,1.0,0.9719860553741455,1.0,0.9719860553741455,1.0,0.2011289894580841,0.2395569805075951,0.2395569805075951,0.3683505390190292
1564,0.4575258493423462,0.8985723853111267,0.32659754157066345,0.6896915435791016,0.3562883734703064,0.20832204818725586,0.20832204818725586,0.20832204818725586,1.0,1.0,1.0,1.0,1.0,1.0,1.0,0.8985723853111267,1.0,0.9462777972221375,1.0,0.9462777972221375,0.9966374635696411,0.20832204818725586,0.42816464875030613,0.42816464875030613,0.8252668889037954
8913,0.3927384316921234,0.7738916277885437,0.4008813798427582,0.5866586565971375,0.19067524373531342,0.09538903087377548,0.09538903087377548,0.09538903087377548,1.0,1.0,1.0,1.0,1.0,1.0,1.0,0.7738916277885437,1.0,0.9905592203140259,1.0,0.9905592203140259,1.0,0.09538903087377548,0.21437865505588577,0.21437865505588577,0.3938050483960226
9338,0.4570642113685608,0.902094304561615,0.515087902545929,0.6445981860160828,0.21150636672973633,0.17028939723968506,0.17028939723968506,0.17028939723968506,1.0,1.0,1.0,1.0,1.0,0.6000000238418579,0.0,0.93349689245224,1.0,0.9630059599876404,1.0,0.9630059599876404,0.99993896484375,0.17028939723968506,0.23751594658417674,0.23751594658417674,0.4133855354059053
7032,0.38234373927116394,0.7610300183296204,0.4164087474346161,0.5062047243118286,0.22441771626472473,0.2251472920179367,0.2251472920179367,0.2251472920179367,1.0,1.0,1.0,1.0,1.0,0.6000000238418579,0.0,0.783549964427948,1.0,0.903317391872406,1.0,0.903317391872406,1.0,0.2251472920179367,1.2754504824889017,0.9122579220928491,3.6909230249181157
9612,0.32818859815597534,0.7152654528617859,0.44362956285476685,0.46808120608329773,0.07285507023334503,0.14624667167663574,0.14624667167663574,0.14624667167663574,1.0,1.0,1.0,1.0,1.0,1.0,1.0,0.7152654528617859,1.0,0.0830044150352478,0.0,0.9169955849647522,0.9999991655349731,0.14624667167663574,0.13199265110604763,0.13199265110604763,0.30607925006281406
5646,0.3007071316242218,0.5971254110336304,0.3149619400501251,0.3549712300300598,0.23218832910060883,0.270111620426178,0.270111620426178,0.270111620426178,1.0,1.0,1.0,1.0,1.0,1.0,1.0,0.5971254110336304,1.0,0.9781925678253174,1.0,0.9781925678253174,1.0,0.270111620426178,0.36447697960979525,0.3631922519558793,0.5875606318516114
4629,0.3670932948589325,0.7338994145393372,0.4809548556804657,0.4430947005748749,0.17723038792610168,0.1353413313627243,0.7990147471427917,0.691157341003418,0.6000000238418579,0.0,0.0,0.4000000059604645,0.0,0.6000000238418579,0.0,0.7338994145393372,0.0,0.704635500907898,0.0,0.704635500907898,0.31370267271995544,0.691157341003418,1.0534516378476513,0.7607270232310234,0.9156243713699085
2778,0.522861897945404,1.0719166994094849,0.40537214279174805,0.8509608507156372,0.3122527599334717,0.11001894623041153,1.1572353839874268,0.11001894623041153,1.0,1.0,0.0,0.0,0.0,1.0,1.0,1.0719166994094849,1.0,0.0763491541147232,1.0,0.923650860786438,1.0,0.11001894623041153,0.6837239324793919,0.6837239324793919,0.8834378113511188
8297,0.34089013934135437,0.6555824875831604,0.3588031232357025,0.4636509120464325,0.20021633803844452,0.11303557455539703,0.11303557455539703,0.11303557455539703,1.0,1.0,1.0,1.0,1.0,1.0,1.0,0.6555824875831604,1.0,0.5646405816078186,1.0,0.5646405816078186,0.9999828338623047,0.11303557455539703,0.3298978351568182,0.28178755602344857,0.557946932852324
8125,0.566754162311554,1.0832587480545044,0.5978285074234009,0.7225362658500671,0.37989768385887146,0.09445416182279587,1.2807865142822266,0.09445416182279587,1.0,1.0,0.0,0.0,0.0,0.6000000238418579,0.0,1.148919701576233,1.0,0.6696252226829529,0.0,0.6696252226829529,0.5021038055419922,0.09445416182279587,1.6562429051266345,0.5558273265929738,0.8956647032093495
9170,0.5153075456619263,1.077347993850708,0.4287460446357727,0.6953913569450378,0.4217850863933563,0.34159770607948303,1.171820878982544,0.48071298003196716,0.20000000298023224,0.0,1.0,0.20000000298023224,0.0,0.20000000298023224,0.0,1.1634340286254883,0.0,0.9848406910896301,1.0,0.9848406910896301,0.9999252557754517,1.171820878982544,2.351576097558529,0.46578512694252433,1.3624062796398972
6183,0.38886329531669617,0.7928521037101746,0.3692835867404938,0.5683159232139587,0.2289903610944748,0.11998637020587921,0.11998637020587921,0.11998637020587921,1.0,1.0,1.0,1.0,1.0,0.6000000238418579,0.0,0.7576490640640259,1.0,0.5658960938453674,1.0,0.5658960938453674,0.9998717308044434,0.11998637020587921,0.6655947606599283,0.6312971754827195,1.3447222635441722
7356,0.444717675447464,0.8447985053062439,0.5026814937591553,0.6149812936782837,0.21649029850959778,0.22101370990276337,0.22101370990276337,0.22101370990276337,1.0,1.0,1.0,1.0,1.0,0.6000000238418579,0.0,0.7667944431304932,1.0,0.1772061437368393,0.0,0.8227938413619995,1.0,0.22101370990276337,0.08710118177643408,0.08710118177643408,0.18399396384805503
3475,0.23441341519355774,0.4522812068462372,0.2303839474916458,0.17734728753566742,0.2955089509487152,0.20488671958446503,0.20488671958446503,0.20488671958446503,1.0,1.0,1.0,1.0,1.0,1.0,1.0,0.4522812068462372,1.0,0.9826191663742065,1.0,0.9826191663742065,1.0,0.20488671958446503,0.22001023280653145,0.22001023280653145,0.44505518943899963
7255,0.4149021506309509,0.8258466124534607,0.47400805354118347,0.5459319949150085,0.22476635873317719,0.2557499408721924,0.2557499408721924,0.2557499408721924,1.0,1.0,1.0,1.0,1.0,1.0,1.0,0.8258466124534607,1.0,0.052811089903116226,0.0,0.9471889138221741,0.9999997615814209,0.2557499408721924,0.3018564128919694,0.2986908309589808,0.35964186792213687
8924,0.34864524006843567,0.7675230503082275,0.47814255952835083,0.37776511907577515,0.19002793729305267,0.2248314917087555,0.2248314917087555,0.2248314917087555,1.0,1.0,1.0,1.0,1.0,1.0,1.0,0.7675230503082275,1.0,0.008655634708702564,0.0,0.9913443922996521,1.0,0.2248314917087555,0.06334042935570908,0.06334042935570908,0.13114714939833658
5,0.4864330291748047,1.052717924118042,0.9920021295547485,0.21166014671325684,0.25563666224479675,0.1488683670759201,0.1488683670759201,0.1488683670759201,1.0,1.0,1.0,1.0,1.0,1.0,1.0,1.052717924118042,1.0,0.10833077877759933,0.0,0.8916692137718201,0.9997175335884094,0.1488683670759201,0.6723589701817219,0.6299581653986367,1.536191264901181
1621,0.4393702447414398,0.9767610430717468,0.639699399471283,0.5403739213943481,0.13803739845752716,0.13403651118278503,0.13403651118278503,0.13403651118278503,1.0,1.0,1.0,1.0,1.0,1.0,1.0,0.9767610430717468,1.0,0.9764525294303894,1.0,0.9764525294303894,1.0,0.13403651118278503,0.5773202886554913,0.5741018256788556,1.2537688462395953
442,0.5431113243103027,1.1350080966949463,0.7954424619674683,0.6059682965278625,0.22792315483093262,0.11609506607055664,1.2055820226669312,0.11609506607055664,1.0,1.0,0.0,0.0,0.0,0.6000000238418579,0.0,1.1459081172943115,1.0,0.7549906969070435,0.0,0.7549906969070435,1.0,0.11609506607055664,1.7254056377072489,0.6261077325452907,0.9357242128284773
9053,0.3509974479675293,0.7090566754341125,0.5182216763496399,0.3327939510345459,0.20197664201259613,0.2382110357284546,0.2382110357284546,0.2382110357284546,1.0,1.0,1.0,1.0,1.0,0.6000000238418579,0.0,0.5656985640525818,1.0,0.933603048324585,1.0,0.933603048324585,0.9998809099197388,0.2382110357284546,0.3070969208189018,0.3070969208189018,0.5503159195267607
8113,0.30930522084236145,0.6372513771057129,0.3522959351539612,0.28829440474510193,0.2873251736164093,0.14798672497272491,0.14798672497272491,0.14798672497272491,1.0,1.0,1.0,1.0,1.0,0.6000000238418579,0.0,0.6448149681091309,1.0,0.8236871361732483,1.0,0.8236871361732483,1.0,0.14798672497272491,0.6070615012135658,0.5348822209878594,0.741501263788964
5505,0.34263181686401367,0.6611583828926086,0.3247434198856354,0.3226068913936615,0.380545049905777,0.40193817019462585,0.40193817019462585,0.40193817019462585,1.0,1.0,1.0,1.0,1.0,0.6000000238418579,0.0,0.7065965533256531,1.0,0.009609702974557877,0.0,0.9903903007507324,0.7745473980903625,0.40193817019462585,0.4656294427393748,0.4656294427393748,0.8426557911456645
5452,0.3431273400783539,0.7179568409919739,0.586845338344574,0.24653640389442444,0.19600017368793488,0.11572730541229248,0.11572730541229248,0.11572730541229248,1.0,1.0,1.0,1.0,1.0,0.6000000238418579,0.0,0.7373613715171814,1.0,0.039700474590063095,0.0,0.960299551486969,1.0,0.11572730541229248,0.8673602462225554,0.7085249763433055,0.9870211518067635
7958,0.251819372177124,0.5000880360603333,0.2978587746620178,0.3206590414047241,0.13694033026695251,0.17727172374725342,0.17727172374725342,0.17727172374725342,1.0,1.0,1.0,1.0,1.0,1.0,1.0,0.5000880360603333,1.0,0.0009301861864514649,0.0,0.9990698099136353,1.0,0.17727172374725342,0.2592220292040767,0.2592220292040767,0.5938499491829419
1383,0.45613202452659607,0.8874538540840149,0.5795456171035767,0.5677248239517212,0.22112558782100677,0.2381628304719925,1.157078504562378,0.2381628304719925,1.0,1.0,0.0,0.0,0.0,1.0,1.0,0.8874538540840149,1.0,0.5766223669052124,0.0,0.5766223669052124,0.9981846213340759,0.2381628304719925,2.2500018891976303,0.3338791516930137,0.6601661068658105
7022,0.5797767043113708,1.2581312656402588,0.7932953238487244,0.8284711837768555,0.11756359785795212,0.33968445658683777,1.0674203634262085,0.8649085164070129,0.6000000238418579,0.0,1.0,0.6000000238418579,0.0,0.20000000298023224,0.0,0.9487555623054504,0.0,0.6023545265197754,1.0,0.6023545265197754,0.9999934434890747,1.0674203634262085,2.5718708397805368,0.7670958856069683,2.112240801526691
9386,0.6146200895309448,1.2412837743759155,1.0590603351593018,0.37708017230033875,0.40771982073783875,0.33395856618881226,0.7229619026184082,0.7229619026184082,0.6000000238418579,0.0,1.0,0.6000000238418579,0.0,0.20000000298023224,0.0,0.9595186114311218,0.0,0.659074604511261,1.0,0.659074604511261,0.9999783039093018,0.7229619026184082,1.779760464428288,0.7340533178430078,1.0791496055266314
7291,0.47134238481521606,0.9581121802330017,0.7171146869659424,0.4066007733345032,0.29031163454055786,0.12647052109241486,1.1990375518798828,0.12647052109241486,1.0,1.0,0.0,0.0,0.0,0.6000000238418579,0.0,0.7022604942321777,1.0,0.3664010465145111,1.0,0.6335989236831665,1.0,0.12647052109241486,1.2224890927189733,1.1353753972302183,2.178236626545482
8493,0.6133580803871155,1.2126423120498657,0.6600465178489685,0.6782320141792297,0.5017957091331482,0.2447294294834137,0.778688371181488,0.5598090291023254,0.6000000238418579,0.0,0.0,0.4000000059604645,0.0,0.6000000238418579,0.0,0.9706287384033203,0.0,0.07642757147550583,1.0,0.9235724210739136,0.7688121199607849,0.5598090291023254,0.3692634765159877,0.3692634765159877,1.0337548236530776
3687,0.4904337525367737,1.0447100400924683,0.5930643677711487,0.538598358631134,0.33963844180107117,0.17647317051887512,0.17647317051887512,0.17647317051887512,1.0,1.0,1.0,1.0,1.0,1.0,1.0,1.0447100400924683,1.0,0.9486116766929626,1.0,0.9486116766929626,1.0,0.17647317051887512,0.5275752125558619,0.47737788362612915,0.7252164207690538
9818,0.36647525429725647,0.7818901538848877,0.237924262881279,0.6115118861198425,0.2499896138906479,0.17300470173358917,0.17300470173358917,0.17300470173358917,1.0,1.0,1.0,1.0,1.0,0.6000000238418579,0.0,0.757938027381897,1.0,0.031806230545043945,0.0,0.968193769454956,1.0,0.17300470173358917,0.15263040064311006,0.15177247120963275,0.30230936813749393
1735,0.2363920956850052,0.5301396250724792,0.1557881385087967,0.4714667797088623,0.08192133903503418,0.2099440097808838,0.2099440097808838,0.2099440097808838,1.0,1.0,1.0,1.0,1.0,1.0,1.0,0.5301396250724792,1.0,0.9677908420562744,1.0,0.9677908420562744,0.9999878406524658,0.2099440097808838,0.16578894921891166,0.16578894921891166,0.292112357044511
2035,0.3901389539241791,0.8077802062034607,0.4484317898750305,0.5328211784362793,0.1891639232635498,0.28924670815467834,0.28924670815467834,0.28924670815467834,1.0,1.0,1.0,1.0,1.0,1.0,1.0,0.8077802062034607,1.0,0.9797583818435669,1.0,0.9797583818435669,1.0,0.28924670815467834,0.5268715164674811,0.4997458854445893,0.6115232271824586
4159,0.4944322109222412,0.972416341304779,0.6370977759361267,0.5447673797607422,0.3014312982559204,0.13315027952194214,0.13315027952194214,0.13315027952194214,1.0,1.0,1.0,1.0,1.0,0.6000000238418579,0.0,0.981799304485321,1.0,0.09877105802297592,0.0,0.9012289643287659,1.0,0.13315027952194214,0.5623563268264655,0.49513720583777043,0.6848053388035449
1532,0.5040030479431152,1.012426733970642,0.6064010858535767,0.5700156092643738,0.3355924189090729,0.2255537360906601,0.2255537360906601,0.2255537360906601,1.0,1.0,1.0,1.0,1.0,0.6000000238418579,0.0,0.9408381581306458,1.0,0.9432826638221741,1.0,0.9432826638221741,0.9999998807907104,0.2255537360906601,0.1862763415237766,0.1862763415237766,0.2748884010878703
718,0.44269105792045593,0.982470691204071,0.4946822226047516,0.6942674517631531,0.13912342488765717,0.4108787477016449,0.4108787477016449,0.4108787477016449,1.0,1.0,1.0,1.0,1.0,0.6000000238418579,0.0,0.8805627822875977,1.0,0.9717484712600708,1.0,0.9717484712600708,0.9999996423721313,0.4108787477016449,0.45310288595640835,0.4410144333933505,0.654232219741357
9815,0.38390034437179565,0.7720665335655212,0.5389590263366699,0.3770747482776642,0.23566722869873047,0.16798710823059082,0.16798710823059082,0.16798710823059082,1.0,1.0,1.0,1.0,1.0,0.6000000238418579,0.0,0.7508174777030945,1.0,0.3965403437614441,0.0,0.6034596562385559,0.9999560117721558,0.16798710823059082,0.49814023093390064,0.38984880541728806,0.6241143944648412
998,0.8557628393173218,1.6397209167480469,0.9337813258171082,1.1370598077774048,0.4964474141597748,0.13592733442783356,0.13592733442783356,0.13592733442783356,1.0,1.0,1.0,1.0,1.0,0.20000000298023224,0.0,1.4991902112960815,1.0,0.9699955582618713,1.0,0.9699955582618713,1.0,0.13592733442783356,1.3827148017003885,0.7291810571342848,0.958635477163348
6088,0.2007538229227066,0.40163278579711914,0.26259756088256836,0.21230745315551758,0.12735645473003387,0.13124768435955048,0.13124768435955048,0.13124768435955048,1.0,1.0,1.0,1.0,1.0,1.0,1.0,0.40163278579711914,1.0,0.24520012736320496,0.0,0.7547998428344727,0.999542236328125,0.13124768435955048,0.16830017381711745,0.16768268462872576,0.3013614845701162
6798,0.5212486982345581,1.0568434000015259,0.6885519623756409,0.5883808732032776,0.2868134677410126,0.23389391601085663,0.23389391601085663,0.23389391601085663,1.0,1.0,1.0,1.0,1.0,0.6000000238418579,0.0,1.2098798751831055,1.0,0.13061785697937012,0.0,0.8693821430206299,1.0,0.23389391601085663,0.7880569559511647,0.7115671706074738,1.4559945520798538
1499,0.2434304654598236,0.4990646541118622,0.3055233061313629,0.2009766846895218,0.22379140555858612,0.3593643009662628,0.3593643009662628,0.3593643009662628,1.0,1.0,1.0,1.0,1.0,0.6000000238418579,0.0,0.5719451904296875,1.0,0.990410566329956,1.0,0.990410566329956,0.9998434782028198,0.3593643009662628,0.12947729746205092,0.12947729746205092,0.25806764525433085
1508,0.32389888167381287,0.6344370245933533,0.2703556716442108,0.40686073899269104,0.29448017477989197,0.26026424765586853,0.26026424765586853,0.26026424765586853,1.0,1.0,1.0,1.0,1.0,1.0,1.0,0.6344370245933533,1.0,0.8982475399971008,1.0,0.8982475399971008,1.0,0.26026424765586853,0.353696106517984,0.349140684266535,1.8678637104642317
279,0.2935744524002075,0.5833293795585632,0.320819228887558,0.28594258427619934,0.27396151423454285,0.15202243626117706,0.15202243626117706,0.15202243626117706,1.0,1.0,1.0,1.0,1.0,1.0,1.0,0.5833293795585632,1.0,0.8188527822494507,1.0,0.8188527822494507,1.0,0.15202243626117706,0.5414874486611972,0.5082195217487939,0.61668778901838
8469,0.33322834968566895,0.7386269569396973,0.5620113611221313,0.3015373647212982,0.13613632321357727,0.17433178424835205,0.17433178424835205,0.17433178424835205,1.0,1.0,1.0,1.0,1.0,1.0,1.0,0.7386269569396973,1.0,0.009168876335024834,0.0,0.9908311367034912,1.0,0.17433178424835205,0.41045335995059085,0.40910251605890496,1.870727791725608
7063,0.37209615111351013,0.7171827554702759,0.3013557493686676,0.4953732490539551,0.31955939531326294,0.1866883486509323,0.1866883486509323,0.1866883486509323,1.0,1.0,1.0,1.0,1.0,1.0,1.0,0.7171827554702759,1.0,0.02079145796597004,0.0,0.9792085289955139,0.9999998807907104,0.1866883486509323,0.5568353674129985,0.5564674158001315,0.9731122390809237
8151,0.34466561675071716,0.7149486541748047,0.28954192996025085,0.6110507845878601,0.13340406119823456,0.09446968138217926,0.09446968138217926,0.09446968138217926,1.0,1.0,1.0,1.0,1.0,0.6000000238418579,0.0,0.6810405850410461,1.0,0.5674050450325012,1.0,0.5674050450325012,1.0,0.09446968138217926,1.0002541590855447,0.9125076016907799,1.092949759994919
8257,0.5803752541542053,1.1388177871704102,0.6321985721588135,0.7620692253112793,0.3468579351902008,0.3901255428791046,0.3901255428791046,0.3901255428791046,1.0,1.0,1.0,1.0,1.0,0.6000000238418579,0.0,0.9115604758262634,1.0,0.00044693503878079355,0.0,0.9995530843734741,0.9999995231628418,0.3901255428791046,0.608258645059742,0.5861085461114856,0.9267781245795117
8241,0.4315221905708313,0.8683525323867798,0.6148316264152527,0.4626612663269043,0.21707363426685333,0.15040463209152222,0.15040463209152222,0.15040463209152222,1.0,1.0,1.0,1.0,1.0,1.0,1.0,0.8683525323867798,1.0,0.9102120399475098,1.0,0.9102120399475098,1.0,0.15040463209152222,0.9494147374308715,0.6655199924957713,0.830318618810725
7751,0.43608471751213074,0.9442214965820312,0.6067177653312683,0.43888020515441895,0.2626560926437378,0.23731128871440887,1.1768954992294312,0.23731128871440887,1.0,1.0,0.0,0.0,0.0,0.6000000238418579,0.0,0.7271663546562195,1.0,0.6040157079696655,0.0,0.6040157079696655,0.9216835498809814,0.23731128871440887,2.1089566270006483,0.1906896346801687,0.3192515758176454
4506,0.37109148502349854,0.7565433382987976,0.32940444350242615,0.5471414923667908,0.23672842979431152,0.23591648042201996,0.23591648042201996,0.23591648042201996,1.0,1.0,1.0,1.0,1.0,1.0,1.0,0.7565433382987976,1.0,0.9789388179779053,1.0,0.9789388179779053,0.9999970197677612,0.23591648042201996,0.23038714635311922,0.23038714635311922,0.5043916356929229
4785,0.222870871424675,0.4047486484050751,0.23955045640468597,0.26557761430740356,0.16348449885845184,0.1526399850845337,0.1526399850845337,0.1526399850845337,1.0,1.0,1.0,1.0,1.0,1.0,1.0,0.4047486484050751,1.0,0.9197883605957031,1.0,0.9197883605957031,1.0,0.1526399850845337,0.3256241294706147,0.31862050211830445,0.45415060424615095
1661,0.46521949768066406,0.9052626490592957,0.49696084856987,0.606825590133667,0.2918719947338104,0.392843097448349,0.392843097448349,0.392843097448349,1.0,1.0,1.0,1.0,1.0,1.0,1.0,0.9052626490592957,1.0,0.9962150454521179,1.0,0.9962150454521179,1.0,0.392843097448349,0.3348428010119372,0.3348428010119372,0.7494572369019032
7904,0.7363232970237732,1.6201854944229126,0.7796727418899536,1.0965369939804077,0.3327600061893463,0.3487379252910614,0.8625481724739075,0.6546294093132019,0.6000000238418579,0.0,0.0,0.4000000059604645,0.0,0.20000000298023224,0.0,1.3540880680084229,0.0,0.021042533218860626,1.0,0.97895747423172,1.0,0.6546294093132019,0.6694663273869932,0.5184750007184319,0.9118484923846794
4630,0.297273188829422,0.5888662338256836,0.3328809440135956,0.31716033816337585,0.2417782098054886,0.17725268006324768,0.5849205851554871,0.5849205851554871,0.6000000238418579,0.0,1.0,0.6000000238418579,0.0,0.6000000238418579,0.0,0.5888662338256836,0.0,0.644160270690918,1.0,0.644160270690918,0.6581493020057678,0.5849205851554871,1.0875557959757935,0.7241532205385494,0.8164731712895459
2165,0.38624632358551025,0.7312547564506531,0.28143906593322754,0.5133469700813293,0.36395296454429626,0.10902905464172363,0.10902905464172363,0.10902905464172363,1.0,1.0,1.0,1.0,1.0,0.6000000238418579,0.0,0.7003815770149231,1.0,0.041810065507888794,0.0,0.9581899642944336,1.0,0.10902905464172363,0.4423376418908046,0.44038058648299416,0.9444742848106112
7754,0.4739280343055725,1.0503183603286743,0.32766813039779663,0.951276421546936,0.14283952116966248,0.23464910686016083,0.23464910686016083,0.23464910686016083,1.0,1.0,1.0,1.0,1.0,0.6000000238418579,0.0,0.8737580180168152,1.0,0.0016663412097841501,0.0,0.9983336329460144,1.0,0.23464910686016083,0.45001646988912425,0.44838047791807445,0.7539858099028555
2420,0.5911357998847961,1.1039412021636963,0.6951307654380798,0.622662365436554,0.4556143879890442,0.12368056923151016,0.12368056923151016,0.12368056923151016,1.0,1.0,1.0,1.0,1.0,0.6000000238418579,0.0,0.9456247687339783,1.0,0.9391079545021057,1.0,0.9391079545021057,1.0,0.12368056923151016,0.8742305317778128,0.7923460039634194,0.9846321369359547
7178,0.5054042935371399,1.1170583963394165,0.6652430891990662,0.6081638932228088,0.2428058683872223,0.14725753664970398,1.2922461032867432,0.14725753664970398,1.0,1.0,0.0,0.0,0.0,0.20000000298023224,0.0,0.8143882751464844,1.0,0.6218968033790588,0.0,0.6218968033790588,1.0,0.14725753664970398,0.8738284738351305,0.7372212437254416,0.9333899182949803
669,0.40596115589141846,0.9580479860305786,0.5320116877555847,0.3693612515926361,0.31651052832603455,0.11472680419683456,0.11472680419683456,0.11472680419683456,1.0,1.0,1.0,1.0,1.0,1.0,1.0,0.9580479860305786,1.0,0.9621660113334656,1.0,0.9621660113334656,0.9999985694885254,0.11472680419683456,0.454795109323128,0.4330374077012044,0.7741469133549995
6207,0.5169060826301575,1.0149872303009033,0.6095722913742065,0.604416012763977,0.33672982454299927,0.28490549325942993,0.28490549325942993,0.28490549325942993,1.0,1.0,1.0,1.0,1.0,0.6000000238418579,0.0,0.7583262324333191,1.0,0.027072811499238014,0.0,0.9729272127151489,0.9999983310699463,0.28490549325942993,0.8598373825914594,0.8059695546221741,0.9679732296221848
4831,0.32363346219062805,0.6195759177207947,0.34310317039489746,0.3388148844242096,0.28898224234580994,0.23840618133544922,0.23840618133544922,0.23840618133544922,1.0,1.0,1.0,1.0,1.0,1.0,1.0,0.6195759177207947,1.0,0.9853013157844543,1.0,0.9853013157844543,0.9999903440475464,0.23840618133544922,0.24892430354076714,0.21027655674955373,0.4172270723353675
9716,0.371302992105484,0.7178084850311279,0.476931631565094,0.2865147292613983,0.3504626154899597,0.19683067500591278,0.19683067500591278,0.19683067500591278,1.0,1.0,1.0,1.0,1.0,1.0,1.0,0.7178084850311279,1.0,0.9828358292579651,1.0,0.9828358292579651,1.0,0.19683067500591278,0.6412186964697374,0.5525380011636439,6.914425265009916
7169,0.48723527789115906,1.021202564239502,0.30224019289016724,0.9052497744560242,0.254215806722641,0.29039010405540466,0.29039010405540466,0.29039010405540466,1.0,1.0,1.0,1.0,1.0,0.6000000238418579,0.0,0.8510012030601501,1.0,0.0324629507958889,0.0,0.9675370454788208,1.0,0.29039010405540466,0.8327100311030954,0.7082671314785242,1.0649488628639594
9850,0.26355433464050293,0.5314745903015137,0.368267297744751,0.23394130170345306,0.18845438957214355,0.25265905261039734,0.25265905261039734,0.25265905261039734,1.0,1.0,1.0,1.0,1.0,1.0,1.0,0.5314745903015137,1.0,0.9251208305358887,1.0,0.9251208305358887,1.0,0.25265905261039734,0.34319804574643714,0.34319804574643714,0.8133949624285923
4263,0.428587943315506,0.8589569926261902,0.5433229804039001,0.471530020236969,0.2709108293056488,0.09256649762392044,0.09256649762392044,0.09256649762392044,1.0,1.0,1.0,1.0,1.0,1.0,1.0,0.8589569926261902,1.0,0.14105485379695892,0.0,0.8589451313018799,1.0,0.09256649762392044,1.273010315286702,0.760700383484571,0.9604197002325545
3148,0.4672747850418091,0.9787616729736328,0.4378006160259247,0.5921640396118164,0.37185969948768616,0.21693885326385498,0.21693885326385498,0.21693885326385498,1.0,1.0,1.0,1.0,1.0,1.0,1.0,0.9787616729736328,1.0,0.9970454573631287,1.0,0.9970454573631287,0.9999994039535522,0.21693885326385498,0.4055959796813146,0.4055959796813146,0.8811644148678136
2361,0.4145430028438568,0.8502485156059265,0.6707826852798462,0.4510633647441864,0.1217830553650856,0.2180488109588623,0.2180488109588623,0.2180488109588623,1.0,1.0,1.0,1.0,1.0,0.6000000238418579,0.0,0.8593123555183411,1.0,0.019737286493182182,0.0,0.9802626967430115,0.9999783039093018,0.2180488109588623,0.05440409057621641,0.05440409057621641,0.11705567887152617
2344,0.6136054396629333,1.2163528203964233,0.6816684603691101,0.7066212892532349,0.4525265693664551,0.3152240216732025,0.3152240216732025,0.3152240216732025,1.0,1.0,1.0,1.0,1.0,0.6000000238418579,0.0,1.1934055089950562,1.0,0.023455753922462463,0.0,0.9765442609786987,1.0,0.3152240216732025,1.2575955964090424,0.8530737083343866,0.9966907774784911
1526,0.47781744599342346,0.9184213876724243,0.49530029296875,0.5154291987419128,0.422722727060318,0.2286251038312912,0.2286251038312912,0.2286251038312912,1.0,1.0,1.0,1.0,1.0,0.20000000298023224,0.0,0.7523688673973083,1.0,0.7121425867080688,1.0,0.7121425867080688,1.0,0.2286251038312912,1.1684032076521726,0.9585677679614487,1.015893362880639
3909,0.34498465061187744,0.6532402634620667,0.3818696439266205,0.4533050060272217,0.19977925717830658,0.20491214096546173,0.20491214096546173,0.20491214096546173,1.0,1.0,1.0,1.0,1.0,0.6000000238418579,0.0,0.5713070034980774,1.0,0.9874143004417419,1.0,0.9874143004417419,0.9983711838722229,0.20491214096546173,0.13631284193173032,0.13631284193173032,0.2683965806265349
2665,0.48385879397392273,1.085722804069519,0.6962642073631287,0.6695042848587036,0.0858079120516777,0.20228873193264008,0.20228873193264008,0.20228873193264008,1.0,1.0,1.0,1.0,1.0,1.0,1.0,1.085722804069519,1.0,0.8165870904922485,1.0,0.8165870904922485,0.9249898195266724,0.20228873193264008,0.29101370380296937,0.29101370380296937,0.5020269573412608
2827,0.3885819613933563,0.7526376247406006,0.32492145895957947,0.5321211218833923,0.30870315432548523,0.2726397216320038,0.2726397216320038,0.2726397216320038,1.0,1.0,1.0,1.0,1.0,1.0,1.0,0.7526376247406006,1.0,0.03392645716667175,0.0,0.9660735130310059,1.0,0.2726397216320038,0.672224419306582,0.672224419306582,1.3369251174453087
2260,0.4033423960208893,0.8179706931114197,0.4090757369995117,0.3377958834171295,0.46315550804138184,0.22083143889904022,0.22083143889904022,0.22083143889904022,1.0,1.0,1.0,1.0,1.0,0.6000000238418579,0.0,0.9283596277236938,1.0,0.004216312896460295,0.0,0.9957836866378784,1.0,0.22083143889904022,0.3552503962081165,0.3552503962081165,1.0146073546405436
3027,0.41158196330070496,0.8844935297966003,0.5455664992332458,0.6087930798530579,0.08038618415594101,0.11734175682067871,0.11734175682067871,0.11734175682067871,1.0,1.0,1.0,1.0,1.0,1.0,1.0,0.8844935297966003,1.0,0.0584213063120842,0.0,0.9415786862373352,1.0,0.11734175682067871,0.19448634005969653,0.19118210198859378,0.2863991721759231
8747,0.6559946537017822,1.3489782810211182,0.44895264506340027,1.1797553300857544,0.339275985956192,0.1325807124376297,0.1325807124376297,0.1325807124376297,1.0,1.0,1.0,1.0,1.0,0.6000000238418579,0.0,1.209025263786316,1.0,0.30825182795524597,0.0,0.6917481422424316,1.0,0.1325807124376297,1.7578986977891498,1.1616461558615991,3.559816442344652
1058,0.4518425166606903,0.971349835395813,0.694683313369751,0.4471595883369446,0.21368460357189178,0.22488132119178772,0.22488132119178772,0.22488132119178772,1.0,1.0,1.0,1.0,1.0,1.0,1.0,0.971349835395813,1.0,0.32666823267936707,0.0,0.6733317375183105,0.9999988079071045,0.22488132119178772,0.8506529736426018,0.7239217105304417,0.8773396575366159
1081,0.37215155363082886,0.7282302975654602,0.31374722719192505,0.49617987871170044,0.3065275549888611,0.22755804657936096,1.158913493156433,0.5142420530319214,0.20000000298023224,0.0,1.0,0.20000000298023224,0.0,0.20000000298023224,0.0,0.6870334148406982,0.0,0.09389863163232803,0.0,0.9061013460159302,0.999987006187439,1.158913493156433,2.2743426588478126,0.3391156422383464,0.8323285373403735
1815,0.4444986879825592,0.9047239422798157,0.5407652258872986,0.5226580500602722,0.2700727880001068,0.20266063511371613,0.20266063511371613,0.20266063511371613,1.0,1.0,1.0,1.0,1.0,0.6000000238418579,0.0,0.9517608880996704,1.0,0.8700627088546753,1.0,0.8700627088546753,1.0,0.20266063511371613,0.5261698383586543,0.4709509408167559,1.1478825273063769
6052,0.5738165974617004,1.1607319116592407,0.6111605763435364,0.6066699028015137,0.5036192536354065,0.30162176489830017,0.30162176489830017,0.30162176489830017,1.0,1.0,1.0,1.0,1.0,0.6000000238418579,0.0,1.0521125793457031,1.0,0.08771631121635437,0.0,0.9122836589813232,0.9999998807907104,0.30162176489830017,0.32281905930821875,0.32281905930821875,0.7489861626461493
1296,0.40515005588531494,0.7601744532585144,0.5027971267700195,0.3801685869693756,0.3324843943119049,0.12305883318185806,1.3894069194793701,0.12305883318185806,1.0,1.0,0.0,0.0,0.0,0.6000000238418579,0.0,0.6451451778411865,1.0,0.040179044008255005,1.0,0.9598209857940674,0.6804938912391663,0.12305883318185806,1.7269107838820403,0.46286732149591103,0.5847609001106805
9231,0.7506362199783325,1.565651774406433,1.0538365840911865,1.0147154331207275,0.18335656821727753,0.09973262250423431,1.1039421558380127,0.09973262250423431,1.0,1.0,0.0,0.0,0.0,0.6000000238418579,0.0,0.9432849884033203,1.0,0.5370763540267944,0.0,0.5370763540267944,1.0,0.09973262250423431,1.0141612445526909,0.6770061178390815,0.8548695607490104
6576,0.6698739528656006,1.420181393623352,1.2343415021896362,0.31597986817359924,0.4593007266521454,0.10983239859342575,0.10983239859342575,0.10983239859342575,1.0,1.0,1.0,1.0,1.0,0.6000000238418579,0.0,1.3879746198654175,1.0,0.05363880470395088,0.0,0.9463611841201782,0.9999991655349731,0.10983239859342575,0.18129882732599076,0.18129882732599076,0.41987722929880555
5623,0.43661752343177795,0.8059322237968445,0.4300892949104309,0.5425510406494141,0.3372122049331665,0.2159951776266098,0.2159951776266098,0.2159951776266098,1.0,1.0,1.0,1.0,1.0,1.0,1.0,0.8059322237968445,1.0,0.9999241828918457,1.0,0.9999241828918457,1.0,0.2159951776266098,0.21884825073037587,0.21136091565335005,0.5348074855603315
4924,0.31003621220588684,0.6326112151145935,0.29660335183143616,0.4008883535861969,0.2326168566942215,0.23695340752601624,0.23695340752601624,0.23695340752601624,1.0,1.0,1.0,1.0,1.0,1.0,1.0,0.6326112151145935,1.0,0.9597490429878235,1.0,0.9597490429878235,0.9999891519546509,0.23695340752601624,0.3628207581220802,0.3605542298970663,0.5995975273260127
2499,0.45493388175964355,1.0266698598861694,0.5435165762901306,0.6447235941886902,0.17656154930591583,0.17189203202724457,0.17189203202724457,0.17189203202724457,1.0,1.0,1.0,1.0,1.0,1.0,1.0,1.0266698598861694,1.0,0.945321261882782,1.0,0.945321261882782,1.0,0.17189203202724457,0.43547295382969203,0.43304180546435617,0.8498138650001676
528,0.3386114835739136,0.7504474520683289,0.37891584634780884,0.4221368730068207,0.2147817611694336,0.15073837339878082,0.15073837339878082,0.15073837339878082,1.0,1.0,1.0,1.0,1.0,1.0,1.0,0.5603117942810059,1.0,0.913898229598999,1.0,0.913898229598999,1.0,0.15073837339878082,0.4710822150793637,0.4022153119615175,1.138543771353742
8944,0.7607284784317017,1.4523146152496338,0.7704698443412781,1.0300463438034058,0.4816690981388092,0.21324072778224945,1.3180712461471558,0.21324072778224945,1.0,1.0,0.0,0.0,0.0,0.6000000238418579,0.0,1.1056671142578125,1.0,0.03467172011733055,1.0,0.9653282761573792,1.0,0.21324072778224945,1.6858243615727124,1.2334976760031366,3.349603063436293
5091,0.48351213335990906,1.092551827430725,0.9599239230155945,0.3821563124656677,0.10845605283975601,0.2109278291463852,0.2109278291463852,0.2109278291463852,1.0,1.0,1.0,1.0,1.0,0.6000000238418579,0.0,0.8332542777061462,1.0,0.013330402784049511,0.0,0.9866696000099182,1.0,0.2109278291463852,0.511905423117176,0.43580244696217935,0.649195954568272
1219,0.6336949467658997,1.2770990133285522,0.6509872674942017,0.9482242465019226,0.30187326669692993,0.21202604472637177,1.0210294723510742,0.5764288306236267,0.6000000238418579,0.0,0.0,0.4000000059604645,0.0,0.20000000298023224,0.0,0.8710829615592957,0.0,0.9563558101654053,0.0,0.9563558101654053,0.9999849796295166,0.5764288306236267,0.5498411726001227,0.5116598257188134,0.8131684285871221
4382,0.37013009190559387,0.7308142781257629,0.32987433671951294,0.6065306067466736,0.1739852875471115,0.3464648723602295,0.3464648723602295,0.3464648723602295,1.0,1.0,1.0,1.0,1.0,1.0,1.0,0.7308142781257629,1.0,0.019128913059830666,0.0,0.9808710813522339,1.0,0.3464648723602295,0.4535008570064303,0.4535008570064303,0.923457279320756
4410,0.4373084604740143,0.8694965243339539,0.722815215587616,0.30290207266807556,0.2862081527709961,0.23372144997119904,0.23372144997119904,0.23372144997119904,1.0,1.0,1.0,1.0,1.0,1.0,1.0,0.8694965243339539,1.0,0.9655312895774841,1.0,0.9655312895774841,0.9999829530715942,0.23372144997119904,0.7813652196884029,0.54240468425416,0.8390198137167441
6090,0.197835773229599,0.37940776348114014,0.138064906001091,0.2985973060131073,0.1568451225757599,0.2747483551502228,0.2747483551502228,0.2747483551502228,1.0,1.0,1.0,1.0,1.0,1.0,1.0,0.37940776348114014,1.0,0.9513601660728455,1.0,0.9513601660728455,0.9999994039535522,0.2747483551502228,0.19142997385642826,0.19142997385642826,0.39606683254474123
333,0.30350783467292786,0.703940212726593,0.23501192033290863,0.4886746406555176,0.18683695793151855,0.19619470834732056,0.19619470834732056,0.19619470834732056,1.0,1.0,1.0,1.0,1.0,0.6000000238418579,0.0,0.46690988540649414,1.0,0.8929513096809387,1.0,0.8929513096809387,1.0,0.19619470834732056,0.7433183418206801,0.7294517832256261,1.335709916506549
8374,0.32329121232032776,0.6531975865364075,0.40728649497032166,0.3629302978515625,0.1996569186449051,0.25203919410705566,0.25203919410705566,0.25203919410705566,1.0,1.0,1.0,1.0,1.0,1.0,1.0,0.6531975865364075,1.0,0.9695978760719299,1.0,0.9695978760719299,1.0,0.25203919410705566,0.8998806504419437,0.8732347578783757,2.488896109481116
6193,0.44087475538253784,0.9153904318809509,0.6027100682258606,0.5483203530311584,0.1715937703847885,0.16702578961849213,0.3215464651584625,0.3215464651584625,0.20000000298023224,0.0,0.0,0.800000011920929,0.0,0.20000000298023224,0.0,0.9153904318809509,0.0,0.3046424984931946,1.0,0.6953575015068054,0.9999984502792358,1.1637632846832275,0.43265264341544807,0.43265264341544807,3.403328320890868
3590,0.42645272612571716,0.8691261410713196,0.5003930926322937,0.39938125014305115,0.3795837461948395,0.13829956948757172,0.13829956948757172,0.13829956948757172,1.0,1.0,1.0,1.0,1.0,0.6000000238418579,0.0,0.7251611948013306,1.0,0.09834092110395432,0.0,0.9016590714454651,1.0,0.13829956948757172,0.5487896579992957,0.5445141385431552,1.3495821334470768
4783,0.5005305409431458,1.0563682317733765,0.48939570784568787,0.8538327217102051,0.1583632081747055,0.1344275027513504,1.1759203672409058,0.1344275027513504,1.0,1.0,0.0,0.0,0.0,0.6000000238418579,0.0,1.0287609100341797,1.0,0.0740617886185646,1.0,0.9259381890296936,1.0,0.1344275027513504,1.5661495261106284,0.534243125307842,0.838908949073319
7819,0.5220426917076111,1.0571569204330444,0.38540178537368774,0.5923830270767212,0.5883432626724243,0.1895017921924591,0.1895017921924591,0.1895017921924591,1.0,1.0,1.0,1.0,1.0,0.6000000238418579,0.0,1.1027024984359741,1.0,0.16057075560092926,0.0,0.8394292593002319,1.0,0.1895017921924591,0.7485355518059148,0.7485355518059148,3.3232460759821727
4137,0.3157820403575897,0.6281514167785645,0.3253825604915619,0.3854149281978607,0.23654866218566895,0.32547369599342346,0.32547369599342346,0.32547369599342346,1.0,1.0,1.0,1.0,1.0,1.0,1.0,0.6281514167785645,1.0,0.8792802691459656,1.0,0.8792802691459656,0.9999419450759888,0.32547369599342346,0.20082217730008975,0.20082217730008975,0.4981036507850467
3606,0.34921005368232727,0.7322519421577454,0.35552987456321716,0.39324241876602173,0.2988578677177429,0.11047573387622833,0.11047573387622833,0.11047573387622833,1.0,1.0,1.0,1.0,1.0,1.0,1.0,0.8017279505729675,1.0,0.09477929025888443,0.0,0.9052206873893738,1.0,0.11047573387622833,0.2586720995407231,0.2586720995407231,0.5432334212272859
4371,0.5282176733016968,1.034148097038269,0.7789806127548218,0.3717573583126068,0.43391504883766174,0.2682585120201111,0.2682585120201111,0.2682585120201111,1.0,1.0,1.0,1.0,1.0,0.20000000298023224,0.0,0.8681246042251587,1.0,0.9273273944854736,1.0,0.9273273944854736,1.0,0.2682585120201111,1.6621043711244492,1.4214413113383553,1.9960482474328876
675,0.3387010395526886,0.7066116333007812,0.5031369924545288,0.2658964693546295,0.24706964194774628,0.1669865995645523,0.795350968837738,0.795350968837738,0.6000000238418579,0.0,1.0,0.6000000238418579,0.0,0.6000000238418579,0.0,0.7219449877738953,0.0,0.03238091990351677,0.0,0.9676190614700317,0.9829704761505127,0.795350968837738,1.7103045119936968,0.37567605060347586,0.603606187210734
5952,0.5256475210189819,1.0635026693344116,0.7282036542892456,0.6621244549751282,0.18661439418792725,0.12211885303258896,0.12211885303258896,0.12211885303258896,1.0,1.0,1.0,1.0,1.0,1.0,1.0,1.0591267347335815,1.0,0.01757836528122425,0.0,0.9824216365814209,1.0,0.12211885303258896,0.25451752890292306,0.25451752890292306,0.5502589299254251
3375,0.5745587348937988,1.271902322769165,0.38116273283958435,1.0008820295333862,0.34163138270378113,0.11136012524366379,0.11136012524366379,0.11136012524366379,1.0,1.0,1.0,1.0,1.0,0.6000000238418579,0.0,1.1488555669784546,1.0,0.9903659820556641,1.0,0.9903659820556641,1.0,0.11136012524366379,0.8744971064524855,0.7979984785477223,1.0037828660576715
1137,0.5630857348442078,1.096598744392395,0.6974045038223267,0.7577540874481201,0.23409855365753174,0.15295055508613586,0.15295055508613586,0.15295055508613586,1.0,1.0,1.0,1.0,1.0,1.0,1.0,1.0838918685913086,1.0,0.9421344995498657,1.0,0.9421344995498657,1.0,0.15295055508613586,0.15039127118712103,0.15039127118712103,0.3371081172063901
8941,0.710663914680481,1.3756130933761597,0.9269313812255859,0.9301762580871582,0.274883896112442,0.31838974356651306,0.31838974356651306,0.31838974356651306,1.0,1.0,1.0,1.0,1.0,1.0,1.0,1.3756130933761597,1.0,0.027067488059401512,0.0,0.9729325175285339,1.0,0.31838974356651306,1.3806090204178125,1.0894264907305722,1.0570487420474333
5004,0.39568936824798584,0.7878496050834656,0.5088254809379578,0.3978334963321686,0.2804090976715088,0.22427062690258026,0.22427062690258026,0.22427062690258026,1.0,1.0,1.0,1.0,1.0,1.0,1.0,0.7878496050834656,1.0,0.9830576777458191,1.0,0.9830576777458191,1.0,0.22427062690258026,0.7176173809509877,0.7174823448186938,0.9721528768989192
437,0.5789293646812439,1.1349945068359375,0.7158812880516052,0.6856523752212524,0.335254430770874,0.17865565419197083,0.17865565419197083,0.17865565419197083,1.0,1.0,1.0,1.0,1.0,0.6000000238418579,0.0,1.1136579513549805,1.0,0.007675536908209324,0.0,0.9923244714736938,1.0,0.17865565419197083,0.4103020955746709,0.4004179753451403,0.7822263724879808
491,0.45869311690330505,0.9509581923484802,0.8058282732963562,0.33762940764427185,0.2326216995716095,0.1284673511981964,0.1284673511981964,0.1284673511981964,1.0,1.0,1.0,1.0,1.0,0.6000000238418579,0.0,0.9198572039604187,1.0,0.9833294153213501,1.0,0.9833294153213501,1.0,0.1284673511981964,0.7839635889806157,0.7364082870050273,1.8805906461822708
2189,0.2830483615398407,0.5691989064216614,0.43538618087768555,0.3510029911994934,0.06275585293769836,0.10698280483484268,0.10698280483484268,0.10698280483484268,1.0,1.0,1.0,1.0,1.0,1.0,1.0,0.5691989064216614,1.0,0.9711622595787048,1.0,0.9711622595787048,1.0,0.10698280483484268,0.17654878529575793,0.1714372915645785,0.23608662862468813
4802,0.5253801345825195,0.9922381639480591,0.5130893588066101,0.684634268283844,0.3784167468547821,0.20941689610481262,0.79033362865448,0.7666522860527039,0.6000000238418579,0.0,0.0,0.4000000059604645,0.0,0.20000000298023224,0.0,0.5710083842277527,0.0,0.02490220032632351,1.0,0.9750977754592896,1.0,0.7666522860527039,0.3007329049737813,0.3002380730262542,1.1146782385260419
5668,0.3326474130153656,0.6769286394119263,0.577889084815979,0.1503237932920456,0.26972928643226624,0.18455548584461212,0.18455548584461212,0.18455548584461212,1.0,1.0,1.0,1.0,1.0,1.0,1.0,0.6769286394119263,1.0,0.9433910846710205,1.0,0.9433910846710205,1.0,0.18455548584461212,0.7782322098583938,0.758761982586129,0.9604445032819087
5729,0.57082599401474,1.247848629951477,0.9191185235977173,0.43451395630836487,0.35884547233581543,0.14077848196029663,0.14077848196029663,0.14077848196029663,1.0,1.0,1.0,1.0,1.0,0.20000000298023224,0.0,1.040761113166809,1.0,0.9031713604927063,1.0,0.9031713604927063,1.0,0.14077848196029663,0.945842454030633,0.7490224461071631,1.2731987530316253
9864,0.2941761910915375,0.5825344324111938,0.3330204486846924,0.3069812059402466,0.24252676963806152,0.16950395703315735,0.16950395703315735,0.16950395703315735,1.0,1.0,1.0,1.0,1.0,1.0,1.0,0.5825344324111938,1.0,0.8656075596809387,1.0,0.8656075596809387,1.0,0.16950395703315735,0.10224010613041525,0.10224010613041525,0.21344552977470377
