test_example_index,mean_position_mae,mean_position_3d_error,position_mae_x,position_mae_y,position_mae_z,charge_magnitude_mae,charge_mae,global_invariant_charge_mae,relative_sign_accuracy,relative_configuration_accuracy,global_sign_accuracy,absolute_sign_accuracy,absolute_sign_set_accuracy,geometric_relative_sign_accuracy,geometric_relative_configuration_accuracy,geometric_mean_position_3d_error,relative_negative_count_accuracy,global_probability,global_target,global_confidence,relative_confidence,global_oracle_charge_mae,field_relative_l2,magnitude_field_relative_l2,g00_relative_l2
1629,0.29924556612968445,0.653918445110321,0.2179660052061081,0.5250639319419861,0.15470676124095917,0.08947008848190308,0.08947008848190308,0.08947008848190308,1.0,1.0,1.0,1.0,1.0,1.0,1.0,0.653918445110321,1.0,0.06552676111459732,0.0,0.9344732165336609,0.9978076815605164,0.08947008848190308,0.3518435803979526,0.34732731411429113,0.6897684518220678
6384,0.32583722472190857,0.7192499041557312,0.2503066062927246,0.5652586817741394,0.16194641590118408,0.1783422976732254,0.1783422976732254,0.1783422976732254,1.0,1.0,1.0,1.0,1.0,1.0,1.0,0.7192499041557312,1.0,0.009691299870610237,0.0,0.9903087019920349,0.9963352680206299,0.1783422976732254,0.1751825857768693,0.16985840740400338,0.27542702526039287
9436,0.26466622948646545,0.5268378257751465,0.2594917416572571,0.30675631761550903,0.22775064408779144,0.21696968376636505,0.21696968376636505,0.21696968376636505,1.0,1.0,1.0,1.0,1.0,0.6000000238418579,0.0,0.5092231631278992,1.0,0.9714003205299377,1.0,0.9714003205299377,0.99689120054245,0.21696968376636505,0.2908285495394279,0.2686526889197542,0.4089659981674466
5028,0.31630921363830566,0.686356246471405,0.25502386689186096,0.48305055499076843,0.2108532190322876,0.11665699630975723,0.11665699630975723,0.11665699630975723,1.0,1.0,1.0,1.0,1.0,1.0,1.0,0.686356246471405,1.0,0.015312924049794674,0.0,0.984687089920044,0.9911269545555115,0.11665699630975723,0.12785519404072496,0.12785519404072496,0.2537252787844335
4722,0.294352650642395,0.5611822605133057,0.2830401360988617,0.42400017380714417,0.176017627120018,0.1792774349451065,0.1792774349451065,0.1792774349451065,1.0,1.0,1.0,1.0,1.0,0.6000000238418579,0.0,0.4833042621612549,1.0,0.7967914938926697,1.0,0.7967914938926697,0.5294106006622314,0.1792774349451065,0.10053670436525856,0.10053670436525856,0.18154536012662637
7930,0.4854019284248352,0.9942003488540649,0.7186123728752136,0.5247442722320557,0.21284905076026917,0.2909819483757019,0.2909819483757019,0.2909819483757019,1.0,1.0,1.0,1.0,1.0,0.6000000238418579,0.0,0.9430023431777954,1.0,0.01318425964564085,0.0,0.9868157505989075,0.817095160484314,0.2909819483757019,0.06665520029065329,0.06665520029065329,0.12333240380886856
2785,0.31503015756607056,0.6579144597053528,0.2924787402153015,0.40143153071403503,0.25118014216423035,0.08994679898023605,0.08994679898023605,0.08994679898023605,1.0,1.0,1.0,1.0,1.0,0.6000000238418579,0.0,0.5236906409263611,1.0,0.02011810429394245,0.0,0.9798818826675415,0.9638177752494812,0.08994679898023605,0.3396006380407066,0.3396006380407066,1.863793103865376
5523,0.38228514790534973,0.7767273187637329,0.5042592883110046,0.486537367105484,0.15605878829956055,0.17268483340740204,0.17268483340740204,0.17268483340740204,1.0,1.0,1.0,1.0,1.0,1.0,1.0,0.7767273187637329,1.0,0.5001763105392456,1.0,0.5001763105392456,0.9997274279594421,0.17268483340740204,0.8908398163772844,0.6214416033431076,0.8114247290532616
1488,0.31182214617729187,0.6553390622138977,0.19803567230701447,0.4019690454006195,0.3354617655277252,0.1361551731824875,0.1361551731824875,0.1361551731824875,1.0,1.0,1.0,1.0,1.0,1.0,1.0,0.6553390622138977,1.0,0.013689753599464893,0.0,0.9863102436065674,0.9958301186561584,0.1361551731824875,0.4657488647623318,0.4657488647623318,2.7802383835916946
8763,0.2697833478450775,0.5691170692443848,0.3176928460597992,0.17238588631153107,0.3192713260650635,0.14358428120613098,0.14358428120613098,0.14358428120613098,1.0,1.0,1.0,1.0,1.0,1.0,1.0,0.5691170692443848,1.0,0.9504364132881165,1.0,0.9504364132881165,0.9996762275695801,0.14358428120613098,0.5605162336209308,0.5427347568207194,0.8431089153068555
3325,0.4518560469150543,0.9133049249649048,0.41609182953834534,0.6860638856887817,0.2534123361110687,0.2658957242965698,0.2658957242965698,0.2658957242965698,1.0,1.0,1.0,1.0,1.0,0.6000000238418579,0.0,0.8824421167373657,1.0,0.923188328742981,1.0,0.923188328742981,0.9968388080596924,0.2658957242965698,0.3454107120981799,0.33773479378676885,0.530224971565239
7163,0.3071304261684418,0.6176021695137024,0.3001596927642822,0.2724446952342987,0.3487868309020996,0.13236433267593384,0.13236433267593384,0.13236433267593384,1.0,1.0,1.0,1.0,1.0,0.6000000238418579,0.0,0.614353358745575,1.0,0.03386998176574707,0.0,0.9661300182342529,0.9695366024971008,0.13236433267593384,0.36739648227754673,0.36739648227754673,3.0478195837636766
3908,0.3999449610710144,0.8211150169372559,0.6852203011512756,0.29853758215904236,0.21607689559459686,0.1998104602098465,0.1998104602098465,0.1998104602098465,1.0,1.0,1.0,1.0,1.0,0.6000000238418579,0.0,0.8273334503173828,1.0,0.03341091424226761,0.0,0.966589093208313,0.9979947805404663,0.1998104602098465,0.48058904241203193,0.3733187136943275,0.44764720534741576
7636,0.47437620162963867,0.9740137457847595,0.6297138333320618,0.42170190811157227,0.37171274423599243,0.2309274673461914,0.833810031414032,0.7356341481208801,0.6000000238418579,0.0,0.0,0.4000000059604645,0.0,0.20000000298023224,0.0,0.7429892420768738,0.0,0.023032547906041145,1.0,0.976967453956604,0.9872997403144836,0.7356341481208801,0.20125527327456313,0.20125527327456313,0.35965578955367267
2960,0.44420862197875977,0.858633816242218,0.6617515683174133,0.3508465886116028,0.3200276792049408,0.12704937160015106,1.463565468788147,0.12704937160015106,1.0,1.0,0.0,0.0,0.0,0.6000000238418579,0.0,0.7332597374916077,1.0,0.7512556910514832,0.0,0.7512556910514832,0.9932383298873901,0.12704937160015106,1.9192437727557887,0.371666855666327,0.9062219999656397
8828,0.5823171734809875,1.160235047340393,0.5317687392234802,0.7710348963737488,0.44414788484573364,0.15519468486309052,0.15519468486309052,0.15519468486309052,1.0,1.0,1.0,1.0,1.0,0.6000000238418579,0.0,1.3294004201889038,1.0,0.13510777056217194,0.0,0.8648922443389893,0.771786093711853,0.15519468486309052,0.5470666837762426,0.5278000232199554,1.107143463808116
8812,0.330674946308136,0.6547050476074219,0.4471559524536133,0.4202285408973694,0.12464042007923126,0.17169909179210663,0.17169909179210663,0.17169909179210663,1.0,1.0,1.0,1.0,1.0,1.0,1.0,0.6547050476074219,1.0,0.6161948442459106,1.0,0.6161948442459106,0.3359887897968292,0.17169909179210663,0.239641549227697,0.239641549227697,0.4327295658414728
1523,0.4035460352897644,0.8414542078971863,0.6970317959785461,0.24179568886756897,0.2718106210231781,0.13182587921619415,0.13182587921619415,0.13182587921619415,1.0,1.0,1.0,1.0,1.0,1.0,1.0,0.8414542078971863,1.0,0.9280059933662415,1.0,0.9280059933662415,0.9979293346405029,0.13182587921619415,0.31959050012736007,0.2891000931623995,0.7685987972492587
750,0.2967018187046051,0.5776627659797668,0.3073050379753113,0.3822610378265381,0.20053930580615997,0.14156171679496765,0.14156171679496765,0.14156171679496765,1.0,1.0,1.0,1.0,1.0,1.0,1.0,0.5776627659797668,1.0,0.6251311302185059,1.0,0.6251311302185059,0.5638096928596497,0.14156171679496765,0.243676140894935,0.2408531153103911,0.7420547663749599
6564,0.4328438341617584,0.8950169682502747,0.5795244574546814,0.5182512998580933,0.20075567066669464,0.1247226819396019,0.1247226819396019,0.1247226819396019,1.0,1.0,1.0,1.0,1.0,0.6000000238418579,0.0,0.8320228457450867,1.0,0.8967863917350769,1.0,0.8967863917350769,0.8704545497894287,0.1247226819396019,0.153150678360842,0.153150678360842,0.20019150196367116
8993,0.45790746808052063,0.9609571695327759,0.5837192535400391,0.5433215498924255,0.2466816008090973,0.17045627534389496,0.17045627534389496,0.17045627534389496,1.0,1.0,1.0,1.0,1.0,0.6000000238418579,0.0,0.8756479620933533,1.0,0.022614844143390656,0.0,0.9773851633071899,0.9990479350090027,0.17045627534389496,1.119148800079682,1.100840444899562,3.894704216832194
1971,0.4196113348007202,0.9602352380752563,0.23650677502155304,0.6408578753471375,0.3814692497253418,0.21312808990478516,0.8197879791259766,0.7778744101524353,0.6000000238418579,0.0,0.0,0.4000000059604645,0.0,0.20000000298023224,0.0,0.5639842748641968,0.0,0.9190532565116882,0.0,0.9190532565116882,0.9719721078872681,0.7778744101524353,0.566276853393486,0.566276853393486,3.7298730143260808
9883,0.4666975140571594,0.9044286608695984,0.5347607731819153,0.6154046058654785,0.24992720782756805,0.18018020689487457,0.18018020689487457,0.18018020689487457,1.0,1.0,1.0,1.0,1.0,1.0,1.0,0.9044286608695984,1.0,0.9267350435256958,1.0,0.9267350435256958,0.9977331161499023,0.18018020689487457,0.33544695305900174,0.33544695305900174,0.8167636771996835
1800,0.5127769112586975,1.0789319276809692,0.393459290266037,0.877659797668457,0.2672114968299866,0.13722442090511322,0.13722442090511322,0.13722442090511322,1.0,1.0,1.0,1.0,1.0,0.6000000238418579,0.0,1.0240916013717651,1.0,0.8834377527236938,1.0,0.8834377527236938,0.9980548620223999,0.13722442090511322,0.5250491511790109,0.48865847444409277,0.7600260051948352
7853,0.3349193036556244,0.7341470122337341,0.2136363834142685,0.551216721534729,0.23990491032600403,0.18949207663536072,0.18949207663536072,0.18949207663536072,1.0,1.0,1.0,1.0,1.0,0.6000000238418579,0.0,0.7473692893981934,1.0,0.15769359469413757,0.0,0.84230637550354,0.8751436471939087,0.18949207663536072,0.5078029686090425,0.4863760750903174,0.7132123123575662
1832,0.3844265937805176,0.7478412985801697,0.4843176305294037,0.4279031753540039,0.24105890095233917,0.23428641259670258,0.23428641259670258,0.23428641259670258,1.0,1.0,1.0,1.0,1.0,1.0,1.0,0.7478412985801697,1.0,0.9661959409713745,1.0,0.9661959409713745,0.9777000546455383,0.23428641259670258,0.4071677951464337,0.36217979139485584,0.5258427642205881
2929,0.23016411066055298,0.4930208623409271,0.2688657343387604,0.3177749812602997,0.10385159403085709,0.12876717746257782,0.12876717746257782,0.12876717746257782,1.0,1.0,1.0,1.0,1.0,1.0,1.0,0.4930208623409271,1.0,0.010906185023486614,0.0,0.9890938401222229,0.9993290901184082,0.12876717746257782,0.33258463147505024,0.2787658592052895,0.5802412174108379
3001,0.38477492332458496,0.7482020854949951,0.33251240849494934,0.5477501153945923,0.27406224608421326,0.17341896891593933,0.17341896891593933,0.17341896891593933,1.0,1.0,1.0,1.0,1.0,1.0,1.0,0.7482020854949951,1.0,0.02943999320268631,0.0,0.9705600142478943,0.9935113787651062,0.17341896891593933,0.24197165814246924,0.23827614647773282,0.5460052206959837
5593,0.4814358353614807,0.9411477446556091,0.7349112629890442,0.44107285141944885,0.2683233916759491,0.2393670529127121,0.2393670529127121,0.2393670529127121,1.0,1.0,1.0,1.0,1.0,0.6000000238418579,0.0,0.942925751209259,1.0,0.9837706089019775,1.0,0.9837706089019775,0.9995248317718506,0.2393670529127121,0.4035352748735987,0.3953505909330991,1.2567571715266423
5315,0.4340711236000061,0.8575769662857056,0.4949938952922821,0.6176406145095825,0.18957875669002533,0.07086633890867233,0.07086633890867233,0.07086633890867233,1.0,1.0,1.0,1.0,1.0,0.6000000238418579,0.0,0.7702996134757996,1.0,0.17102602124214172,0.0,0.8289740085601807,0.999004065990448,0.07086633890867233,0.5343239966867855,0.3761158887442095,0.5203007260487699
2541,0.37023115158081055,0.72987300157547,0.35091152787208557,0.3839116096496582,0.3758702278137207,0.12931866943836212,1.3264106512069702,0.12931866943836212,1.0,1.0,0.0,0.0,0.0,0.20000000298023224,0.0,0.7868503928184509,1.0,0.9425287842750549,0.0,0.9425287842750549,0.9994726777076721,0.12931866943836212,1.061715671488502,0.8187056283815032,0.9940748759393496
9561,0.41856124997138977,0.9255065321922302,0.49610406160354614,0.5569663047790527,0.20261333882808685,0.18079811334609985,0.18079811334609985,0.18079811334609985,1.0,1.0,1.0,1.0,1.0,0.6000000238418579,0.0,0.9330657124519348,1.0,0.9115767478942871,1.0,0.9115767478942871,0.927716851234436,0.18079811334609985,0.2621889583816275,0.2621889583816275,0.7629155206611894
3562,0.3533460199832916,0.6646456122398376,0.34512779116630554,0.42002376914024353,0.2948865294456482,0.13160566985607147,0.13160566985607147,0.13160566985607147,1.0,1.0,1.0,1.0,1.0,0.6000000238418579,0.0,0.6273497939109802,1.0,0.9904392957687378,1.0,0.9904392957687378,0.9834288954734802,0.13160566985607147,0.30599663247558384,0.2811427987041207,0.45122282796871827
6717,0.5628523826599121,1.096312403678894,0.7273063063621521,0.6559067964553833,0.3053440749645233,0.1169954314827919,0.1169954314827919,0.1169954314827919,1.0,1.0,1.0,1.0,1.0,0.20000000298023224,0.0,0.9992316365242004,1.0,0.9366075992584229,1.0,0.9366075992584229,0.9991348385810852,0.1169954314827919,0.651497660116788,0.42309595011898815,0.6606025427453946
8168,0.36443081498146057,0.8146089911460876,0.53459233045578,0.42944106459617615,0.12925907969474792,0.22513101994991302,0.22513101994991302,0.22513101994991302,1.0,1.0,1.0,1.0,1.0,1.0,1.0,0.8146089911460876,1.0,0.05346105992794037,0.0,0.9465389251708984,0.9144187569618225,0.22513101994991302,0.26849293707822103,0.26849293707822103,0.6360583987519072
7261,0.22506703436374664,0.45873814821243286,0.10990690439939499,0.3199029862880707,0.24539123475551605,0.16447772085666656,0.16447772085666656,0.16447772085666656,1.0,1.0,1.0,1.0,1.0,0.6000000238418579,0.0,0.37514132261276245,1.0,0.19874927401542664,0.0,0.801250696182251,0.9993187189102173,0.16447772085666656,0.3939916256059556,0.3934609118943132,0.679340056046955
6635,0.35754433274269104,0.714217483997345,0.33018776774406433,0.5009526610374451,0.24149258434772491,0.221893310546875,0.221893310546875,0.221893310546875,1.0,1.0,1.0,1.0,1.0,1.0,1.0,0.714217483997345,1.0,0.9873380661010742,1.0,0.9873380661010742,0.9832688570022583,0.221893310546875,0.4422762216088386,0.4422762216088386,1.7271362730804263
4516,0.4190264642238617,0.8766484260559082,0.51009601354599,0.5780202746391296,0.16896311938762665,0.19126324355602264,0.19126324355602264,0.19126324355602264,1.0,1.0,1.0,1.0,1.0,0.6000000238418579,0.0,0.8224583864212036,1.0,0.019714999943971634,0.0,0.9802849888801575,0.998610258102417,0.19126324355602264,0.6067137806007401,0.572206654329289,0.8728703891818338
5003,0.3366364538669586,0.7442114949226379,0.4335393011569977,0.38551706075668335,0.1908530294895172,0.16597391664981842,0.6766025424003601,0.6766025424003601,0.6000000238418579,0.0,1.0,0.6000000238418579,0.0,0.6000000238418579,0.0,0.7442114949226379,0.0,0.31832975149154663,0.0,0.6816702485084534,0.6057773232460022,0.6766025424003601,2.238836358459956,0.318536450725995,0.9703899628484558
9066,0.3000127375125885,0.6217512488365173,0.4911942481994629,0.23667672276496887,0.17216713726520538,0.14172004163265228,0.6913935542106628,0.5210515856742859,0.6000000238418579,0.0,0.0,0.4000000059604645,0.0,0.6000000238418579,0.0,0.6217512488365173,0.0,0.20522697269916534,1.0,0.7947730422019958,0.7015546560287476,0.5210515856742859,0.12389521891081505,0.12389521891081505,0.26599496723092464
5427,0.3094233572483063,0.6563755869865417,0.49372050166130066,0.33272457122802734,0.10182499885559082,0.18451283872127533,0.18451283872127533,0.18451283872127533,1.0,1.0,1.0,1.0,1.0,1.0,1.0,0.6563755869865417,1.0,0.02452048845589161,0.0,0.9754794836044312,0.973992645740509,0.18451283872127533,0.11112230373151293,0.11112230373151293,0.2825496770377255
7131,0.2886030375957489,0.5790412425994873,0.4276365339756012,0.2508094310760498,0.18736302852630615,0.12959891557693481,0.12959891557693481,0.12959891557693481,1.0,1.0,1.0,1.0,1.0,1.0,1.0,0.5790412425994873,1.0,0.9398666620254517,1.0,0.9398666620254517,0.9231010675430298,0.12959891557693481,0.12141022662721372,0.12141022662721372,0.25498872206280415
5035,0.6337800025939941,1.3108357191085815,0.31266099214553833,1.199050784111023,0.38962817192077637,0.15575535595417023,0.15575535595417023,0.15575535595417023,1.0,1.0,1.0,1.0,1.0,1.0,1.0,1.3108357191085815,1.0,0.984396755695343,1.0,0.984396755695343,0.9153105616569519,0.15575535595417023,0.37103776860178206,0.37103776860178206,0.8025474124154381
6277,0.21847015619277954,0.4386795461177826,0.31778571009635925,0.2425038367509842,0.09512090682983398,0.18277287483215332,0.18277287483215332,0.18277287483215332,1.0,1.0,1.0,1.0,1.0,1.0,1.0,0.4386795461177826,1.0,0.97740638256073,1.0,0.97740638256073,0.9696182012557983,0.18277287483215332,0.5302135788862323,0.46842322330312886,0.8230208637032282
817,0.40114519000053406,0.8296659588813782,0.5556511282920837,0.39617377519607544,0.2516106069087982,0.21810196340084076,0.21810196340084076,0.21810196340084076,1.0,1.0,1.0,1.0,1.0,1.0,1.0,0.8296659588813782,1.0,0.06749994307756424,0.0,0.9325000643730164,0.7862831950187683,0.21810196340084076,0.30662359197497885,0.30505822605274047,0.5836411236164926
6773,0.3971058130264282,0.8229014277458191,0.5415943264961243,0.48264431953430176,0.1670786589384079,0.19923514127731323,0.19923514127731323,0.19923514127731323,1.0,1.0,1.0,1.0,1.0,1.0,1.0,0.8229014277458191,1.0,0.04144400358200073,0.0,0.9585559964179993,0.9846010804176331,0.19923514127731323,0.41783822603918275,0.41783822603918275,0.7511047271751125
1079,0.35752829909324646,0.6775186061859131,0.541194498538971,0.29957786202430725,0.23181243240833282,0.14565590023994446,0.14565590023994446,0.14565590023994446,1.0,1.0,1.0,1.0,1.0,1.0,1.0,0.6775186061859131,1.0,0.6933547854423523,1.0,0.6933547854423523,0.8492529988288879,0.14565590023994446,0.09251735990490614,0.09251735990490614,0.1884479278588376
9712,0.3544660210609436,0.8049985766410828,0.5311516523361206,0.341396301984787,0.19085001945495605,0.207421213388443,0.207421213388443,0.207421213388443,1.0,1.0,1.0,1.0,1.0,1.0,1.0,0.8049985766410828,1.0,0.020678356289863586,0.0,0.9793216586112976,0.9809149503707886,0.207421213388443,0.08707618762829422,0.08707618762829422,0.17606762988524785
4192,0.37786900997161865,0.7065294981002808,0.39810582995414734,0.3992179334163666,0.3362831771373749,0.1123284101486206,0.1123284101486206,0.1123284101486206,1.0,1.0,1.0,1.0,1.0,0.6000000238418579,0.0,0.7104573845863342,1.0,0.08192324638366699,0.0,0.918076753616333,0.8111468553543091,0.1123284101486206,0.16061605305432292,0.1602387973131779,0.28527301824519424
2697,0.3933379650115967,0.8062025308609009,0.3190646767616272,0.5797820687294006,0.2811671197414398,0.11296319961547852,0.11296319961547852,0.11296319961547852,1.0,1.0,1.0,1.0,1.0,0.6000000238418579,0.0,0.9168302416801453,1.0,0.9717928171157837,1.0,0.9717928171157837,0.9950414299964905,0.11296319961547852,0.2121711271957289,0.2121711271957289,0.4467193335302274
9660,0.41750767827033997,0.8016607165336609,0.35440143942832947,0.5428900122642517,0.35523149371147156,0.1684727519750595,0.1684727519750595,0.1684727519750595,1.0,1.0,1.0,1.0,1.0,0.6000000238418579,0.0,0.6965142488479614,1.0,0.38755714893341064,0.0,0.6124428510665894,0.999883770942688,0.1684727519750595,1.207838809108326,0.5525146344344152,0.7702241630416716
905,0.4098763167858124,0.7902786731719971,0.37378525733947754,0.46475911140441895,0.3910844922065735,0.17424318194389343,0.17424318194389343,0.17424318194389343,1.0,1.0,1.0,1.0,1.0,0.6000000238418579,0.0,0.6805131435394287,1.0,0.059280525892972946,0.0,0.940719485282898,0.9969868063926697,0.17424318194389343,0.5370966982490866,0.3411065935980114,0.5343035755273402
3527,0.21359023451805115,0.40508294105529785,0.19259552657604218,0.19980116188526154,0.24837401509284973,0.1438864767551422,0.1438864767551422,0.1438864767551422,1.0,1.0,1.0,1.0,1.0,1.0,1.0,0.40508294105529785,1.0,0.09298937767744064,0.0,0.9070106148719788,0.9456655979156494,0.1438864767551422,0.10250329510435661,0.10250329510435661,0.20659941192411235
6712,0.37135663628578186,0.7159330248832703,0.5368810892105103,0.3359413146972656,0.2412475347518921,0.20222020149230957,0.20222020149230957,0.20222020149230957,1.0,1.0,1.0,1.0,1.0,0.6000000238418579,0.0,0.6683194041252136,1.0,0.017887137830257416,0.0,0.9821128845214844,0.9977401494979858,0.20222020149230957,0.7452604902500286,0.7281880980440282,4.701005525110962
808,0.25397080183029175,0.4764572083950043,0.28193220496177673,0.31113961338996887,0.16884055733680725,0.09056270122528076,0.09056270122528076,0.09056270122528076,1.0,1.0,1.0,1.0,1.0,1.0,1.0,0.4764572083950043,1.0,0.9772439002990723,1.0,0.9772439002990723,0.947463870048523,0.09056270122528076,0.25219852971939455,0.25219852971939455,0.47233660193622157
9663,0.29466569423675537,0.5900266766548157,0.3062743842601776,0.39418113231658936,0.18354156613349915,0.23701749742031097,0.23701749742031097,0.23701749742031097,1.0,1.0,1.0,1.0,1.0,1.0,1.0,0.5900266766548157,1.0,0.9716303944587708,1.0,0.9716303944587708,0.9998133778572083,0.23701749742031097,0.5580113647018046,0.556159803896319,0.8540362669488367
1887,0.21494834125041962,0.43560487031936646,0.25947484374046326,0.2200792282819748,0.1652909368276596,0.2810734212398529,0.2810734212398529,0.2810734212398529,1.0,1.0,1.0,1.0,1.0,1.0,1.0,0.43560487031936646,1.0,0.033749550580978394,0.0,0.9662504196166992,0.9982635378837585,0.2810734212398529,0.3391526049254951,0.3140920323726986,0.4447441145108178
4269,0.4082294702529907,0.8898316621780396,0.7392641305923462,0.21103255450725555,0.27439168095588684,0.23558583855628967,0.23558583855628967,0.23558583855628967,1.0,1.0,1.0,1.0,1.0,1.0,1.0,0.8898316621780396,1.0,0.010471892543137074,0.0,0.9895281195640564,0.9817643761634827,0.23558583855628967,0.12729060249196247,0.12729060249196247,0.28490551027682265
3786,0.29596173763275146,0.6199190020561218,0.40848931670188904,0.29090616106987,0.18848970532417297,0.18390437960624695,0.18390437960624695,0.18390437960624695,1.0,1.0,1.0,1.0,1.0,1.0,1.0,0.6199190020561218,1.0,0.0540645457804203,0.0,0.9459354281425476,0.9994255304336548,0.18390437960624695,0.6312873095981401,0.5826135804100578,0.8242818925693516
6829,0.41307079792022705,0.824577808380127,0.5300430655479431,0.5490821003913879,0.16008715331554413,0.1753619760274887,0.1753619760274887,0.1753619760274887,1.0,1.0,1.0,1.0,1.0,1.0,1.0,0.824577808380127,1.0,0.21292716264724731,0.0,0.7870728373527527,0.9997733235359192,0.1753619760274887,0.32917529406892365,0.3147291837231416,0.5128117611577125
7858,0.2776428461074829,0.5747842192649841,0.33622831106185913,0.2785584032535553,0.21814171969890594,0.21449199318885803,0.21449199318885803,0.21449199318885803,1.0,1.0,1.0,1.0,1.0,1.0,1.0,0.5491343140602112,1.0,0.014864115975797176,0.0,0.9851359128952026,0.999431312084198,0.21449199318885803,0.060530614883582995,0.060530614883582995,0.13156142859171968
3816,0.4168696999549866,0.9803369641304016,0.31873759627342224,0.8391134142875671,0.09275808185338974,0.2280595302581787,0.2280595302581787,0.2280595302581787,1.0,1.0,1.0,1.0,1.0,1.0,1.0,0.9803369641304016,1.0,0.9095777273178101,1.0,0.9095777273178101,0.9609866142272949,0.2280595302581787,0.7001475036834871,0.690104836219749,1.3329491750983784
9225,0.37489017844200134,0.7161118388175964,0.3429013192653656,0.5323673486709595,0.24940192699432373,0.1765628159046173,0.1765628159046173,0.1765628159046173,1.0,1.0,1.0,1.0,1.0,1.0,1.0,0.7161118388175964,1.0,0.9527621865272522,1.0,0.9527621865272522,0.9997952580451965,0.1765628159046173,0.8575470783868329,0.575436494076707,0.801030892374966
5018,0.24567976593971252,0.48589658737182617,0.10719271004199982,0.31414318084716797,0.315703421831131,0.09165459126234055,0.09165459126234055,0.09165459126234055,1.0,1.0,1.0,1.0,1.0,1.0,1.0,0.48589658737182617,1.0,0.033743228763341904,0.0,0.9662567973136902,0.999922513961792,0.09165459126234055,0.8800220200229775,0.8377114269663877,2.59681732204034
4925,0.35206276178359985,0.6651233434677124,0.48615655303001404,0.35586556792259216,0.21416603028774261,0.09961327165365219,0.09961327165365219,0.09961327165365219,1.0,1.0,1.0,1.0,1.0,0.6000000238418579,0.0,0.6395095586776733,1.0,0.03072054497897625,0.0,0.9692794680595398,0.9973598122596741,0.09961327165365219,0.12252999944170025,0.12252999944170025,0.22487026148214556
97,0.3256341516971588,0.6157864332199097,0.28319570422172546,0.3947297930717468,0.298976868391037,0.1345042586326599,0.1345042586326599,0.1345042586326599,1.0,1.0,1.0,1.0,1.0,1.0,1.0,0.6157864332199097,1.0,0.8505926132202148,1.0,0.8505926132202148,0.9986448884010315,0.1345042586326599,0.29504330188109273,0.2871481388879452,0.4037988103821865
8304,0.47569769620895386,0.9919228553771973,0.7299203276634216,0.5866295695304871,0.11054320633411407,0.06656736135482788,1.2618629932403564,0.06656736135482788,1.0,1.0,0.0,0.0,0.0,0.6000000238418579,0.0,0.7601823210716248,1.0,0.784915566444397,0.0,0.784915566444397,0.5816181898117065,0.06656736135482788,2.034753961562616,0.4196761330286896,0.5759465547542765
4517,0.3758351802825928,0.707361102104187,0.3636832535266876,0.4855535924434662,0.2782687246799469,0.2186034768819809,0.2186034768819809,0.2186034768819809,1.0,1.0,1.0,1.0,1.0,1.0,1.0,0.707361102104187,1.0,0.20175625383853912,0.0,0.7982437610626221,0.9970320463180542,0.2186034768819809,0.2580029224632988,0.2489122038630435,0.4942812870538469
7476,0.24910913407802582,0.5005047917366028,0.2627624571323395,0.33097681403160095,0.15358808636665344,0.10558708757162094,0.10558708757162094,0.10558708757162094,1.0,1.0,1.0,1.0,1.0,1.0,1.0,0.5005047917366028,1.0,0.00693017290905118,0.0,0.9930698275566101,0.9999672174453735,0.10558708757162094,0.24621280834062678,0.24621280834062678,0.6248625928217867
5691,0.3528820872306824,0.6741917133331299,0.26123443245887756,0.5271131992340088,0.27029848098754883,0.1529804766178131,0.1529804766178131,0.1529804766178131,1.0,1.0,1.0,1.0,1.0,1.0,1.0,0.6741917133331299,1.0,0.007765898946672678,0.0,0.9922341108322144,0.9953579306602478,0.1529804766178131,0.3522854755866722,0.34995638297830695,0.5041523041758627
484,0.3371048867702484,0.6588124632835388,0.48251089453697205,0.3547489643096924,0.17405466735363007,0.1359906941652298,0.1359906941652298,0.1359906941652298,1.0,1.0,1.0,1.0,1.0,1.0,1.0,0.6588124632835388,1.0,0.14047737419605255,0.0,0.8595226407051086,0.9127698540687561,0.1359906941652298,0.1907502600762276,0.18999011404154004,0.31782832212775003
3725,0.2195875644683838,0.4561154842376709,0.1407630741596222,0.3271890878677368,0.19081051647663116,0.14691035449504852,0.14691035449504852,0.14691035449504852,1.0,1.0,1.0,1.0,1.0,1.0,1.0,0.4561154842376709,1.0,0.03919190913438797,0.0,0.9608080983161926,0.9339480996131897,0.14691035449504852,0.2462773841610844,0.2335442784605242,0.5666409198267178
6854,0.22900114953517914,0.4643421173095703,0.2736395299434662,0.29789209365844727,0.11547181755304337,0.1469733864068985,0.1469733864068985,0.1469733864068985,1.0,1.0,1.0,1.0,1.0,1.0,1.0,0.4643421173095703,1.0,0.022718949243426323,0.0,0.9772810339927673,0.988385796546936,0.1469733864068985,0.17706611414532678,0.17706611414532678,0.41639607877724444
7300,0.28218698501586914,0.5733177065849304,0.22849440574645996,0.4446481168270111,0.17341838777065277,0.09518960863351822,0.09518960863351822,0.09518960863351822,1.0,1.0,1.0,1.0,1.0,1.0,1.0,0.5733177065849304,1.0,0.5934489369392395,1.0,0.5934489369392395,0.7438756823539734,0.09518960863351822,0.29992207995969417,0.29992207995969417,0.5602544609081175
3496,0.28440719842910767,0.5610738396644592,0.3537290394306183,0.3044873774051666,0.1950051486492157,0.1282169371843338,0.1282169371843338,0.1282169371843338,1.0,1.0,1.0,1.0,1.0,1.0,1.0,0.5610738396644592,1.0,0.884250819683075,1.0,0.884250819683075,0.9956037998199463,0.1282169371843338,0.3873721550177437,0.32864527808877675,0.38560454691170776
8418,0.23568479716777802,0.5156573057174683,0.25352904200553894,0.3591775596141815,0.09434784203767776,0.15295596420764923,0.15295596420764923,0.15295596420764923,1.0,1.0,1.0,1.0,1.0,1.0,1.0,0.5156573057174683,1.0,0.03344297409057617,0.0,0.9665570259094238,0.9934419393539429,0.15295596420764923,0.227674837445877,0.22326770442274343,0.31090109776111813
3161,0.5506377220153809,1.165130853652954,0.8233622908592224,0.6119946837425232,0.21655622124671936,0.14809374511241913,1.3012603521347046,0.14809374511241913,1.0,1.0,0.0,0.0,0.0,0.20000000298023224,0.0,0.8750832676887512,1.0,0.1120588630437851,1.0,0.8879411220550537,0.999086856842041,0.14809374511241913,0.1791754126740462,0.17610872353463658,0.2815702127006025
2241,0.4409681558609009,0.840019166469574,0.6399783492088318,0.4823931157588959,0.2005329132080078,0.06621567159891129,1.438568115234375,0.06621567159891129,1.0,1.0,0.0,0.0,0.0,0.6000000238418579,0.0,0.6926495432853699,1.0,0.606639564037323,0.0,0.606639564037323,0.7075509428977966,0.06621567159891129,1.881100000390169,0.30842124613110233,0.40434525818964795
1640,0.30520543456077576,0.6279553771018982,0.2706786096096039,0.500462532043457,0.1444750428199768,0.20111532509326935,0.20111532509326935,0.20111532509326935,1.0,1.0,1.0,1.0,1.0,1.0,1.0,0.6279553771018982,1.0,0.8551038503646851,1.0,0.8551038503646851,0.6657294034957886,0.20111532509326935,0.5842191053336657,0.5842191053336657,1.169470481248374
4728,0.24425600469112396,0.5003228187561035,0.3066265285015106,0.2858247458934784,0.14031678438186646,0.13369566202163696,0.13369566202163696,0.13369566202163696,1.0,1.0,1.0,1.0,1.0,1.0,1.0,0.5003228187561035,1.0,0.035235848277807236,0.0,0.9647641777992249,0.9846583604812622,0.13369566202163696,0.1683315733927734,0.1683315733927734,0.34438820208448184
3977,0.3366375267505646,0.7453575134277344,0.5235649943351746,0.34744197130203247,0.1389056146144867,0.12207844108343124,0.12207844108343124,0.12207844108343124,1.0,1.0,1.0,1.0,1.0,1.0,1.0,0.7453575134277344,1.0,0.7287636399269104,1.0,0.7287636399269104,0.9998226761817932,0.12207844108343124,1.25341444749257,1.2052829567928152,8.07081871405916
4107,0.41310688853263855,0.8399255871772766,0.5520917177200317,0.45889297127723694,0.22833581268787384,0.12449538707733154,0.12449538707733154,0.12449538707733154,1.0,1.0,1.0,1.0,1.0,0.6000000238418579,0.0,0.8079032897949219,1.0,0.9164442420005798,1.0,0.9164442420005798,0.9998828172683716,0.12449538707733154,0.9039812579114307,0.7697255727295087,0.9794392771623728
1315,0.2804863154888153,0.5691336989402771,0.4394991099834442,0.31861215829849243,0.0833476334810257,0.202719047665596,0.202719047665596,0.202719047665596,1.0,1.0,1.0,1.0,1.0,1.0,1.0,0.5691336989402771,1.0,0.9626095294952393,1.0,0.9626095294952393,0.9894904494285583,0.202719047665596,0.29888288182368083,0.29209782239841997,0.5440609859371465
5947,0.24634946882724762,0.5063234567642212,0.26357096433639526,0.3437384068965912,0.1317390501499176,0.08966310322284698,0.08966310322284698,0.08966310322284698,1.0,1.0,1.0,1.0,1.0,1.0,1.0,0.5063234567642212,1.0,0.03539024665951729,0.0,0.9646097421646118,0.9908599257469177,0.08966310322284698,0.10640230025808503,0.10640230025808503,0.22851493730967573
8128,0.2567645013332367,0.49341630935668945,0.2558364272117615,0.3625774085521698,0.15187968313694,0.21024738252162933,0.21024738252162933,0.21024738252162933,1.0,1.0,1.0,1.0,1.0,1.0,1.0,0.49341630935668945,1.0,0.9559711813926697,1.0,0.9559711813926697,0.9997137188911438,0.21024738252162933,0.40283740045861965,0.4019271780848716,0.7201692761445736
3742,0.18784192204475403,0.38933345675468445,0.3156350553035736,0.17548543214797974,0.07240524142980576,0.171700119972229,0.171700119972229,0.171700119972229,1.0,1.0,1.0,1.0,1.0,1.0,1.0,0.38933345675468445,1.0,0.9770495295524597,1.0,0.9770495295524597,0.9770287871360779,0.171700119972229,0.08455243171915987,0.08455243171915987,0.1634275805535071
5796,0.5046681761741638,1.0790290832519531,0.770108163356781,0.5427297949790955,0.20116661489009857,0.0570836178958416,1.3708393573760986,0.0570836178958416,1.0,1.0,0.0,0.0,0.0,0.20000000298023224,0.0,0.7587929964065552,1.0,0.5936052799224854,0.0,0.5936052799224854,0.9999302625656128,0.0570836178958416,1.122720406476536,0.7972388605186006,0.983410909092793
8880,0.2210233211517334,0.41339921951293945,0.24543967843055725,0.14641208946704865,0.2712181508541107,0.21176810562610626,0.21176810562610626,0.21176810562610626,1.0,1.0,1.0,1.0,1.0,1.0,1.0,0.41339921951293945,1.0,0.016500158235430717,0.0,0.9834998250007629,0.9920181632041931,0.21176810562610626,0.272037182480923,0.22955545887441026,0.257325993641467
2116,0.3035857081413269,0.6486179232597351,0.19308269023895264,0.5547820925712585,0.16289226710796356,0.1695927232503891,1.2522404193878174,0.1695927232503891,1.0,1.0,0.0,0.0,0.0,1.0,1.0,0.6486179232597351,1.0,0.496420681476593,1.0,0.503579318523407,0.6895340085029602,0.1695927232503891,2.2931233976397927,0.45825232064534155,0.8936921733000661
3308,0.3133198916912079,0.6424604654312134,0.24547412991523743,0.5403378009796143,0.15414778888225555,0.11967845261096954,0.11967845261096954,0.11967845261096954,1.0,1.0,1.0,1.0,1.0,1.0,1.0,0.6424604654312134,1.0,0.013342656195163727,0.0,0.9866573214530945,0.9743366837501526,0.11967845261096954,0.09217467567955136,0.09217467567955136,0.18036803407273422
9756,0.563407301902771,1.1911338567733765,0.7308515310287476,0.5996963977813721,0.35967394709587097,0.10607171058654785,1.1815681457519531,0.10607171058654785,1.0,1.0,0.0,0.0,0.0,0.20000000298023224,0.0,0.7179762721061707,1.0,0.2148873656988144,1.0,0.7851126194000244,0.999854326248169,0.10607171058654785,0.3557112381689042,0.3156736127071311,0.5138772626116135
2923,0.4771214425563812,1.0313855409622192,0.45573970675468445,0.7833437323570251,0.1922808736562729,0.07495933026075363,0.07495933026075363,0.07495933026075363,1.0,1.0,1.0,1.0,1.0,0.20000000298023224,0.0,0.7389780879020691,1.0,0.17551599442958832,0.0,0.8244839906692505,0.9987725615501404,0.07495933026075363,0.8132508928548012,0.6103099305445322,0.7111620164761683
5998,0.4455477297306061,0.9074563980102539,0.6890592575073242,0.4161527752876282,0.23143115639686584,0.16485555469989777,0.16485555469989777,0.16485555469989777,1.0,1.0,1.0,1.0,1.0,0.6000000238418579,0.0,0.858357846736908,1.0,0.040939394384622574,0.0,0.9590606093406677,0.948802649974823,0.16485555469989777,0.1854822623877369,0.1854822623877369,0.3831153191494867
8581,0.6299134492874146,1.2524343729019165,0.42128172516822815,1.0624229907989502,0.4060354232788086,0.13992945849895477,0.7622920870780945,0.634035587310791,0.6000000238418579,0.0,0.0,0.4000000059604645,0.0,0.20000000298023224,0.0,0.7646688222885132,0.0,0.7214640378952026,0.0,0.7214640378952026,0.9344142079353333,0.634035587310791,0.24176206996987928,0.24176206996987928,0.45272840703738443
1740,0.44957059621810913,0.8681188821792603,0.4293181598186493,0.6180834770202637,0.3013100326061249,0.20373289287090302,0.20373289287090302,0.20373289287090302,1.0,1.0,1.0,1.0,1.0,1.0,1.0,0.8681188821792603,1.0,0.058243367820978165,0.0,0.9417566061019897,0.9900908470153809,0.20373289287090302,0.16293185738002058,0.15733305240202677,0.21213227071769003
3114,0.2559732496738434,0.5433443188667297,0.19277873635292053,0.38808473944664,0.18705634772777557,0.17446617782115936,0.17446617782115936,0.17446617782115936,1.0,1.0,1.0,1.0,1.0,1.0,1.0,0.5433443188667297,1.0,0.029820432886481285,0.0,0.970179557800293,0.9975787997245789,0.17446617782115936,0.08919475532638385,0.08919475532638385,0.22670037093396575
61,0.3443566858768463,0.680155873298645,0.37550443410873413,0.45534420013427734,0.2022213488817215,0.11565987020730972,0.11565987020730972,0.11565987020730972,1.0,1.0,1.0,1.0,1.0,1.0,1.0,0.680155873298645,1.0,0.9754844307899475,1.0,0.9754844307899475,0.5441139340400696,0.11565987020730972,0.15348508618359183,0.15348508618359183,0.356229687338151
6792,0.41999462246894836,0.8287366032600403,0.501750111579895,0.48757368326187134,0.27066007256507874,0.15907271206378937,0.15907271206378937,0.15907271206378937,1.0,1.0,1.0,1.0,1.0,1.0,1.0,0.8287366032600403,1.0,0.019905950874090195,0.0,0.9800940752029419,0.9866814613342285,0.15907271206378937,0.10053113709591996,0.10053113709591996,0.18366844825209236
7794,0.19895939528942108,0.3784494400024414,0.1670781821012497,0.20434454083442688,0.22545544803142548,0.19226638972759247,0.19226638972759247,0.19226638972759247,1.0,1.0,1.0,1.0,1.0,1.0,1.0,0.3784494400024414,1.0,0.6448056101799011,1.0,0.6448056101799011,0.9353064298629761,0.19226638972759247,0.17140515434662448,0.17140515434662448,0.40672426959650276
128,0.3367204964160919,0.661841094493866,0.3678441047668457,0.42215433716773987,0.220163032412529,0.20502972602844238,0.20502972602844238,0.20502972602844238,1.0,1.0,1.0,1.0,1.0,0.6000000238418579,0.0,0.6326392292976379,1.0,0.012723223306238651,0.0,0.9872767925262451,0.990546703338623,0.20502972602844238,0.06894668988765133,0.06894668988765133,0.16653158697461395
6492,0.5147961378097534,1.0670455694198608,0.7338494658470154,0.5835182070732117,0.2270207405090332,0.15317413210868835,0.15317413210868835,0.15317413210868835,1.0,1.0,1.0,1.0,1.0,0.6000000238418579,0.0,1.0595253705978394,1.0,0.08911173790693283,0.0,0.9108882546424866,0.9346027374267578,0.15317413210868835,0.12013364341391193,0.12013364341391193,0.19586440874723235
3101,0.3168134093284607,0.6407264471054077,0.41991716623306274,0.20828060805797577,0.3222423493862152,0.08418543636798859,0.08418543636798859,0.08418543636798859,1.0,1.0,1.0,1.0,1.0,1.0,1.0,0.6407264471054077,1.0,0.039000824093818665,0.0,0.9609991908073425,0.9836474061012268,0.08418543636798859,0.40083345279399574,0.377346443123337,0.6928268135811789
1954,0.5690563321113586,1.0629034042358398,0.5307138562202454,0.8015076518058777,0.37494736909866333,0.06977865844964981,0.6034976243972778,0.6034976243972778,0.6000000238418579,0.0,1.0,0.6000000238418579,0.0,0.20000000298023224,0.0,0.9240347146987915,0.0,0.08325604349374771,0.0,0.9167439341545105,0.5120734572410583,0.6034976243972778,1.8565540684708142,0.35017537498890394,0.6762520662913662
2562,0.4739620089530945,1.0410269498825073,0.534186065196991,0.638253390789032,0.24944639205932617,0.1138719841837883,0.1138719841837883,0.1138719841837883,1.0,1.0,1.0,1.0,1.0,1.0,1.0,1.029128909111023,1.0,0.22446507215499878,0.0,0.7755349278450012,0.7328335046768188,0.1138719841837883,0.19010551000105988,0.19010551000105988,0.37381137625513794
2577,0.5152581930160522,1.0874861478805542,0.750543475151062,0.6228067278862,0.17242418229579926,0.14611314237117767,1.411375641822815,0.14611314237117767,1.0,1.0,0.0,0.0,0.0,0.20000000298023224,0.0,0.7266823649406433,1.0,0.5126824378967285,0.0,0.5126824378967285,0.9994450211524963,0.14611314237117767,1.0696627955157336,0.749900902955156,0.9570868654215673
6030,0.26999029517173767,0.591211199760437,0.13068488240242004,0.4785880148410797,0.20069797337055206,0.14083926379680634,0.7815876007080078,0.6435656547546387,0.6000000238418579,0.0,0.0,0.4000000059604645,0.0,0.20000000298023224,0.0,0.4667527377605438,0.0,0.9341992735862732,0.0,0.9341992735862732,0.8821474313735962,0.6435656547546387,0.2414910694388943,0.2414910694388943,0.8203365910299028
9677,0.283107191324234,0.5657527446746826,0.3257370889186859,0.2474406212568283,0.2761438488960266,0.13151060044765472,0.13151060044765472,0.13151060044765472,1.0,1.0,1.0,1.0,1.0,1.0,1.0,0.5657527446746826,1.0,0.9493725895881653,1.0,0.9493725895881653,0.9979268312454224,0.13151060044765472,0.2516578987569888,0.24959767607120623,0.3379338401921387
8695,0.6752689480781555,1.3566625118255615,0.6319842338562012,1.05990731716156,0.3339153230190277,0.1732039600610733,0.1732039600610733,0.1732039600610733,1.0,1.0,1.0,1.0,1.0,1.0,1.0,1.3071799278259277,1.0,0.8500375747680664,1.0,0.8500375747680664,0.999596893787384,0.1732039600610733,0.5003916969190781,0.4878251792444968,0.7282552457584814
9594,0.3511276841163635,0.7238747477531433,0.30939632654190063,0.5225990414619446,0.22138755023479462,0.12400863319635391,0.12400863319635391,0.12400863319635391,1.0,1.0,1.0,1.0,1.0,1.0,1.0,0.7238747477531433,1.0,0.6599513292312622,1.0,0.6599513292312622,0.5181027054786682,0.12400863319635391,0.17222726610113379,0.17222726610113379,0.38117268639479795
8198,0.44537433981895447,0.9372207522392273,0.2773301601409912,0.7942794561386108,0.26451340317726135,0.19744770228862762,0.7199391722679138,0.7199391722679138,0.6000000238418579,0.0,1.0,0.6000000238418579,0.0,0.6000000238418579,0.0,0.9372207522392273,0.0,0.3905825614929199,0.0,0.6094174385070801,0.5308071374893188,0.7199391722679138,1.9327786191083536,0.40818331530501595,0.6136844603420739
1995,0.28697413206100464,0.633417010307312,0.47774171829223633,0.2698197066783905,0.11336099356412888,0.1544775813817978,0.1544775813817978,0.1544775813817978,1.0,1.0,1.0,1.0,1.0,1.0,1.0,0.633417010307312,1.0,0.012130925431847572,0.0,0.9878690838813782,0.9615183472633362,0.1544775813817978,0.24071132162600162,0.24071132162600162,0.31556400680725727
9734,0.40476393699645996,0.7486993670463562,0.4769101142883301,0.47085076570510864,0.26653096079826355,0.08870934695005417,0.5876900553703308,0.5876900553703308,0.6000000238418579,0.0,1.0,0.6000000238418579,0.0,0.20000000298023224,0.0,0.6256504058837891,0.0,0.17716452479362488,0.0,0.8228354454040527,0.5424604415893555,0.5876900553703308,2.272179376797517,0.6461982786679547,0.9746315284547895
1292,0.4807059168815613,1.0652825832366943,0.6288048624992371,0.6313267350196838,0.18198612332344055,0.18285147845745087,0.38160958886146545,0.38160958886146545,0.20000000298023224,0.0,0.0,0.800000011920929,0.0,0.20000000298023224,0.0,0.9878156781196594,0.0,0.48394066095352173,1.0,0.5160593390464783,0.580681562423706,1.1679476499557495,0.21542110976976772,0.21542110976976772,0.5129677489699049
5099,0.4030548334121704,0.8484284281730652,0.20722050964832306,0.7337211966514587,0.2682228684425354,0.08909564465284348,0.08909564465284348,0.08909564465284348,1.0,1.0,1.0,1.0,1.0,0.6000000238418579,0.0,0.8323633074760437,1.0,0.7080474495887756,1.0,0.7080474495887756,0.5290072560310364,0.08909564465284348,0.3575355834632303,0.3575355834632303,1.3814475402080866
1955,0.40712669491767883,0.7983732223510742,0.3989591598510742,0.5163824558258057,0.30603840947151184,0.13604724407196045,0.13604724407196045,0.13604724407196045,1.0,1.0,1.0,1.0,1.0,0.6000000238418579,0.0,0.7677316665649414,1.0,0.986377477645874,1.0,0.986377477645874,0.988465428352356,0.13604724407196045,0.08227459280237087,0.08227459280237087,0.19343832784492465
6963,0.4063415229320526,0.8622958064079285,0.26745423674583435,0.6154273152351379,0.336142897605896,0.07160785049200058,0.07160785049200058,0.07160785049200058,1.0,1.0,1.0,1.0,1.0,0.6000000238418579,0.0,0.9285246133804321,1.0,0.8622971773147583,1.0,0.8622971773147583,0.9999884366989136,0.07160785049200058,0.8966070788826669,0.8874679425938462,2.2964874677021143
8263,0.2903859317302704,0.5932831168174744,0.45924827456474304,0.23606012761592865,0.17584937810897827,0.16049149632453918,0.16049149632453918,0.16049149632453918,1.0,1.0,1.0,1.0,1.0,1.0,1.0,0.5932831168174744,1.0,0.965968906879425,1.0,0.965968906879425,0.9760943055152893,0.16049149632453918,0.31025922876974643,0.24803952586182174,0.5898481227073462
8556,0.38568684458732605,0.7380816340446472,0.4903525412082672,0.3114602565765381,0.3552476465702057,0.14530673623085022,0.14530673623085022,0.14530673623085022,1.0,1.0,1.0,1.0,1.0,1.0,1.0,0.7380816340446472,1.0,0.9424657821655273,1.0,0.9424657821655273,0.9988564252853394,0.14530673623085022,0.4775880746715862,0.4125440921294811,0.5243784951165568
5246,0.3915107846260071,0.823178768157959,0.30997535586357117,0.6178911924362183,0.24666579067707062,0.12436626106500626,0.12436626106500626,0.12436626106500626,1.0,1.0,1.0,1.0,1.0,0.6000000238418579,0.0,0.8313810229301453,1.0,0.04432021826505661,0.0,0.9556797742843628,0.9999175071716309,0.12436626106500626,0.7608594393638168,0.7414100276392801,0.9580692377986278
2525,0.2807735502719879,0.5993313193321228,0.42847463488578796,0.24059462547302246,0.17325149476528168,0.19685034453868866,0.19685034453868866,0.19685034453868866,1.0,1.0,1.0,1.0,1.0,1.0,1.0,0.5993313193321228,1.0,0.046836983412504196,0.0,0.9531630277633667,0.9894639253616333,0.19685034453868866,0.36944301413119796,0.3533330572151703,0.5416686243931412
229,0.4824891984462738,0.891867458820343,0.475265234708786,0.6457042098045349,0.3264980912208557,0.15588641166687012,0.15588641166687012,0.15588641166687012,1.0,1.0,1.0,1.0,1.0,1.0,1.0,0.891867458820343,1.0,0.3206394910812378,0.0,0.6793605089187622,0.8642272353172302,0.15588641166687012,0.5186946671160068,0.5094357784658552,0.8878152983417721
2913,0.3881727159023285,0.8548905253410339,0.6666041612625122,0.15009061992168427,0.3478233516216278,0.24210989475250244,0.24210989475250244,0.24210989475250244,1.0,1.0,1.0,1.0,1.0,0.6000000238418579,0.0,0.8205816149711609,1.0,0.9845057129859924,1.0,0.9845057129859924,0.9999638795852661,0.24210989475250244,1.4692552282846238,1.4637845382495007,11.795992957093054
382,0.631809651851654,1.2476112842559814,1.0092238187789917,0.4827851355075836,0.4034200608730316,0.1468425840139389,0.1468425840139389,0.1468425840139389,1.0,1.0,1.0,1.0,1.0,0.20000000298023224,0.0,0.5814734697341919,1.0,0.14848025143146515,0.0,0.851519763469696,0.9999769926071167,0.1468425840139389,1.7273936844289626,0.7103653627296899,0.7493711932280306
3931,0.4892043471336365,0.9970322847366333,0.6880027651786804,0.5159735083580017,0.2636367976665497,0.17103025317192078,0.17103025317192078,0.17103025317192078,1.0,1.0,1.0,1.0,1.0,0.6000000238418579,0.0,1.0104438066482544,1.0,0.9714173078536987,1.0,0.9714173078536987,0.9993519186973572,0.17103025317192078,0.5752113246617218,0.5279485760365932,0.7147797585708685
9042,0.44522759318351746,0.8841463327407837,0.6831498146057129,0.4644712507724762,0.18806171417236328,0.12236233055591583,0.12236233055591583,0.12236233055591583,1.0,1.0,1.0,1.0,1.0,0.6000000238418579,0.0,0.776022732257843,1.0,0.7291414737701416,1.0,0.7291414737701416,0.7630404233932495,0.12236233055591583,0.2955954892386895,0.2955954892386895,0.5434757573685617
9073,0.4446706473827362,0.8349552154541016,0.4421427249908447,0.5654910802841187,0.32637810707092285,0.17324785888195038,0.17324785888195038,0.17324785888195038,1.0,1.0,1.0,1.0,1.0,0.6000000238418579,0.0,0.7259210348129272,1.0,0.018838202580809593,0.0,0.9811617732048035,0.9279040694236755,0.17324785888195038,0.1533199549045367,0.1533199549045367,0.4374115151320133
9334,0.415043443441391,0.844119668006897,0.3345626890659332,0.6520805358886719,0.2584870159626007,0.18964684009552002,0.18964684009552002,0.18964684009552002,1.0,1.0,1.0,1.0,1.0,1.0,1.0,0.844119668006897,1.0,0.22194461524486542,0.0,0.7780553698539734,0.9987448453903198,0.18964684009552002,0.6277666279479519,0.5788546542153636,0.8582652815768218
6327,0.2668999433517456,0.5077542662620544,0.336740106344223,0.2687886357307434,0.1951710283756256,0.1387222856283188,0.1387222856283188,0.1387222856283188,1.0,1.0,1.0,1.0,1.0,1.0,1.0,0.5077542662620544,1.0,0.9028259515762329,1.0,0.9028259515762329,0.9221932291984558,0.1387222856283188,0.12767685556023003,0.12767685556023003,0.33067724737225723
4084,0.5269621014595032,1.1836284399032593,0.43601512908935547,1.0248140096664429,0.12005691975355148,0.11183402687311172,0.695862889289856,0.6445591449737549,0.6000000238418579,0.0,0.0,0.4000000059604645,0.0,0.20000000298023224,0.0,1.0944876670837402,0.0,0.3714889883995056,1.0,0.6285110116004944,0.5691705346107483,0.6445591449737549,0.5047722646451887,0.5047722646451887,3.640041522204923
3159,0.3063308298587799,0.594635009765625,0.22517505288124084,0.44317469000816345,0.25064265727996826,0.17760522663593292,0.17760522663593292,0.17760522663593292,1.0,1.0,1.0,1.0,1.0,1.0,1.0,0.594635009765625,1.0,0.7966684699058533,1.0,0.7966684699058533,0.9184346199035645,0.17760522663593292,0.09313141914692756,0.09313141914692756,0.19029120966274968
7530,0.3868831694126129,0.8290918469429016,0.4042004644870758,0.5445432066917419,0.21190571784973145,0.14858467876911163,0.14858467876911163,0.14858467876911163,1.0,1.0,1.0,1.0,1.0,1.0,1.0,0.8290918469429016,1.0,0.033871252089738846,0.0,0.9661287665367126,0.988431453704834,0.14858467876911163,0.334210269982292,0.334210269982292,0.7176171908397094
4053,0.34024590253829956,0.6953509449958801,0.32868078351020813,0.46506235003471375,0.22699451446533203,0.1281803846359253,0.1281803846359253,0.1281803846359253,1.0,1.0,1.0,1.0,1.0,0.6000000238418579,0.0,0.6390706300735474,1.0,0.01623043417930603,0.0,0.9837695360183716,0.9989114999771118,0.1281803846359253,0.3362375200167727,0.3319292568544176,0.5233782808277223
2788,0.35984373092651367,0.7367374897003174,0.22076821327209473,0.6224870085716248,0.23627589643001556,0.1743926852941513,0.1743926852941513,0.1743926852941513,1.0,1.0,1.0,1.0,1.0,0.6000000238418579,0.0,0.7590436339378357,1.0,0.9878586530685425,1.0,0.9878586530685425,0.972052276134491,0.1743926852941513,0.5874110662582721,0.49143574911018745,0.747716914369688
7374,0.6743399500846863,1.2828073501586914,0.7337126135826111,0.8541268706321716,0.43518051505088806,0.07009969651699066,1.413677453994751,0.07009969651699066,1.0,1.0,0.0,0.0,0.0,0.20000000298023224,0.0,1.300754189491272,1.0,0.5630133748054504,0.0,0.5630133748054504,0.9999959468841553,0.07009969651699066,1.1561386411946328,0.9081655214365708,1.0438957404779932
9265,0.37730467319488525,0.7948336005210876,0.5988323092460632,0.40056076645851135,0.1325208842754364,0.07373650372028351,0.07373650372028351,0.07373650372028351,1.0,1.0,1.0,1.0,1.0,1.0,1.0,0.7948336005210876,1.0,0.9564002752304077,1.0,0.9564002752304077,0.9976142644882202,0.07373650372028351,0.4806966867248795,0.47501173095225696,1.4329992419353508
2329,0.45113855600357056,0.9356219172477722,0.45077869296073914,0.553870677947998,0.3487662076950073,0.10157709568738937,1.252306580543518,0.10157709568738937,1.0,1.0,0.0,0.0,0.0,0.6000000238418579,0.0,0.8091966509819031,1.0,0.27770060300827026,1.0,0.7222993969917297,0.9998180270195007,0.10157709568738937,0.9092082409042129,0.7466339934208066,0.9252527894348436
6011,0.43775227665901184,0.8894752860069275,0.45090124011039734,0.668620228767395,0.19373531639575958,0.1607508808374405,0.1607508808374405,0.1607508808374405,1.0,1.0,1.0,1.0,1.0,1.0,1.0,0.8894752860069275,1.0,0.11532442271709442,0.0,0.8846755623817444,0.8635609149932861,0.1607508808374405,0.18302988881488355,0.1616176280009491,0.2869238887417295
6926,0.28720471262931824,0.6051566004753113,0.4024764597415924,0.28214597702026367,0.17699162662029266,0.1079752966761589,0.1079752966761589,0.1079752966761589,1.0,1.0,1.0,1.0,1.0,0.6000000238418579,0.0,0.5381286144256592,1.0,0.92557692527771,1.0,0.92557692527771,0.9997990727424622,0.1079752966761589,0.8021337198379158,0.7162921796859062,0.9397216474742939
5516,0.5445864796638489,1.181841492652893,0.9501602053642273,0.5389814376831055,0.14461761713027954,0.18157504498958588,0.807944118976593,0.6299320459365845,0.6000000238418579,0.0,0.0,0.4000000059604645,0.0,0.20000000298023224,0.0,0.8213614821434021,0.0,0.1391943246126175,1.0,0.8608056902885437,0.5643094778060913,0.6299320459365845,0.6650505490152245,0.5990860863925437,1.005737537311651
7891,0.6222348809242249,1.3201000690460205,0.7463752031326294,0.8955565690994263,0.22477291524410248,0.19214117527008057,0.19214117527008057,0.19214117527008057,1.0,1.0,1.0,1.0,1.0,0.6000000238418579,0.0,1.1645768880844116,1.0,0.8422722816467285,1.0,0.8422722816467285,0.9973053932189941,0.19214117527008057,0.5571427685625406,0.40943743749171696,0.7678335750163223
5252,0.5336651802062988,1.0736721754074097,0.4276669919490814,0.7863304018974304,0.38699808716773987,0.1857507824897766,0.1857507824897766,0.1857507824897766,1.0,1.0,1.0,1.0,1.0,0.6000000238418579,0.0,1.0023090839385986,1.0,0.958001971244812,1.0,0.958001971244812,0.9963605999946594,0.1857507824897766,0.5340643947716044,0.5340643947716044,2.0540662095588837
8580,0.4022197723388672,0.8414589166641235,0.49077120423316956,0.5499727725982666,0.16591517627239227,0.17954277992248535,0.7803502082824707,0.6671118140220642,0.6000000238418579,0.0,0.0,0.4000000059604645,0.0,0.20000000298023224,0.0,0.5162813067436218,0.0,0.8391566872596741,0.0,0.8391566872596741,0.774279773235321,0.6671118140220642,0.10505207687572884,0.10505207687572884,0.19046030509647938
6744,0.41715896129608154,0.7810733914375305,0.2742055356502533,0.6203234791755676,0.3569478690624237,0.12661972641944885,0.12661972641944885,0.12661972641944885,1.0,1.0,1.0,1.0,1.0,1.0,1.0,0.7810733914375305,1.0,0.9270913600921631,1.0,0.9270913600921631,0.8490893840789795,0.12661972641944885,0.1875221801574593,0.1875221801574593,0.3575278544360215
4464,0.40538057684898376,0.8111104965209961,0.5237433314323425,0.44603464007377625,0.24636374413967133,0.14898225665092468,0.6304077506065369,0.6304077506065369,0.6000000238418579,0.0,1.0,0.6000000238418579,0.0,0.20000000298023224,0.0,0.7982403635978699,0.0,0.2672137916088104,0.0,0.7327861785888672,0.6094038486480713,0.6304077506065369,2.0568237580256614,0.24414787488358064,0.3640722642013674
9178,0.4453534781932831,0.9032308459281921,0.39691802859306335,0.6048769950866699,0.3342653512954712,0.11466145515441895,0.11466145515441895,0.11466145515441895,1.0,1.0,1.0,1.0,1.0,1.0,1.0,0.9032308459281921,1.0,0.05747561901807785,0.0,0.9425243735313416,0.7746789455413818,0.11466145515441895,0.3367529509627166,0.3367529509627166,0.6690604992945507
8618,0.30969902873039246,0.5831032395362854,0.2865825295448303,0.32362398505210876,0.31889063119888306,0.1890726089477539,0.7121106386184692,0.4556967318058014,0.6000000238418579,0.0,0.0,0.4000000059604645,0.0,0.6000000238418579,0.0,0.5831032395362854,0.0,0.5192858576774597,0.0,0.5192858576774597,0.597366988658905,0.4556967318058014,0.2881967270937199,0.2881967270937199,0.4872129543442143
9808,0.29190507531166077,0.5515196919441223,0.4057527184486389,0.2107021063566208,0.2592603266239166,0.1606994867324829,0.1606994867324829,0.1606994867324829,1.0,1.0,1.0,1.0,1.0,0.6000000238418579,0.0,0.5000471472740173,1.0,0.0769030973315239,0.0,0.9230968952178955,0.9049625992774963,0.1606994867324829,0.3136834713723339,0.3060354672202657,0.6553759450884246
8775,0.3848765194416046,0.8061457872390747,0.5628730058670044,0.4830038249492645,0.10875274240970612,0.05790683627128601,0.05790683627128601,0.05790683627128601,1.0,1.0,1.0,1.0,1.0,1.0,1.0,0.783639132976532,1.0,0.40485888719558716,0.0,0.5951411128044128,0.8305156826972961,0.05790683627128601,0.23102088402038423,0.1967724001301724,0.35697853116941813
308,0.42566823959350586,0.9272927641868591,0.7068684101104736,0.21920092403888702,0.35093531012535095,0.2397022694349289,0.2397022694349289,0.2397022694349289,1.0,1.0,1.0,1.0,1.0,0.6000000238418579,0.0,0.7950587272644043,1.0,0.9668511152267456,1.0,0.9668511152267456,0.9761916399002075,0.2397022694349289,0.1827558165577056,0.1827558165577056,0.4011907844233749
2168,0.47384175658226013,0.8910002708435059,0.4674595892429352,0.6208595633506775,0.3332059681415558,0.18691515922546387,0.18691515922546387,0.18691515922546387,1.0,1.0,1.0,1.0,1.0,1.0,1.0,0.8910002708435059,1.0,0.44452103972435,0.0,0.5554789304733276,0.8699200749397278,0.18691515922546387,0.3949369858796306,0.3949369858796306,0.8111104370705804
4093,0.3709024488925934,0.8125042915344238,0.5755729079246521,0.3829898536205292,0.15414461493492126,0.1970871239900589,0.1970871239900589,0.1970871239900589,1.0,1.0,1.0,1.0,1.0,1.0,1.0,0.746567964553833,1.0,0.07423656433820724,0.0,0.9257634282112122,0.9991262555122375,0.1970871239900589,0.2878598558311933,0.2825696960945507,0.4392072511086835
4349,0.41698604822158813,0.8894512057304382,0.5610236525535583,0.5221555233001709,0.1677788496017456,0.16877128183841705,0.683654248714447,0.683654248714447,0.6000000238418579,0.0,1.0,0.6000000238418579,0.0,0.6000000238418579,0.0,0.8736373782157898,0.0,0.14615732431411743,0.0,0.8538426756858826,0.1583624929189682,0.683654248714447,1.1672208472246717,0.8119317254832766,0.9478936132218038
2312,0.26813024282455444,0.5100815892219543,0.28301793336868286,0.3323691189289093,0.18900373578071594,0.2335061877965927,0.2335061877965927,0.2335061877965927,1.0,1.0,1.0,1.0,1.0,1.0,1.0,0.5100815892219543,1.0,0.19492067396640778,0.0,0.8050793409347534,0.8981926441192627,0.2335061877965927,0.39575558711103925,0.39575558711103925,1.0527411286315138
1974,0.4048243463039398,0.9075690507888794,0.24426673352718353,0.7490898966789246,0.221116304397583,0.20668330788612366,0.20668330788612366,0.20668330788612366,1.0,1.0,1.0,1.0,1.0,0.6000000238418579,0.0,0.741008460521698,1.0,0.32769593596458435,0.0,0.6723040342330933,0.999946117401123,0.20668330788612366,1.2391065601987274,0.7367066545827944,0.9598535126058763
2696,0.5000705122947693,0.9911730885505676,0.4093608856201172,0.7953860759735107,0.29546448588371277,0.15758253633975983,0.15758253633975983,0.15758253633975983,1.0,1.0,1.0,1.0,1.0,1.0,1.0,0.9911730885505676,1.0,0.9590387940406799,1.0,0.9590387940406799,0.9997755885124207,0.15758253633975983,1.2755262372539977,1.1596131004845986,3.8274538419374755
1764,0.5478367209434509,1.1097259521484375,0.6727442145347595,0.746235191822052,0.2245306521654129,0.11619468033313751,1.1904667615890503,0.11619468033313751,1.0,1.0,0.0,0.0,0.0,0.6000000238418579,0.0,0.966088593006134,1.0,0.2619644105434418,1.0,0.7380355596542358,0.5242525935173035,0.11619468033313751,2.3430170386096227,0.5512947703341035,1.1807858870012222
6657,0.4450435936450958,0.8176714181900024,0.4332387149333954,0.5930258631706238,0.30886611342430115,0.16340689361095428,0.16340689361095428,0.16340689361095428,1.0,1.0,1.0,1.0,1.0,1.0,1.0,0.8176714181900024,1.0,0.8592257499694824,1.0,0.8592257499694824,0.7036605477333069,0.16340689361095428,0.2105920545793843,0.2105920545793843,0.364474410151941
6495,0.37686577439308167,0.8367667198181152,0.6673429608345032,0.242354154586792,0.22090022265911102,0.10632603615522385,0.10632603615522385,0.10632603615522385,1.0,1.0,1.0,1.0,1.0,1.0,1.0,0.8367667198181152,1.0,0.06647322326898575,0.0,0.9335267543792725,0.9900034070014954,0.10632603615522385,0.24555205524163592,0.23125646114268858,0.48849685771003315
1560,0.5682371854782104,1.1842488050460815,0.3494330048561096,1.0437902212142944,0.31148844957351685,0.1577223539352417,0.1577223539352417,0.1577223539352417,1.0,1.0,1.0,1.0,1.0,1.0,1.0,1.1842488050460815,1.0,0.8981831669807434,1.0,0.8981831669807434,0.9425469040870667,0.1577223539352417,0.3864867871914973,0.3864867871914973,0.8232041288256052
5659,0.46391892433166504,0.9368215799331665,0.4899778366088867,0.5792578458786011,0.32252106070518494,0.23054133355617523,0.7901008725166321,0.7485563158988953,0.6000000238418579,0.0,1.0,0.6000000238418579,0.0,0.6000000238418579,0.0,0.9368215799331665,0.0,0.3428840637207031,0.0,0.6571159362792969,0.5612602233886719,0.7901008725166321,2.165176033898322,0.7026460278866826,1.0340000185557185
5363,0.40532541275024414,0.846143901348114,0.45508328080177307,0.4113854467868805,0.3495073914527893,0.1427125781774521,0.1427125781774521,0.1427125781774521,1.0,1.0,1.0,1.0,1.0,1.0,1.0,0.846143901348114,1.0,0.9595849514007568,1.0,0.9595849514007568,0.9795533418655396,0.1427125781774521,0.28288326367559935,0.28288326367559935,0.6102990468903766
4235,0.26107627153396606,0.5440853238105774,0.2893015444278717,0.3307162821292877,0.163210928440094,0.1676606982946396,0.1676606982946396,0.1676606982946396,1.0,1.0,1.0,1.0,1.0,0.6000000238418579,0.0,0.48472651839256287,1.0,0.9212710857391357,1.0,0.9212710857391357,0.9978246688842773,0.1676606982946396,0.23086069930568623,0.21771213195063904,0.3457024635731326
5631,0.41848236322402954,0.8483455777168274,0.4395875036716461,0.5786880850791931,0.23717141151428223,0.09664274752140045,0.09664274752140045,0.09664274752140045,1.0,1.0,1.0,1.0,1.0,1.0,1.0,0.8483455777168274,1.0,0.12845966219902039,0.0,0.8715403079986572,0.9994482398033142,0.09664274752140045,0.6694472297949989,0.5989932500071942,0.8184258777313268
1242,0.3368259072303772,0.6353527307510376,0.45265504717826843,0.3630283772945404,0.19479428231716156,0.21630792319774628,0.21630792319774628,0.21630792319774628,1.0,1.0,1.0,1.0,1.0,1.0,1.0,0.6353527307510376,1.0,0.9707236886024475,1.0,0.9707236886024475,0.9518749117851257,0.21630792319774628,0.2589132306767561,0.2589132306767561,0.5042236898009543
35,0.3402767777442932,0.6933802962303162,0.3093068301677704,0.48920127749443054,0.22232218086719513,0.18151214718818665,0.18151214718818665,0.18151214718818665,1.0,1.0,1.0,1.0,1.0,1.0,1.0,0.6933802962303162,1.0,0.04316645860671997,0.0,0.95683354139328,0.9984400868415833,0.18151214718818665,0.29334197701727877,0.2851758875179988,0.4418476357073578
7931,0.43798238039016724,0.854291558265686,0.37134692072868347,0.6820448040962219,0.2605554759502411,0.13619574904441833,0.13619574904441833,0.13619574904441833,1.0,1.0,1.0,1.0,1.0,0.6000000238418579,0.0,0.852875828742981,1.0,0.9800980091094971,1.0,0.9800980091094971,0.9997289776802063,0.13619574904441833,0.5162768654423971,0.4919092866544558,0.586105281126085
6259,0.2650381028652191,0.5265912413597107,0.2422327995300293,0.38955897092819214,0.16332252323627472,0.13743196427822113,0.13743196427822113,0.13743196427822113,1.0,1.0,1.0,1.0,1.0,1.0,1.0,0.5265912413597107,1.0,0.031427741050720215,0.0,0.9685722589492798,0.8476391434669495,0.13743196427822113,0.21266515022449645,0.21266515022449645,0.5008628430481319
4341,0.4372764229774475,0.8986884951591492,0.7292224764823914,0.41022831201553345,0.17237837612628937,0.08900120854377747,0.6296496391296387,0.6296496391296387,0.6000000238418579,0.0,1.0,0.6000000238418579,0.0,0.20000000298023224,0.0,0.9455127716064453,0.0,0.602959156036377,1.0,0.602959156036377,0.5009276866912842,0.6296496391296387,2.2221731790412096,0.3760946122940606,0.645839958592839
736,0.4392985999584198,0.9318891763687134,0.7999367117881775,0.3037208616733551,0.2142380326986313,0.13863973319530487,0.13863973319530487,0.13863973319530487,1.0,1.0,1.0,1.0,1.0,1.0,1.0,0.9318891763687134,1.0,0.8358990550041199,1.0,0.8358990550041199,0.9711167216300964,0.13863973319530487,0.45000904643845774,0.44947346943275196,0.828399098575912
1202,0.38875898718833923,0.7792655825614929,0.5054570436477661,0.4862210750579834,0.17459888756275177,0.10109248012304306,0.10109248012304306,0.10109248012304306,1.0,1.0,1.0,1.0,1.0,1.0,1.0,0.7792655825614929,1.0,0.9792565107345581,1.0,0.9792565107345581,0.9793023467063904,0.10109248012304306,0.38368142896521507,0.38111100894294336,0.8154392176039933
2673,0.5031613111495972,0.9969379305839539,0.825539231300354,0.28036317229270935,0.4035816192626953,0.2111295908689499,1.1717329025268555,0.2111295908689499,1.0,1.0,0.0,0.0,0.0,0.20000000298023224,0.0,0.8457850813865662,1.0,0.028694886714220047,1.0,0.9713051319122314,0.9986372590065002,0.2111295908689499,1.3841973448352722,0.5304351016794093,0.7770763527164299
7108,0.436453640460968,0.8046135902404785,0.441253662109375,0.5464301705360413,0.3216771185398102,0.07583275437355042,0.07583275437355042,0.07583275437355042,1.0,1.0,1.0,1.0,1.0,1.0,1.0,0.8046135902404785,1.0,0.04523850604891777,0.0,0.9547615051269531,0.718304455280304,0.07583275437355042,0.4702756945508525,0.4668221622847406,0.8152257047480648
6770,0.273349404335022,0.5946465730667114,0.47750163078308105,0.2456260770559311,0.09692050516605377,0.12083306163549423,0.12083306163549423,0.12083306163549423,1.0,1.0,1.0,1.0,1.0,1.0,1.0,0.5946465730667114,1.0,0.776707112789154,1.0,0.776707112789154,0.9999918937683105,0.12083306163549423,0.9574650205893033,0.7852616634878355,0.8667329019684155
3894,0.31163159012794495,0.7182623744010925,0.24671564996242523,0.5746228694915771,0.11355622112751007,0.10907600075006485,0.10907600075006485,0.10907600075006485,1.0,1.0,1.0,1.0,1.0,1.0,1.0,0.7182623744010925,1.0,0.3328172564506531,0.0,0.6671827435493469,0.9997072815895081,0.10907600075006485,0.9657373648679142,0.7989169946137126,0.9806368036658476
8742,0.5165321826934814,1.0858875513076782,0.46235379576683044,0.8693108558654785,0.217931866645813,0.11174654215574265,0.11174654215574265,0.11174654215574265,1.0,1.0,1.0,1.0,1.0,1.0,1.0,1.0858875513076782,1.0,0.24335764348506927,0.0,0.7566423416137695,0.6999459862709045,0.11174654215574265,0.3809443682627937,0.31985938289938004,0.5360834261421836
5542,0.2225387841463089,0.4732092022895813,0.2353346347808838,0.24281024932861328,0.18947142362594604,0.17795419692993164,0.17795419692993164,0.17795419692993164,1.0,1.0,1.0,1.0,1.0,1.0,1.0,0.4732092022895813,1.0,0.9784203171730042,1.0,0.9784203171730042,0.9804287552833557,0.17795419692993164,0.13327559902477132,0.13327559902477132,0.2937096559489102
2752,0.2784668207168579,0.5968416929244995,0.1406363993883133,0.49864140152931213,0.19612252712249756,0.1431414932012558,0.1431414932012558,0.1431414932012558,1.0,1.0,1.0,1.0,1.0,1.0,1.0,0.5968416929244995,1.0,0.022736746817827225,0.0,0.9772632718086243,0.9950922727584839,0.1431414932012558,0.1648158883386427,0.1648158883386427,0.3507886462908946
3331,0.419485867023468,0.9049434065818787,0.22339443862438202,0.7809696793556213,0.2540934681892395,0.20056477189064026,0.20056477189064026,0.20056477189064026,1.0,1.0,1.0,1.0,1.0,0.6000000238418579,0.0,0.7673718333244324,1.0,0.9744892120361328,1.0,0.9744892120361328,0.9995260238647461,0.20056477189064026,0.9196646103388201,0.5071787333779268,0.8810738059448717
6718,0.28974777460098267,0.5481462478637695,0.3506196141242981,0.3540547490119934,0.16456885635852814,0.13187596201896667,1.352700114250183,0.13187596201896667,1.0,1.0,0.0,0.0,0.0,1.0,1.0,0.5481462478637695,1.0,0.5164564251899719,0.0,0.5164564251899719,0.18973137438297272,0.13187596201896667,1.8478401835350835,0.16619112099990924,0.28145713605396444
3219,0.3521530330181122,0.693945586681366,0.3560706377029419,0.46040478348731995,0.23998360335826874,0.13186447322368622,0.8176749348640442,0.5221219062805176,0.6000000238418579,0.0,0.0,0.4000000059604645,0.0,0.20000000298023224,0.0,0.6702458262443542,0.0,0.817101776599884,0.0,0.817101776599884,0.8928267359733582,0.5221219062805176,0.18447642909224599,0.18447642909224599,0.3692539891520807
4465,0.5147009491920471,1.0259968042373657,0.5156777501106262,0.8275033235549927,0.20092163980007172,0.17846976220607758,0.17846976220607758,0.17846976220607758,1.0,1.0,1.0,1.0,1.0,1.0,1.0,1.0259968042373657,1.0,0.7426584362983704,1.0,0.7426584362983704,0.9998244643211365,0.17846976220607758,1.0160240651829782,0.8032394312783624,1.077194400536471
1697,0.4544636905193329,0.9551061987876892,0.5594919919967651,0.7461951375007629,0.05770393833518028,0.1573593020439148,0.1573593020439148,0.1573593020439148,1.0,1.0,1.0,1.0,1.0,1.0,1.0,0.9551061987876892,1.0,0.7341629862785339,1.0,0.7341629862785339,0.9998385906219482,0.1573593020439148,0.7668502166082611,0.6809656512894016,0.9364157520576979
4892,0.41754400730133057,0.8568814396858215,0.6976515650749207,0.3921950161457062,0.1627853810787201,0.1348937451839447,0.1348937451839447,0.1348937451839447,1.0,1.0,1.0,1.0,1.0,0.6000000238418579,0.0,0.8548023104667664,1.0,0.9746202230453491,1.0,0.9746202230453491,0.978638231754303,0.1348937451839447,0.10892152396084435,0.10892152396084435,0.17316858671454435
950,0.17614543437957764,0.3864405155181885,0.18723832070827484,0.20321528613567352,0.13798268139362335,0.2021806687116623,0.2021806687116623,0.2021806687116623,1.0,1.0,1.0,1.0,1.0,1.0,1.0,0.3864405155181885,1.0,0.9766844511032104,1.0,0.9766844511032104,0.999976634979248,0.2021806687116623,0.39939855843205674,0.37752926160165945,0.5072614595080217
5387,0.35920798778533936,0.7312691807746887,0.37620410323143005,0.48411399126052856,0.21730588376522064,0.1890403777360916,0.1890403777360916,0.1890403777360916,1.0,1.0,1.0,1.0,1.0,1.0,1.0,0.7312691807746887,1.0,0.029826536774635315,0.0,0.9701734781265259,0.9850459694862366,0.1890403777360916,0.48690831157224107,0.4819095162541329,0.8775361761262539
4871,0.35499632358551025,0.6829569339752197,0.5743357539176941,0.24136467278003693,0.2492884248495102,0.09960588067770004,0.09960588067770004,0.09960588067770004,1.0,1.0,1.0,1.0,1.0,0.6000000238418579,0.0,0.6886330842971802,1.0,0.01520222332328558,0.0,0.9847977757453918,0.993848979473114,0.09960588067770004,0.3637613176930407,0.2896104599730033,0.307699849929203
5279,0.2290559858083725,0.45476847887039185,0.12619557976722717,0.3298618197441101,0.23111052811145782,0.09928309917449951,0.09928309917449951,0.09928309917449951,1.0,1.0,1.0,1.0,1.0,1.0,1.0,0.45476847887039185,1.0,0.9435859322547913,1.0,0.9435859322547913,0.9832397103309631,0.09928309917449951,0.05592060675908504,0.05592060675908504,0.12313033846095721
2371,0.6505426168441772,1.3075426816940308,1.0395280122756958,0.6609870195388794,0.2511126697063446,0.18766386806964874,0.18766386806964874,0.18766386806964874,1.0,1.0,1.0,1.0,1.0,0.6000000238418579,0.0,0.7929136157035828,1.0,0.41682231426239014,0.0,0.5831776857376099,0.9972755312919617,0.18766386806964874,1.0472492327788165,0.5361380729335878,0.7548069626667983
3047,0.4658690392971039,0.9871217608451843,0.8312857747077942,0.3676196038722992,0.1987016499042511,0.18262778222560883,0.18262778222560883,0.18262778222560883,1.0,1.0,1.0,1.0,1.0,1.0,1.0,0.9871217608451843,1.0,0.8451420068740845,1.0,0.8451420068740845,0.9992590546607971,0.18262778222560883,0.6807341067080703,0.6269199982703069,0.9572637335892523
9160,0.3481685221195221,0.7602373361587524,0.1974758505821228,0.7039498686790466,0.1430797427892685,0.1317060887813568,0.1317060887813568,0.1317060887813568,1.0,1.0,1.0,1.0,1.0,1.0,1.0,0.7602373361587524,1.0,0.025094756856560707,0.0,0.974905252456665,0.9993990659713745,0.1317060887813568,0.07236956302833195,0.07236956302833195,0.15747087520107123
970,0.36134326457977295,0.6662144064903259,0.4686020016670227,0.3048446774482727,0.3105831742286682,0.12906992435455322,0.12906992435455322,0.12906992435455322,1.0,1.0,1.0,1.0,1.0,1.0,1.0,0.6662144064903259,1.0,0.9676396250724792,1.0,0.9676396250724792,0.9724304676055908,0.12906992435455322,0.08329202147473727,0.08329202147473727,0.18159405697056
4749,0.4082237482070923,0.8543450236320496,0.6060411334037781,0.4296369254589081,0.18899312615394592,0.09428801387548447,0.09428801387548447,0.09428801387548447,1.0,1.0,1.0,1.0,1.0,1.0,1.0,0.8543450236320496,1.0,0.413518488407135,0.0,0.586481511592865,0.9999873638153076,0.09428801387548447,1.8221769432967316,1.7627464832095283,11.215138268932009
7899,0.4210081696510315,0.8174624443054199,0.43927380442619324,0.4619545042514801,0.361796110868454,0.1499382108449936,1.3798927068710327,0.1499382108449936,1.0,1.0,0.0,0.0,0.0,1.0,1.0,0.8174624443054199,1.0,0.5467232465744019,0.0,0.5467232465744019,0.8157441020011902,0.1499382108449936,1.916918665096062,0.4433569134536243,1.093742288973004
6506,0.3450278043746948,0.675761878490448,0.5302221775054932,0.31175604462623596,0.19310519099235535,0.14686186611652374,0.14686186611652374,0.14686186611652374,1.0,1.0,1.0,1.0,1.0,1.0,1.0,0.675761878490448,1.0,0.9881514310836792,1.0,0.9881514310836792,0.9986391663551331,0.14686186611652374,0.24514463193137126,0.17001021562722649,0.26438240695644377
558,0.34316515922546387,0.7066917419433594,0.2790926694869995,0.5552834868431091,0.19511936604976654,0.14277365803718567,0.14277365803718567,0.14277365803718567,1.0,1.0,1.0,1.0,1.0,0.6000000238418579,0.0,0.631768524646759,1.0,0.061967749148607254,0.0,0.9380322694778442,0.9898906946182251,0.14277365803718567,0.42166581613064413,0.4193641946420114,0.7379333427329416
5558,0.3825784921646118,0.7573084235191345,0.5098833441734314,0.3515617549419403,0.2862902879714966,0.12228395789861679,0.12228395789861679,0.12228395789861679,1.0,1.0,1.0,1.0,1.0,0.6000000238418579,0.0,0.7185958623886108,1.0,0.6088628768920898,1.0,0.6088628768920898,0.8832318782806396,0.12228395789861679,0.676770583342441,0.676770583342441,2.95359636314207
4035,0.24594983458518982,0.5512279868125916,0.37892261147499084,0.23712602257728577,0.12180083990097046,0.16318044066429138,0.16318044066429138,0.16318044066429138,1.0,1.0,1.0,1.0,1.0,1.0,1.0,0.5512279868125916,1.0,0.9757399559020996,1.0,0.9757399559020996,0.9673068523406982,0.16318044066429138,0.14494868946080586,0.14494868946080586,0.3169513588449905
8870,0.4125467836856842,0.824320912361145,0.35688894987106323,0.6027022004127502,0.27804914116859436,0.15574976801872253,0.15574976801872253,0.15574976801872253,1.0,1.0,1.0,1.0,1.0,0.6000000238418579,0.0,0.7869499921798706,1.0,0.03322818502783775,0.0,0.9667718410491943,0.994403064250946,0.15574976801872253,0.3756101517663151,0.35151604951169146,0.4475516638115003
7866,0.3295580744743347,0.6566500663757324,0.3555779755115509,0.5100254416465759,0.12307077646255493,0.1523095667362213,0.7006503939628601,0.7006503939628601,0.6000000238418579,0.0,1.0,0.6000000238418579,0.0,0.6000000238418579,0.0,0.6566500663757324,0.0,0.4991782605648041,0.0,0.5008217096328735,0.14024199545383453,0.7006503939628601,1.1665580053967322,0.8454399774396938,0.9563925889007191
9936,0.3180791437625885,0.7268001437187195,0.4000656306743622,0.43622884154319763,0.11794300377368927,0.17298316955566406,0.17298316955566406,0.17298316955566406,1.0,1.0,1.0,1.0,1.0,1.0,1.0,0.7268001437187195,1.0,0.950477123260498,1.0,0.950477123260498,0.9968731999397278,0.17298316955566406,0.383384205787552,0.351344849606375,0.3801034603698406
1281,0.681317925453186,1.2833203077316284,0.7683905959129333,0.8560810089111328,0.4194820821285248,0.19962361454963684,1.2043886184692383,0.19962361454963684,1.0,1.0,0.0,0.0,0.0,0.20000000298023224,0.0,0.7858144640922546,1.0,0.04905734956264496,1.0,0.9509426355361938,0.9794881939888,0.19962361454963684,0.3864088368211686,0.3758769165111431,0.6777034656827725
6480,0.40202760696411133,0.8386826515197754,0.644275426864624,0.44903597235679626,0.1127714142203331,0.11851099878549576,0.11851099878549576,0.11851099878549576,1.0,1.0,1.0,1.0,1.0,1.0,1.0,0.8386826515197754,1.0,0.019462093710899353,0.0,0.9805378913879395,0.9558391571044922,0.11851099878549576,0.24001684047544852,0.24001684047544852,0.6171087544348075
3334,0.4289209544658661,0.8786875009536743,0.648450493812561,0.4551140367984772,0.18319833278656006,0.23934178054332733,0.23934178054332733,0.23934178054332733,1.0,1.0,1.0,1.0,1.0,0.6000000238418579,0.0,0.7329058051109314,1.0,0.9898569583892822,1.0,0.9898569583892822,0.9693405032157898,0.23934178054332733,0.6151428529398034,0.6061554552082701,0.9445135211674943
7779,0.4399190843105316,0.8977287411689758,0.4892016351222992,0.5871309638023376,0.24342456459999084,0.11957576125860214,0.11957576125860214,0.11957576125860214,1.0,1.0,1.0,1.0,1.0,1.0,1.0,0.8977287411689758,1.0,0.44224968552589417,0.0,0.5577503442764282,0.9999507665634155,0.11957576125860214,0.7275085737515908,0.7061563089837957,0.9377413635714932
9558,0.27135688066482544,0.5563806891441345,0.33920833468437195,0.2020529955625534,0.27280935645103455,0.20011043548583984,0.20011043548583984,0.20011043548583984,1.0,1.0,1.0,1.0,1.0,1.0,1.0,0.5563806891441345,1.0,0.03753221035003662,0.0,0.9624677896499634,0.9865953922271729,0.20011043548583984,0.4329751336136241,0.3975711043586627,0.5986636663502168
1591,0.4929465055465698,1.0103291273117065,0.7535498738288879,0.6176382899284363,0.10765130817890167,0.17722921073436737,0.7786095142364502,0.7607822418212891,0.6000000238418579,0.0,0.0,0.4000000059604645,0.0,0.20000000298023224,0.0,0.6920637488365173,0.0,0.9697801470756531,0.0,0.9697801470756531,0.9466754794120789,0.7607822418212891,0.16430944222197924,0.16430944222197924,0.3457485787710905
891,0.26037120819091797,0.5168549418449402,0.20844951272010803,0.37411975860595703,0.1985444277524948,0.16827526688575745,0.16827526688575745,0.16827526688575745,1.0,1.0,1.0,1.0,1.0,1.0,1.0,0.5168549418449402,1.0,0.02568267658352852,0.0,0.9743173122406006,0.9961894154548645,0.16827526688575745,0.2866697857351953,0.2844183309838117,0.6097806298643247
8762,0.3825173079967499,0.7262080311775208,0.3919266164302826,0.32113027572631836,0.4344949722290039,0.14398030936717987,0.8061639070510864,0.5313839912414551,0.6000000238418579,0.0,0.0,0.4000000059604645,0.0,0.20000000298023224,0.0,0.4661872386932373,0.0,0.21971559524536133,1.0,0.7802844047546387,0.9123130440711975,0.5313839912414551,0.4432590359530943,0.4196135222819974,0.7521749135105759
8766,0.23980799317359924,0.45648136734962463,0.22565262019634247,0.26546725630760193,0.22830410301685333,0.17344287037849426,0.17344287037849426,0.17344287037849426,1.0,1.0,1.0,1.0,1.0,1.0,1.0,0.45648136734962463,1.0,0.017153773456811905,0.0,0.982846200466156,0.9614183902740479,0.17344287037849426,0.06501391785963372,0.06501391785963372,0.13899179060785738
7,0.4592580497264862,0.9329530000686646,0.6132761240005493,0.4397304952144623,0.3247675895690918,0.0917830616235733,0.0917830616235733,0.0917830616235733,1.0,1.0,1.0,1.0,1.0,0.20000000298023224,0.0,0.6163524985313416,1.0,0.5264743566513062,1.0,0.5264743566513062,0.9999477863311768,0.0917830616235733,0.9886640583765562,0.7075061459669114,0.913429149835071
5749,0.26217180490493774,0.5291587114334106,0.3811539113521576,0.24902310967445374,0.15633836388587952,0.2068781703710556,0.2068781703710556,0.2068781703710556,1.0,1.0,1.0,1.0,1.0,1.0,1.0,0.5291587114334106,1.0,0.991188645362854,1.0,0.991188645362854,0.9958860278129578,0.2068781703710556,0.06676880063351756,0.06676880063351756,0.1469261723187495
9245,0.419202595949173,0.8348779678344727,0.42363062500953674,0.5452930331230164,0.28868404030799866,0.16681046783924103,0.16681046783924103,0.16681046783924103,1.0,1.0,1.0,1.0,1.0,0.6000000238418579,0.0,0.837864875793457,1.0,0.975604236125946,1.0,0.975604236125946,0.9993665814399719,0.16681046783924103,0.7816813296843346,0.6968398332825543,0.9131271929127376
1562,0.3473777174949646,0.745107114315033,0.23584552109241486,0.6070887446403503,0.19919894635677338,0.263136625289917,0.263136625289917,0.263136625289917,1.0,1.0,1.0,1.0,1.0,1.0,1.0,0.745107114315033,1.0,0.9092598557472229,1.0,0.9092598557472229,0.6468023657798767,0.263136625289917,0.179457922686497,0.17910715152179799,0.2872702336956334
6179,0.3316660523414612,0.7201129198074341,0.22353143990039825,0.5963619947433472,0.17510469257831573,0.1871885359287262,0.1871885359287262,0.1871885359287262,1.0,1.0,1.0,1.0,1.0,1.0,1.0,0.7201129198074341,1.0,0.9789000749588013,1.0,0.9789000749588013,0.9991150498390198,0.1871885359287262,0.5696016215501843,0.5415359042079798,0.911217568105016
9144,0.2656877338886261,0.5052070021629333,0.3248567283153534,0.23268774151802063,0.23951871693134308,0.1397348940372467,0.6436941027641296,0.6436941027641296,0.6000000238418579,0.0,1.0,0.6000000238418579,0.0,0.20000000298023224,0.0,0.421927273273468,0.0,0.8281974792480469,1.0,0.8281974792480469,0.6220142245292664,0.6436941027641296,2.286565463079822,0.49040708199468513,2.6574675110853274
4051,0.31563717126846313,0.6191297769546509,0.3277665376663208,0.4023442268371582,0.21680067479610443,0.13753066956996918,0.13753066956996918,0.13753066956996918,1.0,1.0,1.0,1.0,1.0,1.0,1.0,0.6191297769546509,1.0,0.8880183100700378,1.0,0.8880183100700378,0.7802934646606445,0.13753066956996918,0.14726462564319617,0.14726462564319617,0.42373220155025604
7107,0.40872034430503845,0.8422247767448425,0.34189048409461975,0.683372974395752,0.20089749991893768,0.11980926990509033,0.11980926990509033,0.11980926990509033,1.0,1.0,1.0,1.0,1.0,0.6000000238418579,0.0,0.6815018057823181,1.0,0.23989611864089966,0.0,0.7601038813591003,0.687930166721344,0.11980926990509033,0.34553408382673817,0.34553408382673817,0.6655910552660942
7538,0.3605008125305176,0.6932287216186523,0.49198418855667114,0.3471533954143524,0.2423647940158844,0.12207901477813721,0.12207901477813721,0.12207901477813721,1.0,1.0,1.0,1.0,1.0,1.0,1.0,0.7538641691207886,1.0,0.8630303144454956,1.0,0.8630303144454956,0.9650064706802368,0.12207901477813721,0.11230125002401557,0.11230125002401557,0.25209432461794723
7489,0.33121258020401,0.6755511164665222,0.5675674080848694,0.2723674476146698,0.15370284020900726,0.2536740005016327,0.2536740005016327,0.2536740005016327,1.0,1.0,1.0,1.0,1.0,1.0,1.0,0.6755511164665222,1.0,0.979854166507721,1.0,0.979854166507721,0.9881266355514526,0.2536740005016327,0.1116318622223373,0.1116318622223373,0.2185697299724939
4513,0.3182491958141327,0.6328718066215515,0.4279148578643799,0.4004212021827698,0.12641151249408722,0.11609774082899094,0.11609774082899094,0.11609774082899094,1.0,1.0,1.0,1.0,1.0,1.0,1.0,0.6328718066215515,1.0,0.015879200771450996,0.0,0.984120786190033,0.9971001744270325,0.11609774082899094,0.30238364636367365,0.26640822107729395,0.49542260354425016
9867,0.2779318690299988,0.5837728977203369,0.15838287770748138,0.39984387159347534,0.2755688726902008,0.1058674082159996,0.1058674082159996,0.1058674082159996,1.0,1.0,1.0,1.0,1.0,1.0,1.0,0.5837728977203369,1.0,0.15925778448581696,0.0,0.8407422304153442,0.9869577884674072,0.1058674082159996,0.12097289893780468,0.12097289893780468,0.2974409614130728
3038,0.33541885018348694,0.7148516178131104,0.42944884300231934,0.360946387052536,0.2158612310886383,0.07022582739591599,0.07022582739591599,0.07022582739591599,1.0,1.0,1.0,1.0,1.0,0.6000000238418579,0.0,0.6685912013053894,1.0,0.12732215225696564,0.0,0.8726778626441956,0.999870777130127,0.07022582739591599,1.2138601633346322,0.7406706626135382,0.9274624557535428
3834,0.31960511207580566,0.6599443554878235,0.4173961579799652,0.34611350297927856,0.1953056901693344,0.18029990792274475,0.18029990792274475,0.18029990792274475,1.0,1.0,1.0,1.0,1.0,1.0,1.0,0.6599443554878235,1.0,0.9337494373321533,1.0,0.9337494373321533,0.9991185069084167,0.18029990792274475,0.4352724784684858,0.43131410881065485,0.6077353680906379
5725,0.45624735951423645,0.8999143838882446,0.41898640990257263,0.7374646663665771,0.21229083836078644,0.24761982262134552,0.24761982262134552,0.24761982262134552,1.0,1.0,1.0,1.0,1.0,0.6000000238418579,0.0,0.7193765044212341,1.0,0.9612410068511963,1.0,0.9612410068511963,0.9989516735076904,0.24761982262134552,1.1450257673958804,0.5661335053825187,0.7388862782258201
707,0.556843101978302,1.1488616466522217,0.8527728319168091,0.5047640204429626,0.3129924237728119,0.1148725375533104,0.7688742876052856,0.6226348876953125,0.6000000238418579,0.0,0.0,0.4000000059604645,0.0,0.20000000298023224,0.0,0.9051181077957153,0.0,0.6697676181793213,0.0,0.6697676181793213,0.8499141931533813,0.6226348876953125,0.20043883048775596,0.1981601166331087,0.35816514001843064
7478,0.275185227394104,0.5893206000328064,0.17046187818050385,0.47960028052330017,0.17549343407154083,0.06768818944692612,0.06768818944692612,0.06768818944692612,1.0,1.0,1.0,1.0,1.0,1.0,1.0,0.5893206000328064,1.0,0.07905571162700653,0.0,0.9209442734718323,0.2433774322271347,0.06768818944692612,0.14128004218159618,0.14128004218159618,0.25621375762545423
3063,0.5122964978218079,0.9851991534233093,0.7128605246543884,0.5518895983695984,0.27213940024375916,0.24256673455238342,0.24256673455238342,0.24256673455238342,1.0,1.0,1.0,1.0,1.0,0.6000000238418579,0.0,0.9682380557060242,1.0,0.017854182049632072,0.0,0.9821458458900452,0.9889335632324219,0.24256673455238342,0.256031487373343,0.2521424185248552,0.5296718562660252
328,0.4772229790687561,0.9729156494140625,0.6377294659614563,0.487718790769577,0.3062206208705902,0.1416729837656021,0.1416729837656021,0.1416729837656021,1.0,1.0,1.0,1.0,1.0,0.6000000238418579,0.0,0.8575138449668884,1.0,0.9677203893661499,1.0,0.9677203893661499,0.999799907207489,0.1416729837656021,0.686845878069824,0.6551704668989488,0.9434895220995725
4393,0.368310809135437,0.7175933718681335,0.35226187109947205,0.4540459215641022,0.2986246943473816,0.1993950754404068,0.1993950754404068,0.1993950754404068,1.0,1.0,1.0,1.0,1.0,1.0,1.0,0.7175933718681335,1.0,0.98162442445755,1.0,0.98162442445755,0.9985016584396362,0.1993950754404068,0.23284175250083083,0.22509784933257154,0.485831731109977
7935,0.18023355305194855,0.39829280972480774,0.12268149852752686,0.2726249396800995,0.1453942209482193,0.17500600218772888,0.17500600218772888,0.17500600218772888,1.0,1.0,1.0,1.0,1.0,1.0,1.0,0.39829280972480774,1.0,0.9247388243675232,1.0,0.9247388243675232,0.9991720914840698,0.17500600218772888,0.23882911571984006,0.23575043985066418,0.3754269425671339
5084,0.36270958185195923,0.7245015501976013,0.37059512734413147,0.47322961688041687,0.2443040907382965,0.17267221212387085,0.17267221212387085,0.17267221212387085,1.0,1.0,1.0,1.0,1.0,1.0,1.0,0.7245015501976013,1.0,0.16923542320728302,0.0,0.8307645916938782,0.5760583281517029,0.17267221212387085,0.212915872290118,0.212915872290118,0.49406619911437605
6114,0.3487769067287445,0.6390318870544434,0.3739440143108368,0.37684452533721924,0.2955420911312103,0.14789631962776184,0.14789631962776184,0.14789631962776184,1.0,1.0,1.0,1.0,1.0,1.0,1.0,0.6390318870544434,1.0,0.7148693203926086,1.0,0.7148693203926086,0.9880869388580322,0.14789631962776184,0.1771830229355915,0.17613372198638708,0.4032337446759673
5820,0.5076391696929932,1.0390280485153198,0.8573972582817078,0.43119016289711,0.23432984948158264,0.23092623054981232,0.23092623054981232,0.23092623054981232,1.0,1.0,1.0,1.0,1.0,1.0,1.0,1.0390280485153198,1.0,0.9478292465209961,1.0,0.9478292465209961,0.9997228980064392,0.23092623054981232,1.2108357350556902,0.8241765114510827,1.1498461625666685
3289,0.4273850917816162,0.8209540247917175,0.4652346670627594,0.5501939654350281,0.26672664284706116,0.20992036163806915,0.20992036163806915,0.20992036163806915,1.0,1.0,1.0,1.0,1.0,0.6000000238418579,0.0,0.6537824869155884,1.0,0.7559128403663635,1.0,0.7559128403663635,0.998571515083313,0.20992036163806915,0.9745824756513557,0.6442528235913375,0.9153671474708969
7719,0.4112617075443268,0.8942001461982727,0.26362234354019165,0.7908471822738647,0.17931555211544037,0.16414934396743774,0.16414934396743774,0.16414934396743774,1.0,1.0,1.0,1.0,1.0,1.0,1.0,0.8942001461982727,1.0,0.9510931372642517,1.0,0.9510931372642517,0.988334059715271,0.16414934396743774,0.23746018317098863,0.23746018317098863,0.7910029284663052
6551,0.3065066933631897,0.6804215312004089,0.352340430021286,0.28094249963760376,0.28623709082603455,0.1569688320159912,1.2944515943527222,0.1569688320159912,1.0,1.0,0.0,0.0,0.0,0.6000000238418579,0.0,0.7397840619087219,1.0,0.5622994303703308,0.0,0.5622994303703308,0.7309125065803528,0.1569688320159912,1.669117501252753,0.5073697164077456,0.8939750341611171
8313,0.2838877737522125,0.5738438963890076,0.24048052728176117,0.3130074441432953,0.29817530512809753,0.17387859523296356,0.17387859523296356,0.17387859523296356,1.0,1.0,1.0,1.0,1.0,1.0,1.0,0.5738438963890076,1.0,0.017873171716928482,0.0,0.9821268320083618,0.9943139553070068,0.17387859523296356,0.681603180962876,0.6304920124932141,0.9633709294238276
8892,0.368823379278183,0.7785797715187073,0.44010257720947266,0.4133215546607971,0.2530459761619568,0.18031226098537445,0.18031226098537445,0.18031226098537445,1.0,1.0,1.0,1.0,1.0,1.0,1.0,0.7785797715187073,1.0,0.11305695027112961,0.0,0.8869430422782898,0.9925600290298462,0.18031226098537445,0.5566139526745775,0.5143828712408753,0.892735564852425
6159,0.3103904128074646,0.592998206615448,0.40186548233032227,0.3303054869174957,0.1990003138780594,0.1826721876859665,0.1826721876859665,0.1826721876859665,1.0,1.0,1.0,1.0,1.0,1.0,1.0,0.592998206615448,1.0,0.960468590259552,1.0,0.960468590259552,0.9978305697441101,0.1826721876859665,0.3169011162857251,0.3169011162857251,2.4122533904568497
671,0.3773386776447296,0.7898588180541992,0.6206294894218445,0.44987374544143677,0.06151270866394043,0.20074836909770966,0.20074836909770966,0.20074836909770966,1.0,1.0,1.0,1.0,1.0,1.0,1.0,0.7898588180541992,1.0,0.9761124849319458,1.0,0.9761124849319458,0.9219406247138977,0.20074836909770966,0.22286380233661757,0.22286380233661757,0.3347813883940941
8566,0.2908228039741516,0.593704879283905,0.46282750368118286,0.232081800699234,0.1775590032339096,0.18465082347393036,0.18465082347393036,0.18465082347393036,1.0,1.0,1.0,1.0,1.0,1.0,1.0,0.593704879283905,1.0,0.032473646104335785,0.0,0.967526376247406,0.992123544216156,0.18465082347393036,0.16644785665090106,0.16644785665090106,0.6493058617069709
2412,0.47411850094795227,1.0124571323394775,0.39987799525260925,0.8128871917724609,0.20959024131298065,0.1680392473936081,0.1680392473936081,0.1680392473936081,1.0,1.0,1.0,1.0,1.0,0.6000000238418579,0.0,0.8930510878562927,1.0,0.04853906109929085,0.0,0.9514609575271606,0.8627330660820007,0.1680392473936081,0.13661580919436866,0.13661580919436866,0.24796323629584016
3954,0.4117611050605774,0.7974123954772949,0.6450714468955994,0.3500172197818756,0.2401946783065796,0.244598388671875,0.244598388671875,0.244598388671875,1.0,1.0,1.0,1.0,1.0,1.0,1.0,0.7974123954772949,1.0,0.14734569191932678,0.0,0.8526543378829956,0.8145921230316162,0.244598388671875,0.303162256912716,0.27442232560279917,0.5070014288197093
3844,0.5297719836235046,1.0561563968658447,0.39692091941833496,0.9131793975830078,0.2792154848575592,0.20284949243068695,0.20284949243068695,0.20284949243068695,1.0,1.0,1.0,1.0,1.0,1.0,1.0,1.0561563968658447,1.0,0.7970132231712341,1.0,0.7970132231712341,0.7718027234077454,0.20284949243068695,0.3843081701748785,0.3075748104896945,0.5555363275897358
5842,0.3737463653087616,0.7111382484436035,0.544207751750946,0.25023192167282104,0.3267993628978729,0.2549385726451874,0.2549385726451874,0.2549385726451874,1.0,1.0,1.0,1.0,1.0,0.6000000238418579,0.0,0.7266414761543274,1.0,0.02274113893508911,0.0,0.9772588610649109,0.9232360124588013,0.2549385726451874,0.05749290608231152,0.05749290608231152,0.08659485794835145
447,0.24722249805927277,0.5112989544868469,0.3363584578037262,0.29051151871681213,0.1147974506020546,0.1737038791179657,0.1737038791179657,0.1737038791179657,1.0,1.0,1.0,1.0,1.0,1.0,1.0,0.5112989544868469,1.0,0.9790881276130676,1.0,0.9790881276130676,0.9942418336868286,0.1737038791179657,0.3732453983273763,0.3732453983273763,2.9612723927947115
5221,0.376273512840271,0.7100701332092285,0.47492846846580505,0.4638717770576477,0.19002024829387665,0.10842696577310562,0.10842696577310562,0.10842696577310562,1.0,1.0,1.0,1.0,1.0,0.6000000238418579,0.0,0.6039943099021912,1.0,0.37126946449279785,0.0,0.6287305355072021,0.7677183151245117,0.10842696577310562,0.163868939094855,0.163868939094855,0.43362629039099704
1037,0.3002375662326813,0.589975118637085,0.24612854421138763,0.42431434988975525,0.23026981949806213,0.2214302122592926,0.2214302122592926,0.2214302122592926,1.0,1.0,1.0,1.0,1.0,1.0,1.0,0.5575213432312012,1.0,0.7940829396247864,1.0,0.7940829396247864,0.6561176180839539,0.2214302122592926,0.23657800213078453,0.23657800213078453,0.4386818759851457
6476,0.359195739030838,0.7419071197509766,0.5007363557815552,0.3544585406780243,0.22239235043525696,0.12943130731582642,0.12943130731582642,0.12943130731582642,1.0,1.0,1.0,1.0,1.0,0.6000000238418579,0.0,0.6618982553482056,1.0,0.9772838950157166,1.0,0.9772838950157166,0.9997212290763855,0.12943130731582642,0.49865989151555584,0.35089041980972924,0.509596026140954
201,0.32171791791915894,0.6304219961166382,0.3010093867778778,0.41815802454948425,0.24598641693592072,0.15609236061573029,0.15609236061573029,0.15609236061573029,1.0,1.0,1.0,1.0,1.0,1.0,1.0,0.6304219961166382,1.0,0.3896581828594208,0.0,0.6103417873382568,0.9996041655540466,0.15609236061573029,0.8464844259698194,0.5750100529822314,0.7653931163648294
5737,0.38438233733177185,0.8825430870056152,0.7900444269180298,0.2649662494659424,0.09813626855611801,0.12461036443710327,0.12461036443710327,0.12461036443710327,1.0,1.0,1.0,1.0,1.0,1.0,1.0,0.8825430870056152,1.0,0.028769079595804214,0.0,0.9712309241294861,0.9931580424308777,0.12461036443710327,0.4084501416593701,0.4084501416593701,0.7604478822078825
9627,0.4356235861778259,0.9763023257255554,0.1883096545934677,0.7874419093132019,0.33111894130706787,0.1433432549238205,0.1433432549238205,0.1433432549238205,1.0,1.0,1.0,1.0,1.0,0.20000000298023224,0.0,0.8643757700920105,1.0,0.5977314710617065,1.0,0.5977314710617065,0.9994866847991943,0.1433432549238205,1.1062913991915864,0.8013891560208213,0.9689392674740586
3632,0.42994803190231323,0.8483352661132812,0.33096733689308167,0.6459138989448547,0.3129628598690033,0.18000498414039612,0.18000498414039612,0.18000498414039612,1.0,1.0,1.0,1.0,1.0,0.6000000238418579,0.0,0.6731104254722595,1.0,0.0601232536137104,0.0,0.9398767352104187,0.9999722242355347,0.18000498414039612,1.0157137276228243,0.6853630566039208,0.944279538073771
1631,0.30615153908729553,0.694333553314209,0.6438018083572388,0.19989076256752014,0.07476191967725754,0.12973490357398987,0.12973490357398987,0.12973490357398987,1.0,1.0,1.0,1.0,1.0,1.0,1.0,0.694333553314209,1.0,0.9689453840255737,1.0,0.9689453840255737,0.9993429780006409,0.12973490357398987,0.31796787204454957,0.28738630907282514,0.3802369715024512
2634,0.39593812823295593,0.7515493631362915,0.45877811312675476,0.46972665190696716,0.2593095898628235,0.13014720380306244,0.6664975881576538,0.6664975881576538,0.6000000238418579,0.0,1.0,0.6000000238418579,0.0,0.6000000238418579,0.0,0.7515493631362915,0.0,0.7592348456382751,1.0,0.7592348456382751,0.5549622774124146,0.6664975881576538,1.7975301216813537,0.3009436656004914,0.48192714379359625
9580,0.5503634810447693,1.0951555967330933,0.6713603138923645,0.727182924747467,0.2525472342967987,0.13320928812026978,0.13320928812026978,0.13320928812026978,1.0,1.0,1.0,1.0,1.0,0.6000000238418579,0.0,0.9536886215209961,1.0,0.9082761406898499,1.0,0.9082761406898499,0.9995906949043274,0.13320928812026978,1.2902401983563907,0.9120200646834016,1.138074261564354
224,0.27432429790496826,0.5158357620239258,0.3963564336299896,0.24741040170192719,0.179205983877182,0.22211065888404846,0.22211065888404846,0.22211065888404846,1.0,1.0,1.0,1.0,1.0,1.0,1.0,0.5158357620239258,1.0,0.9104359745979309,1.0,0.9104359745979309,0.9834721088409424,0.22211065888404846,0.19509665885289468,0.18382188237827313,0.36294471881096607
2941,0.3761409819126129,0.8113242387771606,0.2656856179237366,0.6366640329360962,0.22607329487800598,0.11936493217945099,0.11936493217945099,0.11936493217945099,1.0,1.0,1.0,1.0,1.0,0.6000000238418579,0.0,0.769683837890625,1.0,0.9387872815132141,1.0,0.9387872815132141,0.9993135929107666,0.11936493217945099,0.32120525175363973,0.3152995005970497,0.4914889410184523
1123,0.3197897672653198,0.711143970489502,0.3840913474559784,0.37224188446998596,0.20303602516651154,0.16256704926490784,0.16256704926490784,0.16256704926490784,1.0,1.0,1.0,1.0,1.0,1.0,1.0,0.711143970489502,1.0,0.9116852879524231,1.0,0.9116852879524231,0.978632390499115,0.16256704926490784,0.2106486560452119,0.2106486560452119,0.4908052439143994
973,0.5183427333831787,1.0777232646942139,0.7970777750015259,0.5933822989463806,0.1645680069923401,0.25915274024009705,0.25915274024009705,0.25915274024009705,1.0,1.0,1.0,1.0,1.0,0.6000000238418579,0.0,0.8875212073326111,1.0,0.08606675267219543,0.0,0.913933277130127,0.9985371828079224,0.25915274024009705,0.32950328717623373,0.31015155348160967,0.38573021145378095
27,0.5394551753997803,1.0906733274459839,0.38149166107177734,0.9411285519599915,0.29574528336524963,0.1411745399236679,1.1129655838012695,0.1411745399236679,1.0,1.0,0.0,0.0,0.0,0.20000000298023224,0.0,0.8586146235466003,1.0,0.8655028939247131,0.0,0.8655028939247131,0.9987523555755615,0.1411745399236679,0.7028936930343647,0.6363182115930587,0.8874457064957528
7244,0.3102871775627136,0.610594630241394,0.38073980808258057,0.305635929107666,0.24448566138744354,0.13398711383342743,0.13398711383342743,0.13398711383342743,1.0,1.0,1.0,1.0,1.0,1.0,1.0,0.610594630241394,1.0,0.9588514566421509,1.0,0.9588514566421509,0.9942867159843445,0.13398711383342743,0.10622133473194409,0.10622133473194409,0.248669526461042
5674,0.47529950737953186,0.9742640852928162,0.7654672861099243,0.4077715575695038,0.25265973806381226,0.15430720150470734,0.15430720150470734,0.15430720150470734,1.0,1.0,1.0,1.0,1.0,0.6000000238418579,0.0,0.9034781455993652,1.0,0.8141158819198608,1.0,0.8141158819198608,0.9973633885383606,0.15430720150470734,0.6746810192184526,0.624419235766261,0.8751518728688016
7436,0.3467003107070923,0.7535322308540344,0.4076049327850342,0.43367791175842285,0.1988181322813034,0.20618215203285217,0.20618215203285217,0.20618215203285217,1.0,1.0,1.0,1.0,1.0,1.0,1.0,0.7535322308540344,1.0,0.24958524107933044,0.0,0.7504147291183472,0.9987550973892212,0.20618215203285217,0.6584417193658993,0.6143900669087724,0.823807139164663
4022,0.33161798119544983,0.6875067949295044,0.5236628651618958,0.24917136132717133,0.22201967239379883,0.1703282594680786,0.1703282594680786,0.1703282594680786,1.0,1.0,1.0,1.0,1.0,1.0,1.0,0.6875067949295044,1.0,0.015908660367131233,0.0,0.9840913414955139,0.9853585958480835,0.1703282594680786,0.17082751977368996,0.17022504360121868,0.3297170697845796
8448,0.4137765169143677,0.8530244827270508,0.30084705352783203,0.5657464861869812,0.37473592162132263,0.23650045692920685,0.23650045692920685,0.23650045692920685,1.0,1.0,1.0,1.0,1.0,0.6000000238418579,0.0,0.9861099123954773,1.0,0.9849201440811157,1.0,0.9849201440811157,0.9380460381507874,0.23650045692920685,0.4944713448475695,0.4353468804219411,0.7655032637628704
6035,0.47744837403297424,1.0907315015792847,0.6382282972335815,0.6251179575920105,0.1689988374710083,0.16504652798175812,0.16504652798175812,0.16504652798175812,1.0,1.0,1.0,1.0,1.0,0.20000000298023224,0.0,0.9811199307441711,1.0,0.6236953735351562,1.0,0.6236953735351562,0.9998238682746887,0.16504652798175812,0.9690417966883196,0.7069571188279218,0.9380469617165145
403,0.2953338921070099,0.6154329776763916,0.4145340919494629,0.2875180244445801,0.18394936621189117,0.024296153336763382,0.024296153336763382,0.024296153336763382,1.0,1.0,1.0,1.0,1.0,0.6000000238418579,0.0,0.5901598334312439,1.0,0.164622500538826,0.0,0.8353775143623352,0.947481632232666,0.024296153336763382,0.37465390394880876,0.37465390394880876,0.8772829267272901
8881,0.5047962665557861,0.9642221331596375,0.4886111915111542,0.7305023670196533,0.29527518153190613,0.16468778252601624,0.16468778252601624,0.16468778252601624,1.0,1.0,1.0,1.0,1.0,1.0,1.0,0.9642221331596375,1.0,0.0731227770447731,0.0,0.9268772006034851,0.9062926769256592,0.16468778252601624,0.16050097194220445,0.16050097194220445,0.3410649737115204
1258,0.37565499544143677,0.8593565821647644,0.5322262048721313,0.5297390222549438,0.0649997666478157,0.16004322469234467,0.16004322469234467,0.16004322469234467,1.0,1.0,1.0,1.0,1.0,0.6000000238418579,0.0,0.7681123614311218,1.0,0.953874945640564,1.0,0.953874945640564,0.9850589036941528,0.16004322469234467,0.32044400223018044,0.3137571396199197,0.43390658729307335
7367,0.42158037424087524,0.9001957178115845,0.310326486825943,0.623280942440033,0.3311336636543274,0.15821249783039093,0.15821249783039093,0.15821249783039093,1.0,1.0,1.0,1.0,1.0,0.6000000238418579,0.0,0.8329365849494934,1.0,0.04939974471926689,0.0,0.950600266456604,0.9264522194862366,0.15821249783039093,0.41075280581410906,0.41075280581410906,0.9189096904145121
9420,0.43611130118370056,0.8734020590782166,0.5994174480438232,0.4914059638977051,0.21751044690608978,0.1919528692960739,0.7634772658348083,0.6545912027359009,0.6000000238418579,0.0,0.0,0.4000000059604645,0.0,0.6000000238418579,0.0,0.7507172226905823,0.0,0.09885986894369125,1.0,0.9011401534080505,0.8029079437255859,0.6545912027359009,0.08914953773957295,0.08914953773957295,0.1786379085532908
3876,0.42997094988822937,0.8716935515403748,0.34280213713645935,0.6666111350059509,0.28049954771995544,0.08873330801725388,0.08873330801725388,0.08873330801725388,1.0,1.0,1.0,1.0,1.0,0.6000000238418579,0.0,0.8093847632408142,1.0,0.04273874685168266,0.0,0.9572612643241882,0.979820728302002,0.08873330801725388,0.16298901489227183,0.16298901489227183,0.45177206745706705
3505,0.42491263151168823,0.7689981460571289,0.41451296210289,0.4416173994541168,0.41860753297805786,0.17949719727039337,0.17949719727039337,0.17949719727039337,1.0,1.0,1.0,1.0,1.0,1.0,1.0,0.7689981460571289,1.0,0.10492096096277237,0.0,0.8950790166854858,0.8238183856010437,0.17949719727039337,0.19004095456024084,0.17381191661563203,0.35791567603099356
2250,0.33602842688560486,0.8107602000236511,0.5330103039741516,0.3199532926082611,0.15512172877788544,0.19939051568508148,0.19939051568508148,0.19939051568508148,1.0,1.0,1.0,1.0,1.0,1.0,1.0,0.8107602000236511,1.0,0.0194794163107872,0.0,0.9805206060409546,0.9978817105293274,0.19939051568508148,0.1416391990418203,0.1416391990418203,0.33153082489617325
360,0.4530465006828308,0.9308874011039734,0.32209306955337524,0.785991370677948,0.251054972410202,0.08024166524410248,0.6574963927268982,0.588005006313324,0.6000000238418579,0.0,0.0,0.4000000059604645,0.0,0.20000000298023224,0.0,0.6396166682243347,0.0,0.8618462681770325,0.0,0.8618462681770325,0.6563456058502197,0.588005006313324,0.1323226320320191,0.1323226320320191,0.25560082878317375
7733,0.22672823071479797,0.4496266841888428,0.22478333115577698,0.31066998839378357,0.1447312831878662,0.1547759771347046,0.1547759771347046,0.1547759771347046,1.0,1.0,1.0,1.0,1.0,1.0,1.0,0.4496266841888428,1.0,0.9707931280136108,1.0,0.9707931280136108,0.9723715782165527,0.1547759771347046,0.213540913126474,0.17602378269671448,0.3257197445158334
8923,0.2576538026332855,0.5435290336608887,0.06881093233823776,0.4653429090976715,0.23880751430988312,0.16512809693813324,0.16512809693813324,0.16512809693813324,1.0,1.0,1.0,1.0,1.0,1.0,1.0,0.5435290336608887,1.0,0.934490978717804,1.0,0.934490978717804,0.9535619020462036,0.16512809693813324,0.38295585200596216,0.3672671493678298,0.6770284711451815
4636,0.36616334319114685,0.7209270000457764,0.4564612805843353,0.3487589955329895,0.29326969385147095,0.1345466822385788,0.1345466822385788,0.1345466822385788,1.0,1.0,1.0,1.0,1.0,1.0,1.0,0.7209270000457764,1.0,0.024121737107634544,0.0,0.9758782386779785,0.9508138298988342,0.1345466822385788,0.21238968036654074,0.21238968036654074,0.5367917488367541
327,0.3298901319503784,0.6529577374458313,0.539211094379425,0.20020003616809845,0.2502592206001282,0.17568662762641907,0.17568662762641907,0.17568662762641907,1.0,1.0,1.0,1.0,1.0,0.6000000238418579,0.0,0.64924556016922,1.0,0.05113176256418228,0.0,0.9488682150840759,0.9724047183990479,0.17568662762641907,0.5239759197652809,0.43862239054037144,0.6595652025480373
704,0.3197661340236664,0.6687026023864746,0.15089541673660278,0.5632733702659607,0.2451295405626297,0.10323163121938705,0.10323163121938705,0.10323163121938705,1.0,1.0,1.0,1.0,1.0,1.0,1.0,0.6687026023864746,1.0,0.5995144248008728,1.0,0.5995144248008728,0.8106765151023865,0.10323163121938705,0.2519695383695021,0.2519695383695021,0.5722127920686632
8079,0.35129550099372864,0.7416325807571411,0.528469979763031,0.3567611277103424,0.1686554253101349,0.13062149286270142,0.13062149286270142,0.13062149286270142,1.0,1.0,1.0,1.0,1.0,1.0,1.0,0.7416325807571411,1.0,0.7126176953315735,1.0,0.7126176953315735,0.9687768816947937,0.13062149286270142,0.20781717905613742,0.20781717905613742,0.4949090053560105
1937,0.32813066244125366,0.713155210018158,0.43436428904533386,0.41098901629447937,0.13903866708278656,0.22184191644191742,0.22184191644191742,0.22184191644191742,1.0,1.0,1.0,1.0,1.0,1.0,1.0,0.713155210018158,1.0,0.9709151387214661,1.0,0.9709151387214661,0.9964597821235657,0.22184191644191742,0.09079062813620098,0.09079062813620098,0.21572983387184888
2698,0.36763620376586914,0.7147930264472961,0.4242536723613739,0.4610958695411682,0.2175590544939041,0.14167629182338715,0.14167629182338715,0.14167629182338715,1.0,1.0,1.0,1.0,1.0,0.6000000238418579,0.0,0.7628571391105652,1.0,0.932885468006134,1.0,0.932885468006134,0.8681660890579224,0.14167629182338715,0.1328775667269175,0.1328775667269175,0.2715246925657276
4910,0.20401039719581604,0.438460111618042,0.1736881136894226,0.30126458406448364,0.1370784491300583,0.11224863678216934,0.11224863678216934,0.11224863678216934,1.0,1.0,1.0,1.0,1.0,1.0,1.0,0.438460111618042,1.0,0.9858651161193848,1.0,0.9858651161193848,0.6248960494995117,0.11224863678216934,0.05519624137189761,0.05519624137189761,0.11781540989549531
3710,0.5045482516288757,1.0133851766586304,0.5806545615196228,0.7037333846092224,0.2292564958333969,0.0797557681798935,0.6170937418937683,0.6170937418937683,0.6000000238418579,0.0,1.0,0.6000000238418579,0.0,0.6000000238418579,0.0,1.0133851766586304,0.0,0.6082931160926819,1.0,0.6082931160926819,0.8837131261825562,0.6170937418937683,2.0358101040191556,0.242439136625427,0.2288080806717538
842,0.29742464423179626,0.5906276106834412,0.41668134927749634,0.3182526230812073,0.1573399305343628,0.24039053916931152,0.24039053916931152,0.24039053916931152,1.0,1.0,1.0,1.0,1.0,1.0,1.0,0.5906276106834412,1.0,0.8890244364738464,1.0,0.8890244364738464,0.9099185466766357,0.24039053916931152,0.0901358248570396,0.0901358248570396,0.16319345423836815
6762,0.43740716576576233,0.9633747339248657,0.5229535698890686,0.6487284898757935,0.14053931832313538,0.19847889244556427,1.2826080322265625,0.19847889244556427,1.0,1.0,0.0,0.0,0.0,0.6000000238418579,0.0,0.7431375980377197,1.0,0.1283217966556549,1.0,0.8716782331466675,0.9994781613349915,0.19847889244556427,0.8165235279681307,0.6167076041864876,0.7433591762302294
8819,0.3505612313747406,0.7726505994796753,0.578636646270752,0.2627188265323639,0.2103281468153,0.10633593052625656,0.10633593052625656,0.10633593052625656,1.0,1.0,1.0,1.0,1.0,0.6000000238418579,0.0,0.7684771418571472,1.0,0.8133984804153442,1.0,0.8133984804153442,0.9993184804916382,0.10633593052625656,0.6682410923316001,0.6080097777910368,0.857455355562762
2800,0.2799801528453827,0.5628019571304321,0.2670044004917145,0.29112866520881653,0.28180742263793945,0.27577492594718933,0.27577492594718933,0.27577492594718933,1.0,1.0,1.0,1.0,1.0,1.0,1.0,0.5628019571304321,1.0,0.10961660742759705,0.0,0.8903833627700806,0.971586287021637,0.27577492594718933,0.3211228096331553,0.3162593661208675,0.7276380697123729
79,0.2745620608329773,0.571842610836029,0.15000641345977783,0.48104605078697205,0.19263362884521484,0.12811575829982758,0.12811575829982758,0.12811575829982758,1.0,1.0,1.0,1.0,1.0,0.6000000238418579,0.0,0.5916100144386292,1.0,0.7236042618751526,1.0,0.7236042618751526,0.9195264577865601,0.12811575829982758,0.28207011770380164,0.28207011770380164,0.7556571483125109
5490,0.500137984752655,0.9883577227592468,0.4519524574279785,0.7878808975219727,0.26058050990104675,0.20661769807338715,0.20661769807338715,0.20661769807338715,1.0,1.0,1.0,1.0,1.0,0.6000000238418579,0.0,0.7265385389328003,1.0,0.22097563743591309,0.0,0.7790243625640869,0.9998555183410645,0.20661769807338715,0.6159500157432387,0.40679307700946526,0.6886111083845854
9941,0.40054038166999817,0.7564482092857361,0.3825993239879608,0.5272733569145203,0.29174840450286865,0.20166563987731934,0.20166563987731934,0.20166563987731934,1.0,1.0,1.0,1.0,1.0,1.0,1.0,0.7564482092857361,1.0,0.298603355884552,0.0,0.701396644115448,0.762398898601532,0.20166563987731934,0.2449016587461425,0.2449016587461425,0.43586117939848235
7222,0.3711613416671753,0.7275117039680481,0.31509384512901306,0.5712917447090149,0.22709853947162628,0.17020836472511292,0.17020836472511292,0.17020836472511292,1.0,1.0,1.0,1.0,1.0,1.0,1.0,0.7275117039680481,1.0,0.888651967048645,1.0,0.888651967048645,0.9890702962875366,0.17020836472511292,0.24036707545706149,0.23743844227268948,0.3541595868089595
3357,0.4375593960285187,0.8648548126220703,0.6076588034629822,0.4562813937664032,0.24873796105384827,0.14495420455932617,0.14495420455932617,0.14495420455932617,1.0,1.0,1.0,1.0,1.0,0.6000000238418579,0.0,0.8086214065551758,1.0,0.05420491099357605,0.0,0.9457950592041016,0.9315415620803833,0.14495420455932617,0.10585502294448318,0.10585502294448318,0.1422825237284159
7766,0.4546772837638855,0.8467915654182434,0.405252605676651,0.6665970087051392,0.29218223690986633,0.12853460013866425,0.12853460013866425,0.12853460013866425,1.0,1.0,1.0,1.0,1.0,1.0,1.0,0.8467915654182434,1.0,0.6485614776611328,1.0,0.6485614776611328,0.8610079884529114,0.12853460013866425,0.3007971441063048,0.2915680346481521,0.5236296439170145
9447,0.4229605495929718,0.8505711555480957,0.5299333930015564,0.5242935419082642,0.21465472877025604,0.16833721101284027,0.16833721101284027,0.16833721101284027,1.0,1.0,1.0,1.0,1.0,0.6000000238418579,0.0,0.7671128511428833,1.0,0.029839295893907547,0.0,0.970160722732544,0.9986907839775085,0.16833721101284027,0.4175721112134721,0.4175721112134721,0.5307488696214574
3185,0.49629947543144226,1.0331820249557495,0.7637419104576111,0.5546050071716309,0.17055152356624603,0.13148517906665802,0.13148517906665802,0.13148517906665802,1.0,1.0,1.0,1.0,1.0,1.0,1.0,1.0331820249557495,1.0,0.028657756745815277,0.0,0.9713422656059265,0.9914988875389099,0.13148517906665802,0.18158838632120008,0.17760204297629906,0.2308137782058528
1923,0.6072890162467957,1.2289149761199951,0.4608174264431,0.9936290979385376,0.36742058396339417,0.1838153451681137,1.3290897607803345,0.1838153451681137,1.0,1.0,0.0,0.0,0.0,0.20000000298023224,0.0,0.8590262532234192,1.0,0.08780648559331894,1.0,0.9121935367584229,0.9997603297233582,0.1838153451681137,0.6943796708424648,0.6578497036390835,0.9321257206691205
3851,0.40697601437568665,0.8693825602531433,0.47445249557495117,0.549178421497345,0.19729706645011902,0.16906647384166718,0.7125815749168396,0.6135166883468628,0.6000000238418579,0.0,0.0,0.4000000059604645,0.0,0.20000000298023224,0.0,0.796481728553772,0.0,0.1928091049194336,1.0,0.8071908950805664,0.9166777729988098,0.6135166883468628,0.09399553346959057,0.09399553346959057,0.16740714526557463
1310,0.4177778959274292,1.0025203227996826,0.2660418152809143,0.6963211894035339,0.2909707725048065,0.06785830855369568,1.2763559818267822,0.06785830855369568,1.0,1.0,0.0,0.0,0.0,0.20000000298023224,0.0,0.6862916946411133,1.0,0.14987334609031677,1.0,0.8501266241073608,0.9999523162841797,0.06785830855369568,0.7629638727527358,0.6521053226337662,0.8605519242023649
3690,0.24769781529903412,0.5146754384040833,0.33325517177581787,0.23437213897705078,0.17546606063842773,0.07550692558288574,0.07550692558288574,0.07550692558288574,1.0,1.0,1.0,1.0,1.0,1.0,1.0,0.5146754384040833,1.0,0.01503759901970625,0.0,0.9849624037742615,0.9972702860832214,0.07550692558288574,0.10045107741079398,0.10045107741079398,0.24307450136171094
7768,0.5620781183242798,1.0854893922805786,0.7325751185417175,0.6823102831840515,0.2713489234447479,0.17072883248329163,0.17072883248329163,0.17072883248329163,1.0,1.0,1.0,1.0,1.0,0.6000000238418579,0.0,1.0759117603302002,1.0,0.9889694452285767,1.0,0.9889694452285767,0.9963756203651428,0.17072883248329163,0.5727895312876589,0.5413925064715672,0.8127310589956073
4678,0.2779175043106079,0.543758749961853,0.4499744474887848,0.24081306159496307,0.1429649442434311,0.15582244098186493,0.15582244098186493,0.15582244098186493,1.0,1.0,1.0,1.0,1.0,1.0,1.0,0.543758749961853,1.0,0.9778653383255005,1.0,0.9778653383255005,0.958803117275238,0.15582244098186493,0.13582942950510632,0.13582942950510632,0.28943919158582987
5544,0.3592585325241089,0.7863274216651917,0.44949474930763245,0.4478817880153656,0.18039904534816742,0.09993066638708115,0.09993066638708115,0.09993066638708115,1.0,1.0,1.0,1.0,1.0,0.6000000238418579,0.0,0.7844410538673401,1.0,0.2344953864812851,0.0,0.7655045986175537,0.9997028708457947,0.09993066638708115,0.7346979075280161,0.7070846191290028,0.9229862860560043
4160,0.3034746050834656,0.6564130783081055,0.22047162055969238,0.5362297892570496,0.1537223756313324,0.1942407190799713,0.1942407190799713,0.1942407190799713,1.0,1.0,1.0,1.0,1.0,1.0,1.0,0.6564130783081055,1.0,0.9748570919036865,1.0,0.9748570919036865,0.9541947841644287,0.1942407190799713,0.07614421879279472,0.07614421879279472,0.15533851610196386
9286,0.5122575759887695,1.0526789426803589,0.8522840738296509,0.5470384359359741,0.13745033740997314,0.20539279282093048,0.20539279282093048,0.20539279282093048,1.0,1.0,1.0,1.0,1.0,1.0,1.0,1.0526789426803589,1.0,0.209028422832489,0.0,0.790971577167511,0.5947321653366089,0.20539279282093048,0.1290593715915295,0.1290593715915295,0.24582665765333075
2430,0.4055262804031372,0.8606711626052856,0.4058854281902313,0.5007640719413757,0.3099292516708374,0.13754737377166748,0.13754737377166748,0.13754737377166748,1.0,1.0,1.0,1.0,1.0,1.0,1.0,0.8606711626052856,1.0,0.6965376138687134,1.0,0.6965376138687134,0.9297425746917725,0.13754737377166748,0.15414044381523853,0.15414044381523853,0.4217047349412535
827,0.3596581220626831,0.7143430113792419,0.4140220284461975,0.4291548430919647,0.23579740524291992,0.19088299572467804,1.140299916267395,0.3594833314418793,0.20000000298023224,0.0,1.0,0.20000000298023224,0.0,0.20000000298023224,0.0,0.7143430113792419,0.0,0.14645735919475555,0.0,0.8535426259040833,0.21652661263942719,1.140299916267395,2.2334395750498315,0.2451336441216983,0.5476615134596415
3537,0.5810977816581726,1.141168475151062,0.909737765789032,0.5512458086013794,0.2823096215724945,0.1891345977783203,1.310164451599121,0.1891345977783203,1.0,1.0,0.0,0.0,0.0,0.20000000298023224,0.0,0.8837090730667114,1.0,0.04698719456791878,1.0,0.9530128240585327,0.9999624490737915,0.1891345977783203,0.5696550402364841,0.5186077935439246,0.8174838158373052
4105,0.2888535261154175,0.5901846289634705,0.2945155203342438,0.3905562460422516,0.18148884177207947,0.1424434930086136,0.1424434930086136,0.1424434930086136,1.0,1.0,1.0,1.0,1.0,1.0,1.0,0.5901846289634705,1.0,0.9246277213096619,1.0,0.9246277213096619,0.9736526012420654,0.1424434930086136,0.4070435048031814,0.40249375699009804,0.8755324598698196
9618,0.41723349690437317,0.9038481116294861,0.3484569489955902,0.7238637804985046,0.1793796569108963,0.1499667912721634,0.1499667912721634,0.1499667912721634,1.0,1.0,1.0,1.0,1.0,0.6000000238418579,0.0,0.7946047186851501,1.0,0.2800711989402771,0.0,0.7199288010597229,0.9997844099998474,0.1499667912721634,1.0164747077451708,0.745996513576478,0.943999310363995
5010,0.5167833566665649,1.0598293542861938,0.7281171083450317,0.5377804636955261,0.2844524383544922,0.1527770608663559,0.7296685576438904,0.7296685576438904,0.6000000238418579,0.0,1.0,0.6000000238418579,0.0,0.20000000298023224,0.0,0.9293827414512634,0.0,0.7409864664077759,1.0,0.7409864664077759,0.7067732214927673,0.7296685576438904,2.0211532103584773,0.43078097970556656,0.6650618061362237
299,0.2641473412513733,0.5348972082138062,0.21953848004341125,0.36952289938926697,0.20338058471679688,0.16409315168857574,0.16409315168857574,0.16409315168857574,1.0,1.0,1.0,1.0,1.0,1.0,1.0,0.5348972082138062,1.0,0.03348956257104874,0.0,0.9665104150772095,0.9993728995323181,0.16409315168857574,0.9606326329115749,0.7804185158281994,1.0410188822033448
958,0.5765662789344788,1.2237749099731445,1.0069818496704102,0.4962131679058075,0.22650371491909027,0.14317916333675385,0.14317916333675385,0.14317916333675385,1.0,1.0,1.0,1.0,1.0,0.6000000238418579,0.0,1.2110542058944702,1.0,0.09490648657083511,0.0,0.9050934910774231,0.9997852444648743,0.14317916333675385,0.3769839858945003,0.3526723424151416,0.5705966370478387
6886,0.3542592227458954,0.8740467429161072,0.4312262237071991,0.5022810697555542,0.1292702853679657,0.16447687149047852,0.16447687149047852,0.16447687149047852,1.0,1.0,1.0,1.0,1.0,1.0,1.0,0.8956665396690369,1.0,0.0813894271850586,0.0,0.9186105728149414,0.8847101926803589,0.16447687149047852,0.2602479241879059,0.2535783291630825,0.43692090569219466
9963,0.3303033709526062,0.7080168128013611,0.4276118874549866,0.4444080889225006,0.11889009922742844,0.10626224428415298,0.10626224428415298,0.10626224428415298,1.0,1.0,1.0,1.0,1.0,1.0,1.0,0.7080168128013611,1.0,0.7413374185562134,1.0,0.7413374185562134,0.935757577419281,0.10626224428415298,0.23446833967868394,0.23446833967868394,0.4179298898287061
7990,0.35896676778793335,0.8143671154975891,0.7447388768196106,0.24362502992153168,0.08853638172149658,0.14896492660045624,0.14896492660045624,0.14896492660045624,1.0,1.0,1.0,1.0,1.0,1.0,1.0,0.8143671154975891,1.0,0.9730232954025269,1.0,0.9730232954025269,0.9994812607765198,0.14896492660045624,0.4865158539094202,0.448829750661462,0.6295927683842302
1142,0.30214449763298035,0.5801767706871033,0.35961294174194336,0.32869186997413635,0.2181287258863449,0.060274358838796616,0.060274358838796616,0.060274358838796616,1.0,1.0,1.0,1.0,1.0,1.0,1.0,0.5801767706871033,1.0,0.3219456374645233,0.0,0.6780543327331543,0.7992405295372009,0.060274358838796616,0.21850771828772272,0.21850771828772272,0.4009531002282959
6665,0.3220141530036926,0.7030359506607056,0.4133341312408447,0.39173510670661926,0.16097323596477509,0.12551076710224152,0.12551076710224152,0.12551076710224152,1.0,1.0,1.0,1.0,1.0,0.20000000298023224,0.0,0.6833373308181763,1.0,0.8762729167938232,1.0,0.8762729167938232,0.9998063445091248,0.12551076710224152,0.6452772431705688,0.5540087112561247,0.7813504092242216
5510,0.4007050693035126,0.8558172583580017,0.6318117380142212,0.4488801062107086,0.12142331898212433,0.1415543258190155,0.1415543258190155,0.1415543258190155,1.0,1.0,1.0,1.0,1.0,1.0,1.0,0.8558172583580017,1.0,0.9701594710350037,1.0,0.9701594710350037,0.999803364276886,0.1415543258190155,0.27832446730053384,0.2687877676024794,0.5731279985651699
9260,0.4425998628139496,0.946707546710968,0.4469807744026184,0.6715568900108337,0.20926189422607422,0.17117378115653992,0.17117378115653992,0.17117378115653992,1.0,1.0,1.0,1.0,1.0,1.0,1.0,0.946707546710968,1.0,0.195379376411438,0.0,0.804620623588562,0.975296139717102,0.17117378115653992,0.15068472205631095,0.15068472205631095,0.34576817198182724
3087,0.4144398868083954,0.908290684223175,0.6544601321220398,0.3956703245639801,0.19318918883800507,0.1621348112821579,0.1621348112821579,0.1621348112821579,1.0,1.0,1.0,1.0,1.0,0.6000000238418579,0.0,0.904416024684906,1.0,0.061216458678245544,0.0,0.9387835264205933,0.9998247027397156,0.1621348112821579,0.2854596803318228,0.26255188871637786,0.35732539827449283
2366,0.2753044366836548,0.5927049517631531,0.2707787752151489,0.3821130692958832,0.17302143573760986,0.1961597055196762,0.1961597055196762,0.1961597055196762,1.0,1.0,1.0,1.0,1.0,0.6000000238418579,0.0,0.5597268342971802,1.0,0.07082299143075943,0.0,0.9291769862174988,0.9174524545669556,0.1961597055196762,0.04438008132885579,0.04438008132885579,0.08692095617738135
9898,0.2135617583990097,0.424342542886734,0.22426021099090576,0.2470277100801468,0.1693972796201706,0.24087285995483398,0.24087285995483398,0.24087285995483398,1.0,1.0,1.0,1.0,1.0,1.0,1.0,0.424342542886734,1.0,0.9529479146003723,1.0,0.9529479146003723,0.9808056354522705,0.24087285995483398,0.1477130112530281,0.14563514015357926,0.31386277363131304
6529,0.20867609977722168,0.4603279232978821,0.3473958969116211,0.13200323283672333,0.14662909507751465,0.1687835454940796,0.1687835454940796,0.1687835454940796,1.0,1.0,1.0,1.0,1.0,1.0,1.0,0.4603279232978821,1.0,0.9405583143234253,1.0,0.9405583143234253,0.9730027318000793,0.1687835454940796,0.19606368044871436,0.19381812609990742,0.38707109309528603
8660,0.45821088552474976,0.9397763609886169,0.46593528985977173,0.6885177493095398,0.2201795130968094,0.16070352494716644,0.16070352494716644,0.16070352494716644,1.0,1.0,1.0,1.0,1.0,1.0,1.0,0.9397763609886169,1.0,0.09434372186660767,0.0,0.9056562781333923,0.9937784075737,0.16070352494716644,0.30407452067251084,0.2877429144899412,0.4784909286961317
7467,0.3081999719142914,0.6846343874931335,0.2676869332790375,0.39201030135154724,0.26490268111228943,0.23374274373054504,0.36590152978897095,0.36590152978897095,0.20000000298023224,0.0,0.0,0.800000011920929,0.0,0.20000000298023224,0.0,0.7402998805046082,0.0,0.6774083375930786,0.0,0.6774083375930786,0.49930378794670105,1.148478388786316,0.15700969849422597,0.15700969849422597,0.278882749256596
856,0.30239400267601013,0.6187059283256531,0.34924718737602234,0.4171188473701477,0.1408158242702484,0.102848581969738,0.102848581969738,0.102848581969738,1.0,1.0,1.0,1.0,1.0,1.0,1.0,0.6187059283256531,1.0,0.8838183283805847,1.0,0.8838183283805847,0.9929293990135193,0.102848581969738,0.12268362292125172,0.12268362292125172,0.2299221504973529
5538,0.40799060463905334,0.8252711296081543,0.39109763503074646,0.6548064351081848,0.17806771397590637,0.1832675039768219,0.1832675039768219,0.1832675039768219,1.0,1.0,1.0,1.0,1.0,0.6000000238418579,0.0,0.8168989419937134,1.0,0.11008206009864807,0.0,0.8899179697036743,0.9896620512008667,0.1832675039768219,0.30061273902191166,0.29737862935876264,0.556276837866978
5411,0.42530134320259094,0.8898972868919373,0.3856395184993744,0.47017431259155273,0.4200900197029114,0.11104670912027359,0.11104670912027359,0.11104670912027359,1.0,1.0,1.0,1.0,1.0,0.6000000238418579,0.0,0.8491789102554321,1.0,0.0288833174854517,0.0,0.9711166620254517,0.9995971322059631,0.11104670912027359,0.86792761251379,0.6930321773647922,0.9534447438634578
121,0.3700650632381439,0.7538556456565857,0.28480347990989685,0.6372426152229309,0.1881490796804428,0.10313669592142105,0.10313669592142105,0.10313669592142105,1.0,1.0,1.0,1.0,1.0,0.6000000238418579,0.0,0.7358425259590149,1.0,0.9678186774253845,1.0,0.9678186774253845,0.9996054768562317,0.10313669592142105,0.3412347899795314,0.28072046445855176,0.3464110884722641
1366,0.41825196146965027,0.8460413217544556,0.6489731073379517,0.354398250579834,0.2513844072818756,0.23689870536327362,0.23689870536327362,0.23689870536327362,1.0,1.0,1.0,1.0,1.0,0.6000000238418579,0.0,0.8103224039077759,1.0,0.19477590918540955,0.0,0.8052240610122681,0.9735966324806213,0.23689870536327362,0.4390329152139303,0.4326025739110836,0.7181320709809206
5778,0.38055169582366943,0.7940104603767395,0.20038409531116486,0.6922410130500793,0.24903003871440887,0.14897437393665314,0.14897437393665314,0.14897437393665314,1.0,1.0,1.0,1.0,1.0,1.0,1.0,0.7940104603767395,1.0,0.9554599523544312,1.0,0.9554599523544312,0.924719512462616,0.14897437393665314,0.3339026805129332,0.3326974695648453,0.745992708188811
5645,0.44260090589523315,0.8888159990310669,0.27982544898986816,0.7733527421951294,0.2746245861053467,0.19771337509155273,0.8939089775085449,0.49755802750587463,0.6000000238418579,0.0,0.0,0.4000000059604645,0.0,0.6000000238418579,0.0,0.853767991065979,0.0,0.01802399754524231,1.0,0.9819760322570801,0.9725595116615295,0.49755802750587463,0.49176786869890876,0.4599386256003762,0.8160302209691795
6413,0.4227430522441864,0.8805565237998962,0.2870790660381317,0.7873957753181458,0.19375425577163696,0.14493496716022491,0.7350583076477051,0.5631715655326843,0.6000000238418579,0.0,0.0,0.4000000059604645,0.0,0.20000000298023224,0.0,0.7295937538146973,0.0,0.06835567951202393,1.0,0.9316443204879761,0.8026010990142822,0.5631715655326843,0.1619813742254941,0.1619813742254941,0.25075274936667263
1447,0.28257447481155396,0.636910617351532,0.10069048404693604,0.5923664569854736,0.15466640889644623,0.2226552516222,0.2226552516222,0.2226552516222,1.0,1.0,1.0,1.0,1.0,1.0,1.0,0.636910617351532,1.0,0.9672978520393372,1.0,0.9672978520393372,0.9998315572738647,0.2226552516222,0.5473340223531937,0.42786106874830515,0.4346027044087378
8040,0.20536385476589203,0.4324672818183899,0.22301793098449707,0.23157604038715363,0.16149760782718658,0.14080743491649628,0.14080743491649628,0.14080743491649628,1.0,1.0,1.0,1.0,1.0,0.6000000238418579,0.0,0.443713515996933,1.0,0.3601488471031189,0.0,0.6398511528968811,0.7271565198898315,0.14080743491649628,0.27589589747484117,0.2715004703906767,0.3966033093040157
5022,0.33113065361976624,0.6552225351333618,0.36884209513664246,0.44099995493888855,0.18354985117912292,0.1498068869113922,0.1498068869113922,0.1498068869113922,1.0,1.0,1.0,1.0,1.0,1.0,1.0,0.6552225351333618,1.0,0.05971144512295723,0.0,0.9402885437011719,0.94754558801651,0.1498068869113922,0.18648356889011142,0.18648356889011142,0.37575842618026684
9549,0.34534844756126404,0.6976940631866455,0.24212808907032013,0.5111784338951111,0.2827387750148773,0.13269497454166412,1.5576304197311401,0.13269497454166412,1.0,1.0,0.0,0.0,0.0,1.0,1.0,0.6976940631866455,1.0,0.62529456615448,0.0,0.62529456615448,0.9838932752609253,0.13269497454166412,2.0177087205475983,0.15138796392715675,0.30358799064302666
262,0.4364743232727051,0.909367024898529,0.4304938018321991,0.6438464522361755,0.23508255183696747,0.18984651565551758,0.18984651565551758,0.18984651565551758,1.0,1.0,1.0,1.0,1.0,1.0,1.0,0.909367024898529,1.0,0.9710125923156738,1.0,0.9710125923156738,0.9917150139808655,0.18984651565551758,0.7124417505149669,0.6432194893438741,0.9857324536786879
5024,0.24492958188056946,0.5403372645378113,0.2221488058567047,0.3435676395893097,0.16907228529453278,0.10949410498142242,0.10949410498142242,0.10949410498142242,1.0,1.0,1.0,1.0,1.0,1.0,1.0,0.5403372645378113,1.0,0.8822048306465149,1.0,0.8822048306465149,0.9975368976593018,0.10949410498142242,0.26369492352437846,0.2612359674561443,0.38258076707504773
3929,0.36656197905540466,0.7422138452529907,0.4095359444618225,0.4691871702671051,0.22096280753612518,0.16195283830165863,0.16195283830165863,0.16195283830165863,1.0,1.0,1.0,1.0,1.0,1.0,1.0,0.7422138452529907,1.0,0.3965911269187927,0.0,0.6034088730812073,0.7365798950195312,0.16195283830165863,0.3193605926501871,0.3140990952240104,0.44718804296668674
3781,0.2790188789367676,0.5651991963386536,0.24547486007213593,0.4408017098903656,0.15078003704547882,0.1008569523692131,0.1008569523692131,0.1008569523692131,1.0,1.0,1.0,1.0,1.0,1.0,1.0,0.580578625202179,1.0,0.1275012046098709,0.0,0.8724988102912903,0.8845604658126831,0.1008569523692131,0.08588863471484193,0.08588863471484193,0.1674782975771451
9328,0.3954504132270813,0.7858692407608032,0.45220908522605896,0.5235984921455383,0.21054355800151825,0.1228768602013588,0.1228768602013588,0.1228768602013588,1.0,1.0,1.0,1.0,1.0,1.0,1.0,0.7858692407608032,1.0,0.9100467562675476,1.0,0.9100467562675476,0.926418662071228,0.1228768602013588,0.1989020455728427,0.1989020455728427,0.7711279317329643
4469,0.6694275140762329,1.3252911567687988,0.7688746452331543,0.652040421962738,0.5873673558235168,0.14472566545009613,1.2356839179992676,0.14472566545009613,1.0,1.0,0.0,0.0,0.0,0.6000000238418579,0.0,0.680454671382904,1.0,0.32779499888420105,1.0,0.6722049713134766,0.9997114539146423,0.14472566545009613,0.6211399131626038,0.5232713036613253,0.6647165154359216
9713,0.37134528160095215,0.7857486605644226,0.4506104588508606,0.49928632378578186,0.16413910686969757,0.17556321620941162,0.17556321620941162,0.17556321620941162,1.0,1.0,1.0,1.0,1.0,1.0,1.0,0.7857486605644226,1.0,0.5520573258399963,1.0,0.5520573258399963,0.2450816035270691,0.17556321620941162,0.21760803350125688,0.21760803350125688,0.40458602946372635
9211,0.2029935121536255,0.4367463290691376,0.29348447918891907,0.18110500276088715,0.13439105451107025,0.15043728053569794,0.15043728053569794,0.15043728053569794,1.0,1.0,1.0,1.0,1.0,1.0,1.0,0.4367463290691376,1.0,0.040284402668476105,0.0,0.9597156047821045,0.9998773336410522,0.15043728053569794,0.4373981384740278,0.43374761501636244,0.7234276144210178
8398,0.3590414822101593,0.7461846470832825,0.49226251244544983,0.38819143176078796,0.19667048752307892,0.09950846433639526,0.09950846433639526,0.09950846433639526,1.0,1.0,1.0,1.0,1.0,1.0,1.0,0.7461846470832825,1.0,0.04167180508375168,0.0,0.9583281874656677,0.995781660079956,0.09950846433639526,0.2646857596335018,0.2257721695346595,0.20854300420182476
1394,0.3334093987941742,0.6843447089195251,0.2604573369026184,0.5509554147720337,0.1888153851032257,0.05367220193147659,0.05367220193147659,0.05367220193147659,1.0,1.0,1.0,1.0,1.0,0.6000000238418579,0.0,0.6540181040763855,1.0,0.9712136387825012,1.0,0.9712136387825012,0.9232378005981445,0.05367220193147659,0.09540279851599849,0.09540279851599849,0.32617332118484155
1565,0.485724538564682,1.0233948230743408,0.763952910900116,0.4919772744178772,0.20124344527721405,0.15207882225513458,0.15207882225513458,0.15207882225513458,1.0,1.0,1.0,1.0,1.0,1.0,1.0,1.0233948230743408,1.0,0.17599061131477356,0.0,0.8240094184875488,0.9979041814804077,0.15207882225513458,0.7209183365996519,0.5795538121319888,0.7680422846367545
814,0.5810486078262329,1.2825459241867065,1.089784026145935,0.3782143294811249,0.2751474678516388,0.10005825012922287,1.3379379510879517,0.10005825012922287,1.0,1.0,0.0,0.0,0.0,0.20000000298023224,0.0,0.5859760642051697,1.0,0.9676548838615417,0.0,0.9676548838615417,0.9999669790267944,0.10005825012922287,0.6761839356326457,0.6267777694536177,0.8146811953267501
1486,0.3401523232460022,0.7006834745407104,0.4730062484741211,0.3778608441352844,0.16958992183208466,0.12014146149158478,0.12014146149158478,0.12014146149158478,1.0,1.0,1.0,1.0,1.0,1.0,1.0,0.7006834745407104,1.0,0.9527905583381653,1.0,0.9527905583381653,0.9990875720977783,0.12014146149158478,0.4015146017352738,0.3923677881628067,0.7316607535343393
4617,0.33648455142974854,0.6709067821502686,0.36282116174697876,0.4331214129924774,0.21351110935211182,0.20193734765052795,0.20193734765052795,0.20193734765052795,1.0,1.0,1.0,1.0,1.0,1.0,1.0,0.6709067821502686,1.0,0.07381021976470947,0.0,0.9261897802352905,0.9997246861457825,0.20193734765052795,0.7570398580961166,0.7561693066132527,1.6887793684640813
6307,0.3800119459629059,0.7537369728088379,0.3602358400821686,0.5439938902854919,0.23580609261989594,0.09991460293531418,0.09991460293531418,0.09991460293531418,1.0,1.0,1.0,1.0,1.0,1.0,1.0,0.7537369728088379,1.0,0.887607991695404,1.0,0.887607991695404,0.9807277917861938,0.09991460293531418,0.07225818754551996,0.07225818754551996,0.15564774085444696
2489,0.31687650084495544,0.6384524703025818,0.27826032042503357,0.4664950370788574,0.20587404072284698,0.20413652062416077,0.20413652062416077,0.20413652062416077,1.0,1.0,1.0,1.0,1.0,1.0,1.0,0.6384524703025818,1.0,0.0105240847915411,0.0,0.9894759058952332,0.9737425446510315,0.20413652062416077,0.10259782075288262,0.10259782075288262,0.20611753954651868
8027,0.25509825348854065,0.5333876609802246,0.3755809962749481,0.2558065354824066,0.13390712440013885,0.22986800968647003,0.22986800968647003,0.22986800968647003,1.0,1.0,1.0,1.0,1.0,0.6000000238418579,0.0,0.5306200981140137,1.0,0.911851704120636,1.0,0.911851704120636,0.9996820688247681,0.22986800968647003,0.37738614789195185,0.31693686483558825,0.441394526197437
6912,0.2554226517677307,0.49704208970069885,0.26930227875709534,0.24315695464611053,0.2538086175918579,0.23853445053100586,0.23853445053100586,0.23853445053100586,1.0,1.0,1.0,1.0,1.0,1.0,1.0,0.49704208970069885,1.0,0.9889442920684814,1.0,0.9889442920684814,0.9697968363761902,0.23853445053100586,0.16601895545368292,0.16560793465852752,0.3771969584186259
3454,0.3013017475605011,0.6531218886375427,0.5264694094657898,0.19130854308605194,0.18612715601921082,0.12548212707042694,0.12548212707042694,0.12548212707042694,1.0,1.0,1.0,1.0,1.0,1.0,1.0,0.6531218886375427,1.0,0.011634199880063534,0.0,0.9883658289909363,0.994540274143219,0.12548212707042694,0.3758210832739531,0.3758210832739531,0.6657131412553301
9430,0.3448264002799988,0.6760716438293457,0.4700299799442291,0.40838390588760376,0.1560652256011963,0.14058692753314972,0.14058692753314972,0.14058692753314972,1.0,1.0,1.0,1.0,1.0,0.6000000238418579,0.0,0.6414182186126709,1.0,0.15564163029193878,0.0,0.8443583846092224,0.977338969707489,0.14058692753314972,0.32032988076555685,0.3096216635807035,0.45063749526846386
1805,0.2721118927001953,0.5853485465049744,0.49364128708839417,0.15358608961105347,0.16910827159881592,0.1443745344877243,0.1443745344877243,0.1443745344877243,1.0,1.0,1.0,1.0,1.0,1.0,1.0,0.5853485465049744,1.0,0.04051126539707184,0.0,0.9594887495040894,0.9429033994674683,0.1443745344877243,0.08414235886967084,0.08414235886967084,0.15437818588610983
7708,0.26662537455558777,0.49267634749412537,0.262113094329834,0.2881101965904236,0.24965286254882812,0.1163659319281578,0.1163659319281578,0.1163659319281578,1.0,1.0,1.0,1.0,1.0,1.0,1.0,0.49267634749412537,1.0,0.019079342484474182,0.0,0.980920672416687,0.9696593284606934,0.1163659319281578,0.10171940924433508,0.10171940924433508,0.27607614585139967
6116,0.38114240765571594,0.7416366934776306,0.5549899935722351,0.37175628542900085,0.21668091416358948,0.15257667005062103,0.15257667005062103,0.15257667005062103,1.0,1.0,1.0,1.0,1.0,0.6000000238418579,0.0,0.7438187599182129,1.0,0.01386265829205513,0.0,0.986137330532074,0.9913426637649536,0.15257667005062103,0.1239378212292563,0.1239378212292563,0.2101684861013425
758,0.42080971598625183,0.8398596048355103,0.393494576215744,0.4910401403903961,0.37789440155029297,0.1393178403377533,0.1393178403377533,0.1393178403377533,1.0,1.0,1.0,1.0,1.0,1.0,1.0,0.7723748683929443,1.0,0.14149649441242218,0.0,0.858503520488739,0.968494713306427,0.1393178403377533,0.24211786893906884,0.24211786893906884,0.6347344864664107
4368,0.2993132472038269,0.5686452984809875,0.369737833738327,0.32283300161361694,0.20536892116069794,0.11584627628326416,0.11584627628326416,0.11584627628326416,1.0,1.0,1.0,1.0,1.0,0.6000000238418579,0.0,0.48974257707595825,1.0,0.6869288682937622,1.0,0.6869288682937622,0.9998477697372437,0.11584627628326416,0.7456052140177076,0.7193528543484433,0.8976402466437362
1579,0.40023696422576904,0.8174077272415161,0.6485714316368103,0.43059226870536804,0.12154724448919296,0.23259787261486053,0.23259787261486053,0.23259787261486053,1.0,1.0,1.0,1.0,1.0,0.6000000238418579,0.0,0.6190155148506165,1.0,0.013167438097298145,0.0,0.9868325591087341,0.9973562955856323,0.23259787261486053,0.5491234411198774,0.5435508962659195,0.893554581917269
6983,0.3980799615383148,0.8064862489700317,0.49373555183410645,0.5975448489189148,0.1029592901468277,0.082654669880867,0.082654669880867,0.082654669880867,1.0,1.0,1.0,1.0,1.0,1.0,1.0,0.8064862489700317,1.0,0.15676985681056976,0.0,0.843230128288269,0.984981894493103,0.082654669880867,0.32503081079710483,0.2906077967023887,0.6708649261764043
5860,0.3317359685897827,0.773023784160614,0.27384400367736816,0.6011203527450562,0.12024352699518204,0.05719630792737007,0.05719630792737007,0.05719630792737007,1.0,1.0,1.0,1.0,1.0,0.6000000238418579,0.0,0.6548290848731995,1.0,0.6496537327766418,1.0,0.6496537327766418,0.9935736060142517,0.05719630792737007,0.43662883039478523,0.379989555116309,0.6090240992596363
634,0.42044320702552795,0.8315123915672302,0.4801136553287506,0.578562319278717,0.20265357196331024,0.13432033360004425,0.13432033360004425,0.13432033360004425,1.0,1.0,1.0,1.0,1.0,0.6000000238418579,0.0,0.7210275530815125,1.0,0.8352506160736084,1.0,0.8352506160736084,0.992116391658783,0.13432033360004425,0.4575783217948312,0.38151641604473385,0.3725440172066585
7523,0.31239446997642517,0.6299763321876526,0.41682854294776917,0.34535327553749084,0.17500165104866028,0.14513272047042847,0.14513272047042847,0.14513272047042847,1.0,1.0,1.0,1.0,1.0,0.6000000238418579,0.0,0.5849321484565735,1.0,0.22216445207595825,0.0,0.7778355479240417,0.9249268174171448,0.14513272047042847,0.037492640499387254,0.037492640499387254,0.0758978732520844
5407,0.29292380809783936,0.6721312403678894,0.5718945264816284,0.13756316900253296,0.1693136990070343,0.1710631251335144,0.1710631251335144,0.1710631251335144,1.0,1.0,1.0,1.0,1.0,0.6000000238418579,0.0,0.6722360253334045,1.0,0.056497860699892044,0.0,0.9435021281242371,0.9993312358856201,0.1710631251335144,0.49057315759037246,0.4839360902113563,1.3398337356124228
6897,0.4691236615180969,0.9536909461021423,0.6121048331260681,0.6151289939880371,0.18013714253902435,0.22042086720466614,1.1604712009429932,0.22042086720466614,1.0,1.0,0.0,0.0,0.0,0.6000000238418579,0.0,0.8044754862785339,1.0,0.46822816133499146,1.0,0.5317718386650085,0.9999896287918091,0.22042086720466614,1.3370781503999156,0.8034974815320031,0.9917415197400953
7676,0.5217777490615845,1.0706984996795654,0.8108466267585754,0.5450553894042969,0.20943108201026917,0.19143205881118774,0.19143205881118774,0.19143205881118774,1.0,1.0,1.0,1.0,1.0,0.6000000238418579,0.0,0.9765717387199402,1.0,0.8577263951301575,1.0,0.8577263951301575,0.9995930790901184,0.19143205881118774,0.7634117963067062,0.4307573095960675,0.6784555782543216
7249,0.5512506365776062,1.1143425703048706,0.556082546710968,0.789455235004425,0.3082139194011688,0.22108617424964905,0.22108617424964905,0.22108617424964905,1.0,1.0,1.0,1.0,1.0,0.20000000298023224,0.0,0.9037463068962097,1.0,0.786986231803894,1.0,0.786986231803894,0.9999059438705444,0.22108617424964905,1.3049572578504252,0.8897482701269691,1.812475083020193
6021,0.35103774070739746,0.7129319906234741,0.39192360639572144,0.38077032566070557,0.2804192900657654,0.20939119160175323,0.20939119160175323,0.20939119160175323,1.0,1.0,1.0,1.0,1.0,1.0,1.0,0.7129319906234741,1.0,0.8482964038848877,1.0,0.8482964038848877,0.9698185920715332,0.20939119160175323,0.25826766785384064,0.25826766785384064,0.646349053557738
3584,0.514151394367218,1.0932222604751587,0.8413009643554688,0.40457651019096375,0.2965765595436096,0.21018214523792267,0.21018214523792267,0.21018214523792267,1.0,1.0,1.0,1.0,1.0,0.20000000298023224,0.0,0.9952597618103027,1.0,0.037994202226400375,0.0,0.9620057940483093,0.996766209602356,0.21018214523792267,0.7731542129724787,0.7731542129724787,0.9986404432186291
2258,0.34671682119369507,0.7046983242034912,0.5004947781562805,0.3155176341533661,0.2241380214691162,0.10975175350904465,0.10975175350904465,0.10975175350904465,1.0,1.0,1.0,1.0,1.0,1.0,1.0,0.7000873684883118,1.0,0.9849608540534973,1.0,0.9849608540534973,0.9910008311271667,0.10975175350904465,0.09299153795970341,0.09299153795970341,0.20276173144800705
9014,0.349565327167511,0.7620938420295715,0.5419114828109741,0.3187750279903412,0.18800954520702362,0.16014379262924194,0.16014379262924194,0.16014379262924194,1.0,1.0,1.0,1.0,1.0,1.0,1.0,0.7620938420295715,1.0,0.012508445419371128,0.0,0.9874915480613708,0.9878051280975342,0.16014379262924194,0.14026231792033997,0.14026231792033997,0.3180517085844635
3580,0.34016814827919006,0.6956586241722107,0.5916591882705688,0.21494357287883759,0.2139015942811966,0.17201364040374756,0.17201364040374756,0.17201364040374756,1.0,1.0,1.0,1.0,1.0,1.0,1.0,0.6956586241722107,1.0,0.8700667023658752,1.0,0.8700667023658752,0.9946810603141785,0.17201364040374756,0.3667127028957597,0.33026985388608066,0.43166913142701363
316,0.27318570017814636,0.56950843334198,0.2734040319919586,0.41287317872047424,0.13327987492084503,0.15359549224376678,1.099108099937439,0.15359549224376678,1.0,1.0,0.0,0.0,0.0,1.0,1.0,0.56950843334198,1.0,0.5244629979133606,0.0,0.5244629979133606,0.6260641813278198,0.15359549224376678,2.1871792906422516,0.3057076576463257,0.7311895575346251
9205,0.2086096704006195,0.40881428122520447,0.1359875202178955,0.20745866000652313,0.2823828160762787,0.17353199422359467,0.17353199422359467,0.17353199422359467,1.0,1.0,1.0,1.0,1.0,1.0,1.0,0.40881428122520447,1.0,0.025823676958680153,0.0,0.9741763472557068,0.9972299933433533,0.17353199422359467,0.3506367359697373,0.34803332692954453,0.6336821903043116
6557,0.2820985019207001,0.5536438822746277,0.3042934834957123,0.31939616799354553,0.22260580956935883,0.27291205525398254,0.27291205525398254,0.27291205525398254,1.0,1.0,1.0,1.0,1.0,1.0,1.0,0.5536438822746277,1.0,0.01897665672004223,0.0,0.981023371219635,0.9936593174934387,0.27291205525398254,0.18912539521698196,0.18847808656377021,0.31802047539484507
4535,0.38122114539146423,0.7086116671562195,0.5358845591545105,0.33504340052604675,0.2727355659008026,0.14772479236125946,0.14772479236125946,0.14772479236125946,1.0,1.0,1.0,1.0,1.0,0.6000000238418579,0.0,0.6652278304100037,1.0,0.019256310537457466,0.0,0.9807437062263489,0.9997369647026062,0.14772479236125946,0.2923223798992617,0.2923223798992617,0.4255072713507955
4317,0.4273166358470917,0.825225830078125,0.6093420386314392,0.3542461097240448,0.3183618187904358,0.12393099069595337,0.12393099069595337,0.12393099069595337,1.0,1.0,1.0,1.0,1.0,1.0,1.0,0.825225830078125,1.0,0.05698113143444061,0.0,0.9430188536643982,0.9711650609970093,0.12393099069595337,0.3678893011942302,0.36587220981096596,0.773871309718663
1193,0.474539577960968,1.003060221672058,0.7279102206230164,0.5237136483192444,0.17199485003948212,0.06914352625608444,0.06914352625608444,0.06914352625608444,1.0,1.0,1.0,1.0,1.0,1.0,1.0,1.003060221672058,1.0,0.0634169802069664,0.0,0.9365830421447754,0.9791340827941895,0.06914352625608444,0.6895381663275847,0.5261698949487917,0.7197435926777117
7468,0.37945348024368286,0.7599033713340759,0.3381677567958832,0.6363600492477417,0.16383258998394012,0.2013990879058838,0.2013990879058838,0.2013990879058838,1.0,1.0,1.0,1.0,1.0,1.0,1.0,0.7599033713340759,1.0,0.769361674785614,1.0,0.769361674785614,0.9050863981246948,0.2013990879058838,0.3177931142457718,0.31683366275909197,0.5552328641536916
3036,0.23534031212329865,0.5160542726516724,0.2427815943956375,0.4074566066265106,0.055782683193683624,0.19809730350971222,0.19809730350971222,0.19809730350971222,1.0,1.0,1.0,1.0,1.0,1.0,1.0,0.5160542726516724,1.0,0.009316620416939259,0.0,0.990683376789093,0.9929453730583191,0.19809730350971222,0.14488917395531256,0.14488917395531256,0.2856424504825104
9480,0.46244123578071594,0.9295775294303894,0.3287639617919922,0.7864958047866821,0.2720639109611511,0.12288399040699005,0.7033443450927734,0.6212257742881775,0.6000000238418579,0.0,0.0,0.4000000059604645,0.0,0.20000000298023224,0.0,0.7168372869491577,0.0,0.22938428819179535,1.0,0.7706156969070435,0.9861034154891968,0.6212257742881775,0.25591160287861897,0.25591160287861897,0.7850791190540188
9825,0.40317079424858093,0.7966344356536865,0.49237728118896484,0.46621623635292053,0.2509188652038574,0.15910781919956207,0.15910781919956207,0.15910781919956207,1.0,1.0,1.0,1.0,1.0,1.0,1.0,0.7966344356536865,1.0,0.02670169062912464,0.0,0.9732983112335205,0.9651975035667419,0.15910781919956207,0.340471563308721,0.33603808354753767,0.7099378794368328
7672,0.32276836037635803,0.6941133737564087,0.5304083228111267,0.12527276575565338,0.3126239478588104,0.19069121778011322,0.19069121778011322,0.19069121778011322,1.0,1.0,1.0,1.0,1.0,0.6000000238418579,0.0,0.7117945551872253,1.0,0.01685965619981289,0.0,0.9831403493881226,0.9999197721481323,0.19069121778011322,0.992079738477207,0.7084988641335828,1.1876974624973913
7287,0.3217695951461792,0.6139962077140808,0.3641647696495056,0.3501666188240051,0.2509775161743164,0.1865522563457489,0.1865522563457489,0.1865522563457489,1.0,1.0,1.0,1.0,1.0,1.0,1.0,0.6139962077140808,1.0,0.053699277341365814,0.0,0.946300745010376,0.9323209524154663,0.1865522563457489,0.13598863930290025,0.1176241670094115,0.18700770677668496
4168,0.3232927620410919,0.6545211672782898,0.5130333304405212,0.36601150035858154,0.09083350002765656,0.1297278255224228,0.1297278255224228,0.1297278255224228,1.0,1.0,1.0,1.0,1.0,1.0,1.0,0.6545211672782898,1.0,0.9394443035125732,1.0,0.9394443035125732,0.706138551235199,0.1297278255224228,0.06926281811801653,0.06926281811801653,0.14932934747407056
2378,0.23212574422359467,0.5341753959655762,0.34918448328971863,0.24754703044891357,0.0996457040309906,0.19759349524974823,0.19759349524974823,0.19759349524974823,1.0,1.0,1.0,1.0,1.0,1.0,1.0,0.5341753959655762,1.0,0.11853783577680588,0.0,0.8814621567726135,0.9994638562202454,0.19759349524974823,0.50363447668739,0.39316480195855347,0.6179900728534004
5138,0.33981484174728394,0.6806807518005371,0.43451976776123047,0.34855562448501587,0.2363690882921219,0.1385311335325241,0.1385311335325241,0.1385311335325241,1.0,1.0,1.0,1.0,1.0,1.0,1.0,0.6806807518005371,1.0,0.9781776666641235,1.0,0.9781776666641235,0.9731662273406982,0.1385311335325241,0.33491389289084944,0.33491389289084944,2.513752731096789
4387,0.40000781416893005,0.8562044501304626,0.23775771260261536,0.7714914679527283,0.19077417254447937,0.12466376274824142,0.12466376274824142,0.12466376274824142,1.0,1.0,1.0,1.0,1.0,0.6000000238418579,0.0,0.7918943762779236,1.0,0.6630500555038452,1.0,0.6630500555038452,0.9995218515396118,0.12466376274824142,0.8168362370938348,0.622138431759272,0.8516891072852543
2897,0.32131755352020264,0.6282836198806763,0.3550700843334198,0.309375137090683,0.2995074689388275,0.2498009204864502,0.2498009204864502,0.2498009204864502,1.0,1.0,1.0,1.0,1.0,1.0,1.0,0.6282836198806763,1.0,0.026978254318237305,0.0,0.9730217456817627,0.9938312768936157,0.2498009204864502,0.6570484425528024,0.6384288104061228,2.032326822172165
5933,0.40463703870773315,0.7802221179008484,0.4394039213657379,0.4671247899532318,0.3073822557926178,0.24808163940906525,0.24808163940906525,0.24808163940906525,1.0,1.0,1.0,1.0,1.0,1.0,1.0,0.7802221179008484,1.0,0.9599158763885498,1.0,0.9599158763885498,0.9992287158966064,0.24808163940906525,0.58759207982519,0.5802547673065751,1.0458952080736441
3751,0.3704507350921631,0.7728361487388611,0.3295207917690277,0.5758575201034546,0.20597384870052338,0.13830773532390594,0.13830773532390594,0.13830773532390594,1.0,1.0,1.0,1.0,1.0,0.6000000238418579,0.0,0.7365801334381104,1.0,0.09516400098800659,0.0,0.9048359990119934,0.9846674799919128,0.13830773532390594,0.28409562102308566,0.28409562102308566,0.6723248805250436
4922,0.4673493206501007,0.9585035443305969,0.8313779234886169,0.2081306427717209,0.3625393807888031,0.20201168954372406,1.225127100944519,0.20201168954372406,1.0,1.0,0.0,0.0,0.0,0.6000000238418579,0.0,0.802943229675293,1.0,0.11618439108133316,1.0,0.883815586566925,0.9993149042129517,0.20201168954372406,0.524786538156747,0.34416007690879874,0.4317647673375335
5726,0.41729795932769775,0.8568567633628845,0.34494397044181824,0.6783382296562195,0.2286115139722824,0.17139127850532532,0.17139127850532532,0.17139127850532532,1.0,1.0,1.0,1.0,1.0,1.0,1.0,0.8568567633628845,1.0,0.9759584665298462,1.0,0.9759584665298462,0.9887418150901794,0.17139127850532532,0.6014088963084855,0.4948546458126876,0.6992461139740096
3249,0.2963157296180725,0.6227957010269165,0.34465688467025757,0.4396357238292694,0.10465455055236816,0.2091326266527176,0.2091326266527176,0.2091326266527176,1.0,1.0,1.0,1.0,1.0,1.0,1.0,0.6227957010269165,1.0,0.2182866334915161,0.0,0.7817133665084839,0.9994451403617859,0.2091326266527176,0.45253560647688734,0.39980731706526823,0.4925540965903738
8244,0.2835739254951477,0.5605271458625793,0.3988684117794037,0.29416391253471375,0.15768948197364807,0.1777356117963791,0.1777356117963791,0.1777356117963791,1.0,1.0,1.0,1.0,1.0,1.0,1.0,0.5605271458625793,1.0,0.9869612455368042,1.0,0.9869612455368042,0.9927767515182495,0.1777356117963791,0.19179064675370222,0.1888233250563429,0.40389821956986416
1674,0.43432480096817017,0.8575378656387329,0.4891064763069153,0.5058689117431641,0.3079988956451416,0.09992054849863052,0.09992054849863052,0.09992054849863052,1.0,1.0,1.0,1.0,1.0,0.6000000238418579,0.0,0.9331879019737244,1.0,0.05972820892930031,0.0,0.94027179479599,0.9306550025939941,0.09992054849863052,0.8020459009563389,0.7916609390038011,1.0563059880536996
8462,0.28388679027557373,0.5783599019050598,0.2926793694496155,0.33372536301612854,0.2252555936574936,0.21485987305641174,0.21485987305641174,0.21485987305641174,1.0,1.0,1.0,1.0,1.0,1.0,1.0,0.5783599019050598,1.0,0.9574541449546814,1.0,0.9574541449546814,0.9988234639167786,0.21485987305641174,0.380565019297461,0.38019771996081564,0.7122174556471779
2560,0.2139500379562378,0.4025627076625824,0.21479706466197968,0.2635209262371063,0.16353212296962738,0.1185312420129776,0.1185312420129776,0.1185312420129776,1.0,1.0,1.0,1.0,1.0,1.0,1.0,0.4025627076625824,1.0,0.18575052917003632,0.0,0.8142494559288025,0.8520779609680176,0.1185312420129776,0.15985523170373897,0.1594520327227022,0.30294304685058043
7927,0.40207037329673767,0.8997154235839844,0.5528666973114014,0.5711216330528259,0.08222272247076035,0.1290627270936966,0.1290627270936966,0.1290627270936966,1.0,1.0,1.0,1.0,1.0,0.6000000238418579,0.0,0.8657135963439941,1.0,0.8085792660713196,1.0,0.8085792660713196,0.9998212456703186,0.1290627270936966,0.9787784654564369,0.8670702786607845,1.4847564532944442
6812,0.47616177797317505,0.9473344683647156,0.5617172122001648,0.5892971158027649,0.2774709165096283,0.1834840029478073,0.1834840029478073,0.1834840029478073,1.0,1.0,1.0,1.0,1.0,0.6000000238418579,0.0,0.8677062392234802,1.0,0.8692004084587097,1.0,0.8692004084587097,0.9999724626541138,0.1834840029478073,1.2767734753543467,0.8956478495962218,2.049922732861658
2588,0.5393346548080444,1.1239955425262451,0.7789217233657837,0.6799595952033997,0.15912257134914398,0.11347577720880508,0.11347577720880508,0.11347577720880508,1.0,1.0,1.0,1.0,1.0,0.6000000238418579,0.0,1.025086760520935,1.0,0.8453346490859985,1.0,0.8453346490859985,0.7545670866966248,0.11347577720880508,0.7970322480958644,0.6518756336862257,0.9720644332822291
5096,0.32387325167655945,0.6489760279655457,0.31792783737182617,0.5165109038352966,0.1371810883283615,0.04967605695128441,0.04967605695128441,0.04967605695128441,1.0,1.0,1.0,1.0,1.0,1.0,1.0,0.6489760279655457,1.0,0.6490309834480286,1.0,0.6490309834480286,0.870514452457428,0.04967605695128441,0.2966002182726843,0.23920175337772429,0.3185267952908042
4336,0.32222145795822144,0.6516591310501099,0.32770058512687683,0.4163955748081207,0.222568079829216,0.1675320565700531,0.1675320565700531,0.1675320565700531,1.0,1.0,1.0,1.0,1.0,0.6000000238418579,0.0,0.4350513517856598,1.0,0.6632087826728821,1.0,0.6632087826728821,0.7416771650314331,0.1675320565700531,0.5607171470053878,0.5469338085946642,2.0926114320552838
8266,0.4475366473197937,0.9381104707717896,0.7496787905693054,0.4370788037776947,0.15585234761238098,0.18546424806118011,0.18546424806118011,0.18546424806118011,1.0,1.0,1.0,1.0,1.0,1.0,1.0,0.9381104707717896,1.0,0.031102363020181656,0.0,0.9688976407051086,0.9926446676254272,0.18546424806118011,0.1701177174242207,0.15689838709513587,0.2557064055227931
6736,0.42805325984954834,0.8697859048843384,0.6435684561729431,0.3145504891872406,0.32604095339775085,0.08679397404193878,0.08679397404193878,0.08679397404193878,1.0,1.0,1.0,1.0,1.0,0.20000000298023224,0.0,0.6942558288574219,1.0,0.8587816953659058,1.0,0.8587816953659058,0.9999759197235107,0.08679397404193878,1.4615663906403196,0.7415218979635526,1.206925281113206
1410,0.29552850127220154,0.593925952911377,0.24837945401668549,0.49363693594932556,0.14456896483898163,0.17728017270565033,0.17728017270565033,0.17728017270565033,1.0,1.0,1.0,1.0,1.0,1.0,1.0,0.593925952911377,1.0,0.6480798721313477,1.0,0.6480798721313477,0.34817004203796387,0.17728017270565033,0.18368827365636547,0.18368827365636547,0.4028520054389452
1298,0.32956647872924805,0.6697847247123718,0.2521737515926361,0.5705439448356628,0.16598163545131683,0.15957693755626678,0.15957693755626678,0.15957693755626678,1.0,1.0,1.0,1.0,1.0,1.0,1.0,0.6697847247123718,1.0,0.07003156840801239,0.0,0.9299684166908264,0.9665979743003845,0.15957693755626678,0.19524860040463665,0.19524860040463665,0.35471704229034856
2066,0.4465794265270233,0.908125102519989,0.7843850255012512,0.3446630537509918,0.21069014072418213,0.187602698802948,0.187602698802948,0.187602698802948,1.0,1.0,1.0,1.0,1.0,0.6000000238418579,0.0,0.7698658108711243,1.0,0.14007845520973206,0.0,0.8599215745925903,0.9709121584892273,0.187602698802948,0.23071248417233042,0.23071248417233042,0.5206388983208756
6757,0.4426175653934479,0.8884286284446716,0.6330675482749939,0.3813832700252533,0.31340181827545166,0.1809842586517334,0.1809842586517334,0.1809842586517334,1.0,1.0,1.0,1.0,1.0,0.6000000238418579,0.0,0.8562473654747009,1.0,0.9732546210289001,1.0,0.9732546210289001,0.9782047867774963,0.1809842586517334,0.0644444494165804,0.0644444494165804,0.14590697662094038
2450,0.2681741714477539,0.5138916373252869,0.320547878742218,0.2516856789588928,0.23228895664215088,0.25086966156959534,0.6372852921485901,0.6372852921485901,0.6000000238418579,0.0,1.0,0.6000000238418579,0.0,0.20000000298023224,0.0,0.48366260528564453,0.0,0.7472339868545532,1.0,0.7472339868545532,0.6059580445289612,0.6372852921485901,1.737998287192309,0.35173388840140823,0.586628668422489
8296,0.27592024207115173,0.6278876662254333,0.5785295963287354,0.10971782356500626,0.13951325416564941,0.12067558616399765,0.12067558616399765,0.12067558616399765,1.0,1.0,1.0,1.0,1.0,1.0,1.0,0.6278876662254333,1.0,0.8984640836715698,1.0,0.8984640836715698,0.9989042282104492,0.12067558616399765,0.31314952309388533,0.30098431809550075,0.40742661413821335
589,0.4377380609512329,0.8412094116210938,0.478180855512619,0.5672563910484314,0.2677767872810364,0.17912600934505463,0.17912600934505463,0.17912600934505463,1.0,1.0,1.0,1.0,1.0,0.6000000238418579,0.0,0.8708658218383789,1.0,0.9143847823143005,1.0,0.9143847823143005,0.7808855175971985,0.17912600934505463,0.19410348208587097,0.19410348208587097,0.4626120340849341
1002,0.2828439772129059,0.5397729873657227,0.36894166469573975,0.17742609977722168,0.30216410756111145,0.1291193962097168,0.1291193962097168,0.1291193962097168,1.0,1.0,1.0,1.0,1.0,1.0,1.0,0.5397729873657227,1.0,0.6806302666664124,1.0,0.6806302666664124,0.7444226145744324,0.1291193962097168,0.1625309223196892,0.1625309223196892,0.4474837080010853
5000,0.3703453838825226,0.8057892918586731,0.24765025079250336,0.7334867119789124,0.12989918887615204,0.1350584775209427,0.1350584775209427,0.1350584775209427,1.0,1.0,1.0,1.0,1.0,1.0,1.0,0.8057892918586731,1.0,0.6168808937072754,1.0,0.6168808937072754,0.5740864276885986,0.1350584775209427,0.31752227323483057,0.3175068670081043,0.49994795938483955
6105,0.3073247969150543,0.6247597336769104,0.4748089015483856,0.33878809213638306,0.10837744921445847,0.15210901200771332,0.15210901200771332,0.15210901200771332,1.0,1.0,1.0,1.0,1.0,1.0,1.0,0.529302179813385,1.0,0.9494243264198303,1.0,0.9494243264198303,0.9962055683135986,0.15210901200771332,0.1922902032487595,0.18932203977294682,0.3756568451370858
9564,0.32046958804130554,0.6518653035163879,0.30309322476387024,0.5072962045669556,0.15101924538612366,0.159754678606987,0.159754678606987,0.159754678606987,1.0,1.0,1.0,1.0,1.0,1.0,1.0,0.6518653035163879,1.0,0.017532680183649063,0.0,0.9824672937393188,0.991664707660675,0.159754678606987,0.3083748568792638,0.3083748568792638,0.8320810404588531
204,0.34795674681663513,0.7093784809112549,0.5355582237243652,0.33281874656677246,0.17549322545528412,0.10818526893854141,0.10818526893854141,0.10818526893854141,1.0,1.0,1.0,1.0,1.0,0.6000000238418579,0.0,0.6965985894203186,1.0,0.8650901317596436,1.0,0.8650901317596436,0.8777622580528259,0.10818526893854141,0.6082804994797572,0.5887506108685144,1.1167753117907688
1484,0.3126234710216522,0.607085645198822,0.3521943986415863,0.3928864598274231,0.19278961420059204,0.1559145301580429,0.1559145301580429,0.1559145301580429,1.0,1.0,1.0,1.0,1.0,1.0,1.0,0.607085645198822,1.0,0.04299049824476242,0.0,0.957009494304657,0.9969616532325745,0.1559145301580429,0.11939920693326697,0.11939920693326697,0.27039709689313907
646,0.35054507851600647,0.6711002588272095,0.3643686771392822,0.40673184394836426,0.280534565448761,0.11024989932775497,0.11024989932775497,0.11024989932775497,1.0,1.0,1.0,1.0,1.0,0.6000000238418579,0.0,0.7270788550376892,1.0,0.029300492256879807,0.0,0.9706994891166687,0.9997263550758362,0.11024989932775497,0.5932775646724529,0.5243170650243366,0.8382882790962464
9829,0.20589953660964966,0.3987666070461273,0.1846577674150467,0.2902050018310547,0.142835795879364,0.16758869588375092,0.16758869588375092,0.16758869588375092,1.0,1.0,1.0,1.0,1.0,1.0,1.0,0.3987666070461273,1.0,0.009405123069882393,0.0,0.9905948638916016,0.9945662021636963,0.16758869588375092,0.20652700792215048,0.20652700792215048,0.74159457887691
1596,0.35558536648750305,0.7139360904693604,0.28951549530029297,0.4484536647796631,0.3287869393825531,0.1531035155057907,0.1531035155057907,0.1531035155057907,1.0,1.0,1.0,1.0,1.0,0.6000000238418579,0.0,0.757628858089447,1.0,0.015069874934852123,0.0,0.9849300980567932,0.9629485607147217,0.1531035155057907,0.5884125912952213,0.57055454108811,0.9298554802713009
3528,0.41504886746406555,0.7653682231903076,0.47962623834609985,0.4606567323207855,0.3048635721206665,0.1466349959373474,0.1466349959373474,0.1466349959373474,1.0,1.0,1.0,1.0,1.0,0.6000000238418579,0.0,0.8566536903381348,1.0,0.03073952905833721,0.0,0.9692604541778564,0.9866031408309937,0.1466349959373474,0.5805630871222887,0.5601002065674654,0.8831368947245951
1795,0.3222188651561737,0.6400143504142761,0.3303028643131256,0.4598923325538635,0.17646142840385437,0.18848761916160583,0.18848761916160583,0.18848761916160583,1.0,1.0,1.0,1.0,1.0,0.6000000238418579,0.0,0.5936495661735535,1.0,0.017133133485913277,0.0,0.9828668832778931,0.9668576717376709,0.18848761916160583,0.36515567878421834,0.33864159203988814,0.5095860336355283
3076,0.33579349517822266,0.6468899846076965,0.4188116192817688,0.39213892817497253,0.19642995297908783,0.21047011017799377,0.21047011017799377,0.21047011017799377,1.0,1.0,1.0,1.0,1.0,0.20000000298023224,0.0,0.5992421507835388,1.0,0.9806317090988159,1.0,0.9806317090988159,0.9982026815414429,0.21047011017799377,0.24343007632506408,0.24343007632506408,0.38967579298439975
4260,0.33853569626808167,0.6307796835899353,0.4403074383735657,0.3508147597312927,0.22448492050170898,0.12284912168979645,0.12284912168979645,0.12284912168979645,1.0,1.0,1.0,1.0,1.0,1.0,1.0,0.6307796835899353,1.0,0.5609900951385498,1.0,0.5609900951385498,0.6792542338371277,0.12284912168979645,0.14184015592715637,0.14184015592715637,0.2630302399297936
6589,0.25948038697242737,0.539758026599884,0.36470338702201843,0.28499582409858704,0.12874189019203186,0.1228165403008461,0.1228165403008461,0.1228165403008461,1.0,1.0,1.0,1.0,1.0,1.0,1.0,0.539758026599884,1.0,0.9793373346328735,1.0,0.9793373346328735,0.8800835609436035,0.1228165403008461,0.03860466886249046,0.03860466886249046,0.07687777386029056
7924,0.24666184186935425,0.4519749581813812,0.16056358814239502,0.31522631645202637,0.2641955614089966,0.2051328867673874,0.2051328867673874,0.2051328867673874,1.0,1.0,1.0,1.0,1.0,0.6000000238418579,0.0,0.5311561822891235,1.0,0.9117772579193115,1.0,0.9117772579193115,0.9432592988014221,0.2051328867673874,0.07733157281491768,0.07733157281491768,0.17549078437797802
8214,0.776136040687561,1.5979121923446655,1.3735960721969604,0.6050068140029907,0.3498053252696991,0.24260051548480988,1.2577139139175415,0.24260051548480988,1.0,1.0,0.0,0.0,0.0,0.20000000298023224,0.0,0.7795841097831726,1.0,0.8236679434776306,0.0,0.8236679434776306,0.9968666434288025,0.24260051548480988,0.555980331496555,0.41718618656843215,0.3885867934849808
9852,0.29254963994026184,0.6779176592826843,0.504280686378479,0.24974632263183594,0.12362184375524521,0.16626080870628357,0.16626080870628357,0.16626080870628357,1.0,1.0,1.0,1.0,1.0,1.0,1.0,0.6779176592826843,1.0,0.9592506885528564,1.0,0.9592506885528564,0.7559225559234619,0.16626080870628357,0.13460386529934792,0.13460386529934792,0.2775536372037931
8238,0.39189502596855164,0.796784520149231,0.5711150765419006,0.38369065523147583,0.22087936103343964,0.16572295129299164,0.16572295129299164,0.16572295129299164,1.0,1.0,1.0,1.0,1.0,0.6000000238418579,0.0,0.7654278874397278,1.0,0.9845677614212036,1.0,0.9845677614212036,0.9830885529518127,0.16572295129299164,0.09118786930794127,0.09118786930794127,0.15466140317965843
2608,0.29097703099250793,0.6225166320800781,0.4033588469028473,0.25803524255752563,0.21153688430786133,0.07980465143918991,0.07980465143918991,0.07980465143918991,1.0,1.0,1.0,1.0,1.0,1.0,1.0,0.6225166320800781,1.0,0.013944062404334545,0.0,0.9860559105873108,0.9989553689956665,0.07980465143918991,0.1276834240409159,0.12295359357331673,0.2497010940647531
7985,0.6703615188598633,1.3708857297897339,0.8921573758125305,0.7831627726554871,0.33576422929763794,0.20006504654884338,1.2559993267059326,0.20006504654884338,1.0,1.0,0.0,0.0,0.0,0.6000000238418579,0.0,0.9532076716423035,1.0,0.9345174431800842,0.0,0.9345174431800842,0.9994714856147766,0.20006504654884338,0.42763171735050937,0.4064674197573254,0.5223996666639513
2276,0.4347755014896393,0.9016531109809875,0.49310094118118286,0.4814911484718323,0.3297344148159027,0.15641900897026062,0.8050634264945984,0.6386591792106628,0.6000000238418579,0.0,0.0,0.4000000059604645,0.0,0.20000000298023224,0.0,0.6711730360984802,0.0,0.23867855966091156,1.0,0.7613214254379272,0.8307139873504639,0.6386591792106628,0.3074829980109731,0.3074829980109731,0.6421452813743754
3134,0.5045831203460693,1.0543628931045532,0.6580187082290649,0.5432481169700623,0.3124825060367584,0.16267043352127075,0.7717227935791016,0.7210874557495117,0.6000000238418579,0.0,0.0,0.4000000059604645,0.0,0.20000000298023224,0.0,0.9743415713310242,0.0,0.8554679155349731,0.0,0.8554679155349731,0.9499837160110474,0.7210874557495117,0.3758141116435834,0.37528787329066016,0.6831746503663247
6399,0.2828039526939392,0.540383517742157,0.3562934994697571,0.3485490083694458,0.14356936514377594,0.1611565500497818,0.1611565500497818,0.1611565500497818,1.0,1.0,1.0,1.0,1.0,1.0,1.0,0.540383517742157,1.0,0.9767886400222778,1.0,0.9767886400222778,0.9989450573921204,0.1611565500497818,0.3805361126341284,0.37000625848774776,0.4574134787423273
8386,0.38393068313598633,0.7886456251144409,0.477276086807251,0.39352449774742126,0.28099140524864197,0.2235737293958664,0.2235737293958664,0.2235737293958664,1.0,1.0,1.0,1.0,1.0,1.0,1.0,0.7886456251144409,1.0,0.9969070553779602,1.0,0.9969070553779602,0.9996887445449829,0.2235737293958664,0.2577932793606601,0.25359283267229715,0.513864107336548
2964,0.40152645111083984,0.8143026232719421,0.6820401549339294,0.3140612244606018,0.20847788453102112,0.1500299721956253,0.1500299721956253,0.1500299721956253,1.0,1.0,1.0,1.0,1.0,0.6000000238418579,0.0,0.7590563297271729,1.0,0.010994982905685902,0.0,0.9890050292015076,0.994504988193512,0.1500299721956253,0.42152447806862037,0.36839666824086664,0.6524449608958797
2762,0.2728363871574402,0.5696410536766052,0.43748870491981506,0.2691645920276642,0.11185581982135773,0.0954178124666214,0.0954178124666214,0.0954178124666214,1.0,1.0,1.0,1.0,1.0,1.0,1.0,0.5696410536766052,1.0,0.7707981467247009,1.0,0.7707981467247009,0.8980110883712769,0.0954178124666214,0.06666501463697007,0.06666501463697007,0.14316914673311543
9459,0.32769307494163513,0.636792004108429,0.3711725175380707,0.33902081847190857,0.27288588881492615,0.18232055008411407,0.18232055008411407,0.18232055008411407,1.0,1.0,1.0,1.0,1.0,1.0,1.0,0.636792004108429,1.0,0.9415900707244873,1.0,0.9415900707244873,0.9998738765716553,0.18232055008411407,0.41122191026350696,0.4066044324280044,0.619939028712706
2457,0.43377017974853516,0.9273515939712524,0.7092754244804382,0.2738893926143646,0.31814560294151306,0.15843068063259125,0.15843068063259125,0.15843068063259125,1.0,1.0,1.0,1.0,1.0,0.6000000238418579,0.0,0.8830858469009399,1.0,0.7172543406486511,1.0,0.7172543406486511,0.9999661445617676,0.15843068063259125,1.0560933351285968,0.8571902444950346,0.9853284614359209
1068,0.3675675392150879,0.7520575523376465,0.3673671782016754,0.5484607219696045,0.18687467277050018,0.2214110940694809,0.2214110940694809,0.2214110940694809,1.0,1.0,1.0,1.0,1.0,1.0,1.0,0.7520575523376465,1.0,0.07383909076452255,0.0,0.9261609315872192,0.8680633306503296,0.2214110940694809,0.43315283607143473,0.3247282751845567,0.35477378373468893
2671,0.30103951692581177,0.5764545202255249,0.2440033257007599,0.4203300476074219,0.23878517746925354,0.24061989784240723,0.24061989784240723,0.24061989784240723,1.0,1.0,1.0,1.0,1.0,1.0,1.0,0.5764545202255249,1.0,0.985990047454834,1.0,0.985990047454834,0.9980644583702087,0.24061989784240723,0.46033253298690935,0.45246229035195445,0.867018839222886
9495,0.2945476472377777,0.6482019424438477,0.4389876425266266,0.13793306052684784,0.30672213435173035,0.15692773461341858,0.384827584028244,0.384827584028244,0.20000000298023224,0.0,0.0,0.800000011920929,0.0,0.20000000298023224,0.0,0.6524451971054077,0.0,0.673017144203186,0.0,0.673017144203186,0.9846503138542175,1.3410991430282593,0.18213146077162942,0.18213146077162942,0.4281166915399672
417,0.19588977098464966,0.40915289521217346,0.11297979205846786,0.3112630546092987,0.1634264439344406,0.12998168170452118,0.6622788310050964,0.6622788310050964,0.6000000238418579,0.0,1.0,0.6000000238418579,0.0,0.6000000238418579,0.0,0.40915289521217346,0.0,0.6704100966453552,1.0,0.6704100966453552,0.13236671686172485,0.6622788310050964,1.0969016822883009,0.8331461078205867,0.9625773344442975
1902,0.31952404975891113,0.6570138931274414,0.5625435709953308,0.21684320271015167,0.17918527126312256,0.14559274911880493,0.14559274911880493,0.14559274911880493,1.0,1.0,1.0,1.0,1.0,1.0,1.0,0.6570138931274414,1.0,0.06983306258916855,0.0,0.9301669597625732,0.9524756073951721,0.14559274911880493,0.44879184423900353,0.41588011509233436,0.6579370704855729
8837,0.4442722499370575,0.8569365739822388,0.5626264810562134,0.5588878989219666,0.21130244433879852,0.13291455805301666,0.13291455805301666,0.13291455805301666,1.0,1.0,1.0,1.0,1.0,0.6000000238418579,0.0,0.7816528677940369,1.0,0.031193500384688377,0.0,0.9688065052032471,0.9953639507293701,0.13291455805301666,0.2436165413531037,0.23203923911671392,0.3401904938766848
4013,0.39889368414878845,0.8301348686218262,0.3380970060825348,0.5832886099815369,0.27529555559158325,0.21503925323486328,0.21503925323486328,0.21503925323486328,1.0,1.0,1.0,1.0,1.0,0.6000000238418579,0.0,0.8194552659988403,1.0,0.36191508173942566,0.0,0.638084888458252,0.6118832230567932,0.21503925323486328,0.5148121621511086,0.509169527997667,0.7891466081747126
2207,0.20575708150863647,0.3735336363315582,0.19629739224910736,0.22749324142932892,0.19348061084747314,0.07731162756681442,0.07731162756681442,0.07731162756681442,1.0,1.0,1.0,1.0,1.0,1.0,1.0,0.3735336363315582,1.0,0.09737958014011383,0.0,0.9026204347610474,0.9879189133644104,0.07731162756681442,0.2313605255551708,0.2233995541531249,0.43683563377622736
3910,0.18625979125499725,0.3931914269924164,0.2626424729824066,0.19615033268928528,0.09998652338981628,0.08711250871419907,0.08711250871419907,0.08711250871419907,1.0,1.0,1.0,1.0,1.0,1.0,1.0,0.3931914269924164,1.0,0.021393856033682823,0.0,0.9786061644554138,0.9975724816322327,0.08711250871419907,0.16662753053683876,0.15775455159272306,0.2471392355809937
9754,0.32361820340156555,0.6650048494338989,0.49366408586502075,0.35557833313941956,0.12161219120025635,0.11872817575931549,0.11872817575931549,0.11872817575931549,1.0,1.0,1.0,1.0,1.0,0.6000000238418579,0.0,0.678180992603302,1.0,0.0953078493475914,0.0,0.9046921730041504,0.9956989288330078,0.11872817575931549,0.42851309192659676,0.42851309192659676,0.8219566276070815
7456,0.2881558835506439,0.5606827139854431,0.43922945857048035,0.27048125863075256,0.15475693345069885,0.17412333190441132,0.17412333190441132,0.17412333190441132,1.0,1.0,1.0,1.0,1.0,1.0,1.0,0.5606827139854431,1.0,0.9510883688926697,1.0,0.9510883688926697,0.9982245564460754,0.17412333190441132,0.1889494503689916,0.16873743464920735,0.245295876051404
6982,0.4189566969871521,0.9030019640922546,0.25470593571662903,0.8055750131607056,0.1965891569852829,0.13864867389202118,0.13864867389202118,0.13864867389202118,1.0,1.0,1.0,1.0,1.0,0.6000000238418579,0.0,0.8999759554862976,1.0,0.9617418646812439,1.0,0.9617418646812439,0.9208664298057556,0.13864867389202118,0.13770393427827676,0.13770393427827676,0.33810299243949354
9441,0.2733205258846283,0.6848075985908508,0.6625846028327942,0.082951620221138,0.0744253545999527,0.160644993185997,0.160644993185997,0.160644993185997,1.0,1.0,1.0,1.0,1.0,1.0,1.0,0.6848075985908508,1.0,0.9355453848838806,1.0,0.9355453848838806,0.9063456654548645,0.160644993185997,0.15889508692133925,0.15889508692133925,0.3532060979714433
8083,0.38961729407310486,0.8076704144477844,0.6196969151496887,0.3793269395828247,0.16982796788215637,0.1992136389017105,0.9997888803482056,0.1992136389017105,1.0,1.0,0.0,0.0,0.0,1.0,1.0,0.8076704144477844,1.0,0.37051481008529663,1.0,0.6294851899147034,0.6128810048103333,0.1992136389017105,2.0514169346181323,0.2821697392040619,0.5055515293852747
1956,0.25420159101486206,0.4906642436981201,0.22675557434558868,0.3680603504180908,0.1677888035774231,0.12245457619428635,0.12245457619428635,0.12245457619428635,1.0,1.0,1.0,1.0,1.0,1.0,1.0,0.4906642436981201,1.0,0.9311492443084717,1.0,0.9311492443084717,0.9278638958930969,0.12245457619428635,0.15873417797841702,0.15196100691028383,0.2526332278813349
7208,0.5728020668029785,1.2519872188568115,0.6360728144645691,0.924045979976654,0.1582873910665512,0.13980968296527863,0.13980968296527863,0.13980968296527863,1.0,1.0,1.0,1.0,1.0,0.6000000238418579,0.0,0.9359794855117798,1.0,0.010650319047272205,0.0,0.9893496632575989,0.9999637603759766,0.13980968296527863,1.589023150091664,0.7773068986804035,1.3540240852567944
7979,0.25888189673423767,0.5320360064506531,0.3685116767883301,0.1886797845363617,0.21945424377918243,0.19641590118408203,0.19641590118408203,0.19641590118408203,1.0,1.0,1.0,1.0,1.0,1.0,1.0,0.5320360064506531,1.0,0.07339083403348923,0.0,0.9266091585159302,0.8379132747650146,0.19641590118408203,0.12864071750726963,0.12864071750726963,0.2983470365876959
386,0.4470422863960266,0.8097667098045349,0.5892478823661804,0.42019984126091003,0.33167916536331177,0.1790042370557785,0.7855063676834106,0.5571969151496887,0.6000000238418579,0.0,0.0,0.4000000059604645,0.0,0.20000000298023224,0.0,0.7488479614257812,0.0,0.6923312544822693,0.0,0.6923312544822693,0.7909407615661621,0.5571969151496887,0.17137135586479804,0.17137135586479804,0.32159787430346126
2754,0.4677892327308655,0.9726994633674622,0.571334719657898,0.5039161443710327,0.3281168043613434,0.1643349975347519,0.6760291457176208,0.6315092444419861,0.6000000238418579,0.0,0.0,0.4000000059604645,0.0,0.20000000298023224,0.0,0.7631754279136658,0.0,0.12768776714801788,1.0,0.8723122477531433,0.9315656423568726,0.6315092444419861,0.09788891042022849,0.09788891042022849,0.19745507325728276
4210,0.38571977615356445,0.8228393793106079,0.5558695197105408,0.2543684244155884,0.34692147374153137,0.1542796641588211,0.1542796641588211,0.1542796641588211,1.0,1.0,1.0,1.0,1.0,0.6000000238418579,0.0,0.8396175503730774,1.0,0.9889742136001587,1.0,0.9889742136001587,0.9998038411140442,0.1542796641588211,0.6812506344496185,0.5353544789218125,0.8519430778241557
9848,0.3672633469104767,0.6945241093635559,0.4462195932865143,0.45227453112602234,0.20329581201076508,0.2378547489643097,0.2378547489643097,0.2378547489643097,1.0,1.0,1.0,1.0,1.0,1.0,1.0,0.6945241093635559,1.0,0.018166901543736458,0.0,0.9818331003189087,0.9993937015533447,0.2378547489643097,0.5007467456077449,0.4866296403152576,0.7555991525996942
7054,0.31937405467033386,0.6468841433525085,0.4435017704963684,0.24295201897621155,0.27166837453842163,0.1980874389410019,0.1980874389410019,0.1980874389410019,1.0,1.0,1.0,1.0,1.0,1.0,1.0,0.6468841433525085,1.0,0.9519485831260681,1.0,0.9519485831260681,0.997560977935791,0.1980874389410019,0.2524918991965567,0.23637733063548516,0.3753122715840385
8380,0.3564866781234741,0.6840371489524841,0.25624150037765503,0.5162624716758728,0.2969560921192169,0.1265479177236557,0.1265479177236557,0.1265479177236557,1.0,1.0,1.0,1.0,1.0,0.6000000238418579,0.0,0.7010918259620667,1.0,0.01543599832803011,0.0,0.9845640063285828,0.9758359789848328,0.1265479177236557,0.1529681958971944,0.1529681958971944,0.359013291275411
2966,0.4191628396511078,0.836820125579834,0.4943700432777405,0.5771049857139587,0.186013326048851,0.10005863010883331,0.10005863010883331,0.10005863010883331,1.0,1.0,1.0,1.0,1.0,1.0,1.0,0.8227262496948242,1.0,0.22711753845214844,0.0,0.7728824615478516,0.9731019735336304,0.10005863010883331,0.5727585295922235,0.5299808321825051,1.0505520553563077
2534,0.2020363211631775,0.37717580795288086,0.24870674312114716,0.16945232450962067,0.18794988095760345,0.24666307866573334,0.24666307866573334,0.24666307866573334,1.0,1.0,1.0,1.0,1.0,0.6000000238418579,0.0,0.3330053687095642,1.0,0.9763935208320618,1.0,0.9763935208320618,0.9998101592063904,0.24666307866573334,0.2941108071496099,0.2842308962207896,0.42840628930550695
3044,0.29016292095184326,0.5908055305480957,0.2996473014354706,0.30085110664367676,0.26999035477638245,0.07049881666898727,1.3756870031356812,0.07049881666898727,1.0,1.0,0.0,0.0,0.0,0.6000000238418579,0.0,0.6347001791000366,1.0,0.5205681324005127,0.0,0.5205681324005127,0.9195563793182373,0.07049881666898727,1.7572498939863033,0.43061105732642935,0.792626246633872
1753,0.4110717475414276,0.91024249792099,0.49368926882743835,0.5645126700401306,0.1750132292509079,0.21017387509346008,0.21017387509346008,0.21017387509346008,1.0,1.0,1.0,1.0,1.0,1.0,1.0,0.91024249792099,1.0,0.03942398726940155,0.0,0.9605759978294373,0.99945467710495,0.21017387509346008,0.863980970573195,0.6607480100887254,0.9547636690845537
7789,0.3550877869129181,0.6847997307777405,0.4188309609889984,0.39273253083229065,0.25369974970817566,0.1432061642408371,0.1432061642408371,0.1432061642408371,1.0,1.0,1.0,1.0,1.0,1.0,1.0,0.6847997307777405,1.0,0.9606488943099976,1.0,0.9606488943099976,0.9976892471313477,0.1432061642408371,0.5282960841802261,0.4164002657291304,0.6163576879161812
6640,0.4702269434928894,0.9529861807823181,0.5855183005332947,0.5035271048545837,0.3216353952884674,0.1768244206905365,0.1768244206905365,0.1768244206905365,1.0,1.0,1.0,1.0,1.0,1.0,1.0,0.9529861807823181,1.0,0.9821400046348572,1.0,0.9821400046348572,0.9205710291862488,0.1768244206905365,0.4149865984664818,0.4149865984664818,0.8790309335560232
7915,0.49582910537719727,0.9885390400886536,0.6799806952476501,0.5934485793113708,0.21405787765979767,0.12864398956298828,0.12864398956298828,0.12864398956298828,1.0,1.0,1.0,1.0,1.0,1.0,1.0,0.9885390400886536,1.0,0.9447370171546936,1.0,0.9447370171546936,0.9979037046432495,0.12864398956298828,0.47668271387380834,0.47567306308379953,1.2978409511329723
6918,0.2485937625169754,0.5073120594024658,0.2470317929983139,0.30887550115585327,0.18987396359443665,0.11803191155195236,0.11803191155195236,0.11803191155195236,1.0,1.0,1.0,1.0,1.0,1.0,1.0,0.5073120594024658,1.0,0.0321936160326004,0.0,0.9678063988685608,0.999970555305481,0.11803191155195236,0.6933121088987907,0.6915186187824854,1.0481646766521253
7425,0.2635113596916199,0.5176397562026978,0.3800705373287201,0.19566865265369415,0.2147948294878006,0.1273302286863327,0.1273302286863327,0.1273302286863327,1.0,1.0,1.0,1.0,1.0,1.0,1.0,0.5176397562026978,1.0,0.9769055843353271,1.0,0.9769055843353271,0.958035409450531,0.1273302286863327,0.061199129048652136,0.061199129048652136,0.12704564600949866
7969,0.3485184609889984,0.7375430464744568,0.4256254732608795,0.4524267613887787,0.16750307381153107,0.17331251502037048,0.17331251502037048,0.17331251502037048,1.0,1.0,1.0,1.0,1.0,1.0,1.0,0.7375430464744568,1.0,0.4093972146511078,0.0,0.5906027555465698,0.8798673748970032,0.17331251502037048,0.2784550745692837,0.2784550745692837,0.47438485032662614
9392,0.3412233293056488,0.6981556415557861,0.4620441496372223,0.47164487838745117,0.08998092263936996,0.17198769748210907,0.17198769748210907,0.17198769748210907,1.0,1.0,1.0,1.0,1.0,1.0,1.0,0.6981556415557861,1.0,0.06270994246006012,0.0,0.9372900724411011,0.9953423738479614,0.17198769748210907,0.2777492680471663,0.2737788872378266,0.2607060941845661
2863,0.20258834958076477,0.42202067375183105,0.1272198110818863,0.32979699969291687,0.15074817836284637,0.13323785364627838,0.13323785364627838,0.13323785364627838,1.0,1.0,1.0,1.0,1.0,1.0,1.0,0.42202067375183105,1.0,0.9820370078086853,1.0,0.9820370078086853,0.8185451626777649,0.13323785364627838,0.23862133972556748,0.23357021970513564,0.37971048308468686
5805,0.38296064734458923,0.7955421805381775,0.6692473888397217,0.3470105826854706,0.13262395560741425,0.14224858582019806,0.14224858582019806,0.14224858582019806,1.0,1.0,1.0,1.0,1.0,1.0,1.0,0.7955421805381775,1.0,0.024110600352287292,0.0,0.9758893847465515,0.9996204376220703,0.14224858582019806,0.5150118739370778,0.5103190640250913,0.8675264262039662
85,0.38432756066322327,0.8954739570617676,0.5113853216171265,0.5384149551391602,0.10318239033222198,0.17647038400173187,0.17647038400173187,0.17647038400173187,1.0,1.0,1.0,1.0,1.0,0.6000000238418579,0.0,0.7330612540245056,1.0,0.8194012641906738,1.0,0.8194012641906738,0.996561586856842,0.17647038400173187,0.7165199561684543,0.6316327564311864,0.7567447038855663
7338,0.43665435910224915,0.9212835431098938,0.42440810799598694,0.6063057780265808,0.2792491912841797,0.13326677680015564,0.13326677680015564,0.13326677680015564,1.0,1.0,1.0,1.0,1.0,1.0,1.0,0.9212835431098938,1.0,0.016735371202230453,0.0,0.9832646250724792,0.9980831146240234,0.13326677680015564,0.4381211311115742,0.429592319189945,0.7975466364374509
159,0.4568895697593689,1.0143381357192993,0.6978605389595032,0.5594916343688965,0.11331645399332047,0.15497294068336487,0.8051888346672058,0.5470648407936096,0.6000000238418579,0.0,0.0,0.4000000059604645,0.0,0.20000000298023224,0.0,0.7648171782493591,0.0,0.38008973002433777,1.0,0.6199102401733398,0.8075792789459229,0.5470648407936096,0.17875308492214673,0.16981522822333492,0.27774782413888066
9080,0.331977516412735,0.7078384160995483,0.33263325691223145,0.5620692372322083,0.10122998803853989,0.1563880294561386,0.1563880294561386,0.1563880294561386,1.0,1.0,1.0,1.0,1.0,0.6000000238418579,0.0,0.6386600136756897,1.0,0.260670006275177,0.0,0.739329993724823,0.8122774958610535,0.1563880294561386,0.21115358210081694,0.21115358210081694,0.30509193054697936
7073,0.3606606423854828,0.7657081484794617,0.43278130888938904,0.5138160586357117,0.1353844702243805,0.07989821583032608,0.07989821583032608,0.07989821583032608,1.0,1.0,1.0,1.0,1.0,1.0,1.0,0.7657081484794617,1.0,0.29346713423728943,0.0,0.7065328359603882,0.7767761945724487,0.07989821583032608,0.22142924969469363,0.22142924969469363,0.6838145130404735
3122,0.33207085728645325,0.6469678282737732,0.3655366003513336,0.40100646018981934,0.22966943681240082,0.14310146868228912,0.14310146868228912,0.14310146868228912,1.0,1.0,1.0,1.0,1.0,1.0,1.0,0.6469678282737732,1.0,0.9779130816459656,1.0,0.9779130816459656,0.9928096532821655,0.14310146868228912,0.17240298098446502,0.17240298098446502,0.4153844826070048
6139,0.36890140175819397,0.7901883125305176,0.5616061091423035,0.4236659109592438,0.12143200635910034,0.12061069160699844,0.12061069160699844,0.12061069160699844,1.0,1.0,1.0,1.0,1.0,0.6000000238418579,0.0,0.6432101130485535,1.0,0.9047644734382629,1.0,0.9047644734382629,0.9998953342437744,0.12061069160699844,0.46877433835455823,0.4310263158631992,0.6438842228950995
989,0.5099570751190186,1.0671452283859253,0.7849499583244324,0.5357715487480164,0.20914970338344574,0.16761305928230286,0.16761305928230286,0.16761305928230286,1.0,1.0,1.0,1.0,1.0,1.0,1.0,1.0671452283859253,1.0,0.6546542048454285,1.0,0.6546542048454285,0.9989162683486938,0.16761305928230286,1.0304858354737236,0.7267291243478432,0.915765021641304
6528,0.2857291102409363,0.5667826533317566,0.2456013262271881,0.4185592234134674,0.19302669167518616,0.12081458419561386,0.12081458419561386,0.12081458419561386,1.0,1.0,1.0,1.0,1.0,1.0,1.0,0.5667826533317566,1.0,0.9860917925834656,1.0,0.9860917925834656,0.9902538657188416,0.12081458419561386,0.3006543347490148,0.2998448793858518,0.39370115122617283
5418,0.3769271969795227,0.7824086546897888,0.42136842012405396,0.39878565073013306,0.31062743067741394,0.20753028988838196,0.20753028988838196,0.20753028988838196,1.0,1.0,1.0,1.0,1.0,1.0,1.0,0.7824086546897888,1.0,0.017620651051402092,0.0,0.9823793768882751,0.9668037295341492,0.20753028988838196,0.1748438178224247,0.1748438178224247,0.36199955634368675
5692,0.3855990469455719,0.7188913822174072,0.4197704493999481,0.42531830072402954,0.31170836091041565,0.0893796905875206,0.0893796905875206,0.0893796905875206,1.0,1.0,1.0,1.0,1.0,1.0,1.0,0.7405176758766174,1.0,0.8924635052680969,1.0,0.8924635052680969,0.9550968408584595,0.0893796905875206,0.20679516023817485,0.19388665190646073,0.33223013847331534
1897,0.3162122666835785,0.716723620891571,0.5597039461135864,0.2747407853603363,0.11419202387332916,0.1163678988814354,0.1163678988814354,0.1163678988814354,1.0,1.0,1.0,1.0,1.0,1.0,1.0,0.716723620891571,1.0,0.06365903466939926,0.0,0.9363409876823425,0.8945551514625549,0.1163678988814354,0.09432288863618342,0.09432288863618342,0.17834115059193267
801,0.4447002410888672,0.9301683306694031,0.6406065821647644,0.4575934410095215,0.2359006255865097,0.1680697202682495,0.1680697202682495,0.1680697202682495,1.0,1.0,1.0,1.0,1.0,0.6000000238418579,0.0,0.7721198797225952,1.0,0.8307633399963379,1.0,0.8307633399963379,0.9960475564002991,0.1680697202682495,0.633951471004347,0.41150722405125756,0.5196080837762742
620,0.2616652548313141,0.5075989961624146,0.21641765534877777,0.3331851065158844,0.23539303243160248,0.1912223994731903,0.1912223994731903,0.1912223994731903,1.0,1.0,1.0,1.0,1.0,1.0,1.0,0.5075989961624146,1.0,0.14314644038677216,0.0,0.8568535447120667,0.7859565615653992,0.1912223994731903,0.09065600886237496,0.09065600886237496,0.1889266100188414
901,0.4389989972114563,0.8401159644126892,0.5759183764457703,0.4984341561794281,0.24264435470104218,0.11659646034240723,1.349363088607788,0.11659646034240723,1.0,1.0,0.0,0.0,0.0,0.6000000238418579,0.0,0.5632153749465942,1.0,0.42223650217056274,1.0,0.5777634978294373,0.9999816417694092,0.11659646034240723,1.3941004109552908,0.617849465276716,0.8456911526803073
5348,0.49274834990501404,1.010264277458191,0.7807732820510864,0.4883290231227875,0.2091425508260727,0.17528243362903595,0.17528243362903595,0.17528243362903595,1.0,1.0,1.0,1.0,1.0,0.6000000238418579,0.0,0.975247859954834,1.0,0.9808146953582764,1.0,0.9808146953582764,0.999815046787262,0.17528243362903595,0.7313261014244561,0.7166669147950342,0.9576920250286008
8986,0.28735506534576416,0.633135974407196,0.23418088257312775,0.5355157852172852,0.09236841648817062,0.19417420029640198,0.19417420029640198,0.19417420029640198,1.0,1.0,1.0,1.0,1.0,1.0,1.0,0.633135974407196,1.0,0.9709764122962952,1.0,0.9709764122962952,0.9851855635643005,0.19417420029640198,0.19871945660879295,0.19871945660879295,0.5347519614264711
749,0.5388613939285278,1.126869797706604,0.47457537055015564,0.845784604549408,0.2962239384651184,0.16367121040821075,0.16367121040821075,0.16367121040821075,1.0,1.0,1.0,1.0,1.0,1.0,1.0,1.126869797706604,1.0,0.36429184675216675,0.0,0.6357081532478333,0.9998712539672852,0.16367121040821075,0.5468042089018841,0.48990304869333945,0.7786813339550179
9432,0.244336798787117,0.47934040427207947,0.24780283868312836,0.229204460978508,0.25600308179855347,0.14091096818447113,0.14091096818447113,0.14091096818447113,1.0,1.0,1.0,1.0,1.0,1.0,1.0,0.47934040427207947,1.0,0.9349173903465271,1.0,0.9349173903465271,0.9911631345748901,0.14091096818447113,0.33139999633059036,0.3122328011635428,0.7578889893624287
8092,0.47163113951683044,0.9889491200447083,0.7843867540359497,0.3759824335575104,0.25452420115470886,0.18642641603946686,0.18642641603946686,0.18642641603946686,1.0,1.0,1.0,1.0,1.0,1.0,1.0,0.9889491200447083,1.0,0.3329799771308899,0.0,0.6670200228691101,0.9954791069030762,0.18642641603946686,0.18143567618493134,0.18143567618493134,0.40107338640654994
4154,0.2792966067790985,0.6337813138961792,0.21342873573303223,0.5026232004165649,0.12183785438537598,0.21332982182502747,0.21332982182502747,0.21332982182502747,1.0,1.0,1.0,1.0,1.0,1.0,1.0,0.6337813138961792,1.0,0.8036254644393921,1.0,0.8036254644393921,0.901930570602417,0.21332982182502747,0.3796313050193836,0.32922352375085134,0.6318139071011586
6096,0.36873212456703186,0.6858121156692505,0.4550890624523163,0.4307403564453125,0.2203669399023056,0.08677027374505997,0.08677027374505997,0.08677027374505997,1.0,1.0,1.0,1.0,1.0,1.0,1.0,0.6858121156692505,1.0,0.03812425956130028,0.0,0.9618757367134094,0.9741387963294983,0.08677027374505997,0.2846213635837995,0.2749594814280933,0.5287105983918886
1556,0.49185699224472046,0.9761581420898438,0.4119255244731903,0.7291431427001953,0.3345021903514862,0.1042122170329094,0.1042122170329094,0.1042122170329094,1.0,1.0,1.0,1.0,1.0,0.6000000238418579,0.0,0.9309293031692505,1.0,0.6626540422439575,1.0,0.6626540422439575,0.9995904564857483,0.1042122170329094,0.8434660656261889,0.7971032770724127,0.9712712649406626
4251,0.40999636054039,0.8534576296806335,0.5230478644371033,0.4924719035625458,0.2144692987203598,0.15131457149982452,0.15131457149982452,0.15131457149982452,1.0,1.0,1.0,1.0,1.0,1.0,1.0,0.8534576296806335,1.0,0.8304978609085083,1.0,0.8304978609085083,0.9993614554405212,0.15131457149982452,0.5468206672382341,0.5378895778778164,0.8956877197063815
5086,0.38099321722984314,0.7476382255554199,0.5521718263626099,0.4772673547267914,0.11354036629199982,0.14727123081684113,0.14727123081684113,0.14727123081684113,1.0,1.0,1.0,1.0,1.0,1.0,1.0,0.7476382255554199,1.0,0.06231573969125748,0.0,0.9376842379570007,0.7847377061843872,0.14727123081684113,0.15591994768404313,0.15591994768404313,0.24809185157216043
4367,0.4650506377220154,0.9123629927635193,0.42869433760643005,0.5506957173347473,0.41576170921325684,0.29398313164711,0.29398313164711,0.29398313164711,1.0,1.0,1.0,1.0,1.0,1.0,1.0,0.9123629927635193,1.0,0.0765489861369133,0.0,0.9234510064125061,0.9388865828514099,0.29398313164711,0.3589740115791562,0.3510488866982106,0.7286272507842099
3961,0.24608291685581207,0.5124053359031677,0.25385650992393494,0.3970787227153778,0.08731351792812347,0.19936016201972961,0.35281309485435486,0.35281309485435486,0.20000000298023224,0.0,0.0,0.800000011920929,0.0,0.20000000298023224,0.0,0.5124053359031677,0.0,0.032094862312078476,1.0,0.9679051637649536,0.9777446389198303,0.9330005049705505,0.14248044432957765,0.14248044432957765,0.4683881470920102
6831,0.29647591710090637,0.6321906447410583,0.42720016837120056,0.3182215690612793,0.1440059095621109,0.18813200294971466,0.18813200294971466,0.18813200294971466,1.0,1.0,1.0,1.0,1.0,0.6000000238418579,0.0,0.46713486313819885,1.0,0.1097976565361023,0.0,0.8902023434638977,0.9336029291152954,0.18813200294971466,0.3654650782121701,0.3566279383027876,0.7997194589461412
1042,0.306316077709198,0.6078217625617981,0.39890822768211365,0.32960787415504456,0.19043207168579102,0.05669522285461426,0.05669522285461426,0.05669522285461426,1.0,1.0,1.0,1.0,1.0,0.6000000238418579,0.0,0.6092485785484314,1.0,0.9777316451072693,1.0,0.9777316451072693,0.9644320607185364,0.05669522285461426,0.3684982130130757,0.3535443858368128,0.658175843810591
7069,0.4652792811393738,0.9572499394416809,0.48602280020713806,0.709961473941803,0.19985361397266388,0.09552410989999771,1.0735981464385986,0.09552410989999771,1.0,1.0,0.0,0.0,0.0,0.6000000238418579,0.0,0.952994167804718,1.0,0.247733473777771,1.0,0.752266526222229,0.9998242259025574,0.09552410989999771,1.164015741981569,0.7489011073005596,0.9439899967153743
183,0.32118532061576843,0.6451890468597412,0.532317578792572,0.3185504078865051,0.11268801987171173,0.17851406335830688,0.17851406335830688,0.17851406335830688,1.0,1.0,1.0,1.0,1.0,1.0,1.0,0.6451890468597412,1.0,0.013119524344801903,0.0,0.9868804812431335,0.9889045357704163,0.17851406335830688,0.2711466542117291,0.2711466542117291,0.6811995406318849
2700,0.36925598978996277,0.7751355767250061,0.5026331543922424,0.43345507979393005,0.17167969048023224,0.18737979233264923,0.18737979233264923,0.18737979233264923,1.0,1.0,1.0,1.0,1.0,0.6000000238418579,0.0,0.6038272976875305,1.0,0.13872185349464417,0.0,0.8612781763076782,0.9962387084960938,0.18737979233264923,0.18125468887636761,0.18125468887636761,0.45778881337630317
478,0.5551384091377258,1.1401323080062866,0.8490802645683289,0.32601556181907654,0.4903193414211273,0.18378634750843048,1.0859880447387695,0.18378634750843048,1.0,1.0,0.0,0.0,0.0,0.20000000298023224,0.0,0.761966347694397,1.0,0.1764337569475174,1.0,0.8235662579536438,0.9994252920150757,0.18378634750843048,0.5443830447180539,0.5437286175975011,0.8776337834979742
1448,0.3822571635246277,0.7878746390342712,0.27446651458740234,0.6473754048347473,0.22492948174476624,0.1013534814119339,0.1013534814119339,0.1013534814119339,1.0,1.0,1.0,1.0,1.0,1.0,1.0,0.7878746390342712,1.0,0.013607899658381939,0.0,0.986392080783844,0.9793567657470703,0.1013534814119339,0.500144798078334,0.48920509613619184,0.729517115266174
8906,0.2637002170085907,0.5591418147087097,0.32244712114334106,0.15680569410324097,0.3118477463722229,0.13490663468837738,0.13490663468837738,0.13490663468837738,1.0,1.0,1.0,1.0,1.0,1.0,1.0,0.5591418147087097,1.0,0.9698114395141602,1.0,0.9698114395141602,0.9830099940299988,0.13490663468837738,0.11952960598282221,0.11952960598282221,0.24487117301603048
8769,0.2565363347530365,0.5824620127677917,0.15369842946529388,0.44257861375808716,0.17333196103572845,0.2173842489719391,0.2173842489719391,0.2173842489719391,1.0,1.0,1.0,1.0,1.0,1.0,1.0,0.5824620127677917,1.0,0.015153149142861366,0.0,0.984846830368042,0.9973514080047607,0.2173842489719391,0.43905902775284866,0.4364043023115956,0.9847608011057287
9971,0.38253462314605713,0.7782698273658752,0.5261625647544861,0.39815768599510193,0.22328351438045502,0.11663594096899033,0.11663594096899033,0.11663594096899033,1.0,1.0,1.0,1.0,1.0,0.6000000238418579,0.0,0.7017175555229187,1.0,0.9276071786880493,1.0,0.9276071786880493,0.9996975660324097,0.11663594096899033,0.983928675131234,0.8298340637922007,1.081384202994208
8316,0.5071924924850464,1.0439077615737915,0.4639159142971039,0.7299584150314331,0.3277030885219574,0.2056027203798294,1.3201485872268677,0.2056027203798294,1.0,1.0,0.0,0.0,0.0,0.6000000238418579,0.0,0.8979756236076355,1.0,0.7507304549217224,0.0,0.7507304549217224,0.9988013505935669,0.2056027203798294,0.4756434764944645,0.4300608644330337,0.5525784115368362
7440,0.3650188446044922,0.689751923084259,0.400808721780777,0.4593343734741211,0.23491334915161133,0.1480834037065506,0.1480834037065506,0.1480834037065506,1.0,1.0,1.0,1.0,1.0,1.0,1.0,0.689751923084259,1.0,0.055125895887613297,0.0,0.944874107837677,0.9265872836112976,0.1480834037065506,0.22729634672019813,0.21773623241886764,0.5446683345844864
8567,0.3336188793182373,0.7271453142166138,0.574632465839386,0.3286680281162262,0.09755615144968033,0.2379436045885086,0.672224223613739,0.672224223613739,0.6000000238418579,0.0,1.0,0.6000000238418579,0.0,0.6000000238418579,0.0,0.7271453142166138,0.0,0.17238903045654297,0.0,0.827610969543457,0.7708247303962708,0.672224223613739,1.8848292668358289,0.34544548494936994,0.6161118503672783
2046,0.37037572264671326,0.7900773882865906,0.22654767334461212,0.639478862285614,0.24510052800178528,0.12669281661510468,0.12669281661510468,0.12669281661510468,1.0,1.0,1.0,1.0,1.0,0.6000000238418579,0.0,0.7555612921714783,1.0,0.31344345211982727,0.0,0.6865565776824951,0.5971186757087708,0.12669281661510468,0.24941687143723984,0.24939982657941767,0.4125706176655767
8674,0.5503342151641846,1.1485904455184937,0.360408216714859,1.008639931678772,0.281954288482666,0.16364479064941406,1.259743094444275,0.16364479064941406,1.0,1.0,0.0,0.0,0.0,0.20000000298023224,0.0,0.8441752791404724,1.0,0.25494489073753357,1.0,0.745055079460144,0.9992594122886658,0.16364479064941406,0.765242786958161,0.6756692157976504,0.902598565202278
7150,0.49218523502349854,0.9443570971488953,0.5645077228546143,0.5731973648071289,0.33885055780410767,0.1752464324235916,0.1752464324235916,0.1752464324235916,1.0,1.0,1.0,1.0,1.0,0.6000000238418579,0.0,0.6731940507888794,1.0,0.47235414385795593,0.0,0.5276458263397217,0.9998888969421387,0.1752464324235916,1.148725753889848,0.7341888453918628,0.9309165081390754
4804,0.24942421913146973,0.5065799355506897,0.29242512583732605,0.3264276385307312,0.12941984832286835,0.23324938118457794,0.23324938118457794,0.23324938118457794,1.0,1.0,1.0,1.0,1.0,1.0,1.0,0.5065799355506897,1.0,0.02929650992155075,0.0,0.9707034826278687,0.983366847038269,0.23324938118457794,0.19469679459405065,0.19469679459405065,0.29341659361667033
1233,0.43529361486434937,0.9165765643119812,0.7149997353553772,0.3402503430843353,0.250630646944046,0.16923180222511292,0.8929279446601868,0.5173821449279785,0.6000000238418579,0.0,0.0,0.4000000059604645,0.0,0.20000000298023224,0.0,0.7301477193832397,0.0,0.8911723494529724,0.0,0.8911723494529724,0.8506041765213013,0.5173821449279785,0.09305261228245025,0.09305261228245025,0.16653011590768
576,0.5591998100280762,1.1660104990005493,0.5328235030174255,0.9123820662498474,0.2323937863111496,0.15941579639911652,0.15941579639911652,0.15941579639911652,1.0,1.0,1.0,1.0,1.0,0.6000000238418579,0.0,1.1129683256149292,1.0,0.9742093682289124,1.0,0.9742093682289124,0.9982289671897888,0.15941579639911652,0.3067123715235948,0.3050901541960314,0.6696327965902739
746,0.3414698541164398,0.6644760966300964,0.42978015542030334,0.3048457205295563,0.28978362679481506,0.12832055985927582,0.12832055985927582,0.12832055985927582,1.0,1.0,1.0,1.0,1.0,1.0,1.0,0.6644760966300964,1.0,0.031236594542860985,0.0,0.9687634110450745,0.9110130071640015,0.12832055985927582,0.23064950302199264,0.2098970483931291,0.2794302699727468
4999,0.4298056364059448,0.8890830278396606,0.6328776478767395,0.5145596861839294,0.1419796645641327,0.22792816162109375,0.22792816162109375,0.22792816162109375,1.0,1.0,1.0,1.0,1.0,0.6000000238418579,0.0,0.8341109156608582,1.0,0.9754282832145691,1.0,0.9754282832145691,0.9744299054145813,0.22792816162109375,0.3107184122468902,0.3107184122468902,0.59396117916814
597,0.3324979841709137,0.6784998178482056,0.4860142767429352,0.28338849544525146,0.22809119522571564,0.14327335357666016,0.14327335357666016,0.14327335357666016,1.0,1.0,1.0,1.0,1.0,1.0,1.0,0.6784998178482056,1.0,0.020474951714277267,0.0,0.9795250296592712,0.9980446100234985,0.14327335357666016,0.25325039015140194,0.25325039015140194,0.5925088097187294
1576,0.4429359436035156,0.9341667294502258,0.6178226470947266,0.6062979698181152,0.1046871468424797,0.1204773560166359,0.1204773560166359,0.1204773560166359,1.0,1.0,1.0,1.0,1.0,0.6000000238418579,0.0,0.9103958010673523,1.0,0.9859853982925415,1.0,0.9859853982925415,0.9840320944786072,0.1204773560166359,0.11712860155541178,0.11712860155541178,0.36753094446696744
9977,0.397165983915329,0.8682385683059692,0.45282965898513794,0.5844776034355164,0.15419062972068787,0.10853200405836105,0.10853200405836105,0.10853200405836105,1.0,1.0,1.0,1.0,1.0,1.0,1.0,0.8682385683059692,1.0,0.032464418560266495,0.0,0.9675355553627014,0.953683614730835,0.10853200405836105,0.27863378865581706,0.27863378865581706,0.6776629144026332
4928,0.5327022671699524,1.0935245752334595,0.5601736903190613,0.7324292063713074,0.3055039346218109,0.11848348379135132,0.11848348379135132,0.11848348379135132,1.0,1.0,1.0,1.0,1.0,1.0,1.0,1.0935245752334595,1.0,0.07452184706926346,0.0,0.9254781603813171,0.9972929358482361,0.11848348379135132,0.5559544506346564,0.5433927232340882,0.9069452495670198
6902,0.3968678414821625,0.7712241411209106,0.38058021664619446,0.5747678279876709,0.2352554053068161,0.11942746490240097,0.11942746490240097,0.11942746490240097,1.0,1.0,1.0,1.0,1.0,1.0,1.0,0.7712241411209106,1.0,0.9788269996643066,1.0,0.9788269996643066,0.9807856678962708,0.11942746490240097,0.13410559883435236,0.13410559883435236,0.3068137920278495
7342,0.42532604932785034,0.8207736015319824,0.43844062089920044,0.5282140374183655,0.3093234896659851,0.19066156446933746,0.19066156446933746,0.19066156446933746,1.0,1.0,1.0,1.0,1.0,0.6000000238418579,0.0,0.8196722865104675,1.0,0.9184514880180359,1.0,0.9184514880180359,0.9938368201255798,0.19066156446933746,0.5299788399737311,0.3461203197000762,0.2870322227585474
2153,0.22995981574058533,0.49977347254753113,0.08782865107059479,0.33399292826652527,0.2680578827857971,0.21958139538764954,0.40308481454849243,0.40308481454849243,0.20000000298023224,0.0,0.0,0.800000011920929,0.0,0.20000000298023224,0.0,0.49977347254753113,0.0,0.02134927548468113,1.0,0.9786507487297058,0.9794137477874756,0.8483700156211853,0.14240151304609913,0.14240151304609913,0.424633659115496
8836,0.34563928842544556,0.7303429245948792,0.4921853244304657,0.36659860610961914,0.17813390493392944,0.1226809024810791,0.1226809024810791,0.1226809024810791,1.0,1.0,1.0,1.0,1.0,1.0,1.0,0.7303429245948792,1.0,0.9677845239639282,1.0,0.9677845239639282,0.9991200566291809,0.1226809024810791,0.4125566783983993,0.34445589876338106,0.4623407070037959
584,0.46704816818237305,0.945849597454071,0.4976656138896942,0.6227250695228577,0.2807537615299225,0.20044617354869843,0.20044617354869843,0.20044617354869843,1.0,1.0,1.0,1.0,1.0,0.6000000238418579,0.0,0.7136151194572449,1.0,0.9719381928443909,1.0,0.9719381928443909,0.9804527759552002,0.20044617354869843,1.9720437409788638,1.448761894035975,18.11011072812174
8842,0.34257495403289795,0.757289707660675,0.207027867436409,0.6701905131340027,0.1505064219236374,0.1654738038778305,0.1654738038778305,0.1654738038778305,1.0,1.0,1.0,1.0,1.0,1.0,1.0,0.757289707660675,1.0,0.9913846254348755,1.0,0.9913846254348755,0.9926294088363647,0.1654738038778305,0.27387328251213894,0.27387328251213894,0.6225867399067536
6777,0.29351910948753357,0.6381632089614868,0.5608927607536316,0.16880016028881073,0.1508644074201584,0.14818578958511353,0.14818578958511353,0.14818578958511353,1.0,1.0,1.0,1.0,1.0,0.6000000238418579,0.0,0.6072635054588318,1.0,0.11601787060499191,0.0,0.8839821219444275,0.9687118530273438,0.14818578958511353,0.30670636002913126,0.30670636002913126,0.5605743711271278
6190,0.4890643060207367,1.0425152778625488,0.6749268770217896,0.6067164540290833,0.18554961681365967,0.11137592792510986,0.11137592792510986,0.11137592792510986,1.0,1.0,1.0,1.0,1.0,0.6000000238418579,0.0,1.0329999923706055,1.0,0.7895442843437195,1.0,0.7895442843437195,0.6155259609222412,0.11137592792510986,0.5666814090095198,0.5666814090095198,0.9296633464047253
5178,0.3980605900287628,0.7713793516159058,0.2981288433074951,0.6390879154205322,0.25696489214897156,0.1648276150226593,0.1648276150226593,0.1648276150226593,1.0,1.0,1.0,1.0,1.0,0.20000000298023224,0.0,0.6602033376693726,1.0,0.3588986396789551,0.0,0.6411013603210449,0.9998226761817932,0.1648276150226593,1.000935569718046,0.8111562067196908,0.9876512804180194
4661,0.3083125054836273,0.6223673820495605,0.49333855509757996,0.25125429034233093,0.1803445816040039,0.19904740154743195,0.19904740154743195,0.19904740154743195,1.0,1.0,1.0,1.0,1.0,1.0,1.0,0.6223673820495605,1.0,0.9733144640922546,1.0,0.9733144640922546,0.9558576941490173,0.19904740154743195,0.13496616482150012,0.13496616482150012,0.34444915243649815
5813,0.2895122468471527,0.6216275691986084,0.4957265853881836,0.1641802042722702,0.20862989127635956,0.14166127145290375,0.14166127145290375,0.14166127145290375,1.0,1.0,1.0,1.0,1.0,0.6000000238418579,0.0,0.6185421347618103,1.0,0.9844992756843567,1.0,0.9844992756843567,0.9865647554397583,0.14166127145290375,0.1920514046584537,0.18987243449589086,0.2859047634349549
1569,0.3495170772075653,0.7290112376213074,0.2115558683872223,0.5457717776298523,0.2912234961986542,0.12409255653619766,0.12409255653619766,0.12409255653619766,1.0,1.0,1.0,1.0,1.0,1.0,1.0,0.7290112376213074,1.0,0.030487703159451485,0.0,0.9695122838020325,0.8301866054534912,0.12409255653619766,0.46020166629650694,0.43119248179334724,0.7533398231250445
7875,0.4946698844432831,0.9479033350944519,0.43931856751441956,0.698427140712738,0.3462638556957245,0.12691085040569305,0.12691085040569305,0.12691085040569305,1.0,1.0,1.0,1.0,1.0,0.6000000238418579,0.0,0.8953161239624023,1.0,0.6318525075912476,1.0,0.6318525075912476,0.9996103644371033,0.12691085040569305,0.9039326783049818,0.7893137626489932,0.9388487244311573
3487,0.34572920203208923,0.7312907576560974,0.36314576864242554,0.5367905497550964,0.13725124299526215,0.12672896683216095,1.3449469804763794,0.12672896683216095,1.0,1.0,0.0,0.0,0.0,1.0,1.0,0.7312907576560974,1.0,0.6143773794174194,0.0,0.6143773794174194,0.7233942151069641,0.12672896683216095,1.817099820392313,0.24760948060025192,0.4178806347416616
9924,0.34477606415748596,0.7025936245918274,0.4497124254703522,0.42886605858802795,0.15574966371059418,0.058695238083601,0.058695238083601,0.058695238083601,1.0,1.0,1.0,1.0,1.0,1.0,1.0,0.7025936245918274,1.0,0.16916954517364502,0.0,0.830830454826355,0.9999679327011108,0.058695238083601,0.5199058305886214,0.4919188696442111,0.5698480878924413
3240,0.421877384185791,0.8658744096755981,0.6108757853507996,0.4295298755168915,0.2252265214920044,0.1893453299999237,0.1893453299999237,0.1893453299999237,1.0,1.0,1.0,1.0,1.0,0.6000000238418579,0.0,0.8497808575630188,1.0,0.9181868433952332,1.0,0.9181868433952332,0.951513946056366,0.1893453299999237,0.4085074783009429,0.40487428563094996,0.577762606222366
3778,0.523097813129425,1.0359805822372437,0.7879121899604797,0.5390644073486328,0.24231694638729095,0.22079578042030334,0.8423877954483032,0.6901673674583435,0.6000000238418579,0.0,0.0,0.4000000059604645,0.0,0.20000000298023224,0.0,0.6429182291030884,0.0,0.9334498643875122,0.0,0.9334498643875122,0.9841890931129456,0.6901673674583435,0.2859827728467388,0.2859827728467388,0.6126882706380206
8591,0.39953887462615967,0.7625986933708191,0.4374163746833801,0.5128626823425293,0.2483374923467636,0.2339867204427719,0.2339867204427719,0.2339867204427719,1.0,1.0,1.0,1.0,1.0,0.6000000238418579,0.0,0.5064568519592285,1.0,0.2952606976032257,0.0,0.7047393321990967,0.9982701539993286,0.2339867204427719,1.0366491967197933,0.7142713333535251,0.9383844337751537
6856,0.3668774366378784,0.744611918926239,0.1986621469259262,0.5540515184402466,0.34791868925094604,0.13316959142684937,0.13316959142684937,0.13316959142684937,1.0,1.0,1.0,1.0,1.0,0.6000000238418579,0.0,0.7099171876907349,1.0,0.938310980796814,1.0,0.938310980796814,0.8829707503318787,0.13316959142684937,0.4886127960427267,0.4763360654798835,0.8324356497304812
8973,0.3869720697402954,0.7796556949615479,0.4438167214393616,0.5398765802383423,0.17722289264202118,0.1675998419523239,0.1675998419523239,0.1675998419523239,1.0,1.0,1.0,1.0,1.0,0.6000000238418579,0.0,0.7478694915771484,1.0,0.45622706413269043,0.0,0.5437729358673096,0.6458954811096191,0.1675998419523239,0.24571573391261,0.24522998737050783,0.5378717455515437
9079,0.41813626885414124,0.8112266659736633,0.3392835557460785,0.5039404630661011,0.411184698343277,0.18918834626674652,0.18918834626674652,0.18918834626674652,1.0,1.0,1.0,1.0,1.0,0.6000000238418579,0.0,0.838330864906311,1.0,0.9727855324745178,1.0,0.9727855324745178,0.99988853931427,0.18918834626674652,1.0082333496276943,0.7538886140647145,0.9593973616253154
3330,0.42995181679725647,1.0112545490264893,0.7351559400558472,0.4514797329902649,0.10321979969739914,0.1796267330646515,0.8062893748283386,0.6001104712486267,0.6000000238418579,0.0,0.0,0.4000000059604645,0.0,0.20000000298023224,0.0,0.8944162726402283,0.0,0.17248941957950592,1.0,0.8275105953216553,0.953072726726532,0.6001104712486267,0.18020394689529448,0.17682073834340972,0.31879685073094344
1827,0.31535348296165466,0.6236059069633484,0.2955659329891205,0.43412360548973083,0.21637077629566193,0.22135353088378906,0.22135353088378906,0.22135353088378906,1.0,1.0,1.0,1.0,1.0,1.0,1.0,0.6236059069633484,1.0,0.09071730822324753,0.0,0.9092826843261719,0.9988792538642883,0.22135353088378906,0.5168250333823059,0.5162776674026699,0.9273061590473424
3721,0.24376095831394196,0.48560476303100586,0.34707966446876526,0.21740375459194183,0.16679947078227997,0.08320007473230362,0.08320007473230362,0.08320007473230362,1.0,1.0,1.0,1.0,1.0,1.0,1.0,0.4484195411205292,1.0,0.9677216410636902,1.0,0.9677216410636902,0.9835047721862793,0.08320007473230362,0.10528871697000783,0.10528871697000783,0.20843037756373242
6556,0.3606291115283966,0.7235018610954285,0.38559818267822266,0.4660853445529938,0.23020370304584503,0.0828724205493927,0.0828724205493927,0.0828724205493927,1.0,1.0,1.0,1.0,1.0,0.6000000238418579,0.0,0.6372653245925903,1.0,0.09227972477674484,0.0,0.9077202677726746,0.6664414405822754,0.0828724205493927,0.3344448470019204,0.3152243555620145,0.4624408064598754
2236,0.34067443013191223,0.6846820116043091,0.3313593566417694,0.538599967956543,0.15206386148929596,0.17008350789546967,0.17008350789546967,0.17008350789546967,1.0,1.0,1.0,1.0,1.0,0.6000000238418579,0.0,0.6219092011451721,1.0,0.9369769096374512,1.0,0.9369769096374512,0.9864782094955444,0.17008350789546967,0.5869301961435013,0.5765067755317375,0.8605690799613471
4233,0.2866477072238922,0.5403009653091431,0.2961834967136383,0.2741145193576813,0.28964510560035706,0.15033553540706635,0.15033553540706635,0.15033553540706635,1.0,1.0,1.0,1.0,1.0,1.0,1.0,0.5403009653091431,1.0,0.027161406353116035,0.0,0.9728385806083679,0.9929336309432983,0.15033553540706635,0.2804801249317698,0.2804801249317698,1.2993512854213374
4712,0.6596075892448425,1.272977590560913,0.9320532083511353,0.4738328456878662,0.5729368329048157,0.16879411041736603,1.0848323106765747,0.16879411041736603,1.0,1.0,0.0,0.0,0.0,0.20000000298023224,0.0,0.7013992071151733,1.0,0.9661851525306702,0.0,0.9661851525306702,0.9997475743293762,0.16879411041736603,0.6871308038863534,0.5495140662305089,0.7084528526404457
5841,0.22705721855163574,0.5042102932929993,0.45364150404930115,0.12831394374370575,0.09921615570783615,0.12150841951370239,0.12150841951370239,0.12150841951370239,1.0,1.0,1.0,1.0,1.0,1.0,1.0,0.5042102932929993,1.0,0.8079676032066345,1.0,0.8079676032066345,0.9850578904151917,0.12150841951370239,0.11629006918607962,0.11629006918607962,0.2597212657752427
1015,0.4321894645690918,0.7871374487876892,0.5573715567588806,0.43895116448402405,0.3002455234527588,0.10051335394382477,0.10051335394382477,0.10051335394382477,1.0,1.0,1.0,1.0,1.0,0.6000000238418579,0.0,0.8319986462593079,1.0,0.8587292432785034,1.0,0.8587292432785034,0.7584301233291626,0.10051335394382477,0.4196559538556,0.4196559538556,0.7719788972755423
6370,0.44619446992874146,0.8891890645027161,0.4182611107826233,0.6530817747116089,0.2672405540943146,0.1635834276676178,1.3282221555709839,0.1635834276676178,1.0,1.0,0.0,0.0,0.0,0.20000000298023224,0.0,0.7482640147209167,1.0,0.46582120656967163,1.0,0.5341787934303284,0.9995524287223816,0.1635834276676178,1.0091269449874136,0.8480503230710715,0.977836798025122
6409,0.4480753242969513,0.8737350702285767,0.4723132252693176,0.6550079584121704,0.2169046252965927,0.23655350506305695,1.1579670906066895,0.23655350506305695,1.0,1.0,0.0,0.0,0.0,1.0,1.0,0.8737350702285767,1.0,0.43953850865364075,1.0,0.5604615211486816,0.38746556639671326,0.23655350506305695,2.1348242056638806,0.24501728505379053,0.5220618056998368
7238,0.39311081171035767,0.7796889543533325,0.6027203798294067,0.37350624799728394,0.20310579240322113,0.15511970221996307,1.2218568325042725,0.15511970221996307,1.0,1.0,0.0,0.0,0.0,0.6000000238418579,0.0,0.6363178491592407,1.0,0.09583597630262375,1.0,0.9041640162467957,0.5021123290061951,0.15511970221996307,1.5817652638536852,0.4476585787799356,0.6858457278307046
4623,0.5350754261016846,1.0859949588775635,0.8719080090522766,0.5020197629928589,0.23129843175411224,0.25210267305374146,0.25210267305374146,0.25210267305374146,1.0,1.0,1.0,1.0,1.0,0.20000000298023224,0.0,0.7401096224784851,1.0,0.12191437184810638,0.0,0.8780856132507324,0.9999895095825195,0.25210267305374146,1.6175348084321512,1.1753037899733036,5.075587833137654
8543,0.3516145348548889,0.7369669079780579,0.31136494874954224,0.6254794001579285,0.11799921095371246,0.07981101423501968,0.6650876402854919,0.5343777537345886,0.6000000238418579,0.0,0.0,0.4000000059604645,0.0,0.6000000238418579,0.0,0.7369669079780579,0.0,0.8809990882873535,0.0,0.8809990882873535,0.6896358132362366,0.5343777537345886,0.20102441949669048,0.20102441949669048,0.3261254036269778
205,0.3099091947078705,0.6177248358726501,0.42081043124198914,0.3670245110988617,0.14189253747463226,0.1261502355337143,0.1261502355337143,0.1261502355337143,1.0,1.0,1.0,1.0,1.0,1.0,1.0,0.6177248358726501,1.0,0.526840329170227,1.0,0.526840329170227,0.6299827098846436,0.1261502355337143,0.1818030020397126,0.1818030020397126,0.3841481946252243
9371,0.3448033928871155,0.7278520464897156,0.22161106765270233,0.6032063364982605,0.2095925658941269,0.18118779361248016,0.18118779361248016,0.18118779361248016,1.0,1.0,1.0,1.0,1.0,1.0,1.0,0.7278520464897156,1.0,0.8250892162322998,1.0,0.8250892162322998,0.8264986872673035,0.18118779361248016,0.25912465107203375,0.25912465107203375,0.5370892859541818
3390,0.2700830101966858,0.5570961833000183,0.159230038523674,0.4473802149295807,0.2036387026309967,0.16672353446483612,0.16672353446483612,0.16672353446483612,1.0,1.0,1.0,1.0,1.0,1.0,1.0,0.5570961833000183,1.0,0.01673969440162182,0.0,0.9832603335380554,0.9762349128723145,0.16672353446483612,0.08000627314144287,0.08000627314144287,0.16171940108616958
5690,0.291660338640213,0.626035213470459,0.2939803898334503,0.4379851818084717,0.1430153101682663,0.0972522497177124,0.0972522497177124,0.0972522497177124,1.0,1.0,1.0,1.0,1.0,1.0,1.0,0.626035213470459,1.0,0.03932405263185501,0.0,0.9606759548187256,0.9952362179756165,0.0972522497177124,0.7404408795081219,0.6846670302076052,1.0064810389372383
3221,0.5385398864746094,1.2407138347625732,0.2978408932685852,1.067412257194519,0.25036653876304626,0.23308363556861877,0.9706199765205383,0.5095037817955017,0.6000000238418579,0.0,0.0,0.4000000059604645,0.0,0.20000000298023224,0.0,0.7345747351646423,0.0,0.2335965931415558,1.0,0.7664034366607666,0.9972791075706482,0.5095037817955017,0.8170552457345299,0.8075104184860186,2.000252515860642
3472,0.4374855160713196,0.8286136984825134,0.41986146569252014,0.5859883427619934,0.30660679936408997,0.2024003565311432,0.2024003565311432,0.2024003565311432,1.0,1.0,1.0,1.0,1.0,0.6000000238418579,0.0,0.7538439631462097,1.0,0.08434033393859863,0.0,0.9156596660614014,0.9995121955871582,0.2024003565311432,0.5311397190480777,0.5104642799352453,0.7522713499965379
3681,0.5060766339302063,1.0384836196899414,0.6996666789054871,0.581143319606781,0.2374197542667389,0.14234600961208344,0.14234600961208344,0.14234600961208344,1.0,1.0,1.0,1.0,1.0,0.6000000238418579,0.0,1.0123531818389893,1.0,0.9665230512619019,1.0,0.9665230512619019,0.9979504942893982,0.14234600961208344,0.6353500202802147,0.611610892937517,0.8142447050603935
6768,0.536381185054779,1.153272271156311,0.4861605763435364,0.949876606464386,0.17310619354248047,0.20744585990905762,0.20744585990905762,0.20744585990905762,1.0,1.0,1.0,1.0,1.0,1.0,1.0,1.153272271156311,1.0,0.9858220219612122,1.0,0.9858220219612122,0.9948498606681824,0.20744585990905762,0.4831286508173715,0.4831286508173715,1.5443411627863644
2314,0.5181499719619751,1.0423251390457153,0.8491820693016052,0.3541039824485779,0.3511638343334198,0.2209659069776535,0.2209659069776535,0.2209659069776535,1.0,1.0,1.0,1.0,1.0,1.0,1.0,1.0423251390457153,1.0,0.8916536569595337,1.0,0.8916536569595337,0.9994958639144897,0.2209659069776535,0.45715694606010504,0.4246171105658726,0.653458952693989
6147,0.34530654549598694,0.6919847726821899,0.3365851938724518,0.41538944840431213,0.2839450240135193,0.21145442128181458,0.21145442128181458,0.21145442128181458,1.0,1.0,1.0,1.0,1.0,0.6000000238418579,0.0,0.600249707698822,1.0,0.015034853480756283,0.0,0.9849651455879211,0.9773421883583069,0.21145442128181458,0.6489924207668448,0.4971760770778013,0.76447166194826
9451,0.3298511803150177,0.6839138865470886,0.451559841632843,0.3763997554779053,0.16159392893314362,0.16316808760166168,0.7428362965583801,0.5676218271255493,0.6000000238418579,0.0,0.0,0.4000000059604645,0.0,0.20000000298023224,0.0,0.6492944955825806,0.0,0.6278557777404785,0.0,0.6278557777404785,0.7513144016265869,0.5676218271255493,0.3503525301309785,0.32284386643188956,0.4570538069048634
8486,0.4567127227783203,0.9008516669273376,0.4255450367927551,0.7229599952697754,0.22163300216197968,0.2310802936553955,1.2898980379104614,0.2310802936553955,1.0,1.0,0.0,0.0,0.0,0.20000000298023224,0.0,0.9297206997871399,1.0,0.4260949194431305,1.0,0.5739051103591919,0.9996986389160156,0.2310802936553955,1.2053391212717615,0.7365773105667339,0.9495462615267795
6038,0.4382517635822296,0.8801518678665161,0.6743060946464539,0.3299519419670105,0.3104971647262573,0.21490691602230072,0.7350298166275024,0.7350298166275024,0.6000000238418579,0.0,1.0,0.6000000238418579,0.0,0.20000000298023224,0.0,0.7510263919830322,0.0,0.27595019340515137,0.0,0.7240498065948486,0.7793547511100769,0.7350298166275024,2.111777924867104,0.32508162827406883,0.4653567629061315
5215,0.3842228949069977,0.8148462176322937,0.6902539134025574,0.2700839042663574,0.19233080744743347,0.09904537349939346,0.09904537349939346,0.09904537349939346,1.0,1.0,1.0,1.0,1.0,0.6000000238418579,0.0,0.7782214879989624,1.0,0.9226731061935425,1.0,0.9226731061935425,0.998471200466156,0.09904537349939346,0.41558682613925824,0.38248074785470576,0.41260500743882106
7075,0.42887449264526367,0.8556831479072571,0.5862741470336914,0.4912474751472473,0.20910166203975677,0.0769311934709549,0.0769311934709549,0.0769311934709549,1.0,1.0,1.0,1.0,1.0,0.6000000238418579,0.0,0.8035675287246704,1.0,0.029438521713018417,0.0,0.9705615043640137,0.919861912727356,0.0769311934709549,0.28062243670386444,0.28062243670386444,0.6855874947493289
9573,0.39516007900238037,0.7834543585777283,0.5838278532028198,0.35315874218940735,0.24849367141723633,0.15702655911445618,1.1928523778915405,0.15702655911445618,1.0,1.0,0.0,0.0,0.0,0.20000000298023224,0.0,0.6161178946495056,1.0,0.943787693977356,0.0,0.943787693977356,0.9992260932922363,0.15702655911445618,0.41848482851573293,0.3248632972440824,0.46743790545128994
6582,0.5642582178115845,1.1921409368515015,0.7693401575088501,0.5042712092399597,0.41916322708129883,0.17676445841789246,0.6191853880882263,0.6191853880882263,0.6000000238418579,0.0,1.0,0.6000000238418579,0.0,0.20000000298023224,0.0,0.9532316327095032,0.0,0.3915824592113495,0.0,0.6084175109863281,0.6502330899238586,0.6191853880882263,1.9311630726218931,0.3297587337854599,1.3581173633607515
3494,0.2747560739517212,0.6287380456924438,0.46152693033218384,0.2816612720489502,0.08108007162809372,0.1879298835992813,0.1879298835992813,0.1879298835992813,1.0,1.0,1.0,1.0,1.0,1.0,1.0,0.6287380456924438,1.0,0.9793919920921326,1.0,0.9793919920921326,0.9665601253509521,0.1879298835992813,0.17875736328679806,0.17875736328679806,0.28550671596225763
2873,0.38636496663093567,0.7670283317565918,0.4773162007331848,0.450547993183136,0.23123064637184143,0.11317837238311768,0.11317837238311768,0.11317837238311768,1.0,1.0,1.0,1.0,1.0,0.6000000238418579,0.0,0.6515268087387085,1.0,0.061918679624795914,0.0,0.9380813241004944,0.999789297580719,0.11317837238311768,0.4088974530271697,0.404035654567419,1.0221875924133568
7359,0.48049628734588623,0.9652530550956726,0.6735987067222595,0.6060811877250671,0.1618088036775589,0.20636998116970062,0.20636998116970062,0.20636998116970062,1.0,1.0,1.0,1.0,1.0,1.0,1.0,0.9064817428588867,1.0,0.10154160857200623,0.0,0.8984583616256714,0.9975690245628357,0.20636998116970062,0.10777616463271682,0.10777616463271682,0.25241444067793223
345,0.32772988080978394,0.641201913356781,0.3871691823005676,0.47782841324806213,0.11819200962781906,0.15126436948776245,0.15126436948776245,0.15126436948776245,1.0,1.0,1.0,1.0,1.0,1.0,1.0,0.641201913356781,1.0,0.9166367053985596,1.0,0.9166367053985596,0.9514152407646179,0.15126436948776245,0.20308272013390463,0.19422728245862475,0.4166418239229352
1950,0.4185917377471924,0.8610174059867859,0.5548074841499329,0.5881722569465637,0.11279549449682236,0.050476741045713425,0.050476741045713425,0.050476741045713425,1.0,1.0,1.0,1.0,1.0,1.0,1.0,0.8610174059867859,1.0,0.9901455044746399,1.0,0.9901455044746399,0.9676932096481323,0.050476741045713425,0.18709088731767243,0.18709088731767243,0.3474958018731316
4883,0.30972820520401,0.5908845663070679,0.28796878457069397,0.3801713287830353,0.26104435324668884,0.12637023627758026,0.12637023627758026,0.12637023627758026,1.0,1.0,1.0,1.0,1.0,1.0,1.0,0.5333618521690369,1.0,0.11554785817861557,0.0,0.8844521641731262,0.8651618957519531,0.12637023627758026,0.14337293386680572,0.14337293386680572,0.32135850592981874
145,0.40272510051727295,0.7996402382850647,0.394866943359375,0.518393874168396,0.2949145436286926,0.14921684563159943,0.7561708688735962,0.570735514163971,0.6000000238418579,0.0,0.0,0.4000000059604645,0.0,0.20000000298023224,0.0,0.6719063520431519,0.0,0.14083001017570496,1.0,0.8591699600219727,0.7718967795372009,0.570735514163971,0.4047003788727924,0.28591885417800755,0.44172559587855836
6395,0.3806040287017822,0.7308374643325806,0.4119083881378174,0.4690234661102295,0.2608802020549774,0.1359168142080307,0.1359168142080307,0.1359168142080307,1.0,1.0,1.0,1.0,1.0,1.0,1.0,0.7308374643325806,1.0,0.9739185571670532,1.0,0.9739185571670532,0.9928394556045532,0.1359168142080307,0.37179169301887344,0.37179169301887344,0.6854184303822279
562,0.3252403438091278,0.656510055065155,0.33673128485679626,0.3331235945224762,0.3058660328388214,0.15730808675289154,0.15730808675289154,0.15730808675289154,1.0,1.0,1.0,1.0,1.0,1.0,1.0,0.656510055065155,1.0,0.024203453212976456,0.0,0.9757965207099915,0.9960078001022339,0.15730808675289154,0.2746203447015802,0.2649770531112594,0.5429565035603879
1114,0.32866406440734863,0.7281885147094727,0.3189723491668701,0.5398378968238831,0.12718196213245392,0.1192186027765274,0.1192186027765274,0.1192186027765274,1.0,1.0,1.0,1.0,1.0,1.0,1.0,0.7281885147094727,1.0,0.13537606596946716,0.0,0.8646239042282104,0.9333450198173523,0.1192186027765274,0.391959622691556,0.3748751193418683,0.6806761140068219
5561,0.2728981375694275,0.5576789975166321,0.3090488612651825,0.26351436972618103,0.24613116681575775,0.12909594178199768,0.12909594178199768,0.12909594178199768,1.0,1.0,1.0,1.0,1.0,0.6000000238418579,0.0,0.5294216871261597,1.0,0.7298098206520081,1.0,0.7298098206520081,0.9998342990875244,0.12909594178199768,0.3472210703300179,0.3290043451615527,0.6174957569423932
5889,0.3646756112575531,0.7695586085319519,0.6735023856163025,0.20200316607952118,0.21852119266986847,0.18634746968746185,0.18634746968746185,0.18634746968746185,1.0,1.0,1.0,1.0,1.0,1.0,1.0,0.7695586085319519,1.0,0.011067191138863564,0.0,0.9889327883720398,0.9853811860084534,0.18634746968746185,0.08554869759111496,0.08554869759111496,0.17691175529308395
2632,0.45968765020370483,0.9482669830322266,0.4650857448577881,0.66509610414505,0.2488810122013092,0.16762591898441315,0.16762591898441315,0.16762591898441315,1.0,1.0,1.0,1.0,1.0,0.6000000238418579,0.0,0.8480159044265747,1.0,0.5377459526062012,1.0,0.5377459526062012,0.9997408986091614,0.16762591898441315,0.8907560795714207,0.7994590010505244,0.9584867631466916
2452,0.259168803691864,0.5008038878440857,0.3048948347568512,0.27322497963905334,0.19938655197620392,0.16534394025802612,0.16534394025802612,0.16534394025802612,1.0,1.0,1.0,1.0,1.0,1.0,1.0,0.5008038878440857,1.0,0.8946923613548279,1.0,0.8946923613548279,0.38636305928230286,0.16534394025802612,0.13289856308812154,0.13289856308812154,0.3211287390340929
4347,0.33344951272010803,0.6413313150405884,0.4627975523471832,0.29112884402275085,0.24642209708690643,0.17422209680080414,0.17422209680080414,0.17422209680080414,1.0,1.0,1.0,1.0,1.0,0.6000000238418579,0.0,0.5636271238327026,1.0,0.025016941130161285,0.0,0.9749830365180969,0.9502041935920715,0.17422209680080414,0.05797226450550054,0.05797226450550054,0.1242752425896169
9158,0.39828428626060486,0.7741166949272156,0.3634740114212036,0.5228204727172852,0.3085583448410034,0.14275912940502167,0.14275912940502167,0.14275912940502167,1.0,1.0,1.0,1.0,1.0,0.20000000298023224,0.0,0.6389661431312561,1.0,0.3437100946903229,0.0,0.6562899351119995,0.999840259552002,0.14275912940502167,1.1531275405696644,0.7130686821897595,0.9911946319457702
9619,0.3430057764053345,0.6811411380767822,0.3509054481983185,0.4726901948451996,0.20542164146900177,0.09675097465515137,0.09675097465515137,0.09675097465515137,1.0,1.0,1.0,1.0,1.0,1.0,1.0,0.6811411380767822,1.0,0.05358768254518509,0.0,0.9464123249053955,0.9824082255363464,0.09675097465515137,0.6818765560623639,0.6579208826882702,1.7923897902675912
8050,0.3903602063655853,0.7462252974510193,0.5143268704414368,0.35697054862976074,0.29978322982788086,0.19615887105464935,0.19615887105464935,0.19615887105464935,1.0,1.0,1.0,1.0,1.0,0.6000000238418579,0.0,0.5985574126243591,1.0,0.9780996441841125,1.0,0.9780996441841125,0.9961073994636536,0.19615887105464935,0.4034168894870196,0.391142188776466,0.6236833012561154
8882,0.4391498267650604,0.8999221920967102,0.6143539547920227,0.32037368416786194,0.38272178173065186,0.22079356014728546,0.22079356014728546,0.22079356014728546,1.0,1.0,1.0,1.0,1.0,0.6000000238418579,0.0,0.7875906229019165,1.0,0.9697510004043579,1.0,0.9697510004043579,0.9985074400901794,0.22079356014728546,0.5640179843495636,0.5384624425521284,0.8975952522854034
667,0.3030187487602234,0.6374885439872742,0.1507858783006668,0.5747410655021667,0.18352925777435303,0.09988894313573837,0.09988894313573837,0.09988894313573837,1.0,1.0,1.0,1.0,1.0,0.20000000298023224,0.0,0.4077316224575043,1.0,0.7940731644630432,1.0,0.7940731644630432,0.9997519850730896,0.09988894313573837,0.7347859236876623,0.4918804401863804,0.6230729189717192
7890,0.34177640080451965,0.7449102997779846,0.45715951919555664,0.4144833981990814,0.15368621051311493,0.12403533607721329,0.12403533607721329,0.12403533607721329,1.0,1.0,1.0,1.0,1.0,1.0,1.0,0.7449102997779846,1.0,0.9561905264854431,1.0,0.9561905264854431,0.9887924790382385,0.12403533607721329,0.20399495099373424,0.20399495099373424,0.4305346015320672
287,0.49830883741378784,1.0621346235275269,0.3367016613483429,0.9018072485923767,0.2564176023006439,0.1389535665512085,0.1389535665512085,0.1389535665512085,1.0,1.0,1.0,1.0,1.0,0.6000000238418579,0.0,0.7007418274879456,1.0,0.6156659722328186,1.0,0.6156659722328186,0.9949797987937927,0.1389535665512085,0.9787246272630667,0.8834020747080726,0.9973510863873086
9875,0.45345717668533325,0.9560473561286926,0.6908984184265137,0.4272218346595764,0.24225126206874847,0.1792891025543213,0.1792891025543213,0.1792891025543213,1.0,1.0,1.0,1.0,1.0,0.20000000298023224,0.0,0.7773602604866028,1.0,0.8287071585655212,1.0,0.8287071585655212,0.9999293088912964,0.1792891025543213,0.8489335024457095,0.7211866100307603,0.9102886770062587
2215,0.3477080762386322,0.7549688220024109,0.5001280903816223,0.45880213379859924,0.08419395238161087,0.1210569515824318,0.1210569515824318,0.1210569515824318,1.0,1.0,1.0,1.0,1.0,0.6000000238418579,0.0,0.7498713731765747,1.0,0.9872363805770874,1.0,0.9872363805770874,0.9734951853752136,0.1210569515824318,0.23512058261557792,0.23512058261557792,0.5887495659317916
8352,0.5448333024978638,1.1158946752548218,0.762761116027832,0.6023382544517517,0.2694004476070404,0.10895305126905441,0.10895305126905441,0.10895305126905441,1.0,1.0,1.0,1.0,1.0,0.6000000238418579,0.0,0.9269251227378845,1.0,0.9630667567253113,1.0,0.9630667567253113,0.9933115243911743,0.10895305126905441,0.46127661799175285,0.4107000304868934,0.549877581158557
6755,0.18281306326389313,0.343626469373703,0.25902605056762695,0.14730028808116913,0.1421128362417221,0.2151220589876175,0.2151220589876175,0.2151220589876175,1.0,1.0,1.0,1.0,1.0,1.0,1.0,0.343626469373703,1.0,0.05947574973106384,0.0,0.9405242204666138,0.998088538646698,0.2151220589876175,0.18551703820697568,0.18307675960041916,0.23502977019866114
9750,0.3006112277507782,0.673095703125,0.3036116063594818,0.414461612701416,0.183760404586792,0.1679629236459732,0.1679629236459732,0.1679629236459732,1.0,1.0,1.0,1.0,1.0,1.0,1.0,0.673095703125,1.0,0.9151507019996643,1.0,0.9151507019996643,0.8445099592208862,0.1679629236459732,0.3973992422570859,0.3973992422570859,1.361166493354452
6333,0.44991829991340637,0.9250718951225281,0.6578459143638611,0.44807082414627075,0.2438381165266037,0.13270580768585205,0.13270580768585205,0.13270580768585205,1.0,1.0,1.0,1.0,1.0,0.20000000298023224,0.0,0.7266837358474731,1.0,0.029309023171663284,0.0,0.9706909656524658,0.9994059801101685,0.13270580768585205,0.6306205627956762,0.6191066316459044,0.866021627791219
8250,0.28944092988967896,0.5494911074638367,0.3874032497406006,0.29663726687431335,0.1842823326587677,0.17916417121887207,0.17916417121887207,0.17916417121887207,1.0,1.0,1.0,1.0,1.0,1.0,1.0,0.5494911074638367,1.0,0.20335876941680908,0.0,0.7966412305831909,0.813686192035675,0.17916417121887207,0.14322637060585364,0.14322637060585364,0.2931825811104733
4558,0.6954506039619446,1.5500282049179077,0.9529621005058289,0.7647228240966797,0.3686668574810028,0.176703542470932,1.3497095108032227,0.176703542470932,1.0,1.0,0.0,0.0,0.0,0.20000000298023224,0.0,0.9860948920249939,1.0,0.40817990899086,1.0,0.5918201208114624,0.9998410940170288,0.176703542470932,0.6508468770349968,0.5713367232247536,0.6897397564716424
3796,0.27496179938316345,0.5704456567764282,0.19699309766292572,0.4479238986968994,0.17996846139431,0.05518980696797371,0.05518980696797371,0.05518980696797371,1.0,1.0,1.0,1.0,1.0,1.0,1.0,0.5704456567764282,1.0,0.8832839727401733,1.0,0.8832839727401733,0.7084556818008423,0.05518980696797371,0.11976622329150147,0.11976622329150147,0.29034097514230356
7066,0.3206782042980194,0.5838059782981873,0.3438873291015625,0.36832112073898315,0.24982623755931854,0.16318629682064056,0.16318629682064056,0.16318629682064056,1.0,1.0,1.0,1.0,1.0,1.0,1.0,0.5838059782981873,1.0,0.9047411680221558,1.0,0.9047411680221558,0.9979661703109741,0.16318629682064056,0.4039116344010906,0.39012231166776845,0.6199592329800114
9541,0.3648078143596649,0.8015503287315369,0.2730759084224701,0.6863055229187012,0.1350419670343399,0.11893365532159805,0.11893365532159805,0.11893365532159805,1.0,1.0,1.0,1.0,1.0,1.0,1.0,0.8015503287315369,1.0,0.015138944610953331,0.0,0.9848610758781433,0.8722190856933594,0.11893365532159805,0.10425645575464619,0.10425645575464619,0.23116016679260176
261,0.30960753560066223,0.6427756547927856,0.2522311210632324,0.5009188055992126,0.17567263543605804,0.1486760973930359,0.1486760973930359,0.1486760973930359,1.0,1.0,1.0,1.0,1.0,0.6000000238418579,0.0,0.673694372177124,1.0,0.2940298318862915,0.0,0.7059701681137085,0.9991069436073303,0.1486760973930359,0.35946908626110097,0.33683325063488306,0.6411497330963678
8382,0.28798040747642517,0.5794985890388489,0.286309152841568,0.24012036621570587,0.33751174807548523,0.1345990151166916,0.1345990151166916,0.1345990151166916,1.0,1.0,1.0,1.0,1.0,0.6000000238418579,0.0,0.5577774047851562,1.0,0.867469310760498,1.0,0.867469310760498,0.8127675652503967,0.1345990151166916,0.42907145883848613,0.2978657591166024,0.5943599168032901
764,0.34990230202674866,0.7089044451713562,0.4003961682319641,0.3701819181442261,0.2791288495063782,0.19578717648983002,0.19578717648983002,0.19578717648983002,1.0,1.0,1.0,1.0,1.0,1.0,1.0,0.7089044451713562,1.0,0.02977239154279232,0.0,0.9702275991439819,0.9889768958091736,0.19578717648983002,0.4227538065303543,0.4227538065303543,0.7862739083655317
6705,0.25191444158554077,0.5436928868293762,0.27760133147239685,0.15427404642105103,0.32386788725852966,0.16417483985424042,0.16417483985424042,0.16417483985424042,1.0,1.0,1.0,1.0,1.0,1.0,1.0,0.5436928868293762,1.0,0.10159562528133392,0.0,0.8984043598175049,0.9459164142608643,0.16417483985424042,0.26923441422101474,0.26923441422101474,0.6588121386915627
8651,0.2058156430721283,0.4005511701107025,0.21366576850414276,0.19265276193618774,0.21112839877605438,0.16378751397132874,0.16378751397132874,0.16378751397132874,1.0,1.0,1.0,1.0,1.0,1.0,1.0,0.4005511701107025,1.0,0.015068493783473969,0.0,0.9849315285682678,0.9836825728416443,0.16378751397132874,0.19392721656805914,0.19392721656805914,0.5094069104999213
7378,0.3155376613140106,0.625156044960022,0.2552303969860077,0.44509583711624146,0.24628667533397675,0.15379977226257324,0.15379977226257324,0.15379977226257324,1.0,1.0,1.0,1.0,1.0,0.6000000238418579,0.0,0.6583089828491211,1.0,0.03327072784304619,0.0,0.9667292833328247,0.9986496567726135,0.15379977226257324,0.44470571616129567,0.38239134568557004,0.4153874132523475
3797,0.23212912678718567,0.45061084628105164,0.20794664323329926,0.34358105063438416,0.1448596566915512,0.20229239761829376,0.20229239761829376,0.20229239761829376,1.0,1.0,1.0,1.0,1.0,1.0,1.0,0.41324931383132935,1.0,0.9032761454582214,1.0,0.9032761454582214,0.9740387797355652,0.20229239761829376,0.3950283099736298,0.39162194198761957,0.9420560061268024
2685,0.4889658987522125,1.0353929996490479,0.49080806970596313,0.7884541749954224,0.18763524293899536,0.16576197743415833,0.16576197743415833,0.16576197743415833,1.0,1.0,1.0,1.0,1.0,1.0,1.0,1.0353929996490479,1.0,0.08538112044334412,0.0,0.9146188497543335,0.6081056594848633,0.16576197743415833,0.16798231468373692,0.16798231468373692,0.3988722460523732
503,0.2802092134952545,0.5453400015830994,0.2523263692855835,0.38389769196510315,0.20440350472927094,0.12481961399316788,0.12481961399316788,0.12481961399316788,1.0,1.0,1.0,1.0,1.0,1.0,1.0,0.5453400015830994,1.0,0.9115048050880432,1.0,0.9115048050880432,0.9945393204689026,0.12481961399316788,0.2828332371148486,0.2582387332792159,0.49610121202307816
1259,0.29624664783477783,0.5951618552207947,0.3169536590576172,0.42449966073036194,0.14728660881519318,0.1772838830947876,0.1772838830947876,0.1772838830947876,1.0,1.0,1.0,1.0,1.0,1.0,1.0,0.5951618552207947,1.0,0.9511849880218506,1.0,0.9511849880218506,0.9993933439254761,0.1772838830947876,0.3713782250042355,0.36771239981127635,0.4902644938617346
1023,0.3534550964832306,0.743669331073761,0.3025875389575958,0.5737091898918152,0.18406853079795837,0.17741666734218597,0.17741666734218597,0.17741666734218597,1.0,1.0,1.0,1.0,1.0,1.0,1.0,0.743669331073761,1.0,0.9391905069351196,1.0,0.9391905069351196,0.9390304684638977,0.17741666734218597,0.12503044790624798,0.12387951561276861,0.23915404873151652
6424,0.32810837030410767,0.6841194033622742,0.3496980369091034,0.4610750377178192,0.17355191707611084,0.25090962648391724,0.25090962648391724,0.25090962648391724,1.0,1.0,1.0,1.0,1.0,1.0,1.0,0.6841194033622742,1.0,0.06946959346532822,0.0,0.9305304288864136,0.9857067465782166,0.25090962648391724,0.21538388196728817,0.21538388196728817,0.4015598026776248
7210,0.39074134826660156,0.8617305755615234,0.6425787210464478,0.3476083278656006,0.18203702569007874,0.19032105803489685,0.19032105803489685,0.19032105803489685,1.0,1.0,1.0,1.0,1.0,1.0,1.0,0.8617305755615234,1.0,0.33924663066864014,0.0,0.6607533693313599,0.9998144507408142,0.19032105803489685,0.5793413165871882,0.5375870639864844,0.7742488556636535
6243,0.23947405815124512,0.5031237602233887,0.19366554915905,0.392586886882782,0.13216963410377502,0.1339205652475357,0.1339205652475357,0.1339205652475357,1.0,1.0,1.0,1.0,1.0,1.0,1.0,0.5031237602233887,1.0,0.9797852635383606,1.0,0.9797852635383606,0.9840444326400757,0.1339205652475357,0.07624612298547376,0.07624612298547376,0.16353044358904073
314,0.3554896116256714,0.6921014785766602,0.4627320468425751,0.36810770630836487,0.2356291115283966,0.17434677481651306,0.17434677481651306,0.17434677481651306,1.0,1.0,1.0,1.0,1.0,1.0,1.0,0.6921014785766602,1.0,0.9837355613708496,1.0,0.9837355613708496,0.9994283318519592,0.17434677481651306,0.3756550542831279,0.3756550542831279,1.1981493663844542
5413,0.18410547077655792,0.38077545166015625,0.2637791335582733,0.21035562455654144,0.0781816616654396,0.09956681728363037,0.09956681728363037,0.09956681728363037,1.0,1.0,1.0,1.0,1.0,1.0,1.0,0.38077545166015625,1.0,0.9856079816818237,1.0,0.9856079816818237,0.9751924276351929,0.09956681728363037,0.10941998144184206,0.10941998144184206,0.24277587957993596
886,0.3597918450832367,0.722801923751831,0.2733265459537506,0.5224010348320007,0.28364789485931396,0.16178622841835022,0.16178622841835022,0.16178622841835022,1.0,1.0,1.0,1.0,1.0,0.6000000238418579,0.0,0.7094594836235046,1.0,0.0767117589712143,0.0,0.9232882261276245,0.9966776371002197,0.16178622841835022,0.6393644707273409,0.5331289485494286,0.7787628971198381
3610,0.4370485544204712,0.8956732153892517,0.4723814129829407,0.6911308169364929,0.1476333737373352,0.1602303832769394,0.1602303832769394,0.1602303832769394,1.0,1.0,1.0,1.0,1.0,1.0,1.0,0.8956732153892517,1.0,0.9041737914085388,1.0,0.9041737914085388,0.9998236298561096,0.1602303832769394,0.3815803727854721,0.3543196386628046,0.5034272983582357
2903,0.24875298142433167,0.5501853823661804,0.21329008042812347,0.3363162577152252,0.1966526061296463,0.13728848099708557,0.13728848099708557,0.13728848099708557,1.0,1.0,1.0,1.0,1.0,1.0,1.0,0.5501853823661804,1.0,0.056550078094005585,0.0,0.9434499144554138,0.8325168490409851,0.13728848099708557,0.09321461795575521,0.09321461795575521,0.19357439439733518
2226,0.41262587904930115,0.8582203984260559,0.4258356988430023,0.44223451614379883,0.36980727314949036,0.11529727280139923,0.11529727280139923,0.11529727280139923,1.0,1.0,1.0,1.0,1.0,1.0,1.0,0.8582203984260559,1.0,0.01393724512308836,0.0,0.98606276512146,0.9443590044975281,0.11529727280139923,0.12860989980017043,0.12860989980017043,0.4060989238902347
1540,0.5188776254653931,1.0838533639907837,0.8893377184867859,0.5069467425346375,0.16034837067127228,0.1671769917011261,0.1671769917011261,0.1671769917011261,1.0,1.0,1.0,1.0,1.0,0.6000000238418579,0.0,0.8517298102378845,1.0,0.8542638421058655,1.0,0.8542638421058655,0.9996452331542969,0.1671769917011261,0.6357758000154902,0.5776937768828107,0.6594635480666966
5905,0.521452009677887,1.0051243305206299,0.76699298620224,0.4820674955844879,0.3152954876422882,0.14624963700771332,0.14624963700771332,0.14624963700771332,1.0,1.0,1.0,1.0,1.0,1.0,1.0,1.0051243305206299,1.0,0.03364938125014305,0.0,0.9663506150245667,0.999461829662323,0.14624963700771332,0.5276509907987025,0.5273065133906965,0.7344691498181969
4462,0.33164840936660767,0.7006861567497253,0.4922734200954437,0.3720335066318512,0.1306382119655609,0.1732923537492752,0.1732923537492752,0.1732923537492752,1.0,1.0,1.0,1.0,1.0,1.0,1.0,0.7006861567497253,1.0,0.030534613877534866,0.0,0.9694653749465942,0.9774256348609924,0.1732923537492752,0.21926216863768497,0.21926216863768497,0.522993212843414
9445,0.3431364893913269,0.6730008125305176,0.5392468571662903,0.19390268623828888,0.2962598502635956,0.20861554145812988,0.20861554145812988,0.20861554145812988,1.0,1.0,1.0,1.0,1.0,1.0,1.0,0.6730008125305176,1.0,0.15930314362049103,0.0,0.8406968712806702,0.6382856369018555,0.20861554145812988,0.29718903769549093,0.2969751810327462,0.6043384309880219
9569,0.4841921627521515,1.055431604385376,0.687913715839386,0.5825437307357788,0.18211913108825684,0.12411844730377197,1.2140272855758667,0.12411844730377197,1.0,1.0,0.0,0.0,0.0,0.20000000298023224,0.0,0.7811093330383301,1.0,0.5545211434364319,0.0,0.5545211434364319,0.998742401599884,0.12411844730377197,0.711178094432327,0.48991424030582614,0.5725832623573116
1732,0.449245423078537,0.9516380429267883,0.7476494908332825,0.40352001786231995,0.19656668603420258,0.11687030643224716,1.3167184591293335,0.11687030643224716,1.0,1.0,0.0,0.0,0.0,0.6000000238418579,0.0,0.7190790176391602,1.0,0.8617538213729858,0.0,0.8617538213729858,0.9999173879623413,0.11687030643224716,1.0754305141113503,0.8440665117689806,1.0008713285283515
1836,0.4080692529678345,0.7987184524536133,0.5195480585098267,0.5396676063537598,0.16499201953411102,0.16887134313583374,0.16887134313583374,0.16887134313583374,1.0,1.0,1.0,1.0,1.0,1.0,1.0,0.7957410216331482,1.0,0.29510512948036194,0.0,0.7048949003219604,0.9664879441261292,0.16887134313583374,0.5608526067801052,0.5120300863776381,1.1443976915552365
7759,0.42336198687553406,0.8256757855415344,0.3976266384124756,0.6801886558532715,0.19227060675621033,0.13052760064601898,0.13052760064601898,0.13052760064601898,1.0,1.0,1.0,1.0,1.0,1.0,1.0,0.8256757855415344,1.0,0.8469845652580261,1.0,0.8469845652580261,0.9946175217628479,0.13052760064601898,0.7555288339412587,0.6820890674175845,0.9621206620953586
8053,0.401564359664917,0.7860477566719055,0.4947148263454437,0.45641323924064636,0.2535649240016937,0.24769334495067596,0.24769334495067596,0.24769334495067596,1.0,1.0,1.0,1.0,1.0,1.0,1.0,0.7860477566719055,1.0,0.7042400240898132,1.0,0.7042400240898132,0.9995957016944885,0.24769334495067596,0.5193994580381216,0.47738503037914615,0.5469761897595924
2607,0.353220134973526,0.7798418402671814,0.5718359351158142,0.23956003785133362,0.24826447665691376,0.1396319717168808,0.1396319717168808,0.1396319717168808,1.0,1.0,1.0,1.0,1.0,1.0,1.0,0.7798418402671814,1.0,0.9783769845962524,1.0,0.9783769845962524,0.9911925196647644,0.1396319717168808,0.25091621617155296,0.2489111223840865,0.43659694906966573
8867,0.3894164562225342,0.7413575053215027,0.5470530390739441,0.42193803191185,0.1992582082748413,0.1999921053647995,0.1999921053647995,0.1999921053647995,1.0,1.0,1.0,1.0,1.0,1.0,1.0,0.7413575053215027,1.0,0.9450550079345703,1.0,0.9450550079345703,0.9574632048606873,0.1999921053647995,0.1441992744706222,0.1441992744706222,0.2835328282026913
2407,0.39853230118751526,0.857674777507782,0.6418037414550781,0.40675994753837585,0.14703325927257538,0.16675154864788055,0.16675154864788055,0.16675154864788055,1.0,1.0,1.0,1.0,1.0,1.0,1.0,0.857674777507782,1.0,0.2697802782058716,0.0,0.7302197217941284,0.9883629679679871,0.16675154864788055,0.33683604634723036,0.33683604634723036,0.7462249612325789
7784,0.23581643402576447,0.459254652261734,0.2415255755186081,0.2668053209781647,0.19911836087703705,0.1288999766111374,0.1288999766111374,0.1288999766111374,1.0,1.0,1.0,1.0,1.0,1.0,1.0,0.459254652261734,1.0,0.08195822685956955,0.0,0.9180417656898499,0.9910954236984253,0.1288999766111374,0.244197891918246,0.244197891918246,0.5618080021807488
8630,0.25932571291923523,0.533122181892395,0.45896443724632263,0.1364220678806305,0.1825905740261078,0.19205757975578308,0.19205757975578308,0.19205757975578308,1.0,1.0,1.0,1.0,1.0,1.0,1.0,0.533122181892395,1.0,0.08386162668466568,0.0,0.9161383509635925,0.9966829419136047,0.19205757975578308,0.19368972141551435,0.1936353408966636,0.2816302565011895
9789,0.3273494243621826,0.6536521315574646,0.5270892977714539,0.30832964181900024,0.14662927389144897,0.14686492085456848,0.14686492085456848,0.14686492085456848,1.0,1.0,1.0,1.0,1.0,1.0,1.0,0.6536521315574646,1.0,0.016257744282484055,0.0,0.9837422370910645,0.984899640083313,0.14686492085456848,0.2893190361007344,0.2893190361007344,0.6780012078595095
7482,0.182763010263443,0.3684176504611969,0.24488456547260284,0.18235549330711365,0.12104897946119308,0.2155829668045044,0.2155829668045044,0.2155829668045044,1.0,1.0,1.0,1.0,1.0,1.0,1.0,0.3684176504611969,1.0,0.9816617369651794,1.0,0.9816617369651794,0.960771918296814,0.2155829668045044,0.08651165015205906,0.0851877809141933,0.16506223555759794
2248,0.39765381813049316,0.877128541469574,0.4989379942417145,0.38615188002586365,0.3078715205192566,0.11660599708557129,0.11660599708557129,0.11660599708557129,1.0,1.0,1.0,1.0,1.0,0.20000000298023224,0.0,0.7868880033493042,1.0,0.034893698990345,0.0,0.9651063084602356,0.9993108510971069,0.11660599708557129,0.8722579661083819,0.6453134846181483,0.8047529404539596
4054,0.358466237783432,0.813797116279602,0.4276343286037445,0.167681485414505,0.48008280992507935,0.16792309284210205,0.8082695007324219,0.5727766156196594,0.6000000238418579,0.0,0.0,0.4000000059604645,0.0,0.20000000298023224,0.0,0.6817483901977539,0.0,0.7374318242073059,0.0,0.7374318242073059,0.6474094390869141,0.5727766156196594,0.48535191133929373,0.48535191133929373,0.9494746049050561
9467,0.250778466463089,0.49895355105400085,0.33748361468315125,0.21202965080738068,0.20282211899757385,0.1318422108888626,0.2529124617576599,0.2529124617576599,0.20000000298023224,0.0,0.0,0.800000011920929,0.0,0.20000000298023224,0.0,0.49895355105400085,0.0,0.6189939975738525,0.0,0.6189939975738525,0.614677369594574,1.1433883905410767,0.1771588616407976,0.1771588616407976,0.4120096381750741
805,0.22839567065238953,0.43607741594314575,0.25673907995224,0.12582647800445557,0.30262142419815063,0.18426577746868134,0.18426577746868134,0.18426577746868134,1.0,1.0,1.0,1.0,1.0,1.0,1.0,0.43607741594314575,1.0,0.9741730690002441,1.0,0.9741730690002441,0.9978487491607666,0.18426577746868134,0.2445521829352031,0.23731763995763766,0.46727412411892233
4842,0.46226438879966736,0.9240245819091797,0.42600736021995544,0.6222701072692871,0.33851566910743713,0.18956255912780762,0.18956255912780762,0.18956255912780762,1.0,1.0,1.0,1.0,1.0,0.6000000238418579,0.0,0.8817853927612305,1.0,0.06488288193941116,0.0,0.9351171255111694,0.9996726512908936,0.18956255912780762,1.3781657229217523,0.5142284449714214,0.7460055591995258
7883,0.3223416805267334,0.6007196307182312,0.3123682737350464,0.3147151470184326,0.3399415910243988,0.10896557569503784,0.10896557569503784,0.10896557569503784,1.0,1.0,1.0,1.0,1.0,1.0,1.0,0.6007196307182312,1.0,0.029624834656715393,0.0,0.9703751802444458,0.9899523854255676,0.10896557569503784,0.7879179556020401,0.7187984175338035,0.9813727578690888
8615,0.23280350863933563,0.46252503991127014,0.1789935678243637,0.33112868666648865,0.18828827142715454,0.1433960199356079,0.1433960199356079,0.1433960199356079,1.0,1.0,1.0,1.0,1.0,1.0,1.0,0.46252503991127014,1.0,0.9407810568809509,1.0,0.9407810568809509,0.8649234771728516,0.1433960199356079,0.11333125491324045,0.11333125491324045,0.2846828302621932
8310,0.26666852831840515,0.5345174670219421,0.3536026179790497,0.3019440174102783,0.14445897936820984,0.11283045262098312,0.11283045262098312,0.11283045262098312,1.0,1.0,1.0,1.0,1.0,1.0,1.0,0.5345174670219421,1.0,0.9776955246925354,1.0,0.9776955246925354,0.8389754295349121,0.11283045262098312,0.7112109364613199,0.7098122373306749,10.132752258806834
7505,0.4254075288772583,0.9045717120170593,0.5485913157463074,0.5279893279075623,0.19964192807674408,0.15781889855861664,0.15781889855861664,0.15781889855861664,1.0,1.0,1.0,1.0,1.0,1.0,1.0,0.9045717120170593,1.0,0.803100049495697,1.0,0.803100049495697,0.9887268543243408,0.15781889855861664,0.5685569536298252,0.5631235135808982,0.8297362202940706
5649,0.32665807008743286,0.6296461224555969,0.39328527450561523,0.4069652557373047,0.17972372472286224,0.1296534538269043,0.1296534538269043,0.1296534538269043,1.0,1.0,1.0,1.0,1.0,1.0,1.0,0.6296461224555969,1.0,0.9727925658226013,1.0,0.9727925658226013,0.9737997651100159,0.1296534538269043,0.2930360060127442,0.2930360060127442,0.9565697047700671
3129,0.26860925555229187,0.5299782752990723,0.1829039305448532,0.4261792302131653,0.19674460589885712,0.21212835609912872,0.21212835609912872,0.21212835609912872,1.0,1.0,1.0,1.0,1.0,1.0,1.0,0.5299782752990723,1.0,0.9787238836288452,1.0,0.9787238836288452,0.9853742122650146,0.21212835609912872,0.07536177162401844,0.07536177162401844,0.17208433571191123
3750,0.4651065766811371,1.0334751605987549,0.7845969796180725,0.3440346419811249,0.26668795943260193,0.09242438524961472,0.09242438524961472,0.09242438524961472,1.0,1.0,1.0,1.0,1.0,0.6000000238418579,0.0,0.9569317102432251,1.0,0.023161469027400017,0.0,0.9768385291099548,0.9999853372573853,0.09242438524961472,0.7193714905626347,0.6376011670815825,0.9370775085601771
2263,0.39618536829948425,0.8986746668815613,0.5442689657211304,0.5244231820106506,0.11986389011144638,0.2129395455121994,0.2129395455121994,0.2129395455121994,1.0,1.0,1.0,1.0,1.0,0.6000000238418579,0.0,0.8916963934898376,1.0,0.8406891226768494,1.0,0.8406891226768494,0.9996825456619263,0.2129395455121994,0.42239611964929913,0.36722372142392595,0.5048604925802103
1885,0.23993897438049316,0.553216278553009,0.33478185534477234,0.16760532557964325,0.2174297422170639,0.13976021111011505,0.13976021111011505,0.13976021111011505,1.0,1.0,1.0,1.0,1.0,0.6000000238418579,0.0,0.6584798693656921,1.0,0.9740391373634338,1.0,0.9740391373634338,0.9979222416877747,0.13976021111011505,0.8792345094176431,0.6182512966517205,0.9560754407644583
3502,0.3891849219799042,0.7950574159622192,0.45908546447753906,0.31225457787513733,0.39621466398239136,0.1835576742887497,0.1835576742887497,0.1835576742887497,1.0,1.0,1.0,1.0,1.0,0.6000000238418579,0.0,0.665524423122406,1.0,0.925505518913269,1.0,0.925505518913269,0.9998587369918823,0.1835576742887497,0.6807563569668974,0.6444545071661062,0.9060303772310003
6157,0.2668428421020508,0.525792121887207,0.2981557250022888,0.3905819356441498,0.11179089546203613,0.13181845843791962,0.13181845843791962,0.13181845843791962,1.0,1.0,1.0,1.0,1.0,1.0,1.0,0.525792121887207,1.0,0.41220995783805847,0.0,0.5877900123596191,0.8269671201705933,0.13181845843791962,0.12143261478725556,0.12143261478725556,0.32187258056145673
9406,0.3663965165615082,0.7426387071609497,0.37531575560569763,0.553801417350769,0.17007231712341309,0.1364787369966507,0.1364787369966507,0.1364787369966507,1.0,1.0,1.0,1.0,1.0,1.0,1.0,0.7426387071609497,1.0,0.04410252347588539,0.0,0.9558974504470825,0.9382461905479431,0.1364787369966507,0.12580454658586784,0.12580454658586784,0.21062980764494535
9486,0.3980667293071747,0.7536760568618774,0.4313163757324219,0.41754865646362305,0.34533509612083435,0.15402117371559143,0.15402117371559143,0.15402117371559143,1.0,1.0,1.0,1.0,1.0,1.0,1.0,0.7398790717124939,1.0,0.936486542224884,1.0,0.936486542224884,0.9964621663093567,0.15402117371559143,0.5008412859642887,0.45308967290510715,1.3613418003791027
3949,0.41278770565986633,0.9048380255699158,0.32330018281936646,0.7557274699211121,0.1593354344367981,0.11665192991495132,0.11665192991495132,0.11665192991495132,1.0,1.0,1.0,1.0,1.0,0.6000000238418579,0.0,0.9545050859451294,1.0,0.8387506008148193,1.0,0.8387506008148193,0.9668483138084412,0.11665192991495132,0.3154011838043955,0.2906729547975913,0.5747569988554408
446,0.47099655866622925,0.9244462847709656,0.5182417035102844,0.6377317309379578,0.2570161521434784,0.15411509573459625,0.15411509573459625,0.15411509573459625,1.0,1.0,1.0,1.0,1.0,0.6000000238418579,0.0,0.9345762133598328,1.0,0.9609864950180054,1.0,0.9609864950180054,0.9998492002487183,0.15411509573459625,0.6542393214444201,0.6537608203767395,0.9378933601398437
781,0.4143761992454529,0.8575801849365234,0.5464223027229309,0.4153374135494232,0.28136882185935974,0.07969330996274948,1.2368139028549194,0.07969330996274948,1.0,1.0,0.0,0.0,0.0,1.0,1.0,0.8575801849365234,1.0,0.3698606491088867,1.0,0.6301393508911133,0.9998557567596436,0.07969330996274948,1.019558607378719,0.8313120485493781,0.9815283695651816
2423,0.3800777494907379,0.7416437268257141,0.6174891591072083,0.31787070631980896,0.2048734724521637,0.20984099805355072,0.20984099805355072,0.20984099805355072,1.0,1.0,1.0,1.0,1.0,1.0,1.0,0.7416437268257141,1.0,0.9457880258560181,1.0,0.9457880258560181,0.9192346334457397,0.20984099805355072,0.39644871711553614,0.39360473444389654,0.8352847662938714
2686,0.42105644941329956,0.8218391537666321,0.6260623335838318,0.3827798366546631,0.2543271481990814,0.1357640027999878,0.1357640027999878,0.1357640027999878,1.0,1.0,1.0,1.0,1.0,0.6000000238418579,0.0,0.8059606552124023,1.0,0.025580329820513725,0.0,0.9744196534156799,0.9992883801460266,0.1357640027999878,0.2963089269842847,0.2734938259134635,0.29661463305663627
6107,0.4083634912967682,0.84186190366745,0.455540269613266,0.5571007132530212,0.21244943141937256,0.1788318008184433,0.1788318008184433,0.1788318008184433,1.0,1.0,1.0,1.0,1.0,1.0,1.0,0.84186190366745,1.0,0.05954999104142189,0.0,0.9404500126838684,0.7418246865272522,0.1788318008184433,0.5317423334415209,0.45515671658727114,0.7597165840629223
9154,0.4637909233570099,0.9594958424568176,0.7748693823814392,0.44253721833229065,0.17396610975265503,0.17617808282375336,0.17617808282375336,0.17617808282375336,1.0,1.0,1.0,1.0,1.0,0.6000000238418579,0.0,0.868393063545227,1.0,0.9883044958114624,1.0,0.9883044958114624,0.9996119141578674,0.17617808282375336,0.40780926059074973,0.40780926059074973,0.6521851088187943
7191,0.4475304186344147,0.9677169919013977,0.24256698787212372,0.8857194781303406,0.21430473029613495,0.09606380760669708,0.6998481750488281,0.5396161079406738,0.6000000238418579,0.0,0.0,0.4000000059604645,0.0,0.20000000298023224,0.0,0.6933366656303406,0.0,0.8610495328903198,0.0,0.8610495328903198,0.9763010144233704,0.5396161079406738,0.2976211134582989,0.29198046036964026,0.42941630868059977
2239,0.33223289251327515,0.6795182228088379,0.2799813449382782,0.5637523531913757,0.1529649943113327,0.23172178864479065,0.23172178864479065,0.23172178864479065,1.0,1.0,1.0,1.0,1.0,1.0,1.0,0.6795182228088379,1.0,0.9507110118865967,1.0,0.9507110118865967,0.9361991882324219,0.23172178864479065,0.14250585050637096,0.14250585050637096,0.40820576592128416
3577,0.3530317544937134,0.7798227071762085,0.4973633885383606,0.45550575852394104,0.10622601956129074,0.21347294747829437,0.21347294747829437,0.21347294747829437,1.0,1.0,1.0,1.0,1.0,1.0,1.0,0.7798227071762085,1.0,0.9802425503730774,1.0,0.9802425503730774,0.9993610978126526,0.21347294747829437,0.26007536393979647,0.2487411825605491,0.3206919687273172
9877,0.3654962182044983,0.8196393251419067,0.5918590426445007,0.3597637116909027,0.14486584067344666,0.1737488955259323,0.1737488955259323,0.1737488955259323,1.0,1.0,1.0,1.0,1.0,1.0,1.0,0.8196393251419067,1.0,0.9656162858009338,1.0,0.9656162858009338,0.9999282360076904,0.1737488955259323,0.5731976649819778,0.48875931899810066,0.667545343583281
277,0.47360149025917053,0.9831258058547974,0.5085678100585938,0.6980758905410767,0.2141607254743576,0.14271904528141022,0.14271904528141022,0.14271904528141022,1.0,1.0,1.0,1.0,1.0,1.0,1.0,0.9831258058547974,1.0,0.9252153038978577,1.0,0.9252153038978577,0.9996975660324097,0.14271904528141022,0.8169799598055978,0.7809248012212324,1.2626851673348898
7422,0.44996377825737,1.0434716939926147,0.5843157768249512,0.543388307094574,0.2221870720386505,0.22241906821727753,0.6801490187644958,0.5755662322044373,0.6000000238418579,0.0,0.0,0.4000000059604645,0.0,0.20000000298023224,0.0,0.8644608855247498,0.0,0.10552570223808289,1.0,0.8944742679595947,0.5664804577827454,0.5755662322044373,0.1638182999396446,0.1499987864941341,0.18302484462620927
2743,0.3886376917362213,0.7881350517272949,0.6432763934135437,0.3768419623374939,0.14579470455646515,0.08690907061100006,0.08690907061100006,0.08690907061100006,1.0,1.0,1.0,1.0,1.0,1.0,1.0,0.7881350517272949,1.0,0.9093442559242249,1.0,0.9093442559242249,0.9986417889595032,0.08690907061100006,0.42214473281228104,0.42214473281228104,0.9058492786573121
8517,0.35552534461021423,0.7071122527122498,0.29316481947898865,0.5088974237442017,0.2645138204097748,0.22912786900997162,1.294823169708252,0.22912786900997162,1.0,1.0,0.0,0.0,0.0,1.0,1.0,0.7071122527122498,1.0,0.5991106033325195,0.0,0.5991106033325195,0.28348055481910706,0.22912786900997162,2.1491823076742858,0.1713042377719518,0.32851863058909947
5640,0.4490538239479065,0.913979709148407,0.31775546073913574,0.7016510963439941,0.3277547359466553,0.12181379646062851,0.12181379646062851,0.12181379646062851,1.0,1.0,1.0,1.0,1.0,0.6000000238418579,0.0,0.7850996255874634,1.0,0.07221462577581406,0.0,0.9277853965759277,0.9960203766822815,0.12181379646062851,0.9158004420099114,0.616453262932732,0.911746334462478
8155,0.3973219096660614,0.8107609748840332,0.46117454767227173,0.4109838008880615,0.31980738043785095,0.13545909523963928,0.13545909523963928,0.13545909523963928,1.0,1.0,1.0,1.0,1.0,0.6000000238418579,0.0,0.4998585283756256,1.0,0.6989089250564575,1.0,0.6989089250564575,0.9980277419090271,0.13545909523963928,0.8885977480015531,0.6092792816816373,0.7731995202407093
7604,0.3156026303768158,0.6629379987716675,0.35017678141593933,0.5162486433982849,0.08038244396448135,0.08747819811105728,1.1962436437606812,0.08747819811105728,1.0,1.0,0.0,0.0,0.0,0.6000000238418579,0.0,0.6645736694335938,1.0,0.6480771899223328,0.0,0.6480771899223328,0.5021163821220398,0.08747819811105728,2.2617192177971175,0.3609709732633427,0.7548132781991541
5382,0.23542018234729767,0.48483702540397644,0.31617480516433716,0.303061306476593,0.08702441304922104,0.11359963566064835,0.11359963566064835,0.11359963566064835,1.0,1.0,1.0,1.0,1.0,1.0,1.0,0.48483702540397644,1.0,0.7723695635795593,1.0,0.7723695635795593,0.9248720407485962,0.11359963566064835,0.3040983222963985,0.2839062389953334,0.46880239485669417
7104,0.2983582317829132,0.6274043321609497,0.33771711587905884,0.46273738145828247,0.09462019056081772,0.057292260229587555,0.057292260229587555,0.057292260229587555,1.0,1.0,1.0,1.0,1.0,1.0,1.0,0.6274043321609497,1.0,0.27998465299606323,0.0,0.7200153470039368,0.9999115467071533,0.057292260229587555,0.8942805030511786,0.7271646036601469,0.9303359332179649
2290,0.22320570051670074,0.43514758348464966,0.3266243040561676,0.12287932634353638,0.22011351585388184,0.20757035911083221,0.20757035911083221,0.20757035911083221,1.0,1.0,1.0,1.0,1.0,1.0,1.0,0.43514758348464966,1.0,0.11902046203613281,0.0,0.8809795379638672,0.8484152555465698,0.20757035911083221,0.16107904188569064,0.16107904188569064,0.31899917845989156
1669,0.36223629117012024,0.6822026968002319,0.4926852881908417,0.39627641439437866,0.19774718582630157,0.1473102867603302,0.1473102867603302,0.1473102867603302,1.0,1.0,1.0,1.0,1.0,1.0,1.0,0.6822026968002319,1.0,0.9715703129768372,1.0,0.9715703129768372,0.9730884432792664,0.1473102867603302,0.31404906277326905,0.309330381589731,0.6046342469075419
6950,0.503475546836853,1.0667543411254883,0.44595861434936523,0.8797082901000977,0.18475958704948425,0.13071350753307343,0.7182449102401733,0.5296320915222168,0.6000000238418579,0.0,0.0,0.4000000059604645,0.0,0.20000000298023224,0.0,0.8409199118614197,0.0,0.07329133152961731,1.0,0.9267086982727051,0.8171553611755371,0.5296320915222168,0.11013936379590962,0.11013936379590962,0.21413175567435497
2645,0.27560529112815857,0.5513154864311218,0.306241512298584,0.3202785551548004,0.20029567182064056,0.11103975027799606,0.11103975027799606,0.11103975027799606,1.0,1.0,1.0,1.0,1.0,1.0,1.0,0.5513154864311218,1.0,0.7656999230384827,1.0,0.7656999230384827,0.9956691265106201,0.11103975027799606,0.4554306927506091,0.42841114951777737,0.6865867458778372
1775,0.37271103262901306,0.7665225267410278,0.4647245407104492,0.413605272769928,0.23980331420898438,0.16308976709842682,0.16308976709842682,0.16308976709842682,1.0,1.0,1.0,1.0,1.0,1.0,1.0,0.7665225267410278,1.0,0.01788865588605404,0.0,0.9821113348007202,0.9980202913284302,0.16308976709842682,0.440019519635209,0.4130383795151076,0.6221577912736483
9179,0.31930306553840637,0.6764459609985352,0.42548495531082153,0.46628308296203613,0.06614115089178085,0.04993479326367378,0.04993479326367378,0.04993479326367378,1.0,1.0,1.0,1.0,1.0,0.6000000238418579,0.0,0.5986785292625427,1.0,0.04225662723183632,0.0,0.9577433466911316,0.9816568493843079,0.04993479326367378,0.11362138390473953,0.11362138390473953,0.16471014683403878
515,0.21082453429698944,0.4225338101387024,0.1576152741909027,0.23684440553188324,0.23801389336585999,0.236366868019104,0.236366868019104,0.236366868019104,1.0,1.0,1.0,1.0,1.0,1.0,1.0,0.4225338101387024,1.0,0.7789530754089355,1.0,0.7789530754089355,0.9885854125022888,0.236366868019104,0.19163115803521633,0.16655872433297292,0.24498638731179223
6738,0.4801453649997711,0.9587599039077759,0.5073859095573425,0.6470820307731628,0.2859678864479065,0.18579693138599396,0.18579693138599396,0.18579693138599396,1.0,1.0,1.0,1.0,1.0,0.6000000238418579,0.0,0.763241708278656,1.0,0.8280931115150452,1.0,0.8280931115150452,0.9804617166519165,0.18579693138599396,0.9493559793405275,0.6034129844694124,0.7923968172133063
1041,0.3150065243244171,0.6590056419372559,0.3349307179450989,0.5245012640953064,0.08558757603168488,0.2177606076002121,0.2177606076002121,0.2177606076002121,1.0,1.0,1.0,1.0,1.0,1.0,1.0,0.6590056419372559,1.0,0.03420638665556908,0.0,0.9657936096191406,0.9771067500114441,0.2177606076002121,0.13748286580426686,0.13748286580426686,0.28376097899796915
1810,0.3720855414867401,0.7829513549804688,0.25429630279541016,0.6327635645866394,0.229196697473526,0.13445253670215607,0.13445253670215607,0.13445253670215607,1.0,1.0,1.0,1.0,1.0,1.0,1.0,0.7829513549804688,1.0,0.9849207997322083,1.0,0.9849207997322083,0.9957232475280762,0.13445253670215607,0.46313687506594753,0.4079224875208873,0.5725639477482757
6138,0.4753989577293396,0.975938618183136,0.39792805910110474,0.7408419251441956,0.28742679953575134,0.15465307235717773,0.15465307235717773,0.15465307235717773,1.0,1.0,1.0,1.0,1.0,0.20000000298023224,0.0,0.9347711801528931,1.0,0.39421144127845764,0.0,0.6057885885238647,0.9990135431289673,0.15465307235717773,0.7492801291619828,0.5615087354860991,0.7710479870742256
8606,0.40139496326446533,0.8024601936340332,0.34982386231422424,0.6123984456062317,0.2419624775648117,0.21613815426826477,0.21613815426826477,0.21613815426826477,1.0,1.0,1.0,1.0,1.0,1.0,1.0,0.8024601936340332,1.0,0.015424508601427078,0.0,0.9845755100250244,0.9826503396034241,0.21613815426826477,0.35369429166167105,0.33665417151921506,0.6102418074001502
9543,0.29460063576698303,0.5683278441429138,0.40790292620658875,0.3336268961429596,0.14227211475372314,0.0938541516661644,0.0938541516661644,0.0938541516661644,1.0,1.0,1.0,1.0,1.0,1.0,1.0,0.5683278441429138,1.0,0.7522744536399841,1.0,0.7522744536399841,0.8216617107391357,0.0938541516661644,0.2574722195651279,0.2574722195651279,0.5257771292678973
7272,0.4356686472892761,0.881207287311554,0.5351344347000122,0.6392642855644226,0.13260714709758759,0.140587717294693,0.140587717294693,0.140587717294693,1.0,1.0,1.0,1.0,1.0,0.6000000238418579,0.0,0.8791918158531189,1.0,0.050931159406900406,0.0,0.9490688443183899,0.991664469242096,0.140587717294693,0.3730704063681058,0.3727768252703575,0.9500406994932593
485,0.5135780572891235,0.9474639892578125,0.708483099937439,0.3902730643749237,0.44197797775268555,0.17922674119472504,0.6263589262962341,0.6263589262962341,0.6000000238418579,0.0,1.0,0.6000000238418579,0.0,0.6000000238418579,0.0,0.9335594177246094,0.0,0.23153966665267944,0.0,0.7684603333473206,0.652847945690155,0.6263589262962341,2.3967866383906404,0.8265527121716033,1.4417586685577275
4042,0.7537369132041931,1.4566642045974731,1.0051333904266357,0.8942753672599792,0.36180177330970764,0.13098227977752686,0.13098227977752686,0.13098227977752686,1.0,1.0,1.0,1.0,1.0,0.6000000238418579,0.0,1.0020250082015991,1.0,0.47287043929100037,0.0,0.5271295309066772,0.9998422861099243,0.13098227977752686,1.2372791357999018,0.8047422686147218,0.9722296667125921
9892,0.35202592611312866,0.7659875750541687,0.7050074934959412,0.17835497856140137,0.17271529138088226,0.12557612359523773,0.12557612359523773,0.12557612359523773,1.0,1.0,1.0,1.0,1.0,0.6000000238418579,0.0,0.819932758808136,1.0,0.9390206933021545,1.0,0.9390206933021545,0.8997117280960083,0.12557612359523773,0.12856217053928518,0.12856217053928518,0.22704069759203097
2491,0.3869308531284332,0.7529661059379578,0.4272187352180481,0.4877966344356537,0.2457772046327591,0.16392293572425842,0.16392293572425842,0.16392293572425842,1.0,1.0,1.0,1.0,1.0,0.6000000238418579,0.0,0.7224066257476807,1.0,0.07885734736919403,0.0,0.9211426377296448,0.9964956641197205,0.16392293572425842,0.4947666198110781,0.3684180676217889,0.43773369833661085
6354,0.5129441618919373,1.0767353773117065,0.7232300639152527,0.5917388796806335,0.22386358678340912,0.13648302853107452,1.2074683904647827,0.13648302853107452,1.0,1.0,0.0,0.0,0.0,0.6000000238418579,0.0,0.876948356628418,1.0,0.43180564045906067,1.0,0.5681943893432617,0.9998548030853271,0.13648302853107452,1.0203200687401337,0.7070494733611221,0.9240799879362092
7199,0.3473581373691559,0.6924538016319275,0.40945154428482056,0.348492294549942,0.2841305732727051,0.15885750949382782,0.15885750949382782,0.15885750949382782,1.0,1.0,1.0,1.0,1.0,1.0,1.0,0.6924538016319275,1.0,0.6618630290031433,1.0,0.6618630290031433,0.9852149486541748,0.15885750949382782,0.6641062936513743,0.6464312182972659,2.092059437535884
2275,0.3690202832221985,0.7756660580635071,0.3997974693775177,0.5160899758338928,0.19117331504821777,0.18536148965358734,0.8251706957817078,0.7166637778282166,0.6000000238418579,0.0,0.0,0.4000000059604645,0.0,0.20000000298023224,0.0,0.6264393329620361,0.0,0.9423172473907471,0.0,0.9423172473907471,0.9394931197166443,0.7166637778282166,0.32644735507013034,0.30815074089425454,0.5998415729123946
4982,0.4389180839061737,0.8988763689994812,0.7116081118583679,0.3322790563106537,0.2728670835494995,0.08030880987644196,0.08030880987644196,0.08030880987644196,1.0,1.0,1.0,1.0,1.0,0.6000000238418579,0.0,0.9219493865966797,1.0,0.8819665908813477,1.0,0.8819665908813477,0.888996958732605,0.08030880987644196,0.3245933360629889,0.3222192886222629,0.8360559454513572
5137,0.3113503158092499,0.655547559261322,0.5317761301994324,0.29380226135253906,0.1084725633263588,0.16572371125221252,0.16572371125221252,0.16572371125221252,1.0,1.0,1.0,1.0,1.0,1.0,1.0,0.655547559261322,1.0,0.0949774906039238,0.0,0.9050225019454956,0.9861323833465576,0.16572371125221252,0.12982444439910298,0.12982444439910298,0.2991499995761247
3003,0.3365820050239563,0.6789893507957458,0.42466768622398376,0.24276362359523773,0.3423146903514862,0.1179850623011589,0.1179850623011589,0.1179850623011589,1.0,1.0,1.0,1.0,1.0,0.6000000238418579,0.0,0.664761483669281,1.0,0.9280867576599121,1.0,0.9280867576599121,0.9948681592941284,0.1179850623011589,0.47635602710833597,0.45157283788851543,0.779821508632257
6045,0.45429369807243347,0.8928791284561157,0.4942121207714081,0.658614993095398,0.21005384624004364,0.11816976219415665,1.1419909000396729,0.27725502848625183,0.20000000298023224,0.0,1.0,0.20000000298023224,0.0,0.20000000298023224,0.0,0.8588062524795532,0.0,0.4683212637901306,0.0,0.5316787362098694,0.8083921074867249,1.1419909000396729,2.138235490861752,0.25972226783947944,0.7825493928119005
3595,0.3404092788696289,0.7802642583847046,0.4244112968444824,0.4259354770183563,0.17088095843791962,0.21533839404582977,0.21533839404582977,0.21533839404582977,1.0,1.0,1.0,1.0,1.0,1.0,1.0,0.7802642583847046,1.0,0.9015852808952332,1.0,0.9015852808952332,0.8437051177024841,0.21533839404582977,0.19792907083183822,0.19792907083183822,0.4520703424845137
836,0.3844953179359436,0.7788242697715759,0.49737128615379333,0.41244158148765564,0.24367301166057587,0.19050030410289764,0.19050030410289764,0.19050030410289764,1.0,1.0,1.0,1.0,1.0,1.0,1.0,0.7788242697715759,1.0,0.946410596370697,1.0,0.946410596370697,0.9949120879173279,0.19050030410289764,0.37359407058697836,0.3716295696555139,0.7240471456819696
2616,0.5350537896156311,1.0867353677749634,0.6606644988059998,0.7043394446372986,0.24015729129314423,0.11417797952890396,0.11417797952890396,0.11417797952890396,1.0,1.0,1.0,1.0,1.0,0.6000000238418579,0.0,0.7354776263237,1.0,0.3229958713054657,0.0,0.6770040988922119,0.9990563988685608,0.11417797952890396,0.9566880400126975,0.7315514773949315,0.9240865348579888
6853,0.3466107249259949,0.7414594292640686,0.676949143409729,0.22437019646167755,0.13851282000541687,0.15855230391025543,0.15855230391025543,0.15855230391025543,1.0,1.0,1.0,1.0,1.0,1.0,1.0,0.7414594292640686,1.0,0.232163205742836,0.0,0.7678368091583252,0.9559635519981384,0.15855230391025543,0.3116093481264936,0.242077132566376,0.3281350650424831
6160,0.5680079460144043,1.2146450281143188,0.44296103715896606,1.0758346319198608,0.1852281540632248,0.11347710341215134,0.11347710341215134,0.11347710341215134,1.0,1.0,1.0,1.0,1.0,0.20000000298023224,0.0,0.9032837152481079,1.0,0.516322910785675,1.0,0.516322910785675,0.9998125433921814,0.11347710341215134,1.0248435178512652,0.9338145037214773,0.9981284879957479
7663,0.32929009199142456,0.6520227193832397,0.2636070251464844,0.5366623997688293,0.187600776553154,0.15004411339759827,0.15004411339759827,0.15004411339759827,1.0,1.0,1.0,1.0,1.0,1.0,1.0,0.6520227193832397,1.0,0.08840031176805496,0.0,0.9115996956825256,0.6688692569732666,0.15004411339759827,0.24132685240824064,0.17203017250178296,0.21457846096545224
5195,0.25825291872024536,0.4919961392879486,0.1736973375082016,0.2441968023777008,0.3568645715713501,0.15779612958431244,0.15779612958431244,0.15779612958431244,1.0,1.0,1.0,1.0,1.0,1.0,1.0,0.4919961392879486,1.0,0.01617121510207653,0.0,0.9838287830352783,0.9989728927612305,0.15779612958431244,0.57600441772582,0.5475592535057334,0.8743899018444489
7683,0.35459232330322266,0.6927002668380737,0.3990674614906311,0.4294835031032562,0.2352258712053299,0.25285863876342773,0.25285863876342773,0.25285863876342773,1.0,1.0,1.0,1.0,1.0,1.0,1.0,0.6927002668380737,1.0,0.8234489560127258,1.0,0.8234489560127258,0.7274637818336487,0.25285863876342773,0.14394969671758498,0.14394969671758498,0.32337948138787537
52,0.21166758239269257,0.4355548322200775,0.13794969022274017,0.38097020983695984,0.1160828247666359,0.11782989650964737,0.11782989650964737,0.11782989650964737,1.0,1.0,1.0,1.0,1.0,1.0,1.0,0.4355548322200775,1.0,0.018495682626962662,0.0,0.9815043210983276,0.9914013743400574,0.11782989650964737,0.0787891606720512,0.0787891606720512,0.16840025878640774
3649,0.23632358014583588,0.460581511259079,0.24132798612117767,0.2793026268482208,0.18834005296230316,0.22476421296596527,0.22476421296596527,0.22476421296596527,1.0,1.0,1.0,1.0,1.0,1.0,1.0,0.4696677327156067,1.0,0.9845319390296936,1.0,0.9845319390296936,0.974930465221405,0.22476421296596527,0.06459534136291989,0.06459534136291989,0.14672586581787117
9774,0.33539366722106934,0.65401691198349,0.25675147771835327,0.4735654890537262,0.27586403489112854,0.09128525853157043,0.09128525853157043,0.09128525853157043,1.0,1.0,1.0,1.0,1.0,0.6000000238418579,0.0,0.6806133389472961,1.0,0.0322992205619812,0.0,0.9677007794380188,0.9643258452415466,0.09128525853157043,0.2764623170939997,0.2747603079732644,0.643037794018323
6877,0.3432431221008301,0.7205767035484314,0.4569556713104248,0.4708695411682129,0.10190405696630478,0.19813157618045807,0.19813157618045807,0.19813157618045807,1.0,1.0,1.0,1.0,1.0,1.0,1.0,0.7205767035484314,1.0,0.9527774453163147,1.0,0.9527774453163147,0.9938737154006958,0.19813157618045807,0.12615595320083198,0.12615595320083198,0.31981718257266595
7030,0.34198689460754395,0.6613425612449646,0.34647172689437866,0.48822298645973206,0.1912659853696823,0.18047654628753662,0.18047654628753662,0.18047654628753662,1.0,1.0,1.0,1.0,1.0,1.0,1.0,0.6613425612449646,1.0,0.012267900630831718,0.0,0.9877321124076843,0.9369385838508606,0.18047654628753662,0.14004741099736454,0.14004741099736454,0.27476086654197696
3807,0.3937259614467621,0.8004254698753357,0.5454272627830505,0.4035041034221649,0.2322465181350708,0.13401518762111664,0.13401518762111664,0.13401518762111664,1.0,1.0,1.0,1.0,1.0,1.0,1.0,0.774582028388977,1.0,0.8363064527511597,1.0,0.8363064527511597,0.8549517393112183,0.13401518762111664,0.20012844896456852,0.20012844896456852,0.4610515022568261
2942,0.37090131640434265,0.7404603362083435,0.556718111038208,0.3188265860080719,0.23715920746326447,0.2584855556488037,0.7876834273338318,0.6668853759765625,0.6000000238418579,0.0,0.0,0.4000000059604645,0.0,0.20000000298023224,0.0,0.5249344706535339,0.0,0.975500762462616,0.0,0.975500762462616,0.969391405582428,0.6668853759765625,0.21300907034322417,0.20569522777049168,0.2503881069707365
5793,0.3519374430179596,0.6873978972434998,0.2656558156013489,0.5056405067443848,0.28451594710350037,0.2650913894176483,0.8804302215576172,0.5320708751678467,0.6000000238418579,0.0,0.0,0.4000000059604645,0.0,0.6000000238418579,0.0,0.6873978972434998,0.0,0.42860668897628784,1.0,0.5713933110237122,0.5835722088813782,0.5320708751678467,0.3861779517520684,0.3861779517520684,0.6304227862469014
2545,0.5045068264007568,0.9985798001289368,0.4438977837562561,0.8048163652420044,0.26480621099472046,0.21939681470394135,0.21939681470394135,0.21939681470394135,1.0,1.0,1.0,1.0,1.0,1.0,1.0,0.9985798001289368,1.0,0.9382407665252686,1.0,0.9382407665252686,0.9999359846115112,0.21939681470394135,0.9644759081793134,0.7893514306336366,0.9661997962390884
7807,0.305032879114151,0.590230405330658,0.37070176005363464,0.3996281325817108,0.14476872980594635,0.1786980926990509,0.1786980926990509,0.1786980926990509,1.0,1.0,1.0,1.0,1.0,1.0,1.0,0.590230405330658,1.0,0.9904054999351501,1.0,0.9904054999351501,0.9965355396270752,0.1786980926990509,0.13185686429877175,0.13185686429877175,0.2766900331079286
6610,0.295697420835495,0.6259737610816956,0.171532541513443,0.5593992471694946,0.15616042912006378,0.14592866599559784,0.14592866599559784,0.14592866599559784,1.0,1.0,1.0,1.0,1.0,1.0,1.0,0.6259737610816956,1.0,0.017085669562220573,0.0,0.9829143285751343,0.9870497584342957,0.14592866599559784,0.10152925786078275,0.10152925786078275,0.2086053571740073
2706,0.3795182406902313,0.801829993724823,0.4964314103126526,0.4772268235683441,0.1648964285850525,0.11749682575464249,0.11749682575464249,0.11749682575464249,1.0,1.0,1.0,1.0,1.0,0.6000000238418579,0.0,0.738248884677887,1.0,0.7769400477409363,1.0,0.7769400477409363,0.7565153241157532,0.11749682575464249,0.09862920471458743,0.09862920471458743,0.2255567078967102
1173,0.4270797371864319,0.9433141946792603,0.3038357198238373,0.8502934575080872,0.12710995972156525,0.12712280452251434,0.12712280452251434,0.12712280452251434,1.0,1.0,1.0,1.0,1.0,1.0,1.0,0.9433141946792603,1.0,0.8284274935722351,1.0,0.8284274935722351,0.8309405446052551,0.12712280452251434,0.2544845995644263,0.2544845995644263,0.6715920727658421
5147,0.3062828779220581,0.6264535784721375,0.24048028886318207,0.469738245010376,0.20863008499145508,0.1728295385837555,0.1728295385837555,0.1728295385837555,1.0,1.0,1.0,1.0,1.0,1.0,1.0,0.6264535784721375,1.0,0.933901846408844,1.0,0.933901846408844,0.9225634336471558,0.1728295385837555,0.1707241715614367,0.1707241715614367,0.4009593897846445
2297,0.3797048032283783,0.77842777967453,0.4532766342163086,0.42048612236976624,0.26535168290138245,0.14045469462871552,0.14045469462871552,0.14045469462871552,1.0,1.0,1.0,1.0,1.0,1.0,1.0,0.77842777967453,1.0,0.9759917259216309,1.0,0.9759917259216309,0.9789134860038757,0.14045469462871552,0.08614616195357751,0.08614616195357751,0.16907739719683001
9022,0.5995466709136963,1.1695044040679932,0.6381231546401978,0.7020955085754395,0.45842114090919495,0.1539042741060257,0.1539042741060257,0.1539042741060257,1.0,1.0,1.0,1.0,1.0,0.20000000298023224,0.0,1.1170408725738525,1.0,0.9417170286178589,1.0,0.9417170286178589,0.9997796416282654,0.1539042741060257,1.291524524050466,0.8560162941863928,1.2603664565993549
4874,0.20006684958934784,0.39612945914268494,0.22341184318065643,0.3022743761539459,0.07451430708169937,0.16723112761974335,0.16723112761974335,0.16723112761974335,1.0,1.0,1.0,1.0,1.0,1.0,1.0,0.39612945914268494,1.0,0.021709507331252098,0.0,0.9782904982566833,0.9871102571487427,0.16723112761974335,0.1153266988276141,0.1153266988276141,0.22062084052090808
5412,0.28854888677597046,0.6384924054145813,0.28964483737945557,0.4127821922302246,0.16321961581707,0.16027718782424927,0.16027718782424927,0.16027718782424927,1.0,1.0,1.0,1.0,1.0,1.0,1.0,0.6384924054145813,1.0,0.24225957691669464,0.0,0.7577404379844666,0.9991387128829956,0.16027718782424927,0.5793252474422496,0.5269494458059472,0.5940685479000462
7645,0.3192642629146576,0.6273019909858704,0.35668012499809265,0.40927812457084656,0.19183453917503357,0.15184910595417023,0.15184910595417023,0.15184910595417023,1.0,1.0,1.0,1.0,1.0,1.0,1.0,0.6273019909858704,1.0,0.011562175117433071,0.0,0.988437831401825,0.9989049434661865,0.15184910595417023,0.30469879237534125,0.26343835753012995,0.22717364023938172
7433,0.3007505536079407,0.5849891901016235,0.4355604350566864,0.3398423492908478,0.12684884667396545,0.14338824152946472,0.14338824152946472,0.14338824152946472,1.0,1.0,1.0,1.0,1.0,1.0,1.0,0.5849891901016235,1.0,0.9854078888893127,1.0,0.9854078888893127,0.9774558544158936,0.14338824152946472,0.06441830553825285,0.06441830553825285,0.1382591442206593
227,0.3414687514305115,0.6409057378768921,0.3184615671634674,0.4786439538002014,0.22730079293251038,0.17111051082611084,0.17111051082611084,0.17111051082611084,1.0,1.0,1.0,1.0,1.0,1.0,1.0,0.6409057378768921,1.0,0.07631318271160126,0.0,0.9236868023872375,0.9993109703063965,0.17111051082611084,0.5659230355872925,0.5182925776510925,1.0376489828922209
247,0.3177754878997803,0.6639567613601685,0.3656054437160492,0.3054752051830292,0.2822458744049072,0.11025470495223999,0.8342747688293457,0.642673671245575,0.6000000238418579,0.0,0.0,0.4000000059604645,0.0,0.20000000298023224,0.0,0.6237011551856995,0.0,0.36944690346717834,1.0,0.630553126335144,0.6541117429733276,0.642673671245575,0.18989754028355899,0.18989754028355899,0.37915928893051387
8010,0.37426358461380005,0.7508106827735901,0.634878933429718,0.29490792751312256,0.19300387799739838,0.14298373460769653,1.2169195413589478,0.14298373460769653,1.0,1.0,0.0,0.0,0.0,1.0,1.0,0.7508106827735901,1.0,0.4890314042568207,1.0,0.5109685659408569,0.3808107078075409,0.14298373460769653,2.1752718513912335,0.24027001905288883,0.5950990441789257
2769,0.254971444606781,0.5361738801002502,0.2667388617992401,0.4201364517211914,0.07803896069526672,0.13567759096622467,0.13567759096622467,0.13567759096622467,1.0,1.0,1.0,1.0,1.0,1.0,1.0,0.5361738801002502,1.0,0.9595118165016174,1.0,0.9595118165016174,0.9573183059692383,0.13567759096622467,0.1430072238128946,0.13540180694379317,0.15421871557696704
1252,0.31055399775505066,0.6299715042114258,0.3872361183166504,0.3103654384613037,0.23406043648719788,0.16514945030212402,0.16514945030212402,0.16514945030212402,1.0,1.0,1.0,1.0,1.0,1.0,1.0,0.6299715042114258,1.0,0.9680117964744568,1.0,0.9680117964744568,0.9976240992546082,0.16514945030212402,0.31039076982167363,0.24377528714032018,0.4763765413667789
3139,0.2819673717021942,0.5944137573242188,0.20346537232398987,0.5091649889945984,0.13327163457870483,0.1554948389530182,0.1554948389530182,0.1554948389530182,1.0,1.0,1.0,1.0,1.0,1.0,1.0,0.5944137573242188,1.0,0.27146095037460327,0.0,0.7285390496253967,0.8858352303504944,0.1554948389530182,0.08841820728073736,0.08841820728073736,0.17809772619640124
8002,0.486491858959198,0.9524572491645813,0.7231190204620361,0.4658445417881012,0.2705119848251343,0.09061610698699951,1.2007230520248413,0.09061610698699951,1.0,1.0,0.0,0.0,0.0,1.0,1.0,0.9524572491645813,1.0,0.5800744891166687,0.0,0.5800744891166687,0.715084433555603,0.09061610698699951,1.940889858262372,0.331172880551655,0.622363893904994
1824,0.4654500484466553,0.998265266418457,0.6266344785690308,0.5112329721450806,0.25848278403282166,0.18680612742900848,0.18680612742900848,0.18680612742900848,1.0,1.0,1.0,1.0,1.0,0.6000000238418579,0.0,0.8777414560317993,1.0,0.9403076767921448,1.0,0.9403076767921448,0.9984493255615234,0.18680612742900848,0.7595190423440972,0.6733274426953445,1.017783696632072
4390,0.5387212634086609,1.1596832275390625,0.4506145417690277,0.9581270217895508,0.20742212235927582,0.1966574639081955,0.8057777285575867,0.7099601626396179,0.6000000238418579,0.0,0.0,0.4000000059604645,0.0,0.20000000298023224,0.0,0.8171243667602539,0.0,0.2961743474006653,1.0,0.7038256525993347,0.7840853929519653,0.7099601626396179,0.41044265488317555,0.4069308183014945,0.8223032549505805
9238,0.4207093417644501,0.8555769324302673,0.6589719653129578,0.2982643246650696,0.3048916459083557,0.143876314163208,0.143876314163208,0.143876314163208,1.0,1.0,1.0,1.0,1.0,0.6000000238418579,0.0,0.7510717511177063,1.0,0.913686215877533,1.0,0.913686215877533,0.9999016523361206,0.143876314163208,0.3848430277113139,0.37964992605815434,0.7860254562228355
3869,0.23740877211093903,0.4900178909301758,0.2720937132835388,0.2938724458217621,0.14626017212867737,0.1520187109708786,0.1520187109708786,0.1520187109708786,1.0,1.0,1.0,1.0,1.0,1.0,1.0,0.4900178909301758,1.0,0.7543573379516602,1.0,0.7543573379516602,0.8679460883140564,0.1520187109708786,0.16641835790287235,0.16641835790287235,0.3258363885093214
3282,0.32371261715888977,0.7043691873550415,0.44743117690086365,0.3666456341743469,0.15706096589565277,0.17188553512096405,0.17188553512096405,0.17188553512096405,1.0,1.0,1.0,1.0,1.0,1.0,1.0,0.6570721864700317,1.0,0.9290231466293335,1.0,0.9290231466293335,0.9996016621589661,0.17188553512096405,0.7255976846743929,0.7255976846743929,1.9338460233406618
2798,0.38596752285957336,0.82597416639328,0.5607053637504578,0.4463563859462738,0.15084072947502136,0.17269162833690643,0.5756449103355408,0.5756449103355408,0.6000000238418579,0.0,1.0,0.6000000238418579,0.0,0.20000000298023224,0.0,0.6119599938392639,0.0,0.4918856620788574,0.0,0.5081143379211426,0.599418580532074,0.5756449103355408,1.819054195120498,0.3922592757171682,0.6161773628464698
4185,0.33412155508995056,0.7726929783821106,0.1891978532075882,0.6564950346946716,0.15667177736759186,0.12639997899532318,0.12639997899532318,0.12639997899532318,1.0,1.0,1.0,1.0,1.0,1.0,1.0,0.7726929783821106,1.0,0.9781650900840759,1.0,0.9781650900840759,0.9493297338485718,0.12639997899532318,0.24058232964183884,0.22647150228115714,0.29122203636289884
4757,0.40213721990585327,0.7952440977096558,0.4352840483188629,0.520878255367279,0.2502492666244507,0.17668670415878296,0.17668670415878296,0.17668670415878296,1.0,1.0,1.0,1.0,1.0,1.0,1.0,0.7952440977096558,1.0,0.6311355233192444,1.0,0.6311355233192444,0.9522659778594971,0.17668670415878296,0.46542107908213126,0.3709404431010083,0.7953275149001402
1911,0.6785050630569458,1.4468986988067627,0.876234233379364,0.9287775158882141,0.2305033653974533,0.18744602799415588,0.18744602799415588,0.18744602799415588,1.0,1.0,1.0,1.0,1.0,0.20000000298023224,0.0,1.1736830472946167,1.0,0.7166177034378052,1.0,0.7166177034378052,0.9980384707450867,0.18744602799415588,0.9332730062925908,0.5206250227030753,0.7035623024615217
3557,0.35800519585609436,0.7113578915596008,0.6085273027420044,0.2768404185771942,0.1886477917432785,0.17115220427513123,0.17115220427513123,0.17115220427513123,1.0,1.0,1.0,1.0,1.0,1.0,1.0,0.7113578915596008,1.0,0.7971565127372742,1.0,0.7971565127372742,0.9993191957473755,0.17115220427513123,0.28131156302142424,0.2675933394154332,0.29775251350408
7364,0.25956425070762634,0.5129879117012024,0.29154840111732483,0.2201080620288849,0.26703619956970215,0.129895880818367,0.129895880818367,0.129895880818367,1.0,1.0,1.0,1.0,1.0,1.0,1.0,0.5129879117012024,1.0,0.058521050959825516,0.0,0.941478967666626,0.7643144726753235,0.129895880818367,0.2893860862397305,0.2893860862397305,1.3895267106740143
7850,0.4046821892261505,0.7806723117828369,0.4701635539531708,0.4295841157436371,0.31429871916770935,0.13525962829589844,0.13525962829589844,0.13525962829589844,1.0,1.0,1.0,1.0,1.0,1.0,1.0,0.7806723117828369,1.0,0.16252325475215912,0.0,0.8374767303466797,0.9993547797203064,0.13525962829589844,0.965602757026887,0.857796831073977,0.9895913126863222
6813,0.3332316279411316,0.6943897604942322,0.17060081660747528,0.6148908138275146,0.21420319378376007,0.20917916297912598,0.20917916297912598,0.20917916297912598,1.0,1.0,1.0,1.0,1.0,1.0,1.0,0.6943897604942322,1.0,0.9863187074661255,1.0,0.9863187074661255,0.9767544865608215,0.20917916297912598,0.17491729650832663,0.17491729650832663,0.4129195237594251
2572,0.3654833734035492,0.7317761778831482,0.23404181003570557,0.6218808889389038,0.24052737653255463,0.1630021184682846,0.1630021184682846,0.1630021184682846,1.0,1.0,1.0,1.0,1.0,0.6000000238418579,0.0,0.7894116640090942,1.0,0.9686251878738403,1.0,0.9686251878738403,0.9601585865020752,0.1630021184682846,0.23046547595991534,0.23046547595991534,0.8839041305445758
2157,0.4470077157020569,0.9157810211181641,0.5722145438194275,0.5869409441947937,0.18186770379543304,0.1964203417301178,0.1964203417301178,0.1964203417301178,1.0,1.0,1.0,1.0,1.0,1.0,1.0,0.9157810211181641,1.0,0.9875462651252747,1.0,0.9875462651252747,0.9393319487571716,0.1964203417301178,0.10517755216872995,0.10517755216872995,0.2754127917434907
8686,0.40221545100212097,0.7475900053977966,0.37713104486465454,0.36361265182495117,0.4659026265144348,0.14601758122444153,0.14601758122444153,0.14601758122444153,1.0,1.0,1.0,1.0,1.0,0.20000000298023224,0.0,0.9231762290000916,1.0,0.9593232870101929,1.0,0.9593232870101929,0.9178248643875122,0.14601758122444153,0.4433392398031751,0.4433392398031751,0.7484592985124825
3948,0.36051908135414124,0.72467041015625,0.4156835675239563,0.47744759917259216,0.18842606246471405,0.12624183297157288,0.12624183297157288,0.12624183297157288,1.0,1.0,1.0,1.0,1.0,1.0,1.0,0.72467041015625,1.0,0.13464359939098358,0.0,0.8653563857078552,0.9999139308929443,0.12624183297157288,1.069685851811714,1.0080185709055547,1.7967491813806087
6996,0.41642019152641296,0.9037044644355774,0.2791390120983124,0.7332757711410522,0.23684576153755188,0.12913601100444794,1.2794865369796753,0.12913601100444794,1.0,1.0,0.0,0.0,0.0,0.6000000238418579,0.0,0.7810940146446228,1.0,0.4827585220336914,1.0,0.5172414779663086,0.5190470814704895,0.12913601100444794,1.6460377959481702,0.4015752521681144,0.5861133185595332
9903,0.5624626278877258,1.228885293006897,0.8700424432754517,0.7042087912559509,0.1131366714835167,0.1386422961950302,0.8175026774406433,0.562804639339447,0.6000000238418579,0.0,0.0,0.4000000059604645,0.0,0.20000000298023224,0.0,0.7332155108451843,0.0,0.7228578925132751,0.0,0.7228578925132751,0.8235689997673035,0.562804639339447,0.3983601717657228,0.39461641996253527,0.8270181793930066
7909,0.4487890601158142,0.8727229237556458,0.5438589453697205,0.5767955780029297,0.22571249306201935,0.1401754468679428,0.1401754468679428,0.1401754468679428,1.0,1.0,1.0,1.0,1.0,1.0,1.0,0.8727229237556458,1.0,0.025245605036616325,0.0,0.9747543931007385,0.9789409637451172,0.1401754468679428,0.2347000491806781,0.2343499429564276,0.44626036848753126
2648,0.5713689923286438,1.1380964517593384,0.8237221837043762,0.6691282391548157,0.2212565392255783,0.2129320651292801,1.3781667947769165,0.2129320651292801,1.0,1.0,0.0,0.0,0.0,0.20000000298023224,0.0,0.9771389365196228,1.0,0.6180906295776367,0.0,0.6180906295776367,0.9999208450317383,0.2129320651292801,0.6433071848128192,0.6102920048103332,0.8257295538498367
1649,0.33060750365257263,0.6249176859855652,0.3661779463291168,0.4328649044036865,0.19277960062026978,0.08740135282278061,0.08740135282278061,0.08740135282278061,1.0,1.0,1.0,1.0,1.0,0.6000000238418579,0.0,0.6337739825248718,1.0,0.9832949042320251,1.0,0.9832949042320251,0.9981039762496948,0.08740135282278061,0.587568912965391,0.5675921674045499,1.0311872148231505
7305,0.2974953353404999,0.5642402768135071,0.33860981464385986,0.3397161364555359,0.21416008472442627,0.12123914062976837,0.12123914062976837,0.12123914062976837,1.0,1.0,1.0,1.0,1.0,1.0,1.0,0.5642402768135071,1.0,0.017445631325244904,0.0,0.9825543761253357,0.9995855689048767,0.12123914062976837,0.5957545651306556,0.5691177685791313,0.8856950850119903
4700,0.2846705913543701,0.5840820670127869,0.20878632366657257,0.4207472801208496,0.22447805106639862,0.12869110703468323,0.12869110703468323,0.12869110703468323,1.0,1.0,1.0,1.0,1.0,1.0,1.0,0.5840820670127869,1.0,0.7166277766227722,1.0,0.7166277766227722,0.41763702034950256,0.12869110703468323,0.16251810451665605,0.16251810451665605,0.35044014045235844
4912,0.4701864421367645,0.9070283770561218,0.5131539702415466,0.5659603476524353,0.3314449191093445,0.19802838563919067,0.19802838563919067,0.19802838563919067,1.0,1.0,1.0,1.0,1.0,1.0,1.0,0.9391204714775085,1.0,0.7749882340431213,1.0,0.7749882340431213,0.8890364170074463,0.19802838563919067,0.19112702955381686,0.18777473878883583,0.4428121671942122
6502,0.5207473635673523,1.1496857404708862,0.9524351358413696,0.3795562982559204,0.23025046288967133,0.11538653820753098,0.6526427268981934,0.5837730765342712,0.6000000238418579,0.0,0.0,0.4000000059604645,0.0,0.20000000298023224,0.0,0.8668643236160278,0.0,0.3275003433227539,1.0,0.6724996566772461,0.610313892364502,0.5837730765342712,0.2774461396786787,0.2774461396786787,0.5114821510346971
1371,0.31027349829673767,0.5802596211433411,0.327213853597641,0.40499553084373474,0.1986110657453537,0.1465028077363968,0.7478334903717041,0.6265656352043152,0.6000000238418579,0.0,0.0,0.4000000059604645,0.0,0.20000000298023224,0.0,0.5957478880882263,0.0,0.03920598328113556,1.0,0.9607940316200256,0.8845723271369934,0.6265656352043152,0.1503292642770266,0.1503292642770266,0.21443004650429176
1513,0.23118391633033752,0.5063428282737732,0.23452655971050262,0.32755908370018005,0.13146613538265228,0.12257323414087296,0.12257323414087296,0.12257323414087296,1.0,1.0,1.0,1.0,1.0,1.0,1.0,0.5063428282737732,1.0,0.5350170731544495,1.0,0.5350170731544495,0.2515130341053009,0.12257323414087296,0.17232528404081032,0.17232528404081032,0.3332979404334134
809,0.22634294629096985,0.431735098361969,0.1828380823135376,0.34571677446365356,0.1504739373922348,0.11109361797571182,0.11109361797571182,0.11109361797571182,1.0,1.0,1.0,1.0,1.0,1.0,1.0,0.431735098361969,1.0,0.0541468970477581,0.0,0.9458531141281128,0.7133212089538574,0.11109361797571182,0.12602189776683467,0.12602189776683467,0.4651164007963521
3368,0.43282848596572876,0.8775027394294739,0.6963915228843689,0.336669385433197,0.26542454957962036,0.1460123509168625,0.1460123509168625,0.1460123509168625,1.0,1.0,1.0,1.0,1.0,0.6000000238418579,0.0,0.9163667559623718,1.0,0.9150485396385193,1.0,0.9150485396385193,0.99958735704422,0.1460123509168625,0.48090877791389425,0.46813866109979235,1.5605925945398123
867,0.38558733463287354,0.805899441242218,0.5766294598579407,0.4072493612766266,0.17288321256637573,0.13719181716442108,0.13719181716442108,0.13719181716442108,1.0,1.0,1.0,1.0,1.0,0.6000000238418579,0.0,0.7142493724822998,1.0,0.02916214056313038,0.0,0.9708378314971924,0.9967672824859619,0.13719181716442108,0.9809752431923995,0.4394453938875575,0.7135067336294312
2229,0.3380415439605713,0.7452884912490845,0.545656681060791,0.37147852778434753,0.09698935598134995,0.1661592572927475,0.1661592572927475,0.1661592572927475,1.0,1.0,1.0,1.0,1.0,1.0,1.0,0.7452884912490845,1.0,0.9196205139160156,1.0,0.9196205139160156,0.9560064673423767,0.1661592572927475,0.18741668881753823,0.18741668881753823,0.3196640661607949
5992,0.27111169695854187,0.568734347820282,0.4425937235355377,0.1976974606513977,0.17304383218288422,0.18505442142486572,0.18505442142486572,0.18505442142486572,1.0,1.0,1.0,1.0,1.0,1.0,1.0,0.568734347820282,1.0,0.9660248160362244,1.0,0.9660248160362244,0.9426237940788269,0.18505442142486572,0.13760655404646543,0.13760655404646543,0.357836642563772
2635,0.30655282735824585,0.60041344165802,0.32262009382247925,0.3144461512565613,0.2825922667980194,0.17133834958076477,0.17133834958076477,0.17133834958076477,1.0,1.0,1.0,1.0,1.0,1.0,1.0,0.60041344165802,1.0,0.02277872897684574,0.0,0.9772212505340576,0.9953505992889404,0.17133834958076477,0.1958224987245025,0.19345685348378505,0.299900527640235
948,0.3159356713294983,0.6203452348709106,0.34274616837501526,0.3743455111980438,0.23071525990962982,0.14932624995708466,0.14932624995708466,0.14932624995708466,1.0,1.0,1.0,1.0,1.0,0.6000000238418579,0.0,0.6003273725509644,1.0,0.01792617328464985,0.0,0.9820738434791565,0.988400936126709,0.14932624995708466,0.5996521601532289,0.5405049029227718,0.8884784285061933
3477,0.32780784368515015,0.6436665058135986,0.31669142842292786,0.4843830168247223,0.1823490709066391,0.11689598858356476,0.11689598858356476,0.11689598858356476,1.0,1.0,1.0,1.0,1.0,0.6000000238418579,0.0,0.6061439514160156,1.0,0.01969350129365921,0.0,0.9803065061569214,0.7842146754264832,0.11689598858356476,0.0484717861848849,0.0484717861848849,0.09015791855867088
4487,0.27842405438423157,0.5740239024162292,0.18269330263137817,0.4889374375343323,0.16364137828350067,0.04714301973581314,0.04714301973581314,0.04714301973581314,1.0,1.0,1.0,1.0,1.0,1.0,1.0,0.5740239024162292,1.0,0.016399847343564034,0.0,0.9836001396179199,0.9662784337997437,0.04714301973581314,0.2513988746573678,0.2513988746573678,0.653645188388525
2213,0.5116862058639526,1.0633535385131836,0.5056918263435364,0.7132318615913391,0.3161349892616272,0.1372656524181366,0.8335737586021423,0.45484524965286255,0.6000000238418579,0.0,0.0,0.4000000059604645,0.0,0.20000000298023224,0.0,0.8194525837898254,0.0,0.8465467095375061,0.0,0.8465467095375061,0.9441674947738647,0.45484524965286255,0.16923809840624424,0.16923809840624424,0.37529239675890164
6593,0.40500226616859436,0.934382438659668,0.8285953402519226,0.29146984219551086,0.09494157880544662,0.17268958687782288,1.3960288763046265,0.17268958687782288,1.0,1.0,0.0,0.0,0.0,0.6000000238418579,0.0,0.901144802570343,1.0,0.6200173497200012,0.0,0.6200173497200012,0.6792067885398865,0.17268958687782288,1.770693926746614,0.40551273256379955,0.6665112157290379
838,0.4714619517326355,0.8772590756416321,0.3833783268928528,0.6207235455513,0.4102839529514313,0.18566401302814484,0.18566401302814484,0.18566401302814484,1.0,1.0,1.0,1.0,1.0,0.6000000238418579,0.0,0.861102283000946,1.0,0.059713467955589294,0.0,0.9402865171432495,0.9976123571395874,0.18566401302814484,0.5283119612389701,0.5149900188375769,0.829291483760309
3281,0.3144682049751282,0.6221572756767273,0.4597083032131195,0.29742732644081116,0.18626901507377625,0.14985834062099457,0.14985834062099457,0.14985834062099457,1.0,1.0,1.0,1.0,1.0,0.6000000238418579,0.0,0.6433160901069641,1.0,0.027829235419631004,0.0,0.9721707701683044,0.9829387664794922,0.14985834062099457,0.13285590356000046,0.13285590356000046,0.275879525818796
4026,0.35582712292671204,0.7164786458015442,0.24097196757793427,0.5088509321212769,0.3176584839820862,0.14754459261894226,0.14754459261894226,0.14754459261894226,1.0,1.0,1.0,1.0,1.0,0.6000000238418579,0.0,0.7006033658981323,1.0,0.105671726167202,0.0,0.8943282961845398,0.9989086389541626,0.14754459261894226,0.23841651088716853,0.21378631253529595,0.23635117219987964
401,0.45360109210014343,1.010797381401062,0.5756808519363403,0.6197787523269653,0.16534367203712463,0.20962665975093842,0.20962665975093842,0.20962665975093842,1.0,1.0,1.0,1.0,1.0,0.6000000238418579,0.0,1.0289753675460815,1.0,0.9512454271316528,1.0,0.9512454271316528,0.9989714622497559,0.20962665975093842,0.49453888405443863,0.3439060384851156,0.5369023252684275
7817,0.3985554277896881,0.8335094451904297,0.48468542098999023,0.5606719851493835,0.15030887722969055,0.16893817484378815,0.16893817484378815,0.16893817484378815,1.0,1.0,1.0,1.0,1.0,1.0,1.0,0.8335094451904297,1.0,0.7872408628463745,1.0,0.7872408628463745,0.9858163595199585,0.16893817484378815,0.19735421785835053,0.19735421785835053,0.41178340871923214
6140,0.32870054244995117,0.7129602432250977,0.6405808329582214,0.22450049221515656,0.12102019786834717,0.1870548278093338,0.1870548278093338,0.1870548278093338,1.0,1.0,1.0,1.0,1.0,1.0,1.0,0.7129602432250977,1.0,0.925021767616272,1.0,0.925021767616272,0.9309553503990173,0.1870548278093338,0.18566993708131865,0.18566993708131865,0.38078081343041986
3545,0.33862122893333435,0.7315497398376465,0.13890843093395233,0.48494258522987366,0.3920126259326935,0.1449202299118042,0.1449202299118042,0.1449202299118042,1.0,1.0,1.0,1.0,1.0,1.0,1.0,0.7315497398376465,1.0,0.9715266227722168,1.0,0.9715266227722168,0.7789716124534607,0.1449202299118042,0.6416720658501119,0.549462313685091,0.8332243785301758
1901,0.3174760937690735,0.6564943194389343,0.45542627573013306,0.2716978192329407,0.2253042757511139,0.07624929398298264,0.07624929398298264,0.07624929398298264,1.0,1.0,1.0,1.0,1.0,1.0,1.0,0.6549670100212097,1.0,0.9687974452972412,1.0,0.9687974452972412,0.9528365135192871,0.07624929398298264,0.11733844004694699,0.11733844004694699,0.24891324008929
149,0.31511348485946655,0.6177930235862732,0.2843921184539795,0.4118867814540863,0.2490614950656891,0.20024915039539337,0.20024915039539337,0.20024915039539337,1.0,1.0,1.0,1.0,1.0,1.0,1.0,0.6177930235862732,1.0,0.09913980960845947,0.0,0.9008601903915405,0.9988824725151062,0.20024915039539337,0.20608215261064664,0.20608215261064664,0.8288250422568587
3142,0.33283162117004395,0.6730648875236511,0.36112257838249207,0.5095511674880981,0.12782110273838043,0.22330792248249054,0.22330792248249054,0.22330792248249054,1.0,1.0,1.0,1.0,1.0,1.0,1.0,0.6730648875236511,1.0,0.09269826859235764,0.0,0.9073017239570618,0.9998327493667603,0.22330792248249054,0.8476909138600458,0.8037163549924947,0.9646065600447564
5375,0.5208508968353271,1.0515583753585815,0.7599446177482605,0.6042057275772095,0.19840237498283386,0.20077918469905853,0.7780683636665344,0.5635145902633667,0.6000000238418579,0.0,0.0,0.4000000059604645,0.0,0.20000000298023224,0.0,0.782354474067688,0.0,0.0625884011387825,1.0,0.9374116063117981,0.9294722676277161,0.5635145902633667,0.14061087854368465,0.13541986179361104,0.3069720709018818
4524,0.31108197569847107,0.5831729173660278,0.33496323227882385,0.37618187069892883,0.22210069000720978,0.10361244529485703,0.10361244529485703,0.10361244529485703,1.0,1.0,1.0,1.0,1.0,0.6000000238418579,0.0,0.523104190826416,1.0,0.24869367480278015,0.0,0.7513062953948975,0.6833428740501404,0.10361244529485703,0.20056749927333106,0.19587497738394868,0.3039939058148437
2817,0.33111828565597534,0.6495344042778015,0.2577637732028961,0.4760124683380127,0.2595786154270172,0.18048815429210663,0.18048815429210663,0.18048815429210663,1.0,1.0,1.0,1.0,1.0,1.0,1.0,0.6495344042778015,1.0,0.9793819189071655,1.0,0.9793819189071655,0.9921642541885376,0.18048815429210663,0.27409737864990386,0.27409737864990386,0.9408543302227464
7849,0.30379757285118103,0.6782337427139282,0.43441033363342285,0.31502220034599304,0.16196013987064362,0.19835762679576874,0.19835762679576874,0.19835762679576874,1.0,1.0,1.0,1.0,1.0,0.6000000238418579,0.0,0.6688298583030701,1.0,0.010980685241520405,0.0,0.9890193343162537,0.9656625390052795,0.19835762679576874,0.09513051898261118,0.09513051898261118,0.19706503366624614
4109,0.30021601915359497,0.6092690825462341,0.2670625150203705,0.42066946625709534,0.2129160463809967,0.19626466929912567,0.19626466929912567,0.19626466929912567,1.0,1.0,1.0,1.0,1.0,1.0,1.0,0.6092690825462341,1.0,0.034481942653656006,0.0,0.965518057346344,0.9973108768463135,0.19626466929912567,0.25612517716442523,0.2352762446416406,0.4132978263352471
8160,0.32900020480155945,0.6915071606636047,0.525907039642334,0.30792269110679626,0.15317083895206451,0.11066742986440659,0.11066742986440659,0.11066742986440659,1.0,1.0,1.0,1.0,1.0,1.0,1.0,0.6915071606636047,1.0,0.9491643309593201,1.0,0.9491643309593201,0.9910444021224976,0.11066742986440659,0.5806561395673242,0.5156760225362657,0.745690904527976
7490,0.4342953562736511,0.9216956496238708,0.28647580742836,0.6909034848213196,0.32550668716430664,0.2157968133687973,0.2157968133687973,0.2157968133687973,1.0,1.0,1.0,1.0,1.0,0.6000000238418579,0.0,0.9952109456062317,1.0,0.983433723449707,1.0,0.983433723449707,0.9906899929046631,0.2157968133687973,0.17475252746361533,0.17475252746361533,0.6803171521703913
2775,0.34667932987213135,0.7499298453330994,0.3505016267299652,0.5157115459442139,0.17382477223873138,0.13211505115032196,0.5187346935272217,0.5187346935272217,0.6000000238418579,0.0,1.0,0.6000000238418579,0.0,0.20000000298023224,0.0,0.6979010701179504,0.0,0.4785262942314148,0.0,0.5214737057685852,0.5856631398200989,0.5187346935272217,1.8367982148446163,0.24590082318923662,0.4068869817621165
7723,0.2881661355495453,0.617171585559845,0.23962198197841644,0.3762218654155731,0.24865448474884033,0.15626192092895508,0.15626192092895508,0.15626192092895508,1.0,1.0,1.0,1.0,1.0,1.0,1.0,0.617171585559845,1.0,0.9685385227203369,1.0,0.9685385227203369,0.9999301433563232,0.15626192092895508,0.7125834602469101,0.5884266011505477,0.779832892180948
7703,0.4392945170402527,0.8548359274864197,0.5564623475074768,0.5354733467102051,0.22594785690307617,0.1763337254524231,0.1763337254524231,0.1763337254524231,1.0,1.0,1.0,1.0,1.0,1.0,1.0,0.8548359274864197,1.0,0.8864566087722778,1.0,0.8864566087722778,0.8811162114143372,0.1763337254524231,0.3115398779792928,0.30402265725905564,0.6983973462070352
1182,0.5189894437789917,1.0605807304382324,0.7539297938346863,0.5763848423957825,0.22665365040302277,0.2461823970079422,0.2461823970079422,0.2461823970079422,1.0,1.0,1.0,1.0,1.0,1.0,1.0,1.0605807304382324,1.0,0.04421267658472061,0.0,0.9557873010635376,0.9942787885665894,0.2461823970079422,0.2981510327336442,0.2981510327336442,0.7081513017762322
7816,0.6060753464698792,1.3506954908370972,0.8264860510826111,0.7646474242210388,0.2270924299955368,0.19584210216999054,1.2914173603057861,0.19584210216999054,1.0,1.0,0.0,0.0,0.0,0.6000000238418579,0.0,0.9402093887329102,1.0,0.8663632273674011,0.0,0.8663632273674011,0.9983306527137756,0.19584210216999054,0.4628976353946301,0.354070890202706,0.4057164880274239
6943,0.30665093660354614,0.664725124835968,0.3303031623363495,0.424941748380661,0.16470788419246674,0.17726102471351624,0.17726102471351624,0.17726102471351624,1.0,1.0,1.0,1.0,1.0,1.0,1.0,0.664725124835968,1.0,0.20489144325256348,0.0,0.7951085567474365,0.5613232851028442,0.17726102471351624,0.42469810870321945,0.33998875598216166,0.7826456521054787
95,0.2384362816810608,0.4631418287754059,0.18767912685871124,0.3881993293762207,0.13943038880825043,0.17860864102840424,0.17860864102840424,0.17860864102840424,1.0,1.0,1.0,1.0,1.0,1.0,1.0,0.4631418287754059,1.0,0.9734920263290405,1.0,0.9734920263290405,0.9677537083625793,0.17860864102840424,0.09524781913975237,0.09524781913975237,0.21465132442476326
2894,0.3422655165195465,0.6314696073532104,0.32925161719322205,0.470657080411911,0.22688792645931244,0.20965850353240967,0.20965850353240967,0.20965850353240967,1.0,1.0,1.0,1.0,1.0,1.0,1.0,0.6314696073532104,1.0,0.04040875658392906,0.0,0.959591269493103,0.9990893602371216,0.20965850353240967,0.38670772343658966,0.3018295332470377,0.3641747232040946
2396,0.3348861634731293,0.6964563131332397,0.4799780547618866,0.35981306433677673,0.16486729681491852,0.15628378093242645,0.15628378093242645,0.15628378093242645,1.0,1.0,1.0,1.0,1.0,0.6000000238418579,0.0,0.4260714650154114,1.0,0.09908071160316467,0.0,0.9009193181991577,0.941552996635437,0.15628378093242645,0.10974961539337519,0.10974961539337519,0.26926950458245863
1117,0.14045701920986176,0.2609288692474365,0.17821481823921204,0.11512406915426254,0.1280321329832077,0.12427341938018799,0.12427341938018799,0.12427341938018799,1.0,1.0,1.0,1.0,1.0,1.0,1.0,0.2609288692474365,1.0,0.014659597538411617,0.0,0.985340416431427,0.9963129162788391,0.12427341938018799,0.1473113438241691,0.1473113438241691,0.4238167867363386
6644,0.4592549800872803,0.8965848088264465,0.5758334398269653,0.44863924384117126,0.35329222679138184,0.18637850880622864,0.18637850880622864,0.18637850880622864,1.0,1.0,1.0,1.0,1.0,0.6000000238418579,0.0,0.758181095123291,1.0,0.5801238417625427,1.0,0.5801238417625427,0.7355913519859314,0.18637850880622864,0.4416492000634318,0.4300021262939861,0.5728285217213499
3056,0.4372735321521759,0.9131976962089539,0.44576922059059143,0.5896241068840027,0.27642714977264404,0.1013919934630394,0.1013919934630394,0.1013919934630394,1.0,1.0,1.0,1.0,1.0,1.0,1.0,0.9131976962089539,1.0,0.974871814250946,1.0,0.974871814250946,0.9820278882980347,0.1013919934630394,0.41372960470557113,0.3722675488606923,0.82655288232456
1287,0.33965376019477844,0.7034281492233276,0.39281317591667175,0.24947014451026917,0.3766779601573944,0.14188461005687714,0.14188461005687714,0.14188461005687714,1.0,1.0,1.0,1.0,1.0,0.6000000238418579,0.0,0.8812524676322937,1.0,0.03736782819032669,0.0,0.9626321792602539,0.9987515211105347,0.14188461005687714,0.7360860397732861,0.6863898416507678,0.9744967128369454
2459,0.4422779381275177,0.8822999000549316,0.5574203729629517,0.5863616466522217,0.1830517053604126,0.19560010731220245,0.19560010731220245,0.19560010731220245,1.0,1.0,1.0,1.0,1.0,1.0,1.0,0.8822999000549316,1.0,0.7827954292297363,1.0,0.7827954292297363,0.4589955806732178,0.19560010731220245,0.2778146454695661,0.2778146454695661,0.7315017386039567
9473,0.36959367990493774,0.8451385498046875,0.612888753414154,0.3805910050868988,0.11530112475156784,0.19824402034282684,0.19824402034282684,0.19824402034282684,1.0,1.0,1.0,1.0,1.0,1.0,1.0,0.8451385498046875,1.0,0.8807348012924194,1.0,0.8807348012924194,0.9335097074508667,0.19824402034282684,0.3323377697547022,0.33231286292466744,0.4923626910471906
9248,0.39425668120384216,0.7778854370117188,0.31806156039237976,0.6257317662239075,0.2389765828847885,0.1794193536043167,0.1794193536043167,0.1794193536043167,1.0,1.0,1.0,1.0,1.0,1.0,1.0,0.7778854370117188,1.0,0.9133381247520447,1.0,0.9133381247520447,0.9989513158798218,0.1794193536043167,0.5375035825164091,0.3824914061488385,0.4828755658940004
2299,0.33783626556396484,0.8064636588096619,0.6986282467842102,0.17416702210903168,0.14071349799633026,0.1681421846151352,0.1681421846151352,0.1681421846151352,1.0,1.0,1.0,1.0,1.0,1.0,1.0,0.8064636588096619,1.0,0.037353817373514175,0.0,0.9626461863517761,0.9942371845245361,0.1681421846151352,0.13366968098888005,0.13366968098888005,0.41149770617395687
9199,0.3229011297225952,0.6770042777061462,0.3812742531299591,0.24462251365184784,0.3428065776824951,0.13234293460845947,0.13234293460845947,0.13234293460845947,1.0,1.0,1.0,1.0,1.0,1.0,1.0,0.6770042777061462,1.0,0.5857718586921692,1.0,0.5857718586921692,0.9266761541366577,0.13234293460845947,0.30741907922617134,0.21251871237945275,0.34193400507803634
2836,0.26848360896110535,0.5203458070755005,0.29422634840011597,0.34061989188194275,0.1706046164035797,0.16540071368217468,0.16540071368217468,0.16540071368217468,1.0,1.0,1.0,1.0,1.0,1.0,1.0,0.5203458070755005,1.0,0.9689316153526306,1.0,0.9689316153526306,0.9726935029029846,0.16540071368217468,0.19470707438132193,0.19390842615380302,0.36272496798417375
5626,0.4023948907852173,0.767898678779602,0.47254496812820435,0.45496854186058044,0.2796710729598999,0.21621370315551758,0.21621370315551758,0.21621370315551758,1.0,1.0,1.0,1.0,1.0,1.0,1.0,0.767898678779602,1.0,0.923532247543335,1.0,0.923532247543335,0.9940442442893982,0.21621370315551758,0.4108876311243784,0.4108876311243784,0.6963231851944278
7246,0.467378169298172,0.96891850233078,0.6753256916999817,0.6306100487709045,0.09619872272014618,0.14681784808635712,0.14681784808635712,0.14681784808635712,1.0,1.0,1.0,1.0,1.0,1.0,1.0,0.96891850233078,1.0,0.020736271515488625,0.0,0.9792637228965759,0.9953395128250122,0.14681784808635712,0.2640113448444019,0.2593869052683398,0.4462205781246686
8952,0.205909863114357,0.3948027193546295,0.20079556107521057,0.22329655289649963,0.19363749027252197,0.14451591670513153,0.14451591670513153,0.14451591670513153,1.0,1.0,1.0,1.0,1.0,1.0,1.0,0.6232461333274841,1.0,0.20515315234661102,0.0,0.7948468327522278,0.6290090084075928,0.14451591670513153,0.11201112364578175,0.11201112364578175,0.24316673403336037
6097,0.44143638014793396,0.9216505289077759,0.6651574969291687,0.4520568549633026,0.20709477365016937,0.11232409626245499,0.11232409626245499,0.11232409626245499,1.0,1.0,1.0,1.0,1.0,0.6000000238418579,0.0,0.852853000164032,1.0,0.9491260647773743,1.0,0.9491260647773743,0.9937823414802551,0.11232409626245499,0.36248171248474365,0.35462927489951585,0.6261261928634345
9765,0.21463091671466827,0.47888699173927307,0.19649866223335266,0.29155057668685913,0.15584345161914825,0.18868443369865417,0.18868443369865417,0.18868443369865417,1.0,1.0,1.0,1.0,1.0,1.0,1.0,0.47888699173927307,1.0,0.9473997354507446,1.0,0.9473997354507446,0.929937481880188,0.18868443369865417,0.24646863933770635,0.24646863933770635,0.4159698184414538
6050,0.3490184247493744,0.7166180610656738,0.18770818412303925,0.6167610883712769,0.24258600175380707,0.13872019946575165,0.13872019946575165,0.13872019946575165,1.0,1.0,1.0,1.0,1.0,1.0,1.0,0.7166180610656738,1.0,0.9235124588012695,1.0,0.9235124588012695,0.9748752117156982,0.13872019946575165,0.16863499878832186,0.16863499878832186,0.4277376827534298
5082,0.32718488574028015,0.6931336522102356,0.34373870491981506,0.4836345613002777,0.15418146550655365,0.13860301673412323,0.13860301673412323,0.13860301673412323,1.0,1.0,1.0,1.0,1.0,1.0,1.0,0.6931336522102356,1.0,0.9634642601013184,1.0,0.9634642601013184,0.9735384583473206,0.13860301673412323,0.43562089894465317,0.4320842577166812,1.236749410857061
8171,0.3745286464691162,0.7783392667770386,0.39939960837364197,0.46729904413223267,0.2568872570991516,0.18603073060512543,0.18603073060512543,0.18603073060512543,1.0,1.0,1.0,1.0,1.0,1.0,1.0,0.7783392667770386,1.0,0.5073657035827637,1.0,0.5073657035827637,0.9979912042617798,0.18603073060512543,0.27812643092445716,0.27812643092445716,0.6784473402029184
7660,0.3597859740257263,0.7388184070587158,0.21443717181682587,0.6266769766807556,0.23824377357959747,0.13155043125152588,0.13155043125152588,0.13155043125152588,1.0,1.0,1.0,1.0,1.0,0.6000000238418579,0.0,0.7179781794548035,1.0,0.04793374612927437,0.0,0.9520662426948547,0.9983811378479004,0.13155043125152588,0.2664067637145534,0.26367742614151835,0.3188588526547315
2440,0.39124009013175964,0.7625914216041565,0.3984678387641907,0.5427996516227722,0.23245258629322052,0.09393370896577835,0.09393370896577835,0.09393370896577835,1.0,1.0,1.0,1.0,1.0,0.6000000238418579,0.0,0.6987911462783813,1.0,0.8096482753753662,1.0,0.8096482753753662,0.9994624257087708,0.09393370896577835,0.8117889815776712,0.7725923260268062,0.9418064334657579
1240,0.3491026759147644,0.7353421449661255,0.5647968649864197,0.2162529081106186,0.26625820994377136,0.16056694090366364,0.16056694090366364,0.16056694090366364,1.0,1.0,1.0,1.0,1.0,0.6000000238418579,0.0,0.66216641664505,1.0,0.9806795120239258,1.0,0.9806795120239258,0.9985514283180237,0.16056694090366364,0.30712367383848244,0.2840280573976065,0.4965020507511792
2255,0.3715232014656067,0.7419732809066772,0.3581758439540863,0.5463553071022034,0.21003834903240204,0.18655571341514587,0.18655571341514587,0.18655571341514587,1.0,1.0,1.0,1.0,1.0,1.0,1.0,0.7419732809066772,1.0,0.8641908168792725,1.0,0.8641908168792725,0.9372429251670837,0.18655571341514587,0.40238652352096493,0.389393689607471,0.9167445841514414
1630,0.249574676156044,0.5431227684020996,0.49113035202026367,0.09617918729782104,0.16141442954540253,0.2070615291595459,0.2070615291595459,0.2070615291595459,1.0,1.0,1.0,1.0,1.0,1.0,1.0,0.5431227684020996,1.0,0.040546152740716934,0.0,0.959453821182251,0.9963460564613342,0.2070615291595459,0.25658325735200643,0.2527095198992055,0.46635422888961914
7280,0.33244478702545166,0.6618230938911438,0.41502752900123596,0.4612104594707489,0.12109636515378952,0.1317877322435379,0.1317877322435379,0.1317877322435379,1.0,1.0,1.0,1.0,1.0,1.0,1.0,0.6618230938911438,1.0,0.8718125224113464,1.0,0.8718125224113464,0.7766118049621582,0.1317877322435379,0.1863632758485704,0.1863632758485704,0.44427375465122376
9234,0.5080652236938477,1.1496163606643677,1.0158615112304688,0.33602413535118103,0.17230992019176483,0.12383057922124863,0.12383057922124863,0.12383057922124863,1.0,1.0,1.0,1.0,1.0,0.6000000238418579,0.0,0.9203306436538696,1.0,0.41872936487197876,0.0,0.5812706351280212,0.9997096657752991,0.12383057922124863,0.8915949114864635,0.819024346057538,0.987957907960713
6809,0.30213770270347595,0.5780234932899475,0.38383930921554565,0.23027801513671875,0.29229575395584106,0.217586949467659,0.217586949467659,0.217586949467659,1.0,1.0,1.0,1.0,1.0,1.0,1.0,0.5780234932899475,1.0,0.02357472851872444,0.0,0.976425290107727,0.9994568228721619,0.217586949467659,0.07064593941787373,0.07064593941787373,0.1658202981641895
9373,0.45276376605033875,0.8474494814872742,0.6228558421134949,0.4758433401584625,0.2595919966697693,0.24988877773284912,0.24988877773284912,0.24988877773284912,1.0,1.0,1.0,1.0,1.0,1.0,1.0,0.8474494814872742,1.0,0.1003895252943039,0.0,0.8996104598045349,0.8162018060684204,0.24988877773284912,0.26180669976845544,0.26180669976845544,0.9920355474773948
6349,0.5057107210159302,0.9387750029563904,0.5553449392318726,0.5620688796043396,0.3997182846069336,0.2167804092168808,0.2167804092168808,0.2167804092168808,1.0,1.0,1.0,1.0,1.0,0.6000000238418579,0.0,0.6416816115379333,1.0,0.7009909152984619,1.0,0.7009909152984619,0.9996017813682556,0.2167804092168808,0.540570685817666,0.47269548072746626,0.6460556387082319
4075,0.4556227922439575,0.8321927189826965,0.4336356818675995,0.5602267980575562,0.37300586700439453,0.1396615356206894,0.822268009185791,0.6259075403213501,0.6000000238418579,0.0,0.0,0.4000000059604645,0.0,0.20000000298023224,0.0,0.7624862194061279,0.0,0.7854912877082825,0.0,0.7854912877082825,0.7811627388000488,0.6259075403213501,0.4173876483943681,0.37591780488074295,0.7113086653670978
4172,0.3227228820323944,0.7017757296562195,0.3146519660949707,0.4395359456539154,0.21398070454597473,0.10444372147321701,0.10444372147321701,0.10444372147321701,1.0,1.0,1.0,1.0,1.0,0.6000000238418579,0.0,0.6103143095970154,1.0,0.21662971377372742,0.0,0.7833702564239502,0.7568233013153076,0.10444372147321701,0.2982192636378298,0.25843707015742234,0.5041151363606429
9794,0.4088749289512634,0.8600441217422485,0.2825327515602112,0.7666727304458618,0.17741923034191132,0.1534496396780014,0.8090190291404724,0.596618115901947,0.6000000238418579,0.0,0.0,0.4000000059604645,0.0,0.20000000298023224,0.0,0.6028944849967957,0.0,0.8027244210243225,0.0,0.8027244210243225,0.6011020541191101,0.596618115901947,0.17762609535503043,0.17278795913946868,0.25011676831928803
9737,0.5945547819137573,1.182516098022461,0.7982785701751709,0.6557790040969849,0.329606831073761,0.15561996400356293,0.15561996400356293,0.15561996400356293,1.0,1.0,1.0,1.0,1.0,0.6000000238418579,0.0,1.1268283128738403,1.0,0.11006707698106766,0.0,0.8899329304695129,0.9990560412406921,0.15561996400356293,0.6338120074113706,0.5384135899743526,0.7155980633754044
5630,0.3337398171424866,0.7097973823547363,0.4438396394252777,0.27505967020988464,0.28231993317604065,0.16557426750659943,0.16557426750659943,0.16557426750659943,1.0,1.0,1.0,1.0,1.0,0.6000000238418579,0.0,0.6949858665466309,1.0,0.1064567044377327,0.0,0.8935433030128479,0.9965049028396606,0.16557426750659943,0.5322306826036003,0.4926355112301358,0.7020368548821015
1595,0.45560115575790405,0.9527419209480286,0.38702264428138733,0.7833961844444275,0.19638457894325256,0.2323940098285675,0.2323940098285675,0.2323940098285675,1.0,1.0,1.0,1.0,1.0,0.6000000238418579,0.0,0.9489860534667969,1.0,0.013241724111139774,0.0,0.986758291721344,0.9962134957313538,0.2323940098285675,0.4303363570043359,0.4303363570043359,0.7910657179405561
9946,0.4518492817878723,0.9469896554946899,0.34216898679733276,0.8402053117752075,0.17317363619804382,0.10500266402959824,0.10500266402959824,0.10500266402959824,1.0,1.0,1.0,1.0,1.0,0.6000000238418579,0.0,0.978240430355072,1.0,0.011809341609477997,0.0,0.9881906509399414,0.894404411315918,0.10500266402959824,0.4209515073955796,0.4115425131498232,0.8243577185830107
7537,0.3038994073867798,0.6485854983329773,0.300087034702301,0.45905280113220215,0.1525583118200302,0.057051319628953934,0.057051319628953934,0.057051319628953934,1.0,1.0,1.0,1.0,1.0,1.0,1.0,0.6485854983329773,1.0,0.9113664031028748,1.0,0.9113664031028748,0.9988411068916321,0.057051319628953934,1.0241116994217854,1.012339462771765,4.31421056241247
9220,0.35227257013320923,0.7997811436653137,0.2575399875640869,0.6058561205863953,0.19342151284217834,0.17723484337329865,0.17723484337329865,0.17723484337329865,1.0,1.0,1.0,1.0,1.0,1.0,1.0,0.7997811436653137,1.0,0.03936547785997391,0.0,0.9606345295906067,0.9620420932769775,0.17723484337329865,0.3346597076956936,0.2762828846274239,0.4776532784548594
6704,0.299084335565567,0.585716187953949,0.3218798041343689,0.35687437653541565,0.21849875152111053,0.16909585893154144,0.16909585893154144,0.16909585893154144,1.0,1.0,1.0,1.0,1.0,1.0,1.0,0.585716187953949,1.0,0.9834694862365723,1.0,0.9834694862365723,0.9840569496154785,0.16909585893154144,0.17435130331646215,0.17435130331646215,0.3357834335817254
5601,0.25643008947372437,0.48994532227516174,0.3241313099861145,0.23310044407844543,0.21205849945545197,0.1801682710647583,0.1801682710647583,0.1801682710647583,1.0,1.0,1.0,1.0,1.0,1.0,1.0,0.48994532227516174,1.0,0.03706784173846245,0.0,0.9629321694374084,0.9820479154586792,0.1801682710647583,0.1736130952907999,0.1736130952907999,0.41619032096869574
323,0.37219110131263733,0.762208878993988,0.34566932916641235,0.5313513278961182,0.23955264687538147,0.18703100085258484,0.18703100085258484,0.18703100085258484,1.0,1.0,1.0,1.0,1.0,0.6000000238418579,0.0,0.6395543217658997,1.0,0.738387942314148,1.0,0.738387942314148,0.7560859322547913,0.18703100085258484,0.2538119319157729,0.2538119319157729,0.5193854668782295
8285,0.35472196340560913,0.7309918403625488,0.3085990846157074,0.520739734172821,0.2348269671201706,0.1211063489317894,0.1211063489317894,0.1211063489317894,1.0,1.0,1.0,1.0,1.0,1.0,1.0,0.7309918403625488,1.0,0.013731054030358791,0.0,0.986268937587738,0.9713141322135925,0.1211063489317894,0.1899046156847746,0.1899046156847746,0.36898296298539995
9600,0.21942101418972015,0.44532299041748047,0.24047723412513733,0.3100958466529846,0.10768997669219971,0.1798047572374344,0.1798047572374344,0.1798047572374344,1.0,1.0,1.0,1.0,1.0,1.0,1.0,0.44532299041748047,1.0,0.05971178784966469,0.0,0.9402881860733032,0.8207444548606873,0.1798047572374344,0.09321693195098986,0.09321693195098986,0.187292886248688
5118,0.3134896159172058,0.6747116446495056,0.4959772527217865,0.35154417157173157,0.09294730424880981,0.16942894458770752,0.16942894458770752,0.16942894458770752,1.0,1.0,1.0,1.0,1.0,1.0,1.0,0.6747116446495056,1.0,0.9456250071525574,1.0,0.9456250071525574,0.9968323111534119,0.16942894458770752,0.17643335515003059,0.17643335515003059,0.3995462431475177
8060,0.3354727625846863,0.7276074886322021,0.3195939362049103,0.5513895153999329,0.13543474674224854,0.16926369071006775,0.16926369071006775,0.16926369071006775,1.0,1.0,1.0,1.0,1.0,1.0,1.0,0.7276074886322021,1.0,0.011001610197126865,0.0,0.9889984130859375,0.99720698595047,0.16926369071006775,0.19825900460166493,0.19825900460166493,0.4974940118265627
840,0.41722187399864197,0.8917493224143982,0.4488149583339691,0.668099582195282,0.13475099205970764,0.18888793885707855,0.9107751846313477,0.681236207485199,0.6000000238418579,0.0,0.0,0.4000000059604645,0.0,0.20000000298023224,0.0,0.8535560965538025,0.0,0.5246736407279968,0.0,0.5246736407279968,0.9142457842826843,0.681236207485199,0.46836384139619264,0.4500143130425706,0.8162759105548028
6907,0.359977662563324,0.7188906073570251,0.5743974447250366,0.17922018468379974,0.32631537318229675,0.15422828495502472,0.15422828495502472,0.15422828495502472,1.0,1.0,1.0,1.0,1.0,0.6000000238418579,0.0,0.7898512482643127,1.0,0.021062659099698067,0.0,0.9789373278617859,0.9805545806884766,0.15422828495502472,0.20287477817333682,0.19478486911623993,0.2888680256544363
5509,0.36779409646987915,0.8328221440315247,0.5107733607292175,0.40085849165916443,0.19175028800964355,0.15470768511295319,0.15470768511295319,0.15470768511295319,1.0,1.0,1.0,1.0,1.0,0.6000000238418579,0.0,0.6947852969169617,1.0,0.6631579995155334,1.0,0.6631579995155334,0.9996857643127441,0.15470768511295319,0.970138234662108,0.8531983280091503,0.9832524455275
7565,0.2567093074321747,0.5159660577774048,0.34535861015319824,0.29638585448265076,0.12838345766067505,0.2269297093153,0.2269297093153,0.2269297093153,1.0,1.0,1.0,1.0,1.0,1.0,1.0,0.5159660577774048,1.0,0.05063275992870331,0.0,0.9493672251701355,0.9593061804771423,0.2269297093153,0.0868031971324991,0.0868031971324991,0.2779728269820719
4660,0.3816744089126587,0.8052078485488892,0.5494768023490906,0.4261147081851959,0.16943155229091644,0.1428362876176834,0.1428362876176834,0.1428362876176834,1.0,1.0,1.0,1.0,1.0,1.0,1.0,0.8052078485488892,1.0,0.06294531375169754,0.0,0.9370546936988831,0.9990779161453247,0.1428362876176834,0.14256458415512777,0.14256458415512777,0.38189691132367554
7554,0.283731609582901,0.5694220662117004,0.31858500838279724,0.3160652816295624,0.21654443442821503,0.26192426681518555,0.26192426681518555,0.26192426681518555,1.0,1.0,1.0,1.0,1.0,1.0,1.0,0.5694220662117004,1.0,0.022057779133319855,0.0,0.9779422283172607,0.9948616623878479,0.26192426681518555,0.34365927990289463,0.3434939221437502,0.7288756255230067
2715,0.3887487053871155,0.8502475023269653,0.6130863428115845,0.4749199450016022,0.07823976129293442,0.18606255948543549,0.18606255948543549,0.18606255948543549,1.0,1.0,1.0,1.0,1.0,0.6000000238418579,0.0,0.6868413686752319,1.0,0.970569372177124,1.0,0.970569372177124,0.9993864297866821,0.18606255948543549,0.38962674551038307,0.3465193519369693,0.529174903022189
3525,0.5193195343017578,1.0917099714279175,0.5922297239303589,0.6913995742797852,0.2743293046951294,0.09979521483182907,0.09979521483182907,0.09979521483182907,1.0,1.0,1.0,1.0,1.0,0.6000000238418579,0.0,0.892494797706604,1.0,0.4212133586406708,0.0,0.5787866115570068,0.9990553259849548,0.09979521483182907,1.1082064742781006,0.9472955188812393,2.0365053837226137
4088,0.36815473437309265,0.7804291844367981,0.5452011227607727,0.37948450446128845,0.17977862060070038,0.21636438369750977,0.21636438369750977,0.21636438369750977,1.0,1.0,1.0,1.0,1.0,1.0,1.0,0.7804291844367981,1.0,0.048118703067302704,0.0,0.9518812894821167,0.9199811220169067,0.21636438369750977,0.16297051079211244,0.1603486914785557,0.30691767454198693
440,0.3772486448287964,0.788471519947052,0.40664491057395935,0.491115540266037,0.2339855283498764,0.05599251016974449,0.05599251016974449,0.05599251016974449,1.0,1.0,1.0,1.0,1.0,1.0,1.0,0.788471519947052,1.0,0.9697993397712708,1.0,0.9697993397712708,0.99733966588974,0.05599251016974449,0.44511688721691506,0.4419141413642786,0.9663998247990541
8061,0.23944945633411407,0.5260971784591675,0.11035960167646408,0.24810154736042023,0.3598872125148773,0.1042475476861,0.1042475476861,0.1042475476861,1.0,1.0,1.0,1.0,1.0,0.6000000238418579,0.0,0.651171863079071,1.0,0.014526898972690105,0.0,0.985473096370697,0.9983312487602234,0.1042475476861,0.29241937242668226,0.29230512766750816,0.4898430312956706
1393,0.38165339827537537,0.7361222505569458,0.4050876796245575,0.5483191609382629,0.19155330955982208,0.1819959133863449,0.1819959133863449,0.1819959133863449,1.0,1.0,1.0,1.0,1.0,1.0,1.0,0.7361222505569458,1.0,0.8317585587501526,1.0,0.8317585587501526,0.9900643229484558,0.1819959133863449,0.483890024969094,0.483890024969094,1.9568043692925337
8834,0.4685456156730652,0.947357177734375,0.36626267433166504,0.7202469706535339,0.3191272020339966,0.15938419103622437,1.194007396697998,0.15938419103622437,1.0,1.0,0.0,0.0,0.0,1.0,1.0,0.947357177734375,1.0,0.731113851070404,0.0,0.731113851070404,0.9931991696357727,0.15938419103622437,2.0009563452272094,0.6006385853283285,2.7593365721083303
1900,0.4060240685939789,0.7973228693008423,0.4902782142162323,0.3465341329574585,0.38125982880592346,0.26146528124809265,0.26146528124809265,0.26146528124809265,1.0,1.0,1.0,1.0,1.0,1.0,1.0,0.7973228693008423,1.0,0.849705696105957,1.0,0.849705696105957,0.9904012084007263,0.26146528124809265,0.4926881285710833,0.42727520979875705,0.6430893745503609
81,0.385904997587204,0.7481199502944946,0.5304144024848938,0.42879366874694824,0.19850687682628632,0.22197222709655762,0.22197222709655762,0.22197222709655762,1.0,1.0,1.0,1.0,1.0,1.0,1.0,0.7481199502944946,1.0,0.03362732380628586,0.0,0.9663726687431335,0.8639826774597168,0.22197222709655762,0.23942184977900655,0.22523289244387715,0.314183059180892
432,0.4152187705039978,0.8531693816184998,0.6898494362831116,0.3956902027130127,0.1601165533065796,0.19453909993171692,0.19453909993171692,0.19453909993171692,1.0,1.0,1.0,1.0,1.0,1.0,1.0,0.8531693816184998,1.0,0.9876515865325928,1.0,0.9876515865325928,0.9764364957809448,0.19453909993171692,0.1101273876930867,0.1101273876930867,0.2682243200442995
9586,0.3650173246860504,0.6763593554496765,0.4102364480495453,0.42708855867385864,0.2577269971370697,0.0859719067811966,0.0859719067811966,0.0859719067811966,1.0,1.0,1.0,1.0,1.0,1.0,1.0,0.6763593554496765,1.0,0.14563055336475372,0.0,0.8543694615364075,0.8892229199409485,0.0859719067811966,0.6717937010805659,0.6375689708078316,1.2787070552526303
2359,0.3504228889942169,0.7234753966331482,0.43672114610671997,0.4167190194129944,0.19782842695713043,0.17915163934230804,0.17915163934230804,0.17915163934230804,1.0,1.0,1.0,1.0,1.0,0.6000000238418579,0.0,0.6749080419540405,1.0,0.9247888326644897,1.0,0.9247888326644897,0.9982591271400452,0.17915163934230804,0.41057209614001716,0.4019426500849072,0.5749836054426573
7017,0.34552648663520813,0.7643322348594666,0.3080538213253021,0.5243133902549744,0.2042122185230255,0.1563614010810852,0.1563614010810852,0.1563614010810852,1.0,1.0,1.0,1.0,1.0,1.0,1.0,0.7643322348594666,1.0,0.849236249923706,1.0,0.849236249923706,0.9974573254585266,0.1563614010810852,0.6324044999521767,0.4980307680630863,0.6476080029282071
450,0.5375828146934509,1.0571268796920776,0.763805091381073,0.5376610159873962,0.3112822473049164,0.12187349796295166,0.6531946063041687,0.6531946063041687,0.6000000238418579,0.0,1.0,0.6000000238418579,0.0,0.20000000298023224,0.0,1.0001131296157837,0.0,0.47539806365966797,0.0,0.524601936340332,0.6883791089057922,0.6531946063041687,2.0664372879245483,0.31682769662687493,0.6470994232610553
3124,0.30186381936073303,0.6155438423156738,0.3956626355648041,0.33571314811706543,0.17421558499336243,0.14287395775318146,0.14287395775318146,0.14287395775318146,1.0,1.0,1.0,1.0,1.0,0.6000000238418579,0.0,0.5877276659011841,1.0,0.1187794953584671,0.0,0.8812205195426941,0.9997389912605286,0.14287395775318146,0.3550631194925419,0.34991893618528536,0.4780689013864623
5706,0.4471745193004608,0.916961133480072,0.4111681580543518,0.6962342262268066,0.23412111401557922,0.23439422249794006,0.23439422249794006,0.23439422249794006,1.0,1.0,1.0,1.0,1.0,1.0,1.0,0.916961133480072,1.0,0.027593448758125305,0.0,0.9724065661430359,0.9212518334388733,0.23439422249794006,0.31878164122298286,0.31452452118382335,0.505721871721464
3414,0.32349979877471924,0.6594031453132629,0.19305120408535004,0.5031638145446777,0.2742842733860016,0.18660937249660492,0.18660937249660492,0.18660937249660492,1.0,1.0,1.0,1.0,1.0,0.6000000238418579,0.0,0.6416038274765015,1.0,0.9812301397323608,1.0,0.9812301397323608,0.9967852830886841,0.18660937249660492,0.19738260438197464,0.19738260438197464,0.36559219287510614
1564,0.2660508453845978,0.5497338175773621,0.3002145290374756,0.3275574743747711,0.17038050293922424,0.1786413937807083,0.1786413937807083,0.1786413937807083,1.0,1.0,1.0,1.0,1.0,1.0,1.0,0.5497338175773621,1.0,0.9845086336135864,1.0,0.9845086336135864,0.9853758215904236,0.1786413937807083,0.2820922749902208,0.2820922749902208,0.5267911331736432
8913,0.38192811608314514,0.715366542339325,0.5129817724227905,0.39225733280181885,0.24054522812366486,0.08254139870405197,0.08254139870405197,0.08254139870405197,1.0,1.0,1.0,1.0,1.0,1.0,1.0,0.715366542339325,1.0,0.9842154383659363,1.0,0.9842154383659363,0.9840326905250549,0.08254139870405197,0.1724228639025396,0.1724228639025396,0.41813476026343127
9338,0.31655392050743103,0.6358203887939453,0.4015701711177826,0.2771678566932678,0.2709236145019531,0.1613709032535553,0.1613709032535553,0.1613709032535553,1.0,1.0,1.0,1.0,1.0,1.0,1.0,0.6358203887939453,1.0,0.9749097228050232,1.0,0.9749097228050232,0.5390263795852661,0.1613709032535553,0.1195429942714534,0.1195429942714534,0.2068969618549762
7032,0.4117269217967987,0.831551194190979,0.5735952258110046,0.439005583524704,0.2225799411535263,0.2372051328420639,0.2372051328420639,0.2372051328420639,1.0,1.0,1.0,1.0,1.0,0.20000000298023224,0.0,0.7726227641105652,1.0,0.8820872902870178,1.0,0.8820872902870178,0.9939526915550232,0.2372051328420639,0.7070577122485433,0.5298243757799256,0.8009388673304192
9612,0.24935108423233032,0.5019664168357849,0.2609180212020874,0.29820290207862854,0.18893228471279144,0.24316132068634033,0.24316132068634033,0.24316132068634033,1.0,1.0,1.0,1.0,1.0,1.0,1.0,0.5019664168357849,1.0,0.08154270052909851,0.0,0.9184572696685791,0.8893845081329346,0.24316132068634033,0.14845307738204847,0.14845307738204847,0.3991065031551477
5646,0.2747219204902649,0.5235212445259094,0.2896422743797302,0.2659451961517334,0.26857829093933105,0.26530584692955017,0.26530584692955017,0.26530584692955017,1.0,1.0,1.0,1.0,1.0,1.0,1.0,0.5235212445259094,1.0,0.9449288845062256,1.0,0.9449288845062256,0.9972614049911499,0.26530584692955017,0.41611050420846896,0.40114939524551013,0.7231621431415968
4629,0.23413802683353424,0.46944838762283325,0.1923096626996994,0.3207279443740845,0.18937647342681885,0.11470270156860352,0.24763619899749756,0.24763619899749756,0.20000000298023224,0.0,0.0,0.800000011920929,0.0,0.20000000298023224,0.0,0.46944838762283325,0.0,0.6529425978660583,0.0,0.6529425978660583,0.7007989883422852,1.216080904006958,0.22317064878982107,0.22317064878982107,0.48316837090842435
2778,0.5700997710227966,1.1248663663864136,0.7216317057609558,0.7377449870109558,0.2509225010871887,0.12115287780761719,1.1716711521148682,0.12115287780761719,1.0,1.0,0.0,0.0,0.0,0.20000000298023224,0.0,0.8963187336921692,1.0,0.0478774830698967,1.0,0.9521225094795227,0.9989125728607178,0.12115287780761719,0.49379715772586336,0.49379715772586336,0.7673360989570999
8297,0.4233894944190979,0.9422397613525391,0.36463305354118347,0.7830020189285278,0.12253344058990479,0.16020268201828003,0.16020268201828003,0.16020268201828003,1.0,1.0,1.0,1.0,1.0,1.0,1.0,0.9422397613525391,1.0,0.7693761587142944,1.0,0.7693761587142944,0.6392307281494141,0.16020268201828003,0.4215693846286286,0.35092244569775843,0.5582017348948379
8125,0.5621270537376404,1.1194462776184082,0.4937272071838379,0.9123687744140625,0.2802850902080536,0.11656423658132553,1.3206150531768799,0.11656423658132553,1.0,1.0,0.0,0.0,0.0,1.0,1.0,1.1194462776184082,1.0,0.5232797265052795,0.0,0.5232797265052795,0.8829190731048584,0.11656423658132553,1.715214182917007,0.48410512691114455,0.8810345790078457
9170,0.3609931170940399,0.7451192736625671,0.4696996212005615,0.3839065730571747,0.22937312722206116,0.07586254179477692,0.07586254179477692,0.07586254179477692,1.0,1.0,1.0,1.0,1.0,1.0,1.0,0.7451192736625671,1.0,0.9294265508651733,1.0,0.9294265508651733,0.9837411642074585,0.07586254179477692,0.29641799704167865,0.29641799704167865,0.7030339229382673
6183,0.415608674287796,0.944520115852356,0.5837399959564209,0.4891982674598694,0.17388765513896942,0.10119596868753433,0.5824872851371765,0.5824872851371765,0.6000000238418579,0.0,1.0,0.6000000238418579,0.0,0.20000000298023224,0.0,0.8387921452522278,0.0,0.6496046781539917,1.0,0.6496046781539917,0.5223641395568848,0.5824872851371765,2.1941064701755186,0.35559846550291113,0.7351704414565919
7356,0.25576362013816833,0.4895980954170227,0.35203662514686584,0.23044252395629883,0.18481162190437317,0.10470592975616455,0.10470592975616455,0.10470592975616455,1.0,1.0,1.0,1.0,1.0,1.0,1.0,0.4895980954170227,1.0,0.2375776469707489,0.0,0.7624223232269287,0.8346854448318481,0.10470592975616455,0.1456585629322842,0.1456585629322842,0.3097272929105865
3475,0.36253371834754944,0.7833953499794006,0.41863876581192017,0.5410642623901367,0.12789806723594666,0.21007204055786133,0.21007204055786133,0.21007204055786133,1.0,1.0,1.0,1.0,1.0,1.0,1.0,0.7833953499794006,1.0,0.9783211946487427,1.0,0.9783211946487427,0.9722536206245422,0.21007204055786133,0.10539684543341296,0.10539684543341296,0.2153164746029335
7255,0.4182341992855072,0.7952108383178711,0.3914508819580078,0.6115294098854065,0.2517222464084625,0.2759808599948883,0.2759808599948883,0.2759808599948883,1.0,1.0,1.0,1.0,1.0,1.0,1.0,0.7952108383178711,1.0,0.07012277096509933,0.0,0.9298772215843201,0.9657562375068665,0.2759808599948883,0.34155093911246615,0.3255615047115564,0.430589575812433
8924,0.3310271203517914,0.6415707468986511,0.4997739791870117,0.22243013978004456,0.2708772122859955,0.1856682151556015,0.1856682151556015,0.1856682151556015,1.0,1.0,1.0,1.0,1.0,1.0,1.0,0.6579885482788086,1.0,0.03583432361483574,0.0,0.9641656875610352,0.9978839755058289,0.1856682151556015,0.06381590583764486,0.06381590583764486,0.12342205987734156
5,0.3055104613304138,0.5972878932952881,0.42844972014427185,0.24198710918426514,0.24609458446502686,0.15495195984840393,0.15495195984840393,0.15495195984840393,1.0,1.0,1.0,1.0,1.0,1.0,1.0,0.5972878932952881,1.0,0.11954247206449509,0.0,0.8804575204849243,0.9919313788414001,0.15495195984840393,0.17679307594129426,0.1760117632889293,0.48798009871580467
1621,0.44565606117248535,0.8632627725601196,0.649512767791748,0.34656888246536255,0.3408864736557007,0.10561295598745346,0.10561295598745346,0.10561295598745346,1.0,1.0,1.0,1.0,1.0,0.6000000238418579,0.0,0.7655672430992126,1.0,0.9765276908874512,1.0,0.9765276908874512,0.9601102471351624,0.10561295598745346,0.14444455371834874,0.14425874135861008,0.2605836620280283
442,0.48316580057144165,0.985939621925354,0.5535391569137573,0.7088909149169922,0.18706731498241425,0.15859046578407288,1.1996450424194336,0.15859046578407288,1.0,1.0,0.0,0.0,0.0,0.20000000298023224,0.0,0.6895463466644287,1.0,0.6822221875190735,0.0,0.6822221875190735,0.9999432563781738,0.15859046578407288,1.1489377606465843,0.7069325157246857,0.946192150201645
9053,0.2658367455005646,0.5102293491363525,0.29711946845054626,0.2940123975276947,0.20637832581996918,0.16763342916965485,0.16763342916965485,0.16763342916965485,1.0,1.0,1.0,1.0,1.0,1.0,1.0,0.5102293491363525,1.0,0.9326069951057434,1.0,0.9326069951057434,0.9739838242530823,0.16763342916965485,0.1298656278952438,0.1298656278952438,0.2130317454810156
8113,0.3772728145122528,0.7300131916999817,0.5373110175132751,0.3784184455871582,0.21608896553516388,0.16581372916698456,0.16581372916698456,0.16581372916698456,1.0,1.0,1.0,1.0,1.0,1.0,1.0,0.7300131916999817,1.0,0.8833573460578918,1.0,0.8833573460578918,0.9993767142295837,0.16581372916698456,0.41643256578343835,0.39359449322771567,0.5944554584324436
5505,0.3054625988006592,0.5733237266540527,0.23889341950416565,0.27546200156211853,0.40203234553337097,0.30694636702537537,0.30694636702537537,0.30694636702537537,1.0,1.0,1.0,1.0,1.0,0.6000000238418579,0.0,0.5323970913887024,1.0,0.020572097972035408,0.0,0.9794278740882874,0.9319468140602112,0.30694636702537537,0.5128286735587712,0.49175761969862114,0.8877087033423045
5452,0.23167015612125397,0.43922159075737,0.24136142432689667,0.26854434609413147,0.18510471284389496,0.13690945506095886,0.13690945506095886,0.13690945506095886,1.0,1.0,1.0,1.0,1.0,0.6000000238418579,0.0,0.4709374010562897,1.0,0.06128866598010063,0.0,0.9387113451957703,0.9997774958610535,0.13690945506095886,0.4113712897675513,0.33812310094416315,0.45337094467054695
7958,0.31070494651794434,0.6667835712432861,0.26179561018943787,0.557828962802887,0.11249027401208878,0.10885234922170639,0.10885234922170639,0.10885234922170639,1.0,1.0,1.0,1.0,1.0,1.0,1.0,0.6667835712432861,1.0,0.01101247500628233,0.0,0.9889875054359436,0.9976091384887695,0.10885234922170639,0.08482191404768404,0.08482191404768404,0.1600556952971281
1383,0.26235291361808777,0.5190995335578918,0.22085939347743988,0.25613442063331604,0.3100648820400238,0.21830637753009796,0.8334194421768188,0.6242873072624207,0.6000000238418579,0.0,0.0,0.4000000059604645,0.0,0.6000000238418579,0.0,0.5347341895103455,0.0,0.5125181674957275,0.0,0.5125181674957275,0.6798232197761536,0.6242873072624207,0.27174719322537905,0.27174719322537905,0.48869154979984436
7022,0.4172233045101166,0.8461300134658813,0.515997588634491,0.3358941972255707,0.39977800846099854,0.1757783740758896,0.1757783740758896,0.1757783740758896,1.0,1.0,1.0,1.0,1.0,0.6000000238418579,0.0,0.8970262408256531,1.0,0.5861539840698242,1.0,0.5861539840698242,0.6706051230430603,0.1757783740758896,0.30775220592294233,0.30775220592294233,0.5454089952180395
9386,0.5505481362342834,1.1269158124923706,0.5628511905670166,0.8973579406738281,0.19143526256084442,0.0592259056866169,0.5545316934585571,0.5545316934585571,0.6000000238418579,0.0,1.0,0.6000000238418579,0.0,0.20000000298023224,0.0,0.9221108555793762,0.0,0.8881433606147766,1.0,0.8881433606147766,0.8338003158569336,0.5545316934585571,2.523655606159936,0.9196155318361346,1.350008756118179
7291,0.6702728867530823,1.296059012413025,0.9593704342842102,0.7873057126998901,0.264142245054245,0.11968741565942764,1.2422465085983276,0.11968741565942764,1.0,1.0,0.0,0.0,0.0,0.20000000298023224,0.0,0.8625593185424805,1.0,0.2705746293067932,1.0,0.7294253706932068,0.9998409748077393,0.11968741565942764,0.6164721146812466,0.6114557702357996,0.7906854221297349
8493,0.3799839913845062,0.7104845643043518,0.3885270655155182,0.318316251039505,0.4331086277961731,0.17007866501808167,0.8631278872489929,0.5088047981262207,0.6000000238418579,0.0,0.0,0.4000000059604645,0.0,0.20000000298023224,0.0,0.7063570618629456,0.0,0.047827646136283875,1.0,0.9521723389625549,0.8657172322273254,0.5088047981262207,0.2088040654730525,0.2088040654730525,0.44651620058633423
3687,0.3886798918247223,0.7425041198730469,0.45162233710289,0.3939390182495117,0.32047832012176514,0.20590488612651825,0.20590488612651825,0.20590488612651825,1.0,1.0,1.0,1.0,1.0,1.0,1.0,0.7425041198730469,1.0,0.9391500949859619,1.0,0.9391500949859619,0.996933102607727,0.20590488612651825,0.5253956752675721,0.5222078624058732,0.7606311362856595
9818,0.2689989507198334,0.510780930519104,0.3334366977214813,0.25619348883628845,0.21736665070056915,0.16183269023895264,0.16183269023895264,0.16183269023895264,1.0,1.0,1.0,1.0,1.0,1.0,1.0,0.510780930519104,1.0,0.05398136377334595,0.0,0.946018636226654,0.993617057800293,0.16183269023895264,0.11346323824319225,0.11230475269108516,0.19407089832960212
1735,0.23193861544132233,0.4744485020637512,0.22546768188476562,0.35783085227012634,0.11251723021268845,0.2335846871137619,0.2335846871137619,0.2335846871137619,1.0,1.0,1.0,1.0,1.0,1.0,1.0,0.4744485020637512,1.0,0.9752333164215088,1.0,0.9752333164215088,0.9622390866279602,0.2335846871137619,0.0807719554332403,0.0807719554332403,0.1659020724069245
2035,0.31191498041152954,0.6423172354698181,0.45652705430984497,0.3230848014354706,0.15613305568695068,0.17111140489578247,0.17111140489578247,0.17111140489578247,1.0,1.0,1.0,1.0,1.0,0.6000000238418579,0.0,0.6345919966697693,1.0,0.9679913520812988,1.0,0.9679913520812988,0.9679099321365356,0.17111140489578247,0.3895868294133647,0.384684042276716,0.5724267864995723
4159,0.5339081883430481,1.1148525476455688,0.5707122087478638,0.7505069971084595,0.28050538897514343,0.20267139375209808,0.20267139375209808,0.20267139375209808,1.0,1.0,1.0,1.0,1.0,0.6000000238418579,0.0,0.9349936842918396,1.0,0.12565121054649353,0.0,0.8743487596511841,0.9911504983901978,0.20267139375209808,0.6459762434317513,0.48494574141979746,0.6326669776571784
1532,0.4450746178627014,0.845305860042572,0.5265955924987793,0.544625461101532,0.26400285959243774,0.2250262051820755,0.2250262051820755,0.2250262051820755,1.0,1.0,1.0,1.0,1.0,0.6000000238418579,0.0,0.8237886428833008,1.0,0.9035167098045349,1.0,0.9035167098045349,0.9785308241844177,0.2250262051820755,0.18044882829224013,0.18044882829224013,0.34430246240562423
718,0.4975390136241913,1.0564537048339844,0.8257322311401367,0.5132449269294739,0.1536397635936737,0.11811172217130661,0.11811172217130661,0.11811172217130661,1.0,1.0,1.0,1.0,1.0,1.0,1.0,1.0564537048339844,1.0,0.9534384608268738,1.0,0.9534384608268738,0.9502613544464111,0.11811172217130661,0.19819892489044968,0.19819892489044968,0.4105009663105528
9815,0.3125219941139221,0.5945600867271423,0.42497989535331726,0.2599101960659027,0.2526758015155792,0.23368163406848907,0.23368163406848907,0.23368163406848907,1.0,1.0,1.0,1.0,1.0,1.0,1.0,0.5945600867271423,1.0,0.3451656699180603,0.0,0.6548343300819397,0.9070906043052673,0.23368163406848907,0.38889554279856403,0.2614132231660055,0.38930453404848614
998,0.3389643430709839,0.633844792842865,0.2862296998500824,0.27212393283843994,0.4585393965244293,0.13905666768550873,0.13905666768550873,0.13905666768550873,1.0,1.0,1.0,1.0,1.0,1.0,1.0,0.633844792842865,1.0,0.9667278528213501,1.0,0.9667278528213501,0.999703586101532,0.13905666768550873,0.6537772384500623,0.642287561304385,1.0488724164536307
6088,0.2052305042743683,0.42063307762145996,0.1608370840549469,0.3066304624080658,0.1482239067554474,0.17458884418010712,0.640437126159668,0.640437126159668,0.6000000238418579,0.0,1.0,0.6000000238418579,0.0,0.6000000238418579,0.0,0.42063307762145996,0.0,0.060771141201257706,0.0,0.9392288327217102,0.5632479190826416,0.640437126159668,2.7270520395997027,1.0142511114841803,2.1685944352558653
6798,0.35707056522369385,0.6821590662002563,0.516375720500946,0.2916836440563202,0.2631523907184601,0.14107643067836761,0.14107643067836761,0.14107643067836761,1.0,1.0,1.0,1.0,1.0,0.6000000238418579,0.0,0.5744721293449402,1.0,0.09783688187599182,0.0,0.9021631479263306,0.8739657402038574,0.14107643067836761,0.6094795820314081,0.5182044082093059,0.7025940677489154
1499,0.2675858736038208,0.5248217582702637,0.23090648651123047,0.30982542037963867,0.2620256543159485,0.2656872272491455,0.2656872272491455,0.2656872272491455,1.0,1.0,1.0,1.0,1.0,0.6000000238418579,0.0,0.49559393525123596,1.0,0.9852150678634644,1.0,0.9852150678634644,0.9465821385383606,0.2656872272491455,0.07981215968183744,0.07981215968183744,0.16900261296324307
1508,0.3344901204109192,0.7072417736053467,0.16997674107551575,0.6205346584320068,0.2129589170217514,0.20602522790431976,0.20602522790431976,0.20602522790431976,1.0,1.0,1.0,1.0,1.0,1.0,1.0,0.7072417736053467,1.0,0.7304427623748779,1.0,0.7304427623748779,0.721513032913208,0.20602522790431976,0.291174742450398,0.2681482920670489,0.7654915937519867
279,0.3286018371582031,0.6654802560806274,0.206344872713089,0.5387787222862244,0.24068188667297363,0.13785450160503387,0.13785450160503387,0.13785450160503387,1.0,1.0,1.0,1.0,1.0,0.20000000298023224,0.0,0.5256638526916504,1.0,0.6922461986541748,1.0,0.6922461986541748,0.9997591376304626,0.13785450160503387,0.8421481618329234,0.7263796492321744,0.8922263324740247
8469,0.29850080609321594,0.5470688939094543,0.3070612847805023,0.2790558338165283,0.3093852400779724,0.17327836155891418,0.17327836155891418,0.17327836155891418,1.0,1.0,1.0,1.0,1.0,0.6000000238418579,0.0,0.6009415984153748,1.0,0.015505955554544926,0.0,0.9844940304756165,0.9987793564796448,0.17327836155891418,0.4336752021586581,0.4191041835057375,0.7815893160959121
7063,0.20189392566680908,0.3986099660396576,0.17298324406147003,0.1347344070672989,0.29796409606933594,0.11720352619886398,0.11720352619886398,0.11720352619886398,1.0,1.0,1.0,1.0,1.0,1.0,1.0,0.3986099660396576,1.0,0.01480109989643097,0.0,0.9851989150047302,0.9988111257553101,0.11720352619886398,0.328355151310075,0.3276416561366094,0.6381456205176107
8151,0.5114232897758484,1.0926498174667358,0.4275237023830414,0.8035538792610168,0.3031921088695526,0.12264513969421387,1.315861701965332,0.12264513969421387,1.0,1.0,0.0,0.0,0.0,0.20000000298023224,0.0,0.6039268374443054,1.0,0.35517624020576477,1.0,0.6448237895965576,0.9998440742492676,0.12264513969421387,0.790217220942714,0.7036902113469086,0.8897578252615804
8257,0.4359254539012909,0.9241477847099304,0.4283851683139801,0.62751704454422,0.25187405943870544,0.06537375599145889,0.06537375599145889,0.06537375599145889,1.0,1.0,1.0,1.0,1.0,1.0,1.0,0.9241477847099304,1.0,0.0026636093389242887,0.0,0.9973363876342773,0.9986112117767334,0.06537375599145889,0.5593812364265532,0.5502878540295089,1.2555673313775881
8241,0.3785363435745239,0.739724338054657,0.5637016296386719,0.34105101227760315,0.2308562844991684,0.1659231036901474,0.1659231036901474,0.1659231036901474,1.0,1.0,1.0,1.0,1.0,0.6000000238418579,0.0,0.5964325070381165,1.0,0.8610630631446838,1.0,0.8610630631446838,0.9970370531082153,0.1659231036901474,0.510209867998862,0.4540217033599182,0.5454286897752446
7751,0.4755106270313263,0.9086614847183228,0.5742135643959045,0.5422354936599731,0.3100827634334564,0.13077004253864288,0.7779267430305481,0.5627481341362,0.6000000238418579,0.0,0.0,0.4000000059604645,0.0,0.20000000298023224,0.0,0.748832643032074,0.0,0.5690118074417114,0.0,0.5690118074417114,0.6288206577301025,0.5627481341362,0.29544527898574197,0.29544527898574197,0.531721777388516
4506,0.2789447605609894,0.5640633702278137,0.24298249185085297,0.3508160710334778,0.2430357038974762,0.21120710670948029,0.21120710670948029,0.21120710670948029,1.0,1.0,1.0,1.0,1.0,1.0,1.0,0.5640633702278137,1.0,0.9754523038864136,1.0,0.9754523038864136,0.9728956818580627,0.21120710670948029,0.18916962361738152,0.18916962361738152,0.5554020367592609
4785,0.24865934252738953,0.4791737198829651,0.3316502273082733,0.256376177072525,0.15795157849788666,0.16269540786743164,0.16269540786743164,0.16269540786743164,1.0,1.0,1.0,1.0,1.0,1.0,1.0,0.4791737198829651,1.0,0.8867601156234741,1.0,0.8867601156234741,0.998666524887085,0.16269540786743164,0.3887279130286039,0.3883475495294549,0.6118996811989355
1661,0.3462561368942261,0.7297789454460144,0.2922358214855194,0.5090327858924866,0.23749983310699463,0.21940064430236816,0.21940064430236816,0.21940064430236816,1.0,1.0,1.0,1.0,1.0,1.0,1.0,0.7297789454460144,1.0,0.989176332950592,1.0,0.989176332950592,0.9982548356056213,0.21940064430236816,0.3397694908284093,0.3397694908284093,1.2006566300280899
7904,0.6267188787460327,1.2031282186508179,0.7980881929397583,0.6453315615653992,0.4367367923259735,0.24110804498195648,0.7936960458755493,0.5469995737075806,0.6000000238418579,0.0,0.0,0.4000000059604645,0.0,0.20000000298023224,0.0,0.9439048171043396,0.0,0.04323061183094978,1.0,0.9567694067955017,0.9440874457359314,0.5469995737075806,0.29064395216674277,0.28116252330472363,0.6111084403189794
4630,0.23316285014152527,0.4367954432964325,0.3079836964607239,0.16306650638580322,0.2284383326768875,0.15657299757003784,0.15657299757003784,0.15657299757003784,1.0,1.0,1.0,1.0,1.0,1.0,1.0,0.4367954432964325,1.0,0.5543433427810669,1.0,0.5543433427810669,0.8757016658782959,0.15657299757003784,0.2400012779525623,0.2245235338370954,0.4874505157890928
2165,0.19756373763084412,0.3932173550128937,0.1271197348833084,0.18723420798778534,0.2783372104167938,0.10888508707284927,0.10888508707284927,0.10888508707284927,1.0,1.0,1.0,1.0,1.0,1.0,1.0,0.3932173550128937,1.0,0.06412170827388763,0.0,0.9358782768249512,0.9938657879829407,0.10888508707284927,0.38400294923388917,0.35497058717930646,0.5178013621120012
7754,0.22508490085601807,0.45080891251564026,0.3316241204738617,0.20326702296733856,0.14036349952220917,0.08150223642587662,0.08150223642587662,0.08150223642587662,1.0,1.0,1.0,1.0,1.0,1.0,1.0,0.45080891251564026,1.0,0.008679147809743881,0.0,0.9913208484649658,0.9988991022109985,0.08150223642587662,0.19132662065446243,0.18095814971982221,0.3912739436496818
2420,0.5070478916168213,0.9874088168144226,0.5582833290100098,0.6521623730659485,0.3106979429721832,0.1311517208814621,0.1311517208814621,0.1311517208814621,1.0,1.0,1.0,1.0,1.0,0.6000000238418579,0.0,0.9596058130264282,1.0,0.9062930941581726,1.0,0.9062930941581726,0.9998701810836792,0.1311517208814621,0.8486821681869746,0.8031627970507212,0.9839438164586907
7178,0.5335471630096436,1.231330394744873,0.7574397325515747,0.6838776469230652,0.15932396054267883,0.13255465030670166,1.2506650686264038,0.13255465030670166,1.0,1.0,0.0,0.0,0.0,0.20000000298023224,0.0,0.835162341594696,1.0,0.7347933650016785,0.0,0.7347933650016785,0.999850869178772,0.13255465030670166,0.7269479704646113,0.6351002617603917,0.8561897752931988
669,0.4848705530166626,0.9271449446678162,0.5233145356178284,0.6033727526664734,0.3279244601726532,0.11613527685403824,0.11613527685403824,0.11613527685403824,1.0,1.0,1.0,1.0,1.0,1.0,1.0,0.9271449446678162,1.0,0.7901596426963806,1.0,0.7901596426963806,0.854555070400238,0.11613527685403824,0.400096773869269,0.3945801483135123,0.6866682525554577
6207,0.3553077280521393,0.6992067694664001,0.3527587354183197,0.5378903746604919,0.17527411878108978,0.2359282523393631,0.2359282523393631,0.2359282523393631,1.0,1.0,1.0,1.0,1.0,1.0,1.0,0.6992067694664001,1.0,0.041939813643693924,0.0,0.9580602049827576,0.9999352693557739,0.2359282523393631,0.4635668521014331,0.4627065540048092,0.730113087504124
4831,0.3407822847366333,0.6474958658218384,0.3466784656047821,0.4170497953891754,0.25861862301826477,0.07745468616485596,0.07745468616485596,0.07745468616485596,1.0,1.0,1.0,1.0,1.0,1.0,1.0,0.6474958658218384,1.0,0.9744008183479309,1.0,0.9744008183479309,0.9878395199775696,0.07745468616485596,0.14114779417712392,0.14114779417712392,0.292922306182311
9716,0.3590805232524872,0.7478706240653992,0.5797886848449707,0.33686238527297974,0.1605905145406723,0.12405622005462646,0.12405622005462646,0.12405622005462646,1.0,1.0,1.0,1.0,1.0,1.0,1.0,0.7478706240653992,1.0,0.9214020371437073,1.0,0.9214020371437073,0.9926095604896545,0.12405622005462646,0.3651599926240783,0.3202744358461307,0.5369688832792539
7169,0.3937317728996277,0.7711448669433594,0.29753121733665466,0.6546366810798645,0.22902727127075195,0.16490252315998077,0.16490252315998077,0.16490252315998077,1.0,1.0,1.0,1.0,1.0,0.20000000298023224,0.0,0.5648796558380127,1.0,0.03910474479198456,0.0,0.9608952403068542,0.8478549122810364,0.16490252315998077,1.224150421838338,0.9582498500164285,1.566955580273674
9850,0.30422428250312805,0.5621551871299744,0.3266366124153137,0.30504554510116577,0.2809908092021942,0.24000397324562073,0.24000397324562073,0.24000397324562073,1.0,1.0,1.0,1.0,1.0,0.6000000238418579,0.0,0.535576343536377,1.0,0.8186022043228149,1.0,0.8186022043228149,0.9855916500091553,0.24000397324562073,0.39678666548155306,0.39678666548155306,1.229959897213838
4263,0.518362820148468,1.1046442985534668,0.7672991156578064,0.5896598100662231,0.19812968373298645,0.15552252531051636,0.15552252531051636,0.15552252531051636,1.0,1.0,1.0,1.0,1.0,0.6000000238418579,0.0,0.953327476978302,1.0,0.3243798315525055,0.0,0.6756201982498169,0.9981020092964172,0.15552252531051636,0.9486805612334488,0.7712098205461763,0.9945500296376908
3148,0.3281821012496948,0.6250558495521545,0.39264652132987976,0.36259564757347107,0.22930410504341125,0.12502650916576385,0.12502650916576385,0.12502650916576385,1.0,1.0,1.0,1.0,1.0,1.0,1.0,0.6250558495521545,1.0,0.9887825846672058,1.0,0.9887825846672058,0.9954308271408081,0.12502650916576385,0.1300166588415137,0.1300166588415137,0.2591473258699684
2361,0.4362134337425232,0.8605896234512329,0.6431360244750977,0.5002999901771545,0.16520419716835022,0.18635056912899017,0.18635056912899017,0.18635056912899017,1.0,1.0,1.0,1.0,1.0,1.0,1.0,0.8605896234512329,1.0,0.014568457379937172,0.0,0.9854315519332886,0.9245378375053406,0.18635056912899017,0.08326839790482042,0.08326839790482042,0.16136447135461082
2344,0.5097905397415161,1.023065209388733,0.6293706893920898,0.450679212808609,0.4493216574192047,0.1356145441532135,0.1356145441532135,0.1356145441532135,1.0,1.0,1.0,1.0,1.0,0.6000000238418579,0.0,1.0473777055740356,1.0,0.08836810290813446,0.0,0.9116318821907043,0.9999791383743286,0.1356145441532135,1.3065856247848686,1.2419961446348,2.228162506652276
1526,0.4936908483505249,0.9220668077468872,0.37449318170547485,0.7016960382461548,0.4048832058906555,0.24022932350635529,0.24022932350635529,0.24022932350635529,1.0,1.0,1.0,1.0,1.0,0.6000000238418579,0.0,0.6832880973815918,1.0,0.7283087372779846,1.0,0.7283087372779846,0.9997335076332092,0.24022932350635529,1.6361471341470906,1.071264829806701,1.804109981076161
3909,0.3740263283252716,0.8206344842910767,0.44371286034584045,0.47907525300979614,0.19929081201553345,0.14742566645145416,0.14742566645145416,0.14742566645145416,1.0,1.0,1.0,1.0,1.0,0.6000000238418579,0.0,0.794072687625885,1.0,0.9857505559921265,1.0,0.9857505559921265,0.8803524971008301,0.14742566645145416,0.06408608180488415,0.06408608180488415,0.1347533269094943
2665,0.43254563212394714,0.9013084769248962,0.4082646071910858,0.7111355662345886,0.17823673784732819,0.0661514550447464,0.0661514550447464,0.0661514550447464,1.0,1.0,1.0,1.0,1.0,1.0,1.0,0.9013084769248962,1.0,0.7690878510475159,1.0,0.7690878510475159,0.8116148710250854,0.0661514550447464,0.18722632312950604,0.18722632312950604,0.44273020543313923
2827,0.33778470754623413,0.6634036898612976,0.47906991839408875,0.23603396117687225,0.2982501983642578,0.14587363600730896,0.14587363600730896,0.14587363600730896,1.0,1.0,1.0,1.0,1.0,0.6000000238418579,0.0,0.6242812275886536,1.0,0.05582288280129433,0.0,0.9441770911216736,0.9995020627975464,0.14587363600730896,0.49539377876430835,0.49539377876430835,0.8092940998700727
2260,0.2890002727508545,0.5425991415977478,0.30482426285743713,0.3382495045661926,0.2239270657300949,0.18858729302883148,0.18858729302883148,0.18858729302883148,1.0,1.0,1.0,1.0,1.0,1.0,1.0,0.5425991415977478,1.0,0.022498032078146935,0.0,0.9775019884109497,0.9800241589546204,0.18858729302883148,0.14668740600023014,0.14668740600023014,0.3535565739561875
3027,0.4405251443386078,0.8876816034317017,0.7343345284461975,0.43244504928588867,0.1547958105802536,0.12608323991298676,0.12608323991298676,0.12608323991298676,1.0,1.0,1.0,1.0,1.0,1.0,1.0,0.8876816034317017,1.0,0.04369238391518593,0.0,0.956307590007782,0.9992604851722717,0.12608323991298676,0.30069393315082976,0.248793352597177,0.28701966444888094
8747,0.5204620361328125,1.118106722831726,0.3542203903198242,0.9677228331565857,0.2394428700208664,0.1707523912191391,0.1707523912191391,0.1707523912191391,1.0,1.0,1.0,1.0,1.0,0.20000000298023224,0.0,0.9994503259658813,1.0,0.21362857520580292,0.0,0.7863714098930359,0.9999935626983643,0.1707523912191391,1.0312451876999895,0.9055796805577695,1.019244889726794
1058,0.48226842284202576,1.0993757247924805,0.6465303897857666,0.5809544920921326,0.21932020783424377,0.1964656561613083,0.1964656561613083,0.1964656561613083,1.0,1.0,1.0,1.0,1.0,0.6000000238418579,0.0,1.0965484380722046,1.0,0.41166824102401733,0.0,0.5883317589759827,0.9995088577270508,0.1964656561613083,0.553722207112447,0.3743779037479029,0.5320393751001379
1081,0.23894810676574707,0.46291446685791016,0.19901779294013977,0.3297944962978363,0.18803194165229797,0.15614311397075653,0.15614311397075653,0.15614311397075653,1.0,1.0,1.0,1.0,1.0,1.0,1.0,0.46291446685791016,1.0,0.09953519701957703,0.0,0.9004647731781006,0.24367502331733704,0.15614311397075653,0.14645116459476015,0.14645116459476015,0.25228304693514975
1815,0.3301537334918976,0.6648587584495544,0.44912266731262207,0.28988009691238403,0.25145846605300903,0.19545486569404602,0.19545486569404602,0.19545486569404602,1.0,1.0,1.0,1.0,1.0,0.6000000238418579,0.0,0.6049885153770447,1.0,0.940605103969574,1.0,0.940605103969574,0.9911872744560242,0.19545486569404602,0.6604528157323102,0.5767085661199568,0.8279452643782121
6052,0.370019793510437,0.7656616568565369,0.41023245453834534,0.4318428039550781,0.2679841220378876,0.08376282453536987,0.08376282453536987,0.08376282453536987,1.0,1.0,1.0,1.0,1.0,1.0,1.0,0.7656616568565369,1.0,0.11612649261951447,0.0,0.8838735222816467,0.8502979874610901,0.08376282453536987,0.37806831902368565,0.37806831902368565,0.9238776241562356
1296,0.31059470772743225,0.6371174454689026,0.378187894821167,0.2365107387304306,0.3170854151248932,0.15056586265563965,0.8352804183959961,0.6428759098052979,0.6000000238418579,0.0,0.0,0.4000000059604645,0.0,0.20000000298023224,0.0,0.5236985087394714,0.0,0.10153625905513763,1.0,0.8984637260437012,0.7631833553314209,0.6428759098052979,0.19817519607799153,0.19817519607799153,0.41991653640311805
9231,0.597998857498169,1.225720763206482,0.9225875735282898,0.6564523577690125,0.2149563580751419,0.1120629534125328,1.1036838293075562,0.1120629534125328,1.0,1.0,0.0,0.0,0.0,0.20000000298023224,0.0,0.8758183717727661,1.0,0.652452290058136,0.0,0.652452290058136,0.99962317943573,0.1120629534125328,1.23324940174355,0.6234407569874515,0.8341019007309822
6576,0.30523180961608887,0.6443500518798828,0.4693446755409241,0.33751970529556274,0.10883095115423203,0.13207021355628967,0.13207021355628967,0.13207021355628967,1.0,1.0,1.0,1.0,1.0,1.0,1.0,0.6443500518798828,1.0,0.07631565630435944,0.0,0.9236843585968018,0.9674193263053894,0.13207021355628967,0.13942571092196404,0.13942571092196404,0.2782184898948491
5623,0.4026194214820862,0.7975301146507263,0.6107053160667419,0.3453066945075989,0.25184619426727295,0.11027289927005768,0.11027289927005768,0.11027289927005768,1.0,1.0,1.0,1.0,1.0,1.0,1.0,0.7975301146507263,1.0,0.9992104768753052,1.0,0.9992104768753052,0.998838484287262,0.11027289927005768,0.40732631746552034,0.2982051965069426,0.738144992186911
4924,0.41061684489250183,0.8567668795585632,0.5844918489456177,0.45386916399002075,0.19348935782909393,0.2379140406847,0.2379140406847,0.2379140406847,1.0,1.0,1.0,1.0,1.0,0.6000000238418579,0.0,0.7455461025238037,1.0,0.8880417943000793,1.0,0.8880417943000793,0.9108332991600037,0.2379140406847,0.24983585753714416,0.22319727861357716,0.3650676586607977
2499,0.43265300989151,0.8407268524169922,0.5231694579124451,0.5580959320068359,0.21669363975524902,0.11705177277326584,0.11705177277326584,0.11705177277326584,1.0,1.0,1.0,1.0,1.0,1.0,1.0,0.8407268524169922,1.0,0.9769584536552429,1.0,0.9769584536552429,0.9880317449569702,0.11705177277326584,0.2972125061285501,0.2956828676918779,0.4921852705396625
528,0.284904807806015,0.5457009077072144,0.33028164505958557,0.3114468455314636,0.21298594772815704,0.17720364034175873,0.17720364034175873,0.17720364034175873,1.0,1.0,1.0,1.0,1.0,1.0,1.0,0.5457009077072144,1.0,0.7672386169433594,1.0,0.7672386169433594,0.9962255954742432,0.17720364034175873,0.24321923006977003,0.2291315318610215,0.3579390385332115
8944,0.8209607601165771,1.7402194738388062,1.0224045515060425,1.1450316905975342,0.2954462170600891,0.16488952934741974,1.4128546714782715,0.16488952934741974,1.0,1.0,0.0,0.0,0.0,0.20000000298023224,0.0,1.1901350021362305,1.0,0.03625134378671646,1.0,0.9637486338615417,0.9998238682746887,0.16488952934741974,0.9684593459561097,0.8726665903691964,0.9883281278383842
5091,0.3973983824253082,0.8231425285339355,0.4127000868320465,0.6235634684562683,0.1559315174818039,0.20272043347358704,0.20272043347358704,0.20272043347358704,1.0,1.0,1.0,1.0,1.0,1.0,1.0,0.8231425285339355,1.0,0.016675561666488647,0.0,0.983324408531189,0.9983029365539551,0.20272043347358704,0.4974410298499194,0.4974410298499194,0.5645534180291265
1219,0.5550296902656555,1.0767325162887573,0.64375239610672,0.710149884223938,0.3111869990825653,0.2319612354040146,0.8829696774482727,0.5963640213012695,0.6000000238418579,0.0,0.0,0.4000000059604645,0.0,0.20000000298023224,0.0,0.5541571974754333,0.0,0.9614148736000061,0.0,0.9614148736000061,0.9603411555290222,0.5963640213012695,0.3530009401835142,0.35040417837829374,0.6957565311988548
4382,0.32359105348587036,0.6458569765090942,0.2792747914791107,0.45968589186668396,0.2318124622106552,0.23152302205562592,0.23152302205562592,0.23152302205562592,1.0,1.0,1.0,1.0,1.0,1.0,1.0,0.6458569765090942,1.0,0.030712133273482323,0.0,0.9692878723144531,0.9454558491706848,0.23152302205562592,0.2437663565912292,0.2437663565912292,0.5114065795627024
4410,0.3554934561252594,0.793669581413269,0.1687649041414261,0.7187031507492065,0.1790122240781784,0.13145014643669128,0.13145014643669128,0.13145014643669128,1.0,1.0,1.0,1.0,1.0,1.0,1.0,0.793669581413269,1.0,0.9666643738746643,1.0,0.9666643738746643,0.9972467422485352,0.13145014643669128,0.44543147900992897,0.4399955475310541,0.8507967814331361
6090,0.2696918845176697,0.5949225425720215,0.25364184379577637,0.4129815101623535,0.14245231449604034,0.22292089462280273,0.22292089462280273,0.22292089462280273,1.0,1.0,1.0,1.0,1.0,0.6000000238418579,0.0,0.6218640208244324,1.0,0.9704262614250183,1.0,0.9704262614250183,0.9296820759773254,0.22292089462280273,0.11431723392635619,0.11431723392635619,0.21923863239444472
333,0.5263471603393555,1.0073405504226685,0.6395819187164307,0.6926643252372742,0.24679508805274963,0.10450124740600586,0.10450124740600586,0.10450124740600586,1.0,1.0,1.0,1.0,1.0,0.6000000238418579,0.0,0.8211876153945923,1.0,0.7751982808113098,1.0,0.7751982808113098,0.9956480860710144,0.10450124740600586,0.5049680427575783,0.448274831722552,0.7327818464530882
8374,0.2813819944858551,0.550693929195404,0.30025067925453186,0.36797457933425903,0.17592063546180725,0.2180635929107666,0.2180635929107666,0.2180635929107666,1.0,1.0,1.0,1.0,1.0,1.0,1.0,0.550693929195404,1.0,0.9366245269775391,1.0,0.9366245269775391,0.9995125532150269,0.2180635929107666,0.6565749227943515,0.655781983069266,3.5344340995591486
6193,0.3562936782836914,0.7714318633079529,0.6072313785552979,0.2492579072713852,0.212391659617424,0.14777246117591858,1.1002402305603027,0.349444717168808,0.20000000298023224,0.0,1.0,0.20000000298023224,0.0,0.20000000298023224,0.0,0.7714318633079529,0.0,0.5490759611129761,1.0,0.5490759611129761,0.9999709129333496,1.1002402305603027,1.7620075240938757,0.37330990489787375,0.7626924170447059
3590,0.3495052754878998,0.7279258966445923,0.27155643701553345,0.5209821462631226,0.2559772729873657,0.1895887553691864,0.1895887553691864,0.1895887553691864,1.0,1.0,1.0,1.0,1.0,1.0,1.0,0.7279258966445923,1.0,0.07075373828411102,0.0,0.9292462468147278,0.9461395144462585,0.1895887553691864,0.804234999615374,0.7971116636130159,3.2281197579983725
4783,0.5632087588310242,1.1578887701034546,0.6727415919303894,0.7862578630447388,0.23062662780284882,0.1712096780538559,0.7425234913825989,0.6918392181396484,0.6000000238418579,0.0,0.0,0.4000000059604645,0.0,0.20000000298023224,0.0,0.9705584645271301,0.0,0.24158333241939545,1.0,0.7584166526794434,0.6316437721252441,0.6918392181396484,0.6858307579390054,0.6522463299391889,1.7089770533152528
7819,0.3829769790172577,0.7887144684791565,0.5871646404266357,0.36967146396636963,0.19209472835063934,0.22387027740478516,0.22387027740478516,0.22387027740478516,1.0,1.0,1.0,1.0,1.0,1.0,1.0,0.7887144684791565,1.0,0.20152020454406738,0.0,0.7984797954559326,0.833268404006958,0.22387027740478516,0.246053059570256,0.246053059570256,0.5068500011322485
4137,0.3246418833732605,0.6687976121902466,0.23394262790679932,0.527129590511322,0.212853342294693,0.23638693988323212,0.23638693988323212,0.23638693988323212,1.0,1.0,1.0,1.0,1.0,1.0,1.0,0.6687976121902466,1.0,0.8241009712219238,1.0,0.8241009712219238,0.930712878704071,0.23638693988323212,0.11585396200829559,0.11585396200829559,0.2226270581302175
3606,0.34629327058792114,0.6748594045639038,0.5132810473442078,0.21086938679218292,0.3147294521331787,0.14565494656562805,0.14565494656562805,0.14565494656562805,1.0,1.0,1.0,1.0,1.0,1.0,1.0,0.6748594045639038,1.0,0.0769386813044548,0.0,0.9230613112449646,0.9010361433029175,0.14565494656562805,0.17623841424198095,0.17623841424198095,0.44187234965999694
4371,0.4210696816444397,0.8531078696250916,0.37556663155555725,0.7235710024833679,0.16407133638858795,0.19298040866851807,0.19298040866851807,0.19298040866851807,1.0,1.0,1.0,1.0,1.0,1.0,1.0,0.8531078696250916,1.0,0.9211451411247253,1.0,0.9211451411247253,0.9999631643295288,0.19298040866851807,0.6487972506727188,0.604105911513517,0.9056033140832432
675,0.29287633299827576,0.6160006523132324,0.46798691153526306,0.18527977168560028,0.22536228597164154,0.18502956628799438,0.18502956628799438,0.18502956628799438,1.0,1.0,1.0,1.0,1.0,1.0,1.0,0.6160006523132324,1.0,0.08841249346733093,0.0,0.9115874767303467,0.8510631918907166,0.18502956628799438,0.17234484570751,0.17234484570751,0.2996400927051987
5952,0.290760338306427,0.6149882674217224,0.45377179980278015,0.24620433151721954,0.17230486869812012,0.2356911450624466,0.2356911450624466,0.2356911450624466,1.0,1.0,1.0,1.0,1.0,1.0,1.0,0.6149882674217224,1.0,0.03304092958569527,0.0,0.9669590592384338,0.9825890064239502,0.2356911450624466,0.2634807604899609,0.2634807604899609,0.5968936714938297
3375,0.37084725499153137,0.7378760576248169,0.4500747323036194,0.5528761148452759,0.10959084331989288,0.11947937309741974,0.11947937309741974,0.11947937309741974,1.0,1.0,1.0,1.0,1.0,0.6000000238418579,0.0,0.701603889465332,1.0,0.980872631072998,1.0,0.980872631072998,0.9997095465660095,0.11947937309741974,0.8185054485073884,0.8096799463472556,1.280793625449862
1137,0.3231571912765503,0.6981294751167297,0.31683218479156494,0.40879979729652405,0.2438395470380783,0.16927294433116913,0.16927294433116913,0.16927294433116913,1.0,1.0,1.0,1.0,1.0,1.0,1.0,0.6981294751167297,1.0,0.9178745746612549,1.0,0.9178745746612549,0.9983195662498474,0.16927294433116913,0.11880484976678334,0.11880484976678334,0.2892465018383335
8941,0.4632318615913391,0.9533526301383972,0.6013656854629517,0.6709727048873901,0.11735711246728897,0.10328011959791183,0.10328011959791183,0.10328011959791183,1.0,1.0,1.0,1.0,1.0,1.0,1.0,0.9533526301383972,1.0,0.04061508551239967,0.0,0.9593849182128906,0.9995273351669312,0.10328011959791183,0.93672862593978,0.8727816963894501,1.05096434227097
5004,0.29131752252578735,0.6174091100692749,0.2619473934173584,0.4712747633457184,0.1407303810119629,0.1621471494436264,0.1621471494436264,0.1621471494436264,1.0,1.0,1.0,1.0,1.0,1.0,1.0,0.6174091100692749,1.0,0.968381404876709,1.0,0.968381404876709,0.9988963603973389,0.1621471494436264,0.4455802634143414,0.4284032240227121,0.9931216224673153
437,0.4737668037414551,0.954066276550293,0.35532769560813904,0.7441508173942566,0.32182177901268005,0.17115044593811035,0.17115044593811035,0.17115044593811035,1.0,1.0,1.0,1.0,1.0,0.6000000238418579,0.0,0.9536700248718262,1.0,0.028807060793042183,0.0,0.9711929559707642,0.9985130429267883,0.17115044593811035,0.3504665994175123,0.3504665994175123,0.6406135453543211
491,0.4032842218875885,0.8274776339530945,0.3572773039340973,0.547364354133606,0.30521103739738464,0.16876362264156342,0.16876362264156342,0.16876362264156342,1.0,1.0,1.0,1.0,1.0,1.0,1.0,0.8274776339530945,1.0,0.956916093826294,1.0,0.956916093826294,0.9832505583763123,0.16876362264156342,0.4001264747134641,0.3948924467115668,0.7294768268976952
2189,0.3991363048553467,0.776242733001709,0.5366162657737732,0.4893423020839691,0.17145036160945892,0.15981996059417725,0.15981996059417725,0.15981996059417725,1.0,1.0,1.0,1.0,1.0,0.6000000238418579,0.0,0.5590039491653442,1.0,0.9776757955551147,1.0,0.9776757955551147,0.9963070154190063,0.15981996059417725,0.23041392910918257,0.20369985983027838,0.2020862612932106
4802,0.5594655871391296,1.1085411310195923,0.6868859529495239,0.79938143491745,0.1921292096376419,0.2571261525154114,0.8526281714439392,0.8049970865249634,0.6000000238418579,0.0,0.0,0.4000000059604645,0.0,0.20000000298023224,0.0,0.58902508020401,0.0,0.043256666511297226,1.0,0.9567433595657349,0.990494966506958,0.8049970865249634,0.10708032007321219,0.1038509649256098,0.24009530960736045
5668,0.30411583185195923,0.5613747835159302,0.2874162793159485,0.31073853373527527,0.31419259309768677,0.1264118105173111,0.1264118105173111,0.1264118105173111,1.0,1.0,1.0,1.0,1.0,1.0,1.0,0.5613747835159302,1.0,0.8655739426612854,1.0,0.8655739426612854,0.9999750852584839,0.1264118105173111,0.6546957741594812,0.589217082339694,0.8739055452631436
5729,0.43175047636032104,0.8885391354560852,0.28295522928237915,0.7130658030509949,0.2992304265499115,0.14986130595207214,0.14986130595207214,0.14986130595207214,1.0,1.0,1.0,1.0,1.0,0.6000000238418579,0.0,0.7586363554000854,1.0,0.8269749283790588,1.0,0.8269749283790588,0.9997593760490417,0.14986130595207214,0.7704069858424794,0.672123573288415,0.9147114569507468
9864,0.2371656596660614,0.49040451645851135,0.1494198441505432,0.38737499713897705,0.17470209300518036,0.1476379632949829,0.1476379632949829,0.1476379632949829,1.0,1.0,1.0,1.0,1.0,1.0,1.0,0.49040451645851135,1.0,0.8478198051452637,1.0,0.8478198051452637,0.9599485397338867,0.1476379632949829,0.16508177759023268,0.16508177759023268,0.3148800867765203
