protocol_fingerprint,checkpoint_selection,selection_objective,model_a,model_b,g05_fraction,g05_count_per_sample,metric,seed,metric_role,value_a,value_b,delta_b_minus_a,improvement_b_over_a,selected_epoch_a,selected_epoch_b,selected_validation_loss_a,selected_validation_loss_b,run_fingerprint_a,run_fingerprint_b,global_sign_in_selection_objective,global_sign_metrics_note,improvement_definition
36b558cd20008a7327a4d38992ee67cad6ef17e0621dd994265441fddb5aa397,structure,validation_loss.structure,g05_sign_only,g05_full_reconstruction,0.0,0,position_mae_x,42,primary,0.4500562286376953,0.4500562286376953,0.0,-0.0,55,55,0.5796431913375855,0.5796431913375855,54b8bb1ae7bfec926fe84def3a8e61f83d6588ed17f246bb4302a25b982d61ea,ff1133d11a0b28b75eec8f3789c7a61ccc872c2946ef5bae5bff15f25a6b75b9,False,Global-sign and absolute-sign metrics are secondary diagnostics: structure selection does not optimize global-sign performance; training still uses the unchanged total loss.,positive means g05_full_reconstruction is better
36b558cd20008a7327a4d38992ee67cad6ef17e0621dd994265441fddb5aa397,structure,validation_loss.structure,g05_sign_only,g05_full_reconstruction,0.0,0,position_mae_y,42,primary,0.3978508834838867,0.3978508834838867,0.0,-0.0,55,55,0.5796431913375855,0.5796431913375855,54b8bb1ae7bfec926fe84def3a8e61f83d6588ed17f246bb4302a25b982d61ea,ff1133d11a0b28b75eec8f3789c7a61ccc872c2946ef5bae5bff15f25a6b75b9,False,Global-sign and absolute-sign metrics are secondary diagnostics: structure selection does not optimize global-sign performance; training still uses the unchanged total loss.,positive means g05_full_reconstruction is better
36b558cd20008a7327a4d38992ee67cad6ef17e0621dd994265441fddb5aa397,structure,validation_loss.structure,g05_sign_only,g05_full_reconstruction,0.0,0,position_mae_z,42,primary,0.21528786659240723,0.21528786659240723,0.0,-0.0,55,55,0.5796431913375855,0.5796431913375855,54b8bb1ae7bfec926fe84def3a8e61f83d6588ed17f246bb4302a25b982d61ea,ff1133d11a0b28b75eec8f3789c7a61ccc872c2946ef5bae5bff15f25a6b75b9,False,Global-sign and absolute-sign metrics are secondary diagnostics: structure selection does not optimize global-sign performance; training still uses the unchanged total loss.,positive means g05_full_reconstruction is better
36b558cd20008a7327a4d38992ee67cad6ef17e0621dd994265441fddb5aa397,structure,validation_loss.structure,g05_sign_only,g05_full_reconstruction,0.0,0,mean_position_mae,42,primary,0.3543983383178711,0.3543983383178711,0.0,-0.0,55,55,0.5796431913375855,0.5796431913375855,54b8bb1ae7bfec926fe84def3a8e61f83d6588ed17f246bb4302a25b982d61ea,ff1133d11a0b28b75eec8f3789c7a61ccc872c2946ef5bae5bff15f25a6b75b9,False,Global-sign and absolute-sign metrics are secondary diagnostics: structure selection does not optimize global-sign performance; training still uses the unchanged total loss.,positive means g05_full_reconstruction is better
36b558cd20008a7327a4d38992ee67cad6ef17e0621dd994265441fddb5aa397,structure,validation_loss.structure,g05_sign_only,g05_full_reconstruction,0.0,0,mean_position_3d_error,42,primary,0.7222858200073242,0.7222858200073242,0.0,-0.0,55,55,0.5796431913375855,0.5796431913375855,54b8bb1ae7bfec926fe84def3a8e61f83d6588ed17f246bb4302a25b982d61ea,ff1133d11a0b28b75eec8f3789c7a61ccc872c2946ef5bae5bff15f25a6b75b9,False,Global-sign and absolute-sign metrics are secondary diagnostics: structure selection does not optimize global-sign performance; training still uses the unchanged total loss.,positive means g05_full_reconstruction is better
36b558cd20008a7327a4d38992ee67cad6ef17e0621dd994265441fddb5aa397,structure,validation_loss.structure,g05_sign_only,g05_full_reconstruction,0.0,0,charge_magnitude_mae,42,primary,0.15817335891723633,0.15817335891723633,0.0,-0.0,55,55,0.5796431913375855,0.5796431913375855,54b8bb1ae7bfec926fe84def3a8e61f83d6588ed17f246bb4302a25b982d61ea,ff1133d11a0b28b75eec8f3789c7a61ccc872c2946ef5bae5bff15f25a6b75b9,False,Global-sign and absolute-sign metrics are secondary diagnostics: structure selection does not optimize global-sign performance; training still uses the unchanged total loss.,positive means g05_full_reconstruction is better
36b558cd20008a7327a4d38992ee67cad6ef17e0621dd994265441fddb5aa397,structure,validation_loss.structure,g05_sign_only,g05_full_reconstruction,0.0,0,relative_sign_accuracy,42,primary,0.9607999877929687,0.9607999877929687,0.0,0.0,55,55,0.5796431913375855,0.5796431913375855,54b8bb1ae7bfec926fe84def3a8e61f83d6588ed17f246bb4302a25b982d61ea,ff1133d11a0b28b75eec8f3789c7a61ccc872c2946ef5bae5bff15f25a6b75b9,False,Global-sign and absolute-sign metrics are secondary diagnostics: structure selection does not optimize global-sign performance; training still uses the unchanged total loss.,positive means g05_full_reconstruction is better
36b558cd20008a7327a4d38992ee67cad6ef17e0621dd994265441fddb5aa397,structure,validation_loss.structure,g05_sign_only,g05_full_reconstruction,0.0,0,relative_configuration_accuracy,42,primary,0.913,0.913,0.0,0.0,55,55,0.5796431913375855,0.5796431913375855,54b8bb1ae7bfec926fe84def3a8e61f83d6588ed17f246bb4302a25b982d61ea,ff1133d11a0b28b75eec8f3789c7a61ccc872c2946ef5bae5bff15f25a6b75b9,False,Global-sign and absolute-sign metrics are secondary diagnostics: structure selection does not optimize global-sign performance; training still uses the unchanged total loss.,positive means g05_full_reconstruction is better
36b558cd20008a7327a4d38992ee67cad6ef17e0621dd994265441fddb5aa397,structure,validation_loss.structure,g05_sign_only,g05_full_reconstruction,0.0,0,pairwise_relative_sign_accuracy,42,primary,0.9499999923706055,0.9499999923706055,0.0,0.0,55,55,0.5796431913375855,0.5796431913375855,54b8bb1ae7bfec926fe84def3a8e61f83d6588ed17f246bb4302a25b982d61ea,ff1133d11a0b28b75eec8f3789c7a61ccc872c2946ef5bae5bff15f25a6b75b9,False,Global-sign and absolute-sign metrics are secondary diagnostics: structure selection does not optimize global-sign performance; training still uses the unchanged total loss.,positive means g05_full_reconstruction is better
36b558cd20008a7327a4d38992ee67cad6ef17e0621dd994265441fddb5aa397,structure,validation_loss.structure,g05_sign_only,g05_full_reconstruction,0.0,0,global_sign_accuracy,42,secondary,,,,,55,55,0.5796431913375855,0.5796431913375855,54b8bb1ae7bfec926fe84def3a8e61f83d6588ed17f246bb4302a25b982d61ea,ff1133d11a0b28b75eec8f3789c7a61ccc872c2946ef5bae5bff15f25a6b75b9,False,Global-sign and absolute-sign metrics are secondary diagnostics: structure selection does not optimize global-sign performance; training still uses the unchanged total loss.,positive means g05_full_reconstruction is better
36b558cd20008a7327a4d38992ee67cad6ef17e0621dd994265441fddb5aa397,structure,validation_loss.structure,g05_sign_only,g05_full_reconstruction,0.0,0,global_sign_bce,42,secondary,,,,,55,55,0.5796431913375855,0.5796431913375855,54b8bb1ae7bfec926fe84def3a8e61f83d6588ed17f246bb4302a25b982d61ea,ff1133d11a0b28b75eec8f3789c7a61ccc872c2946ef5bae5bff15f25a6b75b9,False,Global-sign and absolute-sign metrics are secondary diagnostics: structure selection does not optimize global-sign performance; training still uses the unchanged total loss.,positive means g05_full_reconstruction is better
36b558cd20008a7327a4d38992ee67cad6ef17e0621dd994265441fddb5aa397,structure,validation_loss.structure,g05_sign_only,g05_full_reconstruction,0.0,0,absolute_sign_accuracy,42,secondary,,,,,55,55,0.5796431913375855,0.5796431913375855,54b8bb1ae7bfec926fe84def3a8e61f83d6588ed17f246bb4302a25b982d61ea,ff1133d11a0b28b75eec8f3789c7a61ccc872c2946ef5bae5bff15f25a6b75b9,False,Global-sign and absolute-sign metrics are secondary diagnostics: structure selection does not optimize global-sign performance; training still uses the unchanged total loss.,positive means g05_full_reconstruction is better
36b558cd20008a7327a4d38992ee67cad6ef17e0621dd994265441fddb5aa397,structure,validation_loss.structure,g05_sign_only,g05_full_reconstruction,0.0,0,absolute_sign_set_accuracy,42,secondary,,,,,55,55,0.5796431913375855,0.5796431913375855,54b8bb1ae7bfec926fe84def3a8e61f83d6588ed17f246bb4302a25b982d61ea,ff1133d11a0b28b75eec8f3789c7a61ccc872c2946ef5bae5bff15f25a6b75b9,False,Global-sign and absolute-sign metrics are secondary diagnostics: structure selection does not optimize global-sign performance; training still uses the unchanged total loss.,positive means g05_full_reconstruction is better
36b558cd20008a7327a4d38992ee67cad6ef17e0621dd994265441fddb5aa397,structure,validation_loss.structure,g05_sign_only,g05_full_reconstruction,0.0,0,charge_mae,42,secondary,0.19465887260437012,0.19465887260437012,0.0,-0.0,55,55,0.5796431913375855,0.5796431913375855,54b8bb1ae7bfec926fe84def3a8e61f83d6588ed17f246bb4302a25b982d61ea,ff1133d11a0b28b75eec8f3789c7a61ccc872c2946ef5bae5bff15f25a6b75b9,False,Global-sign and absolute-sign metrics are secondary diagnostics: structure selection does not optimize global-sign performance; training still uses the unchanged total loss.,positive means g05_full_reconstruction is better
36b558cd20008a7327a4d38992ee67cad6ef17e0621dd994265441fddb5aa397,structure,validation_loss.structure,g05_sign_only,g05_full_reconstruction,0.0,0,global_invariant_charge_mae,42,secondary,0.19465887260437012,0.19465887260437012,0.0,-0.0,55,55,0.5796431913375855,0.5796431913375855,54b8bb1ae7bfec926fe84def3a8e61f83d6588ed17f246bb4302a25b982d61ea,ff1133d11a0b28b75eec8f3789c7a61ccc872c2946ef5bae5bff15f25a6b75b9,False,Global-sign and absolute-sign metrics are secondary diagnostics: structure selection does not optimize global-sign performance; training still uses the unchanged total loss.,positive means g05_full_reconstruction is better
36b558cd20008a7327a4d38992ee67cad6ef17e0621dd994265441fddb5aa397,structure,validation_loss.structure,g05_sign_only,g05_full_reconstruction,0.1,3,position_mae_x,42,primary,0.4500562286376953,0.4535584678649902,0.003502239227294923,-0.003502239227294923,55,44,0.5796431913375855,0.5814221291542053,35f6f60478a670fcce2f9fb61a1d8ec0a76ec9e318832b1604e62c51dbd622d0,a01ef7bfc69ba87c3665292c7e9a2300a000699debca54f6e7ebae15f5c7c162,False,Global-sign and absolute-sign metrics are secondary diagnostics: structure selection does not optimize global-sign performance; training still uses the unchanged total loss.,positive means g05_full_reconstruction is better
36b558cd20008a7327a4d38992ee67cad6ef17e0621dd994265441fddb5aa397,structure,validation_loss.structure,g05_sign_only,g05_full_reconstruction,0.1,3,position_mae_y,42,primary,0.3978508834838867,0.39863694381713866,0.0007860603332519589,-0.0007860603332519589,55,44,0.5796431913375855,0.5814221291542053,35f6f60478a670fcce2f9fb61a1d8ec0a76ec9e318832b1604e62c51dbd622d0,a01ef7bfc69ba87c3665292c7e9a2300a000699debca54f6e7ebae15f5c7c162,False,Global-sign and absolute-sign metrics are secondary diagnostics: structure selection does not optimize global-sign performance; training still uses the unchanged total loss.,positive means g05_full_reconstruction is better
36b558cd20008a7327a4d38992ee67cad6ef17e0621dd994265441fddb5aa397,structure,validation_loss.structure,g05_sign_only,g05_full_reconstruction,0.1,3,position_mae_z,42,primary,0.21528786659240723,0.2166994342803955,0.00141156768798828,-0.00141156768798828,55,44,0.5796431913375855,0.5814221291542053,35f6f60478a670fcce2f9fb61a1d8ec0a76ec9e318832b1604e62c51dbd622d0,a01ef7bfc69ba87c3665292c7e9a2300a000699debca54f6e7ebae15f5c7c162,False,Global-sign and absolute-sign metrics are secondary diagnostics: structure selection does not optimize global-sign performance; training still uses the unchanged total loss.,positive means g05_full_reconstruction is better
36b558cd20008a7327a4d38992ee67cad6ef17e0621dd994265441fddb5aa397,structure,validation_loss.structure,g05_sign_only,g05_full_reconstruction,0.1,3,mean_position_mae,42,primary,0.3543983383178711,0.35629829406738284,0.0018999557495117392,-0.0018999557495117392,55,44,0.5796431913375855,0.5814221291542053,35f6f60478a670fcce2f9fb61a1d8ec0a76ec9e318832b1604e62c51dbd622d0,a01ef7bfc69ba87c3665292c7e9a2300a000699debca54f6e7ebae15f5c7c162,False,Global-sign and absolute-sign metrics are secondary diagnostics: structure selection does not optimize global-sign performance; training still uses the unchanged total loss.,positive means g05_full_reconstruction is better
36b558cd20008a7327a4d38992ee67cad6ef17e0621dd994265441fddb5aa397,structure,validation_loss.structure,g05_sign_only,g05_full_reconstruction,0.1,3,mean_position_3d_error,42,primary,0.7222858200073242,0.728134506225586,0.005848686218261734,-0.005848686218261734,55,44,0.5796431913375855,0.5814221291542053,35f6f60478a670fcce2f9fb61a1d8ec0a76ec9e318832b1604e62c51dbd622d0,a01ef7bfc69ba87c3665292c7e9a2300a000699debca54f6e7ebae15f5c7c162,False,Global-sign and absolute-sign metrics are secondary diagnostics: structure selection does not optimize global-sign performance; training still uses the unchanged total loss.,positive means g05_full_reconstruction is better
36b558cd20008a7327a4d38992ee67cad6ef17e0621dd994265441fddb5aa397,structure,validation_loss.structure,g05_sign_only,g05_full_reconstruction,0.1,3,charge_magnitude_mae,42,primary,0.15817335891723633,0.1548565444946289,-0.0033168144226074225,0.0033168144226074225,55,44,0.5796431913375855,0.5814221291542053,35f6f60478a670fcce2f9fb61a1d8ec0a76ec9e318832b1604e62c51dbd622d0,a01ef7bfc69ba87c3665292c7e9a2300a000699debca54f6e7ebae15f5c7c162,False,Global-sign and absolute-sign metrics are secondary diagnostics: structure selection does not optimize global-sign performance; training still uses the unchanged total loss.,positive means g05_full_reconstruction is better
36b558cd20008a7327a4d38992ee67cad6ef17e0621dd994265441fddb5aa397,structure,validation_loss.structure,g05_sign_only,g05_full_reconstruction,0.1,3,relative_sign_accuracy,42,primary,0.9607999877929687,0.959999984741211,-0.0008000030517577583,-0.0008000030517577583,55,44,0.5796431913375855,0.5814221291542053,35f6f60478a670fcce2f9fb61a1d8ec0a76ec9e318832b1604e62c51dbd622d0,a01ef7bfc69ba87c3665292c7e9a2300a000699debca54f6e7ebae15f5c7c162,False,Global-sign and absolute-sign metrics are secondary diagnostics: structure selection does not optimize global-sign performance; training still uses the unchanged total loss.,positive means g05_full_reconstruction is better
36b558cd20008a7327a4d38992ee67cad6ef17e0621dd994265441fddb5aa397,structure,validation_loss.structure,g05_sign_only,g05_full_reconstruction,0.1,3,relative_configuration_accuracy,42,primary,0.913,0.91,-0.0030000000000000027,-0.0030000000000000027,55,44,0.5796431913375855,0.5814221291542053,35f6f60478a670fcce2f9fb61a1d8ec0a76ec9e318832b1604e62c51dbd622d0,a01ef7bfc69ba87c3665292c7e9a2300a000699debca54f6e7ebae15f5c7c162,False,Global-sign and absolute-sign metrics are secondary diagnostics: structure selection does not optimize global-sign performance; training still uses the unchanged total loss.,positive means g05_full_reconstruction is better
36b558cd20008a7327a4d38992ee67cad6ef17e0621dd994265441fddb5aa397,structure,validation_loss.structure,g05_sign_only,g05_full_reconstruction,0.1,3,pairwise_relative_sign_accuracy,42,primary,0.9499999923706055,0.9480000076293945,-0.0019999847412109917,-0.0019999847412109917,55,44,0.5796431913375855,0.5814221291542053,35f6f60478a670fcce2f9fb61a1d8ec0a76ec9e318832b1604e62c51dbd622d0,a01ef7bfc69ba87c3665292c7e9a2300a000699debca54f6e7ebae15f5c7c162,False,Global-sign and absolute-sign metrics are secondary diagnostics: structure selection does not optimize global-sign performance; training still uses the unchanged total loss.,positive means g05_full_reconstruction is better
36b558cd20008a7327a4d38992ee67cad6ef17e0621dd994265441fddb5aa397,structure,validation_loss.structure,g05_sign_only,g05_full_reconstruction,0.1,3,global_sign_accuracy,42,secondary,0.85,0.848,-0.0020000000000000018,-0.0020000000000000018,55,44,0.5796431913375855,0.5814221291542053,35f6f60478a670fcce2f9fb61a1d8ec0a76ec9e318832b1604e62c51dbd622d0,a01ef7bfc69ba87c3665292c7e9a2300a000699debca54f6e7ebae15f5c7c162,False,Global-sign and absolute-sign metrics are secondary diagnostics: structure selection does not optimize global-sign performance; training still uses the unchanged total loss.,positive means g05_full_reconstruction is better
36b558cd20008a7327a4d38992ee67cad6ef17e0621dd994265441fddb5aa397,structure,validation_loss.structure,g05_sign_only,g05_full_reconstruction,0.1,3,global_sign_bce,42,secondary,0.3617710494995117,0.3697053031921387,0.007934253692626958,-0.007934253692626958,55,44,0.5796431913375855,0.5814221291542053,35f6f60478a670fcce2f9fb61a1d8ec0a76ec9e318832b1604e62c51dbd622d0,a01ef7bfc69ba87c3665292c7e9a2300a000699debca54f6e7ebae15f5c7c162,False,Global-sign and absolute-sign metrics are secondary diagnostics: structure selection does not optimize global-sign performance; training still uses the unchanged total loss.,positive means g05_full_reconstruction is better
36b558cd20008a7327a4d38992ee67cad6ef17e0621dd994265441fddb5aa397,structure,validation_loss.structure,g05_sign_only,g05_full_reconstruction,0.1,3,absolute_sign_accuracy,42,secondary,0.8627999954223633,0.8647999801635742,0.0019999847412108807,0.0019999847412108807,55,44,0.5796431913375855,0.5814221291542053,35f6f60478a670fcce2f9fb61a1d8ec0a76ec9e318832b1604e62c51dbd622d0,a01ef7bfc69ba87c3665292c7e9a2300a000699debca54f6e7ebae15f5c7c162,False,Global-sign and absolute-sign metrics are secondary diagnostics: structure selection does not optimize global-sign performance; training still uses the unchanged total loss.,positive means g05_full_reconstruction is better
36b558cd20008a7327a4d38992ee67cad6ef17e0621dd994265441fddb5aa397,structure,validation_loss.structure,g05_sign_only,g05_full_reconstruction,0.1,3,absolute_sign_set_accuracy,42,secondary,0.821,0.822,0.0010000000000000009,0.0010000000000000009,55,44,0.5796431913375855,0.5814221291542053,35f6f60478a670fcce2f9fb61a1d8ec0a76ec9e318832b1604e62c51dbd622d0,a01ef7bfc69ba87c3665292c7e9a2300a000699debca54f6e7ebae15f5c7c162,False,Global-sign and absolute-sign metrics are secondary diagnostics: structure selection does not optimize global-sign performance; training still uses the unchanged total loss.,positive means g05_full_reconstruction is better
36b558cd20008a7327a4d38992ee67cad6ef17e0621dd994265441fddb5aa397,structure,validation_loss.structure,g05_sign_only,g05_full_reconstruction,0.1,3,charge_mae,42,secondary,0.3085196571350098,0.3047639503479004,-0.003755706787109403,0.003755706787109403,55,44,0.5796431913375855,0.5814221291542053,35f6f60478a670fcce2f9fb61a1d8ec0a76ec9e318832b1604e62c51dbd622d0,a01ef7bfc69ba87c3665292c7e9a2300a000699debca54f6e7ebae15f5c7c162,False,Global-sign and absolute-sign metrics are secondary diagnostics: structure selection does not optimize global-sign performance; training still uses the unchanged total loss.,positive means g05_full_reconstruction is better
36b558cd20008a7327a4d38992ee67cad6ef17e0621dd994265441fddb5aa397,structure,validation_loss.structure,g05_sign_only,g05_full_reconstruction,0.1,3,global_invariant_charge_mae,42,secondary,0.19465887260437012,0.19264952850341796,-0.0020093441009521595,0.0020093441009521595,55,44,0.5796431913375855,0.5814221291542053,35f6f60478a670fcce2f9fb61a1d8ec0a76ec9e318832b1604e62c51dbd622d0,a01ef7bfc69ba87c3665292c7e9a2300a000699debca54f6e7ebae15f5c7c162,False,Global-sign and absolute-sign metrics are secondary diagnostics: structure selection does not optimize global-sign performance; training still uses the unchanged total loss.,positive means g05_full_reconstruction is better
36b558cd20008a7327a4d38992ee67cad6ef17e0621dd994265441fddb5aa397,structure,validation_loss.structure,g05_sign_only,g05_full_reconstruction,0.25,8,position_mae_x,42,primary,0.4500562286376953,0.45473381423950193,0.004677585601806644,-0.004677585601806644,55,44,0.5796431913375855,0.5746815013885498,1267aa893b84bba652352f4a5f7f921fe924824e4995a5f3f453d87edf2d4e7b,48fd06f80f6fdee11813ac82dab527e4e33355337be960908908f64192036864,False,Global-sign and absolute-sign metrics are secondary diagnostics: structure selection does not optimize global-sign performance; training still uses the unchanged total loss.,positive means g05_full_reconstruction is better
36b558cd20008a7327a4d38992ee67cad6ef17e0621dd994265441fddb5aa397,structure,validation_loss.structure,g05_sign_only,g05_full_reconstruction,0.25,8,position_mae_y,42,primary,0.3978508834838867,0.4056248207092285,0.007773937225341809,-0.007773937225341809,55,44,0.5796431913375855,0.5746815013885498,1267aa893b84bba652352f4a5f7f921fe924824e4995a5f3f453d87edf2d4e7b,48fd06f80f6fdee11813ac82dab527e4e33355337be960908908f64192036864,False,Global-sign and absolute-sign metrics are secondary diagnostics: structure selection does not optimize global-sign performance; training still uses the unchanged total loss.,positive means g05_full_reconstruction is better
36b558cd20008a7327a4d38992ee67cad6ef17e0621dd994265441fddb5aa397,structure,validation_loss.structure,g05_sign_only,g05_full_reconstruction,0.25,8,position_mae_z,42,primary,0.21528786659240723,0.21826568031311036,0.002977813720703132,-0.002977813720703132,55,44,0.5796431913375855,0.5746815013885498,1267aa893b84bba652352f4a5f7f921fe924824e4995a5f3f453d87edf2d4e7b,48fd06f80f6fdee11813ac82dab527e4e33355337be960908908f64192036864,False,Global-sign and absolute-sign metrics are secondary diagnostics: structure selection does not optimize global-sign performance; training still uses the unchanged total loss.,positive means g05_full_reconstruction is better
36b558cd20008a7327a4d38992ee67cad6ef17e0621dd994265441fddb5aa397,structure,validation_loss.structure,g05_sign_only,g05_full_reconstruction,0.25,8,mean_position_mae,42,primary,0.3543983383178711,0.3595414581298828,0.005143119812011709,-0.005143119812011709,55,44,0.5796431913375855,0.5746815013885498,1267aa893b84bba652352f4a5f7f921fe924824e4995a5f3f453d87edf2d4e7b,48fd06f80f6fdee11813ac82dab527e4e33355337be960908908f64192036864,False,Global-sign and absolute-sign metrics are secondary diagnostics: structure selection does not optimize global-sign performance; training still uses the unchanged total loss.,positive means g05_full_reconstruction is better
36b558cd20008a7327a4d38992ee67cad6ef17e0621dd994265441fddb5aa397,structure,validation_loss.structure,g05_sign_only,g05_full_reconstruction,0.25,8,mean_position_3d_error,42,primary,0.7222858200073242,0.7327109375,0.010425117492675828,-0.010425117492675828,55,44,0.5796431913375855,0.5746815013885498,1267aa893b84bba652352f4a5f7f921fe924824e4995a5f3f453d87edf2d4e7b,48fd06f80f6fdee11813ac82dab527e4e33355337be960908908f64192036864,False,Global-sign and absolute-sign metrics are secondary diagnostics: structure selection does not optimize global-sign performance; training still uses the unchanged total loss.,positive means g05_full_reconstruction is better
36b558cd20008a7327a4d38992ee67cad6ef17e0621dd994265441fddb5aa397,structure,validation_loss.structure,g05_sign_only,g05_full_reconstruction,0.25,8,charge_magnitude_mae,42,primary,0.15817335891723633,0.15526288604736327,-0.0029104728698730598,0.0029104728698730598,55,44,0.5796431913375855,0.5746815013885498,1267aa893b84bba652352f4a5f7f921fe924824e4995a5f3f453d87edf2d4e7b,48fd06f80f6fdee11813ac82dab527e4e33355337be960908908f64192036864,False,Global-sign and absolute-sign metrics are secondary diagnostics: structure selection does not optimize global-sign performance; training still uses the unchanged total loss.,positive means g05_full_reconstruction is better
36b558cd20008a7327a4d38992ee67cad6ef17e0621dd994265441fddb5aa397,structure,validation_loss.structure,g05_sign_only,g05_full_reconstruction,0.25,8,relative_sign_accuracy,42,primary,0.9607999877929687,0.9567999877929687,-0.0040000000000000036,-0.0040000000000000036,55,44,0.5796431913375855,0.5746815013885498,1267aa893b84bba652352f4a5f7f921fe924824e4995a5f3f453d87edf2d4e7b,48fd06f80f6fdee11813ac82dab527e4e33355337be960908908f64192036864,False,Global-sign and absolute-sign metrics are secondary diagnostics: structure selection does not optimize global-sign performance; training still uses the unchanged total loss.,positive means g05_full_reconstruction is better
36b558cd20008a7327a4d38992ee67cad6ef17e0621dd994265441fddb5aa397,structure,validation_loss.structure,g05_sign_only,g05_full_reconstruction,0.25,8,relative_configuration_accuracy,42,primary,0.913,0.904,-0.009000000000000008,-0.009000000000000008,55,44,0.5796431913375855,0.5746815013885498,1267aa893b84bba652352f4a5f7f921fe924824e4995a5f3f453d87edf2d4e7b,48fd06f80f6fdee11813ac82dab527e4e33355337be960908908f64192036864,False,Global-sign and absolute-sign metrics are secondary diagnostics: structure selection does not optimize global-sign performance; training still uses the unchanged total loss.,positive means g05_full_reconstruction is better
36b558cd20008a7327a4d38992ee67cad6ef17e0621dd994265441fddb5aa397,structure,validation_loss.structure,g05_sign_only,g05_full_reconstruction,0.25,8,pairwise_relative_sign_accuracy,42,primary,0.9499999923706055,0.9447999954223633,-0.005199996948242247,-0.005199996948242247,55,44,0.5796431913375855,0.5746815013885498,1267aa893b84bba652352f4a5f7f921fe924824e4995a5f3f453d87edf2d4e7b,48fd06f80f6fdee11813ac82dab527e4e33355337be960908908f64192036864,False,Global-sign and absolute-sign metrics are secondary diagnostics: structure selection does not optimize global-sign performance; training still uses the unchanged total loss.,positive means g05_full_reconstruction is better
36b558cd20008a7327a4d38992ee67cad6ef17e0621dd994265441fddb5aa397,structure,validation_loss.structure,g05_sign_only,g05_full_reconstruction,0.25,8,global_sign_accuracy,42,secondary,0.864,0.87,0.006000000000000005,0.006000000000000005,55,44,0.5796431913375855,0.5746815013885498,1267aa893b84bba652352f4a5f7f921fe924824e4995a5f3f453d87edf2d4e7b,48fd06f80f6fdee11813ac82dab527e4e33355337be960908908f64192036864,False,Global-sign and absolute-sign metrics are secondary diagnostics: structure selection does not optimize global-sign performance; training still uses the unchanged total loss.,positive means g05_full_reconstruction is better
36b558cd20008a7327a4d38992ee67cad6ef17e0621dd994265441fddb5aa397,structure,validation_loss.structure,g05_sign_only,g05_full_reconstruction,0.25,8,global_sign_bce,42,secondary,0.3621773452758789,0.3540949287414551,-0.00808241653442382,0.00808241653442382,55,44,0.5796431913375855,0.5746815013885498,1267aa893b84bba652352f4a5f7f921fe924824e4995a5f3f453d87edf2d4e7b,48fd06f80f6fdee11813ac82dab527e4e33355337be960908908f64192036864,False,Global-sign and absolute-sign metrics are secondary diagnostics: structure selection does not optimize global-sign performance; training still uses the unchanged total loss.,positive means g05_full_reconstruction is better
36b558cd20008a7327a4d38992ee67cad6ef17e0621dd994265441fddb5aa397,structure,validation_loss.structure,g05_sign_only,g05_full_reconstruction,0.25,8,absolute_sign_accuracy,42,secondary,0.8807999954223633,0.8827999954223633,0.0020000000000000018,0.0020000000000000018,55,44,0.5796431913375855,0.5746815013885498,1267aa893b84bba652352f4a5f7f921fe924824e4995a5f3f453d87edf2d4e7b,48fd06f80f6fdee11813ac82dab527e4e33355337be960908908f64192036864,False,Global-sign and absolute-sign metrics are secondary diagnostics: structure selection does not optimize global-sign performance; training still uses the unchanged total loss.,positive means g05_full_reconstruction is better
36b558cd20008a7327a4d38992ee67cad6ef17e0621dd994265441fddb5aa397,structure,validation_loss.structure,g05_sign_only,g05_full_reconstruction,0.25,8,absolute_sign_set_accuracy,42,secondary,0.841,0.839,-0.0020000000000000018,-0.0020000000000000018,55,44,0.5796431913375855,0.5746815013885498,1267aa893b84bba652352f4a5f7f921fe924824e4995a5f3f453d87edf2d4e7b,48fd06f80f6fdee11813ac82dab527e4e33355337be960908908f64192036864,False,Global-sign and absolute-sign metrics are secondary diagnostics: structure selection does not optimize global-sign performance; training still uses the unchanged total loss.,positive means g05_full_reconstruction is better
36b558cd20008a7327a4d38992ee67cad6ef17e0621dd994265441fddb5aa397,structure,validation_loss.structure,g05_sign_only,g05_full_reconstruction,0.25,8,charge_mae,42,secondary,0.28782114791870117,0.28468271255493166,-0.0031384353637695095,0.0031384353637695095,55,44,0.5796431913375855,0.5746815013885498,1267aa893b84bba652352f4a5f7f921fe924824e4995a5f3f453d87edf2d4e7b,48fd06f80f6fdee11813ac82dab527e4e33355337be960908908f64192036864,False,Global-sign and absolute-sign metrics are secondary diagnostics: structure selection does not optimize global-sign performance; training still uses the unchanged total loss.,positive means g05_full_reconstruction is better
36b558cd20008a7327a4d38992ee67cad6ef17e0621dd994265441fddb5aa397,structure,validation_loss.structure,g05_sign_only,g05_full_reconstruction,0.25,8,global_invariant_charge_mae,42,secondary,0.19465887260437012,0.19577228927612306,0.001113416671752937,-0.001113416671752937,55,44,0.5796431913375855,0.5746815013885498,1267aa893b84bba652352f4a5f7f921fe924824e4995a5f3f453d87edf2d4e7b,48fd06f80f6fdee11813ac82dab527e4e33355337be960908908f64192036864,False,Global-sign and absolute-sign metrics are secondary diagnostics: structure selection does not optimize global-sign performance; training still uses the unchanged total loss.,positive means g05_full_reconstruction is better
36b558cd20008a7327a4d38992ee67cad6ef17e0621dd994265441fddb5aa397,structure,validation_loss.structure,g05_sign_only,g05_full_reconstruction,0.5,16,position_mae_x,42,primary,0.4500562286376953,0.4526695861816406,0.002613357543945316,-0.002613357543945316,55,43,0.5796431913375855,0.5794908967018128,ef00eac47b3c3f3f765c28104c6738829ec5a82feced4a808727071208a9d0ff,8216c99f4e8ae3415ce684735afa32eea8206e19f030a45b78717673fedb0c5c,False,Global-sign and absolute-sign metrics are secondary diagnostics: structure selection does not optimize global-sign performance; training still uses the unchanged total loss.,positive means g05_full_reconstruction is better
36b558cd20008a7327a4d38992ee67cad6ef17e0621dd994265441fddb5aa397,structure,validation_loss.structure,g05_sign_only,g05_full_reconstruction,0.5,16,position_mae_y,42,primary,0.3978508834838867,0.4117651786804199,0.0139142951965332,-0.0139142951965332,55,43,0.5796431913375855,0.5794908967018128,ef00eac47b3c3f3f765c28104c6738829ec5a82feced4a808727071208a9d0ff,8216c99f4e8ae3415ce684735afa32eea8206e19f030a45b78717673fedb0c5c,False,Global-sign and absolute-sign metrics are secondary diagnostics: structure selection does not optimize global-sign performance; training still uses the unchanged total loss.,positive means g05_full_reconstruction is better
36b558cd20008a7327a4d38992ee67cad6ef17e0621dd994265441fddb5aa397,structure,validation_loss.structure,g05_sign_only,g05_full_reconstruction,0.5,16,position_mae_z,42,primary,0.21528786659240723,0.21602397346496582,0.0007361068725585951,-0.0007361068725585951,55,43,0.5796431913375855,0.5794908967018128,ef00eac47b3c3f3f765c28104c6738829ec5a82feced4a808727071208a9d0ff,8216c99f4e8ae3415ce684735afa32eea8206e19f030a45b78717673fedb0c5c,False,Global-sign and absolute-sign metrics are secondary diagnostics: structure selection does not optimize global-sign performance; training still uses the unchanged total loss.,positive means g05_full_reconstruction is better
36b558cd20008a7327a4d38992ee67cad6ef17e0621dd994265441fddb5aa397,structure,validation_loss.structure,g05_sign_only,g05_full_reconstruction,0.5,16,mean_position_mae,42,primary,0.3543983383178711,0.3601529235839844,0.005754585266113277,-0.005754585266113277,55,43,0.5796431913375855,0.5794908967018128,ef00eac47b3c3f3f765c28104c6738829ec5a82feced4a808727071208a9d0ff,8216c99f4e8ae3415ce684735afa32eea8206e19f030a45b78717673fedb0c5c,False,Global-sign and absolute-sign metrics are secondary diagnostics: structure selection does not optimize global-sign performance; training still uses the unchanged total loss.,positive means g05_full_reconstruction is better
36b558cd20008a7327a4d38992ee67cad6ef17e0621dd994265441fddb5aa397,structure,validation_loss.structure,g05_sign_only,g05_full_reconstruction,0.5,16,mean_position_3d_error,42,primary,0.7222858200073242,0.7346058654785156,0.012320045471191365,-0.012320045471191365,55,43,0.5796431913375855,0.5794908967018128,ef00eac47b3c3f3f765c28104c6738829ec5a82feced4a808727071208a9d0ff,8216c99f4e8ae3415ce684735afa32eea8206e19f030a45b78717673fedb0c5c,False,Global-sign and absolute-sign metrics are secondary diagnostics: structure selection does not optimize global-sign performance; training still uses the unchanged total loss.,positive means g05_full_reconstruction is better
36b558cd20008a7327a4d38992ee67cad6ef17e0621dd994265441fddb5aa397,structure,validation_loss.structure,g05_sign_only,g05_full_reconstruction,0.5,16,charge_magnitude_mae,42,primary,0.15817335891723633,0.15531300163269043,-0.0028603572845458947,0.0028603572845458947,55,43,0.5796431913375855,0.5794908967018128,ef00eac47b3c3f3f765c28104c6738829ec5a82feced4a808727071208a9d0ff,8216c99f4e8ae3415ce684735afa32eea8206e19f030a45b78717673fedb0c5c,False,Global-sign and absolute-sign metrics are secondary diagnostics: structure selection does not optimize global-sign performance; training still uses the unchanged total loss.,positive means g05_full_reconstruction is better
36b558cd20008a7327a4d38992ee67cad6ef17e0621dd994265441fddb5aa397,structure,validation_loss.structure,g05_sign_only,g05_full_reconstruction,0.5,16,relative_sign_accuracy,42,primary,0.9607999877929687,0.9551999969482422,-0.00559999084472651,-0.00559999084472651,55,43,0.5796431913375855,0.5794908967018128,ef00eac47b3c3f3f765c28104c6738829ec5a82feced4a808727071208a9d0ff,8216c99f4e8ae3415ce684735afa32eea8206e19f030a45b78717673fedb0c5c,False,Global-sign and absolute-sign metrics are secondary diagnostics: structure selection does not optimize global-sign performance; training still uses the unchanged total loss.,positive means g05_full_reconstruction is better
36b558cd20008a7327a4d38992ee67cad6ef17e0621dd994265441fddb5aa397,structure,validation_loss.structure,g05_sign_only,g05_full_reconstruction,0.5,16,relative_configuration_accuracy,42,primary,0.913,0.902,-0.01100000000000001,-0.01100000000000001,55,43,0.5796431913375855,0.5794908967018128,ef00eac47b3c3f3f765c28104c6738829ec5a82feced4a808727071208a9d0ff,8216c99f4e8ae3415ce684735afa32eea8206e19f030a45b78717673fedb0c5c,False,Global-sign and absolute-sign metrics are secondary diagnostics: structure selection does not optimize global-sign performance; training still uses the unchanged total loss.,positive means g05_full_reconstruction is better
36b558cd20008a7327a4d38992ee67cad6ef17e0621dd994265441fddb5aa397,structure,validation_loss.structure,g05_sign_only,g05_full_reconstruction,0.5,16,pairwise_relative_sign_accuracy,42,primary,0.9499999923706055,0.9440000076293945,-0.005999984741210995,-0.005999984741210995,55,43,0.5796431913375855,0.5794908967018128,ef00eac47b3c3f3f765c28104c6738829ec5a82feced4a808727071208a9d0ff,8216c99f4e8ae3415ce684735afa32eea8206e19f030a45b78717673fedb0c5c,False,Global-sign and absolute-sign metrics are secondary diagnostics: structure selection does not optimize global-sign performance; training still uses the unchanged total loss.,positive means g05_full_reconstruction is better
36b558cd20008a7327a4d38992ee67cad6ef17e0621dd994265441fddb5aa397,structure,validation_loss.structure,g05_sign_only,g05_full_reconstruction,0.5,16,global_sign_accuracy,42,secondary,0.867,0.868,0.0010000000000000009,0.0010000000000000009,55,43,0.5796431913375855,0.5794908967018128,ef00eac47b3c3f3f765c28104c6738829ec5a82feced4a808727071208a9d0ff,8216c99f4e8ae3415ce684735afa32eea8206e19f030a45b78717673fedb0c5c,False,Global-sign and absolute-sign metrics are secondary diagnostics: structure selection does not optimize global-sign performance; training still uses the unchanged total loss.,positive means g05_full_reconstruction is better
36b558cd20008a7327a4d38992ee67cad6ef17e0621dd994265441fddb5aa397,structure,validation_loss.structure,g05_sign_only,g05_full_reconstruction,0.5,16,global_sign_bce,42,secondary,0.34056714248657227,0.34304851150512694,0.002481369018554669,-0.002481369018554669,55,43,0.5796431913375855,0.5794908967018128,ef00eac47b3c3f3f765c28104c6738829ec5a82feced4a808727071208a9d0ff,8216c99f4e8ae3415ce684735afa32eea8206e19f030a45b78717673fedb0c5c,False,Global-sign and absolute-sign metrics are secondary diagnostics: structure selection does not optimize global-sign performance; training still uses the unchanged total loss.,positive means g05_full_reconstruction is better
36b558cd20008a7327a4d38992ee67cad6ef17e0621dd994265441fddb5aa397,structure,validation_loss.structure,g05_sign_only,g05_full_reconstruction,0.5,16,absolute_sign_accuracy,42,secondary,0.8829999771118164,0.8792000045776367,-0.003799972534179741,-0.003799972534179741,55,43,0.5796431913375855,0.5794908967018128,ef00eac47b3c3f3f765c28104c6738829ec5a82feced4a808727071208a9d0ff,8216c99f4e8ae3415ce684735afa32eea8206e19f030a45b78717673fedb0c5c,False,Global-sign and absolute-sign metrics are secondary diagnostics: structure selection does not optimize global-sign performance; training still uses the unchanged total loss.,positive means g05_full_reconstruction is better
36b558cd20008a7327a4d38992ee67cad6ef17e0621dd994265441fddb5aa397,structure,validation_loss.structure,g05_sign_only,g05_full_reconstruction,0.5,16,absolute_sign_set_accuracy,42,secondary,0.843,0.834,-0.009000000000000008,-0.009000000000000008,55,43,0.5796431913375855,0.5794908967018128,ef00eac47b3c3f3f765c28104c6738829ec5a82feced4a808727071208a9d0ff,8216c99f4e8ae3415ce684735afa32eea8206e19f030a45b78717673fedb0c5c,False,Global-sign and absolute-sign metrics are secondary diagnostics: structure selection does not optimize global-sign performance; training still uses the unchanged total loss.,positive means g05_full_reconstruction is better
36b558cd20008a7327a4d38992ee67cad6ef17e0621dd994265441fddb5aa397,structure,validation_loss.structure,g05_sign_only,g05_full_reconstruction,0.5,16,charge_mae,42,secondary,0.28550981521606444,0.289755838394165,0.0042460231781005775,-0.0042460231781005775,55,43,0.5796431913375855,0.5794908967018128,ef00eac47b3c3f3f765c28104c6738829ec5a82feced4a808727071208a9d0ff,8216c99f4e8ae3415ce684735afa32eea8206e19f030a45b78717673fedb0c5c,False,Global-sign and absolute-sign metrics are secondary diagnostics: structure selection does not optimize global-sign performance; training still uses the unchanged total loss.,positive means g05_full_reconstruction is better
36b558cd20008a7327a4d38992ee67cad6ef17e0621dd994265441fddb5aa397,structure,validation_loss.structure,g05_sign_only,g05_full_reconstruction,0.5,16,global_invariant_charge_mae,42,secondary,0.19465887260437012,0.19583544540405273,0.0011765727996826125,-0.0011765727996826125,55,43,0.5796431913375855,0.5794908967018128,ef00eac47b3c3f3f765c28104c6738829ec5a82feced4a808727071208a9d0ff,8216c99f4e8ae3415ce684735afa32eea8206e19f030a45b78717673fedb0c5c,False,Global-sign and absolute-sign metrics are secondary diagnostics: structure selection does not optimize global-sign performance; training still uses the unchanged total loss.,positive means g05_full_reconstruction is better
36b558cd20008a7327a4d38992ee67cad6ef17e0621dd994265441fddb5aa397,structure,validation_loss.structure,g05_sign_only,g05_full_reconstruction,0.75,24,position_mae_x,42,primary,0.4500562286376953,0.45066046905517576,0.0006042404174804727,-0.0006042404174804727,55,49,0.5796431913375855,0.5745758428573609,050d313183b800aabc36726c722e9239aae113d48337682d75d36c4eacf707a5,47fedd9b99d76b18dc0374acad25044ff65f0ddcbae9cfc9dbee40b3f7e5c757,False,Global-sign and absolute-sign metrics are secondary diagnostics: structure selection does not optimize global-sign performance; training still uses the unchanged total loss.,positive means g05_full_reconstruction is better
36b558cd20008a7327a4d38992ee67cad6ef17e0621dd994265441fddb5aa397,structure,validation_loss.structure,g05_sign_only,g05_full_reconstruction,0.75,24,position_mae_y,42,primary,0.3978508834838867,0.3994583969116211,0.0016075134277344083,-0.0016075134277344083,55,49,0.5796431913375855,0.5745758428573609,050d313183b800aabc36726c722e9239aae113d48337682d75d36c4eacf707a5,47fedd9b99d76b18dc0374acad25044ff65f0ddcbae9cfc9dbee40b3f7e5c757,False,Global-sign and absolute-sign metrics are secondary diagnostics: structure selection does not optimize global-sign performance; training still uses the unchanged total loss.,positive means g05_full_reconstruction is better
36b558cd20008a7327a4d38992ee67cad6ef17e0621dd994265441fddb5aa397,structure,validation_loss.structure,g05_sign_only,g05_full_reconstruction,0.75,24,position_mae_z,42,primary,0.21528786659240723,0.21723912048339844,0.0019512538909912114,-0.0019512538909912114,55,49,0.5796431913375855,0.5745758428573609,050d313183b800aabc36726c722e9239aae113d48337682d75d36c4eacf707a5,47fedd9b99d76b18dc0374acad25044ff65f0ddcbae9cfc9dbee40b3f7e5c757,False,Global-sign and absolute-sign metrics are secondary diagnostics: structure selection does not optimize global-sign performance; training still uses the unchanged total loss.,positive means g05_full_reconstruction is better
36b558cd20008a7327a4d38992ee67cad6ef17e0621dd994265441fddb5aa397,structure,validation_loss.structure,g05_sign_only,g05_full_reconstruction,0.75,24,mean_position_mae,42,primary,0.3543983383178711,0.35578600692749024,0.0013876686096191415,-0.0013876686096191415,55,49,0.5796431913375855,0.5745758428573609,050d313183b800aabc36726c722e9239aae113d48337682d75d36c4eacf707a5,47fedd9b99d76b18dc0374acad25044ff65f0ddcbae9cfc9dbee40b3f7e5c757,False,Global-sign and absolute-sign metrics are secondary diagnostics: structure selection does not optimize global-sign performance; training still uses the unchanged total loss.,positive means g05_full_reconstruction is better
36b558cd20008a7327a4d38992ee67cad6ef17e0621dd994265441fddb5aa397,structure,validation_loss.structure,g05_sign_only,g05_full_reconstruction,0.75,24,mean_position_3d_error,42,primary,0.7222858200073242,0.726734992980957,0.004449172973632787,-0.004449172973632787,55,49,0.5796431913375855,0.5745758428573609,050d313183b800aabc36726c722e9239aae113d48337682d75d36c4eacf707a5,47fedd9b99d76b18dc0374acad25044ff65f0ddcbae9cfc9dbee40b3f7e5c757,False,Global-sign and absolute-sign metrics are secondary diagnostics: structure selection does not optimize global-sign performance; training still uses the unchanged total loss.,positive means g05_full_reconstruction is better
36b558cd20008a7327a4d38992ee67cad6ef17e0621dd994265441fddb5aa397,structure,validation_loss.structure,g05_sign_only,g05_full_reconstruction,0.75,24,charge_magnitude_mae,42,primary,0.15817335891723633,0.15568273162841798,-0.0024906272888183534,0.0024906272888183534,55,49,0.5796431913375855,0.5745758428573609,050d313183b800aabc36726c722e9239aae113d48337682d75d36c4eacf707a5,47fedd9b99d76b18dc0374acad25044ff65f0ddcbae9cfc9dbee40b3f7e5c757,False,Global-sign and absolute-sign metrics are secondary diagnostics: structure selection does not optimize global-sign performance; training still uses the unchanged total loss.,positive means g05_full_reconstruction is better
36b558cd20008a7327a4d38992ee67cad6ef17e0621dd994265441fddb5aa397,structure,validation_loss.structure,g05_sign_only,g05_full_reconstruction,0.75,24,relative_sign_accuracy,42,primary,0.9607999877929687,0.9552000045776368,-0.0055999832153319495,-0.0055999832153319495,55,49,0.5796431913375855,0.5745758428573609,050d313183b800aabc36726c722e9239aae113d48337682d75d36c4eacf707a5,47fedd9b99d76b18dc0374acad25044ff65f0ddcbae9cfc9dbee40b3f7e5c757,False,Global-sign and absolute-sign metrics are secondary diagnostics: structure selection does not optimize global-sign performance; training still uses the unchanged total loss.,positive means g05_full_reconstruction is better
36b558cd20008a7327a4d38992ee67cad6ef17e0621dd994265441fddb5aa397,structure,validation_loss.structure,g05_sign_only,g05_full_reconstruction,0.75,24,relative_configuration_accuracy,42,primary,0.913,0.902,-0.01100000000000001,-0.01100000000000001,55,49,0.5796431913375855,0.5745758428573609,050d313183b800aabc36726c722e9239aae113d48337682d75d36c4eacf707a5,47fedd9b99d76b18dc0374acad25044ff65f0ddcbae9cfc9dbee40b3f7e5c757,False,Global-sign and absolute-sign metrics are secondary diagnostics: structure selection does not optimize global-sign performance; training still uses the unchanged total loss.,positive means g05_full_reconstruction is better
36b558cd20008a7327a4d38992ee67cad6ef17e0621dd994265441fddb5aa397,structure,validation_loss.structure,g05_sign_only,g05_full_reconstruction,0.75,24,pairwise_relative_sign_accuracy,42,primary,0.9499999923706055,0.9439999923706055,-0.006000000000000005,-0.006000000000000005,55,49,0.5796431913375855,0.5745758428573609,050d313183b800aabc36726c722e9239aae113d48337682d75d36c4eacf707a5,47fedd9b99d76b18dc0374acad25044ff65f0ddcbae9cfc9dbee40b3f7e5c757,False,Global-sign and absolute-sign metrics are secondary diagnostics: structure selection does not optimize global-sign performance; training still uses the unchanged total loss.,positive means g05_full_reconstruction is better
36b558cd20008a7327a4d38992ee67cad6ef17e0621dd994265441fddb5aa397,structure,validation_loss.structure,g05_sign_only,g05_full_reconstruction,0.75,24,global_sign_accuracy,42,secondary,0.866,0.858,-0.008000000000000007,-0.008000000000000007,55,49,0.5796431913375855,0.5745758428573609,050d313183b800aabc36726c722e9239aae113d48337682d75d36c4eacf707a5,47fedd9b99d76b18dc0374acad25044ff65f0ddcbae9cfc9dbee40b3f7e5c757,False,Global-sign and absolute-sign metrics are secondary diagnostics: structure selection does not optimize global-sign performance; training still uses the unchanged total loss.,positive means g05_full_reconstruction is better
36b558cd20008a7327a4d38992ee67cad6ef17e0621dd994265441fddb5aa397,structure,validation_loss.structure,g05_sign_only,g05_full_reconstruction,0.75,24,global_sign_bce,42,secondary,0.34031027603149416,0.364656063079834,0.02434578704833984,-0.02434578704833984,55,49,0.5796431913375855,0.5745758428573609,050d313183b800aabc36726c722e9239aae113d48337682d75d36c4eacf707a5,47fedd9b99d76b18dc0374acad25044ff65f0ddcbae9cfc9dbee40b3f7e5c757,False,Global-sign and absolute-sign metrics are secondary diagnostics: structure selection does not optimize global-sign performance; training still uses the unchanged total loss.,positive means g05_full_reconstruction is better
36b558cd20008a7327a4d38992ee67cad6ef17e0621dd994265441fddb5aa397,structure,validation_loss.structure,g05_sign_only,g05_full_reconstruction,0.75,24,absolute_sign_accuracy,42,secondary,0.8811999816894531,0.8731999893188477,-0.007999992370605447,-0.007999992370605447,55,49,0.5796431913375855,0.5745758428573609,050d313183b800aabc36726c722e9239aae113d48337682d75d36c4eacf707a5,47fedd9b99d76b18dc0374acad25044ff65f0ddcbae9cfc9dbee40b3f7e5c757,False,Global-sign and absolute-sign metrics are secondary diagnostics: structure selection does not optimize global-sign performance; training still uses the unchanged total loss.,positive means g05_full_reconstruction is better
36b558cd20008a7327a4d38992ee67cad6ef17e0621dd994265441fddb5aa397,structure,validation_loss.structure,g05_sign_only,g05_full_reconstruction,0.75,24,absolute_sign_set_accuracy,42,secondary,0.841,0.827,-0.014000000000000012,-0.014000000000000012,55,49,0.5796431913375855,0.5745758428573609,050d313183b800aabc36726c722e9239aae113d48337682d75d36c4eacf707a5,47fedd9b99d76b18dc0374acad25044ff65f0ddcbae9cfc9dbee40b3f7e5c757,False,Global-sign and absolute-sign metrics are secondary diagnostics: structure selection does not optimize global-sign performance; training still uses the unchanged total loss.,positive means g05_full_reconstruction is better
36b558cd20008a7327a4d38992ee67cad6ef17e0621dd994265441fddb5aa397,structure,validation_loss.structure,g05_sign_only,g05_full_reconstruction,0.75,24,charge_mae,42,secondary,0.28797619247436523,0.29728295516967773,0.009306762695312498,-0.009306762695312498,55,49,0.5796431913375855,0.5745758428573609,050d313183b800aabc36726c722e9239aae113d48337682d75d36c4eacf707a5,47fedd9b99d76b18dc0374acad25044ff65f0ddcbae9cfc9dbee40b3f7e5c757,False,Global-sign and absolute-sign metrics are secondary diagnostics: structure selection does not optimize global-sign performance; training still uses the unchanged total loss.,positive means g05_full_reconstruction is better
36b558cd20008a7327a4d38992ee67cad6ef17e0621dd994265441fddb5aa397,structure,validation_loss.structure,g05_sign_only,g05_full_reconstruction,0.75,24,global_invariant_charge_mae,42,secondary,0.19465887260437012,0.19579671096801757,0.0011378383636474476,-0.0011378383636474476,55,49,0.5796431913375855,0.5745758428573609,050d313183b800aabc36726c722e9239aae113d48337682d75d36c4eacf707a5,47fedd9b99d76b18dc0374acad25044ff65f0ddcbae9cfc9dbee40b3f7e5c757,False,Global-sign and absolute-sign metrics are secondary diagnostics: structure selection does not optimize global-sign performance; training still uses the unchanged total loss.,positive means g05_full_reconstruction is better
36b558cd20008a7327a4d38992ee67cad6ef17e0621dd994265441fddb5aa397,structure,validation_loss.structure,g05_sign_only,g05_full_reconstruction,1.0,32,position_mae_x,42,primary,0.4500562286376953,0.44246430206298826,-0.007591926574707031,0.007591926574707031,55,49,0.5796431913375855,0.5800517778396607,d864eda7962b52039a2c88485a0d11963cc6db6d9fb413deac8e5c421ce29255,2d332d1730d1abd7bde16e114d2edaaaf278a28a783e7ee59b5fdef1e8d92d7e,False,Global-sign and absolute-sign metrics are secondary diagnostics: structure selection does not optimize global-sign performance; training still uses the unchanged total loss.,positive means g05_full_reconstruction is better
36b558cd20008a7327a4d38992ee67cad6ef17e0621dd994265441fddb5aa397,structure,validation_loss.structure,g05_sign_only,g05_full_reconstruction,1.0,32,position_mae_y,42,primary,0.3978508834838867,0.40257964324951173,0.004728759765625035,-0.004728759765625035,55,49,0.5796431913375855,0.5800517778396607,d864eda7962b52039a2c88485a0d11963cc6db6d9fb413deac8e5c421ce29255,2d332d1730d1abd7bde16e114d2edaaaf278a28a783e7ee59b5fdef1e8d92d7e,False,Global-sign and absolute-sign metrics are secondary diagnostics: structure selection does not optimize global-sign performance; training still uses the unchanged total loss.,positive means g05_full_reconstruction is better
36b558cd20008a7327a4d38992ee67cad6ef17e0621dd994265441fddb5aa397,structure,validation_loss.structure,g05_sign_only,g05_full_reconstruction,1.0,32,position_mae_z,42,primary,0.21528786659240723,0.21976162910461425,0.004473762512207019,-0.004473762512207019,55,49,0.5796431913375855,0.5800517778396607,d864eda7962b52039a2c88485a0d11963cc6db6d9fb413deac8e5c421ce29255,2d332d1730d1abd7bde16e114d2edaaaf278a28a783e7ee59b5fdef1e8d92d7e,False,Global-sign and absolute-sign metrics are secondary diagnostics: structure selection does not optimize global-sign performance; training still uses the unchanged total loss.,positive means g05_full_reconstruction is better
36b558cd20008a7327a4d38992ee67cad6ef17e0621dd994265441fddb5aa397,structure,validation_loss.structure,g05_sign_only,g05_full_reconstruction,1.0,32,mean_position_mae,42,primary,0.3543983383178711,0.35493519592285155,0.0005368576049804563,-0.0005368576049804563,55,49,0.5796431913375855,0.5800517778396607,d864eda7962b52039a2c88485a0d11963cc6db6d9fb413deac8e5c421ce29255,2d332d1730d1abd7bde16e114d2edaaaf278a28a783e7ee59b5fdef1e8d92d7e,False,Global-sign and absolute-sign metrics are secondary diagnostics: structure selection does not optimize global-sign performance; training still uses the unchanged total loss.,positive means g05_full_reconstruction is better
36b558cd20008a7327a4d38992ee67cad6ef17e0621dd994265441fddb5aa397,structure,validation_loss.structure,g05_sign_only,g05_full_reconstruction,1.0,32,mean_position_3d_error,42,primary,0.7222858200073242,0.7218293838500977,-0.0004564361572265696,0.0004564361572265696,55,49,0.5796431913375855,0.5800517778396607,d864eda7962b52039a2c88485a0d11963cc6db6d9fb413deac8e5c421ce29255,2d332d1730d1abd7bde16e114d2edaaaf278a28a783e7ee59b5fdef1e8d92d7e,False,Global-sign and absolute-sign metrics are secondary diagnostics: structure selection does not optimize global-sign performance; training still uses the unchanged total loss.,positive means g05_full_reconstruction is better
36b558cd20008a7327a4d38992ee67cad6ef17e0621dd994265441fddb5aa397,structure,validation_loss.structure,g05_sign_only,g05_full_reconstruction,1.0,32,charge_magnitude_mae,42,primary,0.15817335891723633,0.15472347831726074,-0.0034498805999755855,0.0034498805999755855,55,49,0.5796431913375855,0.5800517778396607,d864eda7962b52039a2c88485a0d11963cc6db6d9fb413deac8e5c421ce29255,2d332d1730d1abd7bde16e114d2edaaaf278a28a783e7ee59b5fdef1e8d92d7e,False,Global-sign and absolute-sign metrics are secondary diagnostics: structure selection does not optimize global-sign performance; training still uses the unchanged total loss.,positive means g05_full_reconstruction is better
36b558cd20008a7327a4d38992ee67cad6ef17e0621dd994265441fddb5aa397,structure,validation_loss.structure,g05_sign_only,g05_full_reconstruction,1.0,32,relative_sign_accuracy,42,primary,0.9607999877929687,0.9559999923706055,-0.004799995422363201,-0.004799995422363201,55,49,0.5796431913375855,0.5800517778396607,d864eda7962b52039a2c88485a0d11963cc6db6d9fb413deac8e5c421ce29255,2d332d1730d1abd7bde16e114d2edaaaf278a28a783e7ee59b5fdef1e8d92d7e,False,Global-sign and absolute-sign metrics are secondary diagnostics: structure selection does not optimize global-sign performance; training still uses the unchanged total loss.,positive means g05_full_reconstruction is better
36b558cd20008a7327a4d38992ee67cad6ef17e0621dd994265441fddb5aa397,structure,validation_loss.structure,g05_sign_only,g05_full_reconstruction,1.0,32,relative_configuration_accuracy,42,primary,0.913,0.904,-0.009000000000000008,-0.009000000000000008,55,49,0.5796431913375855,0.5800517778396607,d864eda7962b52039a2c88485a0d11963cc6db6d9fb413deac8e5c421ce29255,2d332d1730d1abd7bde16e114d2edaaaf278a28a783e7ee59b5fdef1e8d92d7e,False,Global-sign and absolute-sign metrics are secondary diagnostics: structure selection does not optimize global-sign performance; training still uses the unchanged total loss.,positive means g05_full_reconstruction is better
36b558cd20008a7327a4d38992ee67cad6ef17e0621dd994265441fddb5aa397,structure,validation_loss.structure,g05_sign_only,g05_full_reconstruction,1.0,32,pairwise_relative_sign_accuracy,42,primary,0.9499999923706055,0.9451999969482422,-0.004799995422363312,-0.004799995422363312,55,49,0.5796431913375855,0.5800517778396607,d864eda7962b52039a2c88485a0d11963cc6db6d9fb413deac8e5c421ce29255,2d332d1730d1abd7bde16e114d2edaaaf278a28a783e7ee59b5fdef1e8d92d7e,False,Global-sign and absolute-sign metrics are secondary diagnostics: structure selection does not optimize global-sign performance; training still uses the unchanged total loss.,positive means g05_full_reconstruction is better
36b558cd20008a7327a4d38992ee67cad6ef17e0621dd994265441fddb5aa397,structure,validation_loss.structure,g05_sign_only,g05_full_reconstruction,1.0,32,global_sign_accuracy,42,secondary,0.871,0.852,-0.019000000000000017,-0.019000000000000017,55,49,0.5796431913375855,0.5800517778396607,d864eda7962b52039a2c88485a0d11963cc6db6d9fb413deac8e5c421ce29255,2d332d1730d1abd7bde16e114d2edaaaf278a28a783e7ee59b5fdef1e8d92d7e,False,Global-sign and absolute-sign metrics are secondary diagnostics: structure selection does not optimize global-sign performance; training still uses the unchanged total loss.,positive means g05_full_reconstruction is better
36b558cd20008a7327a4d38992ee67cad6ef17e0621dd994265441fddb5aa397,structure,validation_loss.structure,g05_sign_only,g05_full_reconstruction,1.0,32,global_sign_bce,42,secondary,0.3326552200317383,0.3643709335327148,0.03171571350097652,-0.03171571350097652,55,49,0.5796431913375855,0.5800517778396607,d864eda7962b52039a2c88485a0d11963cc6db6d9fb413deac8e5c421ce29255,2d332d1730d1abd7bde16e114d2edaaaf278a28a783e7ee59b5fdef1e8d92d7e,False,Global-sign and absolute-sign metrics are secondary diagnostics: structure selection does not optimize global-sign performance; training still uses the unchanged total loss.,positive means g05_full_reconstruction is better
36b558cd20008a7327a4d38992ee67cad6ef17e0621dd994265441fddb5aa397,structure,validation_loss.structure,g05_sign_only,g05_full_reconstruction,1.0,32,absolute_sign_accuracy,42,secondary,0.8837999801635742,0.8687999725341797,-0.015000007629394463,-0.015000007629394463,55,49,0.5796431913375855,0.5800517778396607,d864eda7962b52039a2c88485a0d11963cc6db6d9fb413deac8e5c421ce29255,2d332d1730d1abd7bde16e114d2edaaaf278a28a783e7ee59b5fdef1e8d92d7e,False,Global-sign and absolute-sign metrics are secondary diagnostics: structure selection does not optimize global-sign performance; training still uses the unchanged total loss.,positive means g05_full_reconstruction is better
36b558cd20008a7327a4d38992ee67cad6ef17e0621dd994265441fddb5aa397,structure,validation_loss.structure,g05_sign_only,g05_full_reconstruction,1.0,32,absolute_sign_set_accuracy,42,secondary,0.845,0.824,-0.02100000000000002,-0.02100000000000002,55,49,0.5796431913375855,0.5800517778396607,d864eda7962b52039a2c88485a0d11963cc6db6d9fb413deac8e5c421ce29255,2d332d1730d1abd7bde16e114d2edaaaf278a28a783e7ee59b5fdef1e8d92d7e,False,Global-sign and absolute-sign metrics are secondary diagnostics: structure selection does not optimize global-sign performance; training still uses the unchanged total loss.,positive means g05_full_reconstruction is better
36b558cd20008a7327a4d38992ee67cad6ef17e0621dd994265441fddb5aa397,structure,validation_loss.structure,g05_sign_only,g05_full_reconstruction,1.0,32,charge_mae,42,secondary,0.2847536315917969,0.2999155387878418,0.015161907196044877,-0.015161907196044877,55,49,0.5796431913375855,0.5800517778396607,d864eda7962b52039a2c88485a0d11963cc6db6d9fb413deac8e5c421ce29255,2d332d1730d1abd7bde16e114d2edaaaf278a28a783e7ee59b5fdef1e8d92d7e,False,Global-sign and absolute-sign metrics are secondary diagnostics: structure selection does not optimize global-sign performance; training still uses the unchanged total loss.,positive means g05_full_reconstruction is better
36b558cd20008a7327a4d38992ee67cad6ef17e0621dd994265441fddb5aa397,structure,validation_loss.structure,g05_sign_only,g05_full_reconstruction,1.0,32,global_invariant_charge_mae,42,secondary,0.19465887260437012,0.19346653175354003,-0.001192340850830087,0.001192340850830087,55,49,0.5796431913375855,0.5800517778396607,d864eda7962b52039a2c88485a0d11963cc6db6d9fb413deac8e5c421ce29255,2d332d1730d1abd7bde16e114d2edaaaf278a28a783e7ee59b5fdef1e8d92d7e,False,Global-sign and absolute-sign metrics are secondary diagnostics: structure selection does not optimize global-sign performance; training still uses the unchanged total loss.,positive means g05_full_reconstruction is better
36b558cd20008a7327a4d38992ee67cad6ef17e0621dd994265441fddb5aa397,total,validation_loss.total,g05_sign_only,g05_full_reconstruction,0.0,0,position_mae_x,42,primary,0.4500562286376953,0.4500562286376953,0.0,-0.0,55,55,0.5796431913375855,0.5796431913375855,54b8bb1ae7bfec926fe84def3a8e61f83d6588ed17f246bb4302a25b982d61ea,ff1133d11a0b28b75eec8f3789c7a61ccc872c2946ef5bae5bff15f25a6b75b9,False,Total selection includes global-sign loss only with observed G05 and nonzero global-sign weight.,positive means g05_full_reconstruction is better
36b558cd20008a7327a4d38992ee67cad6ef17e0621dd994265441fddb5aa397,total,validation_loss.total,g05_sign_only,g05_full_reconstruction,0.0,0,position_mae_y,42,primary,0.3978508834838867,0.3978508834838867,0.0,-0.0,55,55,0.5796431913375855,0.5796431913375855,54b8bb1ae7bfec926fe84def3a8e61f83d6588ed17f246bb4302a25b982d61ea,ff1133d11a0b28b75eec8f3789c7a61ccc872c2946ef5bae5bff15f25a6b75b9,False,Total selection includes global-sign loss only with observed G05 and nonzero global-sign weight.,positive means g05_full_reconstruction is better
36b558cd20008a7327a4d38992ee67cad6ef17e0621dd994265441fddb5aa397,total,validation_loss.total,g05_sign_only,g05_full_reconstruction,0.0,0,position_mae_z,42,primary,0.21528786659240723,0.21528786659240723,0.0,-0.0,55,55,0.5796431913375855,0.5796431913375855,54b8bb1ae7bfec926fe84def3a8e61f83d6588ed17f246bb4302a25b982d61ea,ff1133d11a0b28b75eec8f3789c7a61ccc872c2946ef5bae5bff15f25a6b75b9,False,Total selection includes global-sign loss only with observed G05 and nonzero global-sign weight.,positive means g05_full_reconstruction is better
36b558cd20008a7327a4d38992ee67cad6ef17e0621dd994265441fddb5aa397,total,validation_loss.total,g05_sign_only,g05_full_reconstruction,0.0,0,mean_position_mae,42,primary,0.3543983383178711,0.3543983383178711,0.0,-0.0,55,55,0.5796431913375855,0.5796431913375855,54b8bb1ae7bfec926fe84def3a8e61f83d6588ed17f246bb4302a25b982d61ea,ff1133d11a0b28b75eec8f3789c7a61ccc872c2946ef5bae5bff15f25a6b75b9,False,Total selection includes global-sign loss only with observed G05 and nonzero global-sign weight.,positive means g05_full_reconstruction is better
36b558cd20008a7327a4d38992ee67cad6ef17e0621dd994265441fddb5aa397,total,validation_loss.total,g05_sign_only,g05_full_reconstruction,0.0,0,mean_position_3d_error,42,primary,0.7222858200073242,0.7222858200073242,0.0,-0.0,55,55,0.5796431913375855,0.5796431913375855,54b8bb1ae7bfec926fe84def3a8e61f83d6588ed17f246bb4302a25b982d61ea,ff1133d11a0b28b75eec8f3789c7a61ccc872c2946ef5bae5bff15f25a6b75b9,False,Total selection includes global-sign loss only with observed G05 and nonzero global-sign weight.,positive means g05_full_reconstruction is better
36b558cd20008a7327a4d38992ee67cad6ef17e0621dd994265441fddb5aa397,total,validation_loss.total,g05_sign_only,g05_full_reconstruction,0.0,0,charge_magnitude_mae,42,primary,0.15817335891723633,0.15817335891723633,0.0,-0.0,55,55,0.5796431913375855,0.5796431913375855,54b8bb1ae7bfec926fe84def3a8e61f83d6588ed17f246bb4302a25b982d61ea,ff1133d11a0b28b75eec8f3789c7a61ccc872c2946ef5bae5bff15f25a6b75b9,False,Total selection includes global-sign loss only with observed G05 and nonzero global-sign weight.,positive means g05_full_reconstruction is better
36b558cd20008a7327a4d38992ee67cad6ef17e0621dd994265441fddb5aa397,total,validation_loss.total,g05_sign_only,g05_full_reconstruction,0.0,0,relative_sign_accuracy,42,primary,0.9607999877929687,0.9607999877929687,0.0,0.0,55,55,0.5796431913375855,0.5796431913375855,54b8bb1ae7bfec926fe84def3a8e61f83d6588ed17f246bb4302a25b982d61ea,ff1133d11a0b28b75eec8f3789c7a61ccc872c2946ef5bae5bff15f25a6b75b9,False,Total selection includes global-sign loss only with observed G05 and nonzero global-sign weight.,positive means g05_full_reconstruction is better
36b558cd20008a7327a4d38992ee67cad6ef17e0621dd994265441fddb5aa397,total,validation_loss.total,g05_sign_only,g05_full_reconstruction,0.0,0,relative_configuration_accuracy,42,primary,0.913,0.913,0.0,0.0,55,55,0.5796431913375855,0.5796431913375855,54b8bb1ae7bfec926fe84def3a8e61f83d6588ed17f246bb4302a25b982d61ea,ff1133d11a0b28b75eec8f3789c7a61ccc872c2946ef5bae5bff15f25a6b75b9,False,Total selection includes global-sign loss only with observed G05 and nonzero global-sign weight.,positive means g05_full_reconstruction is better
36b558cd20008a7327a4d38992ee67cad6ef17e0621dd994265441fddb5aa397,total,validation_loss.total,g05_sign_only,g05_full_reconstruction,0.0,0,pairwise_relative_sign_accuracy,42,primary,0.9499999923706055,0.9499999923706055,0.0,0.0,55,55,0.5796431913375855,0.5796431913375855,54b8bb1ae7bfec926fe84def3a8e61f83d6588ed17f246bb4302a25b982d61ea,ff1133d11a0b28b75eec8f3789c7a61ccc872c2946ef5bae5bff15f25a6b75b9,False,Total selection includes global-sign loss only with observed G05 and nonzero global-sign weight.,positive means g05_full_reconstruction is better
36b558cd20008a7327a4d38992ee67cad6ef17e0621dd994265441fddb5aa397,total,validation_loss.total,g05_sign_only,g05_full_reconstruction,0.0,0,global_sign_accuracy,42,primary,,,,,55,55,0.5796431913375855,0.5796431913375855,54b8bb1ae7bfec926fe84def3a8e61f83d6588ed17f246bb4302a25b982d61ea,ff1133d11a0b28b75eec8f3789c7a61ccc872c2946ef5bae5bff15f25a6b75b9,False,Total selection includes global-sign loss only with observed G05 and nonzero global-sign weight.,positive means g05_full_reconstruction is better
36b558cd20008a7327a4d38992ee67cad6ef17e0621dd994265441fddb5aa397,total,validation_loss.total,g05_sign_only,g05_full_reconstruction,0.0,0,global_sign_bce,42,primary,,,,,55,55,0.5796431913375855,0.5796431913375855,54b8bb1ae7bfec926fe84def3a8e61f83d6588ed17f246bb4302a25b982d61ea,ff1133d11a0b28b75eec8f3789c7a61ccc872c2946ef5bae5bff15f25a6b75b9,False,Total selection includes global-sign loss only with observed G05 and nonzero global-sign weight.,positive means g05_full_reconstruction is better
36b558cd20008a7327a4d38992ee67cad6ef17e0621dd994265441fddb5aa397,total,validation_loss.total,g05_sign_only,g05_full_reconstruction,0.0,0,absolute_sign_accuracy,42,primary,,,,,55,55,0.5796431913375855,0.5796431913375855,54b8bb1ae7bfec926fe84def3a8e61f83d6588ed17f246bb4302a25b982d61ea,ff1133d11a0b28b75eec8f3789c7a61ccc872c2946ef5bae5bff15f25a6b75b9,False,Total selection includes global-sign loss only with observed G05 and nonzero global-sign weight.,positive means g05_full_reconstruction is better
36b558cd20008a7327a4d38992ee67cad6ef17e0621dd994265441fddb5aa397,total,validation_loss.total,g05_sign_only,g05_full_reconstruction,0.0,0,absolute_sign_set_accuracy,42,primary,,,,,55,55,0.5796431913375855,0.5796431913375855,54b8bb1ae7bfec926fe84def3a8e61f83d6588ed17f246bb4302a25b982d61ea,ff1133d11a0b28b75eec8f3789c7a61ccc872c2946ef5bae5bff15f25a6b75b9,False,Total selection includes global-sign loss only with observed G05 and nonzero global-sign weight.,positive means g05_full_reconstruction is better
36b558cd20008a7327a4d38992ee67cad6ef17e0621dd994265441fddb5aa397,total,validation_loss.total,g05_sign_only,g05_full_reconstruction,0.0,0,charge_mae,42,primary,0.19465887260437012,0.19465887260437012,0.0,-0.0,55,55,0.5796431913375855,0.5796431913375855,54b8bb1ae7bfec926fe84def3a8e61f83d6588ed17f246bb4302a25b982d61ea,ff1133d11a0b28b75eec8f3789c7a61ccc872c2946ef5bae5bff15f25a6b75b9,False,Total selection includes global-sign loss only with observed G05 and nonzero global-sign weight.,positive means g05_full_reconstruction is better
36b558cd20008a7327a4d38992ee67cad6ef17e0621dd994265441fddb5aa397,total,validation_loss.total,g05_sign_only,g05_full_reconstruction,0.0,0,global_invariant_charge_mae,42,primary,0.19465887260437012,0.19465887260437012,0.0,-0.0,55,55,0.5796431913375855,0.5796431913375855,54b8bb1ae7bfec926fe84def3a8e61f83d6588ed17f246bb4302a25b982d61ea,ff1133d11a0b28b75eec8f3789c7a61ccc872c2946ef5bae5bff15f25a6b75b9,False,Total selection includes global-sign loss only with observed G05 and nonzero global-sign weight.,positive means g05_full_reconstruction is better
36b558cd20008a7327a4d38992ee67cad6ef17e0621dd994265441fddb5aa397,total,validation_loss.total,g05_sign_only,g05_full_reconstruction,0.1,3,position_mae_x,42,primary,0.4431442680358887,0.4535584678649902,0.010414199829101523,-0.010414199829101523,63,44,0.9547595722675324,0.9560079121589661,35f6f60478a670fcce2f9fb61a1d8ec0a76ec9e318832b1604e62c51dbd622d0,a01ef7bfc69ba87c3665292c7e9a2300a000699debca54f6e7ebae15f5c7c162,True,Total selection includes global-sign loss only with observed G05 and nonzero global-sign weight.,positive means g05_full_reconstruction is better
36b558cd20008a7327a4d38992ee67cad6ef17e0621dd994265441fddb5aa397,total,validation_loss.total,g05_sign_only,g05_full_reconstruction,0.1,3,position_mae_y,42,primary,0.39987429428100585,0.39863694381713866,-0.0012373504638671928,0.0012373504638671928,63,44,0.9547595722675324,0.9560079121589661,35f6f60478a670fcce2f9fb61a1d8ec0a76ec9e318832b1604e62c51dbd622d0,a01ef7bfc69ba87c3665292c7e9a2300a000699debca54f6e7ebae15f5c7c162,True,Total selection includes global-sign loss only with observed G05 and nonzero global-sign weight.,positive means g05_full_reconstruction is better
36b558cd20008a7327a4d38992ee67cad6ef17e0621dd994265441fddb5aa397,total,validation_loss.total,g05_sign_only,g05_full_reconstruction,0.1,3,position_mae_z,42,primary,0.2156753578186035,0.2166994342803955,0.0010240764617920062,-0.0010240764617920062,63,44,0.9547595722675324,0.9560079121589661,35f6f60478a670fcce2f9fb61a1d8ec0a76ec9e318832b1604e62c51dbd622d0,a01ef7bfc69ba87c3665292c7e9a2300a000699debca54f6e7ebae15f5c7c162,True,Total selection includes global-sign loss only with observed G05 and nonzero global-sign weight.,positive means g05_full_reconstruction is better
36b558cd20008a7327a4d38992ee67cad6ef17e0621dd994265441fddb5aa397,total,validation_loss.total,g05_sign_only,g05_full_reconstruction,0.1,3,mean_position_mae,42,primary,0.3528979911804199,0.35629829406738284,0.0034003028869629137,-0.0034003028869629137,63,44,0.9547595722675324,0.9560079121589661,35f6f60478a670fcce2f9fb61a1d8ec0a76ec9e318832b1604e62c51dbd622d0,a01ef7bfc69ba87c3665292c7e9a2300a000699debca54f6e7ebae15f5c7c162,True,Total selection includes global-sign loss only with observed G05 and nonzero global-sign weight.,positive means g05_full_reconstruction is better
36b558cd20008a7327a4d38992ee67cad6ef17e0621dd994265441fddb5aa397,total,validation_loss.total,g05_sign_only,g05_full_reconstruction,0.1,3,mean_position_3d_error,42,primary,0.719128776550293,0.728134506225586,0.009005729675293006,-0.009005729675293006,63,44,0.9547595722675324,0.9560079121589661,35f6f60478a670fcce2f9fb61a1d8ec0a76ec9e318832b1604e62c51dbd622d0,a01ef7bfc69ba87c3665292c7e9a2300a000699debca54f6e7ebae15f5c7c162,True,Total selection includes global-sign loss only with observed G05 and nonzero global-sign weight.,positive means g05_full_reconstruction is better
36b558cd20008a7327a4d38992ee67cad6ef17e0621dd994265441fddb5aa397,total,validation_loss.total,g05_sign_only,g05_full_reconstruction,0.1,3,charge_magnitude_mae,42,primary,0.1582493019104004,0.1548565444946289,-0.003392757415771497,0.003392757415771497,63,44,0.9547595722675324,0.9560079121589661,35f6f60478a670fcce2f9fb61a1d8ec0a76ec9e318832b1604e62c51dbd622d0,a01ef7bfc69ba87c3665292c7e9a2300a000699debca54f6e7ebae15f5c7c162,True,Total selection includes global-sign loss only with observed G05 and nonzero global-sign weight.,positive means g05_full_reconstruction is better
36b558cd20008a7327a4d38992ee67cad6ef17e0621dd994265441fddb5aa397,total,validation_loss.total,g05_sign_only,g05_full_reconstruction,0.1,3,relative_sign_accuracy,42,primary,0.9599999771118164,0.959999984741211,7.629394560559888e-09,7.629394560559888e-09,63,44,0.9547595722675324,0.9560079121589661,35f6f60478a670fcce2f9fb61a1d8ec0a76ec9e318832b1604e62c51dbd622d0,a01ef7bfc69ba87c3665292c7e9a2300a000699debca54f6e7ebae15f5c7c162,True,Total selection includes global-sign loss only with observed G05 and nonzero global-sign weight.,positive means g05_full_reconstruction is better
36b558cd20008a7327a4d38992ee67cad6ef17e0621dd994265441fddb5aa397,total,validation_loss.total,g05_sign_only,g05_full_reconstruction,0.1,3,relative_configuration_accuracy,42,primary,0.912,0.91,-0.0020000000000000018,-0.0020000000000000018,63,44,0.9547595722675324,0.9560079121589661,35f6f60478a670fcce2f9fb61a1d8ec0a76ec9e318832b1604e62c51dbd622d0,a01ef7bfc69ba87c3665292c7e9a2300a000699debca54f6e7ebae15f5c7c162,True,Total selection includes global-sign loss only with observed G05 and nonzero global-sign weight.,positive means g05_full_reconstruction is better
36b558cd20008a7327a4d38992ee67cad6ef17e0621dd994265441fddb5aa397,total,validation_loss.total,g05_sign_only,g05_full_reconstruction,0.1,3,pairwise_relative_sign_accuracy,42,primary,0.9496000061035156,0.9480000076293945,-0.001599998474121067,-0.001599998474121067,63,44,0.9547595722675324,0.9560079121589661,35f6f60478a670fcce2f9fb61a1d8ec0a76ec9e318832b1604e62c51dbd622d0,a01ef7bfc69ba87c3665292c7e9a2300a000699debca54f6e7ebae15f5c7c162,True,Total selection includes global-sign loss only with observed G05 and nonzero global-sign weight.,positive means g05_full_reconstruction is better
36b558cd20008a7327a4d38992ee67cad6ef17e0621dd994265441fddb5aa397,total,validation_loss.total,g05_sign_only,g05_full_reconstruction,0.1,3,global_sign_accuracy,42,primary,0.844,0.848,0.0040000000000000036,0.0040000000000000036,63,44,0.9547595722675324,0.9560079121589661,35f6f60478a670fcce2f9fb61a1d8ec0a76ec9e318832b1604e62c51dbd622d0,a01ef7bfc69ba87c3665292c7e9a2300a000699debca54f6e7ebae15f5c7c162,True,Total selection includes global-sign loss only with observed G05 and nonzero global-sign weight.,positive means g05_full_reconstruction is better
36b558cd20008a7327a4d38992ee67cad6ef17e0621dd994265441fddb5aa397,total,validation_loss.total,g05_sign_only,g05_full_reconstruction,0.1,3,global_sign_bce,42,primary,0.36653389358520505,0.3697053031921387,0.0031714096069336284,-0.0031714096069336284,63,44,0.9547595722675324,0.9560079121589661,35f6f60478a670fcce2f9fb61a1d8ec0a76ec9e318832b1604e62c51dbd622d0,a01ef7bfc69ba87c3665292c7e9a2300a000699debca54f6e7ebae15f5c7c162,True,Total selection includes global-sign loss only with observed G05 and nonzero global-sign weight.,positive means g05_full_reconstruction is better
36b558cd20008a7327a4d38992ee67cad6ef17e0621dd994265441fddb5aa397,total,validation_loss.total,g05_sign_only,g05_full_reconstruction,0.1,3,absolute_sign_accuracy,42,primary,0.8504000015258789,0.8647999801635742,0.014399978637695265,0.014399978637695265,63,44,0.9547595722675324,0.9560079121589661,35f6f60478a670fcce2f9fb61a1d8ec0a76ec9e318832b1604e62c51dbd622d0,a01ef7bfc69ba87c3665292c7e9a2300a000699debca54f6e7ebae15f5c7c162,True,Total selection includes global-sign loss only with observed G05 and nonzero global-sign weight.,positive means g05_full_reconstruction is better
36b558cd20008a7327a4d38992ee67cad6ef17e0621dd994265441fddb5aa397,total,validation_loss.total,g05_sign_only,g05_full_reconstruction,0.1,3,absolute_sign_set_accuracy,42,primary,0.809,0.822,0.0129999999999999,0.0129999999999999,63,44,0.9547595722675324,0.9560079121589661,35f6f60478a670fcce2f9fb61a1d8ec0a76ec9e318832b1604e62c51dbd622d0,a01ef7bfc69ba87c3665292c7e9a2300a000699debca54f6e7ebae15f5c7c162,True,Total selection includes global-sign loss only with observed G05 and nonzero global-sign weight.,positive means g05_full_reconstruction is better
36b558cd20008a7327a4d38992ee67cad6ef17e0621dd994265441fddb5aa397,total,validation_loss.total,g05_sign_only,g05_full_reconstruction,0.1,3,charge_mae,42,primary,0.3242792854309082,0.3047639503479004,-0.019515335083007845,0.019515335083007845,63,44,0.9547595722675324,0.9560079121589661,35f6f60478a670fcce2f9fb61a1d8ec0a76ec9e318832b1604e62c51dbd622d0,a01ef7bfc69ba87c3665292c7e9a2300a000699debca54f6e7ebae15f5c7c162,True,Total selection includes global-sign loss only with observed G05 and nonzero global-sign weight.,positive means g05_full_reconstruction is better
36b558cd20008a7327a4d38992ee67cad6ef17e0621dd994265441fddb5aa397,total,validation_loss.total,g05_sign_only,g05_full_reconstruction,0.1,3,global_invariant_charge_mae,42,primary,0.19488708686828612,0.19264952850341796,-0.002237558364868164,0.002237558364868164,63,44,0.9547595722675324,0.9560079121589661,35f6f60478a670fcce2f9fb61a1d8ec0a76ec9e318832b1604e62c51dbd622d0,a01ef7bfc69ba87c3665292c7e9a2300a000699debca54f6e7ebae15f5c7c162,True,Total selection includes global-sign loss only with observed G05 and nonzero global-sign weight.,positive means g05_full_reconstruction is better
36b558cd20008a7327a4d38992ee67cad6ef17e0621dd994265441fddb5aa397,total,validation_loss.total,g05_sign_only,g05_full_reconstruction,0.25,8,position_mae_x,42,primary,0.4431442680358887,0.45473381423950193,0.011589546203613244,-0.011589546203613244,63,44,0.9428734638690949,0.9360597646236419,1267aa893b84bba652352f4a5f7f921fe924824e4995a5f3f453d87edf2d4e7b,48fd06f80f6fdee11813ac82dab527e4e33355337be960908908f64192036864,True,Total selection includes global-sign loss only with observed G05 and nonzero global-sign weight.,positive means g05_full_reconstruction is better
36b558cd20008a7327a4d38992ee67cad6ef17e0621dd994265441fddb5aa397,total,validation_loss.total,g05_sign_only,g05_full_reconstruction,0.25,8,position_mae_y,42,primary,0.39987429428100585,0.4056248207092285,0.005750526428222658,-0.005750526428222658,63,44,0.9428734638690949,0.9360597646236419,1267aa893b84bba652352f4a5f7f921fe924824e4995a5f3f453d87edf2d4e7b,48fd06f80f6fdee11813ac82dab527e4e33355337be960908908f64192036864,True,Total selection includes global-sign loss only with observed G05 and nonzero global-sign weight.,positive means g05_full_reconstruction is better
36b558cd20008a7327a4d38992ee67cad6ef17e0621dd994265441fddb5aa397,total,validation_loss.total,g05_sign_only,g05_full_reconstruction,0.25,8,position_mae_z,42,primary,0.2156753578186035,0.21826568031311036,0.002590322494506858,-0.002590322494506858,63,44,0.9428734638690949,0.9360597646236419,1267aa893b84bba652352f4a5f7f921fe924824e4995a5f3f453d87edf2d4e7b,48fd06f80f6fdee11813ac82dab527e4e33355337be960908908f64192036864,True,Total selection includes global-sign loss only with observed G05 and nonzero global-sign weight.,positive means g05_full_reconstruction is better
36b558cd20008a7327a4d38992ee67cad6ef17e0621dd994265441fddb5aa397,total,validation_loss.total,g05_sign_only,g05_full_reconstruction,0.25,8,mean_position_mae,42,primary,0.3528979911804199,0.3595414581298828,0.006643466949462884,-0.006643466949462884,63,44,0.9428734638690949,0.9360597646236419,1267aa893b84bba652352f4a5f7f921fe924824e4995a5f3f453d87edf2d4e7b,48fd06f80f6fdee11813ac82dab527e4e33355337be960908908f64192036864,True,Total selection includes global-sign loss only with observed G05 and nonzero global-sign weight.,positive means g05_full_reconstruction is better
36b558cd20008a7327a4d38992ee67cad6ef17e0621dd994265441fddb5aa397,total,validation_loss.total,g05_sign_only,g05_full_reconstruction,0.25,8,mean_position_3d_error,42,primary,0.719128776550293,0.7327109375,0.0135821609497071,-0.0135821609497071,63,44,0.9428734638690949,0.9360597646236419,1267aa893b84bba652352f4a5f7f921fe924824e4995a5f3f453d87edf2d4e7b,48fd06f80f6fdee11813ac82dab527e4e33355337be960908908f64192036864,True,Total selection includes global-sign loss only with observed G05 and nonzero global-sign weight.,positive means g05_full_reconstruction is better
36b558cd20008a7327a4d38992ee67cad6ef17e0621dd994265441fddb5aa397,total,validation_loss.total,g05_sign_only,g05_full_reconstruction,0.25,8,charge_magnitude_mae,42,primary,0.1582493019104004,0.15526288604736327,-0.002986415863037134,0.002986415863037134,63,44,0.9428734638690949,0.9360597646236419,1267aa893b84bba652352f4a5f7f921fe924824e4995a5f3f453d87edf2d4e7b,48fd06f80f6fdee11813ac82dab527e4e33355337be960908908f64192036864,True,Total selection includes global-sign loss only with observed G05 and nonzero global-sign weight.,positive means g05_full_reconstruction is better
36b558cd20008a7327a4d38992ee67cad6ef17e0621dd994265441fddb5aa397,total,validation_loss.total,g05_sign_only,g05_full_reconstruction,0.25,8,relative_sign_accuracy,42,primary,0.9599999771118164,0.9567999877929687,-0.0031999893188476847,-0.0031999893188476847,63,44,0.9428734638690949,0.9360597646236419,1267aa893b84bba652352f4a5f7f921fe924824e4995a5f3f453d87edf2d4e7b,48fd06f80f6fdee11813ac82dab527e4e33355337be960908908f64192036864,True,Total selection includes global-sign loss only with observed G05 and nonzero global-sign weight.,positive means g05_full_reconstruction is better
36b558cd20008a7327a4d38992ee67cad6ef17e0621dd994265441fddb5aa397,total,validation_loss.total,g05_sign_only,g05_full_reconstruction,0.25,8,relative_configuration_accuracy,42,primary,0.912,0.904,-0.008000000000000007,-0.008000000000000007,63,44,0.9428734638690949,0.9360597646236419,1267aa893b84bba652352f4a5f7f921fe924824e4995a5f3f453d87edf2d4e7b,48fd06f80f6fdee11813ac82dab527e4e33355337be960908908f64192036864,True,Total selection includes global-sign loss only with observed G05 and nonzero global-sign weight.,positive means g05_full_reconstruction is better
36b558cd20008a7327a4d38992ee67cad6ef17e0621dd994265441fddb5aa397,total,validation_loss.total,g05_sign_only,g05_full_reconstruction,0.25,8,pairwise_relative_sign_accuracy,42,primary,0.9496000061035156,0.9447999954223633,-0.0048000106811523224,-0.0048000106811523224,63,44,0.9428734638690949,0.9360597646236419,1267aa893b84bba652352f4a5f7f921fe924824e4995a5f3f453d87edf2d4e7b,48fd06f80f6fdee11813ac82dab527e4e33355337be960908908f64192036864,True,Total selection includes global-sign loss only with observed G05 and nonzero global-sign weight.,positive means g05_full_reconstruction is better
36b558cd20008a7327a4d38992ee67cad6ef17e0621dd994265441fddb5aa397,total,validation_loss.total,g05_sign_only,g05_full_reconstruction,0.25,8,global_sign_accuracy,42,primary,0.861,0.87,0.009000000000000008,0.009000000000000008,63,44,0.9428734638690949,0.9360597646236419,1267aa893b84bba652352f4a5f7f921fe924824e4995a5f3f453d87edf2d4e7b,48fd06f80f6fdee11813ac82dab527e4e33355337be960908908f64192036864,True,Total selection includes global-sign loss only with observed G05 and nonzero global-sign weight.,positive means g05_full_reconstruction is better
36b558cd20008a7327a4d38992ee67cad6ef17e0621dd994265441fddb5aa397,total,validation_loss.total,g05_sign_only,g05_full_reconstruction,0.25,8,global_sign_bce,42,primary,0.35693050384521485,0.3540949287414551,-0.0028355751037597576,0.0028355751037597576,63,44,0.9428734638690949,0.9360597646236419,1267aa893b84bba652352f4a5f7f921fe924824e4995a5f3f453d87edf2d4e7b,48fd06f80f6fdee11813ac82dab527e4e33355337be960908908f64192036864,True,Total selection includes global-sign loss only with observed G05 and nonzero global-sign weight.,positive means g05_full_reconstruction is better
36b558cd20008a7327a4d38992ee67cad6ef17e0621dd994265441fddb5aa397,total,validation_loss.total,g05_sign_only,g05_full_reconstruction,0.25,8,absolute_sign_accuracy,42,primary,0.8706000061035156,0.8827999954223633,0.012199989318847693,0.012199989318847693,63,44,0.9428734638690949,0.9360597646236419,1267aa893b84bba652352f4a5f7f921fe924824e4995a5f3f453d87edf2d4e7b,48fd06f80f6fdee11813ac82dab527e4e33355337be960908908f64192036864,True,Total selection includes global-sign loss only with observed G05 and nonzero global-sign weight.,positive means g05_full_reconstruction is better
36b558cd20008a7327a4d38992ee67cad6ef17e0621dd994265441fddb5aa397,total,validation_loss.total,g05_sign_only,g05_full_reconstruction,0.25,8,absolute_sign_set_accuracy,42,primary,0.829,0.839,0.010000000000000009,0.010000000000000009,63,44,0.9428734638690949,0.9360597646236419,1267aa893b84bba652352f4a5f7f921fe924824e4995a5f3f453d87edf2d4e7b,48fd06f80f6fdee11813ac82dab527e4e33355337be960908908f64192036864,True,Total selection includes global-sign loss only with observed G05 and nonzero global-sign weight.,positive means g05_full_reconstruction is better
36b558cd20008a7327a4d38992ee67cad6ef17e0621dd994265441fddb5aa397,total,validation_loss.total,g05_sign_only,g05_full_reconstruction,0.25,8,charge_mae,42,primary,0.30141267013549805,0.28468271255493166,-0.01672995758056639,0.01672995758056639,63,44,0.9428734638690949,0.9360597646236419,1267aa893b84bba652352f4a5f7f921fe924824e4995a5f3f453d87edf2d4e7b,48fd06f80f6fdee11813ac82dab527e4e33355337be960908908f64192036864,True,Total selection includes global-sign loss only with observed G05 and nonzero global-sign weight.,positive means g05_full_reconstruction is better
36b558cd20008a7327a4d38992ee67cad6ef17e0621dd994265441fddb5aa397,total,validation_loss.total,g05_sign_only,g05_full_reconstruction,0.25,8,global_invariant_charge_mae,42,primary,0.19488708686828612,0.19577228927612306,0.0008852024078369325,-0.0008852024078369325,63,44,0.9428734638690949,0.9360597646236419,1267aa893b84bba652352f4a5f7f921fe924824e4995a5f3f453d87edf2d4e7b,48fd06f80f6fdee11813ac82dab527e4e33355337be960908908f64192036864,True,Total selection includes global-sign loss only with observed G05 and nonzero global-sign weight.,positive means g05_full_reconstruction is better
36b558cd20008a7327a4d38992ee67cad6ef17e0621dd994265441fddb5aa397,total,validation_loss.total,g05_sign_only,g05_full_reconstruction,0.5,16,position_mae_x,42,primary,0.44803725814819334,0.44883889389038084,0.0008016357421875009,-0.0008016357421875009,60,57,0.9311238005161285,0.9258239250183106,ef00eac47b3c3f3f765c28104c6738829ec5a82feced4a808727071208a9d0ff,8216c99f4e8ae3415ce684735afa32eea8206e19f030a45b78717673fedb0c5c,True,Total selection includes global-sign loss only with observed G05 and nonzero global-sign weight.,positive means g05_full_reconstruction is better
36b558cd20008a7327a4d38992ee67cad6ef17e0621dd994265441fddb5aa397,total,validation_loss.total,g05_sign_only,g05_full_reconstruction,0.5,16,position_mae_y,42,primary,0.4037366065979004,0.4005391998291016,-0.003197406768798816,0.003197406768798816,60,57,0.9311238005161285,0.9258239250183106,ef00eac47b3c3f3f765c28104c6738829ec5a82feced4a808727071208a9d0ff,8216c99f4e8ae3415ce684735afa32eea8206e19f030a45b78717673fedb0c5c,True,Total selection includes global-sign loss only with observed G05 and nonzero global-sign weight.,positive means g05_full_reconstruction is better
36b558cd20008a7327a4d38992ee67cad6ef17e0621dd994265441fddb5aa397,total,validation_loss.total,g05_sign_only,g05_full_reconstruction,0.5,16,position_mae_z,42,primary,0.21615335273742675,0.2129496898651123,-0.003203662872314439,0.003203662872314439,60,57,0.9311238005161285,0.9258239250183106,ef00eac47b3c3f3f765c28104c6738829ec5a82feced4a808727071208a9d0ff,8216c99f4e8ae3415ce684735afa32eea8206e19f030a45b78717673fedb0c5c,True,Total selection includes global-sign loss only with observed G05 and nonzero global-sign weight.,positive means g05_full_reconstruction is better
36b558cd20008a7327a4d38992ee67cad6ef17e0621dd994265441fddb5aa397,total,validation_loss.total,g05_sign_only,g05_full_reconstruction,0.5,16,mean_position_mae,42,primary,0.3559757423400879,0.35410926818847654,-0.0018664741516113414,0.0018664741516113414,60,57,0.9311238005161285,0.9258239250183106,ef00eac47b3c3f3f765c28104c6738829ec5a82feced4a808727071208a9d0ff,8216c99f4e8ae3415ce684735afa32eea8206e19f030a45b78717673fedb0c5c,True,Total selection includes global-sign loss only with observed G05 and nonzero global-sign weight.,positive means g05_full_reconstruction is better
36b558cd20008a7327a4d38992ee67cad6ef17e0621dd994265441fddb5aa397,total,validation_loss.total,g05_sign_only,g05_full_reconstruction,0.5,16,mean_position_3d_error,42,primary,0.7244293975830078,0.7233901901245117,-0.001039207458496172,0.001039207458496172,60,57,0.9311238005161285,0.9258239250183106,ef00eac47b3c3f3f765c28104c6738829ec5a82feced4a808727071208a9d0ff,8216c99f4e8ae3415ce684735afa32eea8206e19f030a45b78717673fedb0c5c,True,Total selection includes global-sign loss only with observed G05 and nonzero global-sign weight.,positive means g05_full_reconstruction is better
36b558cd20008a7327a4d38992ee67cad6ef17e0621dd994265441fddb5aa397,total,validation_loss.total,g05_sign_only,g05_full_reconstruction,0.5,16,charge_magnitude_mae,42,primary,0.15898451232910157,0.15494299507141113,-0.004041517257690447,0.004041517257690447,60,57,0.9311238005161285,0.9258239250183106,ef00eac47b3c3f3f765c28104c6738829ec5a82feced4a808727071208a9d0ff,8216c99f4e8ae3415ce684735afa32eea8206e19f030a45b78717673fedb0c5c,True,Total selection includes global-sign loss only with observed G05 and nonzero global-sign weight.,positive means g05_full_reconstruction is better
36b558cd20008a7327a4d38992ee67cad6ef17e0621dd994265441fddb5aa397,total,validation_loss.total,g05_sign_only,g05_full_reconstruction,0.5,16,relative_sign_accuracy,42,primary,0.9575999984741211,0.9571999893188476,-0.00040000915527349523,-0.00040000915527349523,60,57,0.9311238005161285,0.9258239250183106,ef00eac47b3c3f3f765c28104c6738829ec5a82feced4a808727071208a9d0ff,8216c99f4e8ae3415ce684735afa32eea8206e19f030a45b78717673fedb0c5c,True,Total selection includes global-sign loss only with observed G05 and nonzero global-sign weight.,positive means g05_full_reconstruction is better
36b558cd20008a7327a4d38992ee67cad6ef17e0621dd994265441fddb5aa397,total,validation_loss.total,g05_sign_only,g05_full_reconstruction,0.5,16,relative_configuration_accuracy,42,primary,0.906,0.906,0.0,0.0,60,57,0.9311238005161285,0.9258239250183106,ef00eac47b3c3f3f765c28104c6738829ec5a82feced4a808727071208a9d0ff,8216c99f4e8ae3415ce684735afa32eea8206e19f030a45b78717673fedb0c5c,True,Total selection includes global-sign loss only with observed G05 and nonzero global-sign weight.,positive means g05_full_reconstruction is better
36b558cd20008a7327a4d38992ee67cad6ef17e0621dd994265441fddb5aa397,total,validation_loss.total,g05_sign_only,g05_full_reconstruction,0.5,16,pairwise_relative_sign_accuracy,42,primary,0.9459999923706055,0.9461999969482422,0.0002000045776366921,0.0002000045776366921,60,57,0.9311238005161285,0.9258239250183106,ef00eac47b3c3f3f765c28104c6738829ec5a82feced4a808727071208a9d0ff,8216c99f4e8ae3415ce684735afa32eea8206e19f030a45b78717673fedb0c5c,True,Total selection includes global-sign loss only with observed G05 and nonzero global-sign weight.,positive means g05_full_reconstruction is better
36b558cd20008a7327a4d38992ee67cad6ef17e0621dd994265441fddb5aa397,total,validation_loss.total,g05_sign_only,g05_full_reconstruction,0.5,16,global_sign_accuracy,42,primary,0.867,0.872,0.0050000000000000044,0.0050000000000000044,60,57,0.9311238005161285,0.9258239250183106,ef00eac47b3c3f3f765c28104c6738829ec5a82feced4a808727071208a9d0ff,8216c99f4e8ae3415ce684735afa32eea8206e19f030a45b78717673fedb0c5c,True,Total selection includes global-sign loss only with observed G05 and nonzero global-sign weight.,positive means g05_full_reconstruction is better
36b558cd20008a7327a4d38992ee67cad6ef17e0621dd994265441fddb5aa397,total,validation_loss.total,g05_sign_only,g05_full_reconstruction,0.5,16,global_sign_bce,42,primary,0.33536269760131837,0.33281589126586913,-0.0025468063354492365,0.0025468063354492365,60,57,0.9311238005161285,0.9258239250183106,ef00eac47b3c3f3f765c28104c6738829ec5a82feced4a808727071208a9d0ff,8216c99f4e8ae3415ce684735afa32eea8206e19f030a45b78717673fedb0c5c,True,Total selection includes global-sign loss only with observed G05 and nonzero global-sign weight.,positive means g05_full_reconstruction is better
36b558cd20008a7327a4d38992ee67cad6ef17e0621dd994265441fddb5aa397,total,validation_loss.total,g05_sign_only,g05_full_reconstruction,0.5,16,absolute_sign_accuracy,42,primary,0.8813999862670898,0.8843999938964844,0.0030000076293945632,0.0030000076293945632,60,57,0.9311238005161285,0.9258239250183106,ef00eac47b3c3f3f765c28104c6738829ec5a82feced4a808727071208a9d0ff,8216c99f4e8ae3415ce684735afa32eea8206e19f030a45b78717673fedb0c5c,True,Total selection includes global-sign loss only with observed G05 and nonzero global-sign weight.,positive means g05_full_reconstruction is better
36b558cd20008a7327a4d38992ee67cad6ef17e0621dd994265441fddb5aa397,total,validation_loss.total,g05_sign_only,g05_full_reconstruction,0.5,16,absolute_sign_set_accuracy,42,primary,0.839,0.841,0.0020000000000000018,0.0020000000000000018,60,57,0.9311238005161285,0.9258239250183106,ef00eac47b3c3f3f765c28104c6738829ec5a82feced4a808727071208a9d0ff,8216c99f4e8ae3415ce684735afa32eea8206e19f030a45b78717673fedb0c5c,True,Total selection includes global-sign loss only with observed G05 and nonzero global-sign weight.,positive means g05_full_reconstruction is better
36b558cd20008a7327a4d38992ee67cad6ef17e0621dd994265441fddb5aa397,total,validation_loss.total,g05_sign_only,g05_full_reconstruction,0.5,16,charge_mae,42,primary,0.28868732452392576,0.2823509178161621,-0.006336406707763642,0.006336406707763642,60,57,0.9311238005161285,0.9258239250183106,ef00eac47b3c3f3f765c28104c6738829ec5a82feced4a808727071208a9d0ff,8216c99f4e8ae3415ce684735afa32eea8206e19f030a45b78717673fedb0c5c,True,Total selection includes global-sign loss only with observed G05 and nonzero global-sign weight.,positive means g05_full_reconstruction is better
36b558cd20008a7327a4d38992ee67cad6ef17e0621dd994265441fddb5aa397,total,validation_loss.total,g05_sign_only,g05_full_reconstruction,0.5,16,global_invariant_charge_mae,42,primary,0.19844058418273927,0.19303672218322754,-0.005403861999511733,0.005403861999511733,60,57,0.9311238005161285,0.9258239250183106,ef00eac47b3c3f3f765c28104c6738829ec5a82feced4a808727071208a9d0ff,8216c99f4e8ae3415ce684735afa32eea8206e19f030a45b78717673fedb0c5c,True,Total selection includes global-sign loss only with observed G05 and nonzero global-sign weight.,positive means g05_full_reconstruction is better
36b558cd20008a7327a4d38992ee67cad6ef17e0621dd994265441fddb5aa397,total,validation_loss.total,g05_sign_only,g05_full_reconstruction,0.75,24,position_mae_x,42,primary,0.44803725814819334,0.4452766799926758,-0.002760578155517557,0.002760578155517557,60,56,0.9247427413463593,0.9139449951648713,050d313183b800aabc36726c722e9239aae113d48337682d75d36c4eacf707a5,47fedd9b99d76b18dc0374acad25044ff65f0ddcbae9cfc9dbee40b3f7e5c757,True,Total selection includes global-sign loss only with observed G05 and nonzero global-sign weight.,positive means g05_full_reconstruction is better
36b558cd20008a7327a4d38992ee67cad6ef17e0621dd994265441fddb5aa397,total,validation_loss.total,g05_sign_only,g05_full_reconstruction,0.75,24,position_mae_y,42,primary,0.4037366065979004,0.40013841247558596,-0.0035981941223144354,0.0035981941223144354,60,56,0.9247427413463593,0.9139449951648713,050d313183b800aabc36726c722e9239aae113d48337682d75d36c4eacf707a5,47fedd9b99d76b18dc0374acad25044ff65f0ddcbae9cfc9dbee40b3f7e5c757,True,Total selection includes global-sign loss only with observed G05 and nonzero global-sign weight.,positive means g05_full_reconstruction is better
36b558cd20008a7327a4d38992ee67cad6ef17e0621dd994265441fddb5aa397,total,validation_loss.total,g05_sign_only,g05_full_reconstruction,0.75,24,position_mae_z,42,primary,0.21615335273742675,0.21543565559387207,-0.0007176971435546853,0.0007176971435546853,60,56,0.9247427413463593,0.9139449951648713,050d313183b800aabc36726c722e9239aae113d48337682d75d36c4eacf707a5,47fedd9b99d76b18dc0374acad25044ff65f0ddcbae9cfc9dbee40b3f7e5c757,True,Total selection includes global-sign loss only with observed G05 and nonzero global-sign weight.,positive means g05_full_reconstruction is better
36b558cd20008a7327a4d38992ee67cad6ef17e0621dd994265441fddb5aa397,total,validation_loss.total,g05_sign_only,g05_full_reconstruction,0.75,24,mean_position_mae,42,primary,0.3559757423400879,0.3536169204711914,-0.0023588218688964657,0.0023588218688964657,60,56,0.9247427413463593,0.9139449951648713,050d313183b800aabc36726c722e9239aae113d48337682d75d36c4eacf707a5,47fedd9b99d76b18dc0374acad25044ff65f0ddcbae9cfc9dbee40b3f7e5c757,True,Total selection includes global-sign loss only with observed G05 and nonzero global-sign weight.,positive means g05_full_reconstruction is better
36b558cd20008a7327a4d38992ee67cad6ef17e0621dd994265441fddb5aa397,total,validation_loss.total,g05_sign_only,g05_full_reconstruction,0.75,24,mean_position_3d_error,42,primary,0.7244293975830078,0.7222442703247071,-0.0021851272583007786,0.0021851272583007786,60,56,0.9247427413463593,0.9139449951648713,050d313183b800aabc36726c722e9239aae113d48337682d75d36c4eacf707a5,47fedd9b99d76b18dc0374acad25044ff65f0ddcbae9cfc9dbee40b3f7e5c757,True,Total selection includes global-sign loss only with observed G05 and nonzero global-sign weight.,positive means g05_full_reconstruction is better
36b558cd20008a7327a4d38992ee67cad6ef17e0621dd994265441fddb5aa397,total,validation_loss.total,g05_sign_only,g05_full_reconstruction,0.75,24,charge_magnitude_mae,42,primary,0.15898451232910157,0.15609859275817872,-0.0028859195709228513,0.0028859195709228513,60,56,0.9247427413463593,0.9139449951648713,050d313183b800aabc36726c722e9239aae113d48337682d75d36c4eacf707a5,47fedd9b99d76b18dc0374acad25044ff65f0ddcbae9cfc9dbee40b3f7e5c757,True,Total selection includes global-sign loss only with observed G05 and nonzero global-sign weight.,positive means g05_full_reconstruction is better
36b558cd20008a7327a4d38992ee67cad6ef17e0621dd994265441fddb5aa397,total,validation_loss.total,g05_sign_only,g05_full_reconstruction,0.75,24,relative_sign_accuracy,42,primary,0.9575999984741211,0.9515999908447266,-0.006000007629394566,-0.006000007629394566,60,56,0.9247427413463593,0.9139449951648713,050d313183b800aabc36726c722e9239aae113d48337682d75d36c4eacf707a5,47fedd9b99d76b18dc0374acad25044ff65f0ddcbae9cfc9dbee40b3f7e5c757,True,Total selection includes global-sign loss only with observed G05 and nonzero global-sign weight.,positive means g05_full_reconstruction is better
36b558cd20008a7327a4d38992ee67cad6ef17e0621dd994265441fddb5aa397,total,validation_loss.total,g05_sign_only,g05_full_reconstruction,0.75,24,relative_configuration_accuracy,42,primary,0.906,0.896,-0.010000000000000009,-0.010000000000000009,60,56,0.9247427413463593,0.9139449951648713,050d313183b800aabc36726c722e9239aae113d48337682d75d36c4eacf707a5,47fedd9b99d76b18dc0374acad25044ff65f0ddcbae9cfc9dbee40b3f7e5c757,True,Total selection includes global-sign loss only with observed G05 and nonzero global-sign weight.,positive means g05_full_reconstruction is better
36b558cd20008a7327a4d38992ee67cad6ef17e0621dd994265441fddb5aa397,total,validation_loss.total,g05_sign_only,g05_full_reconstruction,0.75,24,pairwise_relative_sign_accuracy,42,primary,0.9459999923706055,0.9409999847412109,-0.005000007629394565,-0.005000007629394565,60,56,0.9247427413463593,0.9139449951648713,050d313183b800aabc36726c722e9239aae113d48337682d75d36c4eacf707a5,47fedd9b99d76b18dc0374acad25044ff65f0ddcbae9cfc9dbee40b3f7e5c757,True,Total selection includes global-sign loss only with observed G05 and nonzero global-sign weight.,positive means g05_full_reconstruction is better
36b558cd20008a7327a4d38992ee67cad6ef17e0621dd994265441fddb5aa397,total,validation_loss.total,g05_sign_only,g05_full_reconstruction,0.75,24,global_sign_accuracy,42,primary,0.865,0.862,-0.0030000000000000027,-0.0030000000000000027,60,56,0.9247427413463593,0.9139449951648713,050d313183b800aabc36726c722e9239aae113d48337682d75d36c4eacf707a5,47fedd9b99d76b18dc0374acad25044ff65f0ddcbae9cfc9dbee40b3f7e5c757,True,Total selection includes global-sign loss only with observed G05 and nonzero global-sign weight.,positive means g05_full_reconstruction is better
36b558cd20008a7327a4d38992ee67cad6ef17e0621dd994265441fddb5aa397,total,validation_loss.total,g05_sign_only,g05_full_reconstruction,0.75,24,global_sign_bce,42,primary,0.33678221130371094,0.3382177925109863,0.0014355812072753826,-0.0014355812072753826,60,56,0.9247427413463593,0.9139449951648713,050d313183b800aabc36726c722e9239aae113d48337682d75d36c4eacf707a5,47fedd9b99d76b18dc0374acad25044ff65f0ddcbae9cfc9dbee40b3f7e5c757,True,Total selection includes global-sign loss only with observed G05 and nonzero global-sign weight.,positive means g05_full_reconstruction is better
36b558cd20008a7327a4d38992ee67cad6ef17e0621dd994265441fddb5aa397,total,validation_loss.total,g05_sign_only,g05_full_reconstruction,0.75,24,absolute_sign_accuracy,42,primary,0.8801999969482421,0.872,-0.008199996948242139,-0.008199996948242139,60,56,0.9247427413463593,0.9139449951648713,050d313183b800aabc36726c722e9239aae113d48337682d75d36c4eacf707a5,47fedd9b99d76b18dc0374acad25044ff65f0ddcbae9cfc9dbee40b3f7e5c757,True,Total selection includes global-sign loss only with observed G05 and nonzero global-sign weight.,positive means g05_full_reconstruction is better
36b558cd20008a7327a4d38992ee67cad6ef17e0621dd994265441fddb5aa397,total,validation_loss.total,g05_sign_only,g05_full_reconstruction,0.75,24,absolute_sign_set_accuracy,42,primary,0.838,0.824,-0.014000000000000012,-0.014000000000000012,60,56,0.9247427413463593,0.9139449951648713,050d313183b800aabc36726c722e9239aae113d48337682d75d36c4eacf707a5,47fedd9b99d76b18dc0374acad25044ff65f0ddcbae9cfc9dbee40b3f7e5c757,True,Total selection includes global-sign loss only with observed G05 and nonzero global-sign weight.,positive means g05_full_reconstruction is better
36b558cd20008a7327a4d38992ee67cad6ef17e0621dd994265441fddb5aa397,total,validation_loss.total,g05_sign_only,g05_full_reconstruction,0.75,24,charge_mae,42,primary,0.28981918907165527,0.29971609115600584,0.009896902084350567,-0.009896902084350567,60,56,0.9247427413463593,0.9139449951648713,050d313183b800aabc36726c722e9239aae113d48337682d75d36c4eacf707a5,47fedd9b99d76b18dc0374acad25044ff65f0ddcbae9cfc9dbee40b3f7e5c757,True,Total selection includes global-sign loss only with observed G05 and nonzero global-sign weight.,positive means g05_full_reconstruction is better
36b558cd20008a7327a4d38992ee67cad6ef17e0621dd994265441fddb5aa397,total,validation_loss.total,g05_sign_only,g05_full_reconstruction,0.75,24,global_invariant_charge_mae,42,primary,0.19844058418273927,0.19741980934143066,-0.0010207748413086082,0.0010207748413086082,60,56,0.9247427413463593,0.9139449951648713,050d313183b800aabc36726c722e9239aae113d48337682d75d36c4eacf707a5,47fedd9b99d76b18dc0374acad25044ff65f0ddcbae9cfc9dbee40b3f7e5c757,True,Total selection includes global-sign loss only with observed G05 and nonzero global-sign weight.,positive means g05_full_reconstruction is better
36b558cd20008a7327a4d38992ee67cad6ef17e0621dd994265441fddb5aa397,total,validation_loss.total,g05_sign_only,g05_full_reconstruction,1.0,32,position_mae_x,42,primary,0.44803725814819334,0.4466941719055176,-0.0013430862426757617,0.0013430862426757617,60,44,0.9238459572792053,0.920910546541214,d864eda7962b52039a2c88485a0d11963cc6db6d9fb413deac8e5c421ce29255,2d332d1730d1abd7bde16e114d2edaaaf278a28a783e7ee59b5fdef1e8d92d7e,True,Total selection includes global-sign loss only with observed G05 and nonzero global-sign weight.,positive means g05_full_reconstruction is better
36b558cd20008a7327a4d38992ee67cad6ef17e0621dd994265441fddb5aa397,total,validation_loss.total,g05_sign_only,g05_full_reconstruction,1.0,32,position_mae_y,42,primary,0.4037366065979004,0.4022052116394043,-0.0015313949584960795,0.0015313949584960795,60,44,0.9238459572792053,0.920910546541214,d864eda7962b52039a2c88485a0d11963cc6db6d9fb413deac8e5c421ce29255,2d332d1730d1abd7bde16e114d2edaaaf278a28a783e7ee59b5fdef1e8d92d7e,True,Total selection includes global-sign loss only with observed G05 and nonzero global-sign weight.,positive means g05_full_reconstruction is better
36b558cd20008a7327a4d38992ee67cad6ef17e0621dd994265441fddb5aa397,total,validation_loss.total,g05_sign_only,g05_full_reconstruction,1.0,32,position_mae_z,42,primary,0.21615335273742675,0.21857222366333007,0.002418870925903316,-0.002418870925903316,60,44,0.9238459572792053,0.920910546541214,d864eda7962b52039a2c88485a0d11963cc6db6d9fb413deac8e5c421ce29255,2d332d1730d1abd7bde16e114d2edaaaf278a28a783e7ee59b5fdef1e8d92d7e,True,Total selection includes global-sign loss only with observed G05 and nonzero global-sign weight.,positive means g05_full_reconstruction is better
36b558cd20008a7327a4d38992ee67cad6ef17e0621dd994265441fddb5aa397,total,validation_loss.total,g05_sign_only,g05_full_reconstruction,1.0,32,mean_position_mae,42,primary,0.3559757423400879,0.35582388305664064,-0.0001518592834472421,0.0001518592834472421,60,44,0.9238459572792053,0.920910546541214,d864eda7962b52039a2c88485a0d11963cc6db6d9fb413deac8e5c421ce29255,2d332d1730d1abd7bde16e114d2edaaaf278a28a783e7ee59b5fdef1e8d92d7e,True,Total selection includes global-sign loss only with observed G05 and nonzero global-sign weight.,positive means g05_full_reconstruction is better
36b558cd20008a7327a4d38992ee67cad6ef17e0621dd994265441fddb5aa397,total,validation_loss.total,g05_sign_only,g05_full_reconstruction,1.0,32,mean_position_3d_error,42,primary,0.7244293975830078,0.724871826171875,0.00044242858886711645,-0.00044242858886711645,60,44,0.9238459572792053,0.920910546541214,d864eda7962b52039a2c88485a0d11963cc6db6d9fb413deac8e5c421ce29255,2d332d1730d1abd7bde16e114d2edaaaf278a28a783e7ee59b5fdef1e8d92d7e,True,Total selection includes global-sign loss only with observed G05 and nonzero global-sign weight.,positive means g05_full_reconstruction is better
36b558cd20008a7327a4d38992ee67cad6ef17e0621dd994265441fddb5aa397,total,validation_loss.total,g05_sign_only,g05_full_reconstruction,1.0,32,charge_magnitude_mae,42,primary,0.15898451232910157,0.15529492950439452,-0.0036895828247070495,0.0036895828247070495,60,44,0.9238459572792053,0.920910546541214,d864eda7962b52039a2c88485a0d11963cc6db6d9fb413deac8e5c421ce29255,2d332d1730d1abd7bde16e114d2edaaaf278a28a783e7ee59b5fdef1e8d92d7e,True,Total selection includes global-sign loss only with observed G05 and nonzero global-sign weight.,positive means g05_full_reconstruction is better
36b558cd20008a7327a4d38992ee67cad6ef17e0621dd994265441fddb5aa397,total,validation_loss.total,g05_sign_only,g05_full_reconstruction,1.0,32,relative_sign_accuracy,42,primary,0.9575999984741211,0.9567999954223633,-0.0008000030517578693,-0.0008000030517578693,60,44,0.9238459572792053,0.920910546541214,d864eda7962b52039a2c88485a0d11963cc6db6d9fb413deac8e5c421ce29255,2d332d1730d1abd7bde16e114d2edaaaf278a28a783e7ee59b5fdef1e8d92d7e,True,Total selection includes global-sign loss only with observed G05 and nonzero global-sign weight.,positive means g05_full_reconstruction is better
36b558cd20008a7327a4d38992ee67cad6ef17e0621dd994265441fddb5aa397,total,validation_loss.total,g05_sign_only,g05_full_reconstruction,1.0,32,relative_configuration_accuracy,42,primary,0.906,0.904,-0.0020000000000000018,-0.0020000000000000018,60,44,0.9238459572792053,0.920910546541214,d864eda7962b52039a2c88485a0d11963cc6db6d9fb413deac8e5c421ce29255,2d332d1730d1abd7bde16e114d2edaaaf278a28a783e7ee59b5fdef1e8d92d7e,True,Total selection includes global-sign loss only with observed G05 and nonzero global-sign weight.,positive means g05_full_reconstruction is better
36b558cd20008a7327a4d38992ee67cad6ef17e0621dd994265441fddb5aa397,total,validation_loss.total,g05_sign_only,g05_full_reconstruction,1.0,32,pairwise_relative_sign_accuracy,42,primary,0.9459999923706055,0.9448000030517578,-0.001199989318847683,-0.001199989318847683,60,44,0.9238459572792053,0.920910546541214,d864eda7962b52039a2c88485a0d11963cc6db6d9fb413deac8e5c421ce29255,2d332d1730d1abd7bde16e114d2edaaaf278a28a783e7ee59b5fdef1e8d92d7e,True,Total selection includes global-sign loss only with observed G05 and nonzero global-sign weight.,positive means g05_full_reconstruction is better
36b558cd20008a7327a4d38992ee67cad6ef17e0621dd994265441fddb5aa397,total,validation_loss.total,g05_sign_only,g05_full_reconstruction,1.0,32,global_sign_accuracy,42,primary,0.868,0.874,0.006000000000000005,0.006000000000000005,60,44,0.9238459572792053,0.920910546541214,d864eda7962b52039a2c88485a0d11963cc6db6d9fb413deac8e5c421ce29255,2d332d1730d1abd7bde16e114d2edaaaf278a28a783e7ee59b5fdef1e8d92d7e,True,Total selection includes global-sign loss only with observed G05 and nonzero global-sign weight.,positive means g05_full_reconstruction is better
36b558cd20008a7327a4d38992ee67cad6ef17e0621dd994265441fddb5aa397,total,validation_loss.total,g05_sign_only,g05_full_reconstruction,1.0,32,global_sign_bce,42,primary,0.3317624397277832,0.33175999450683596,-2.4452209472225483e-06,2.4452209472225483e-06,60,44,0.9238459572792053,0.920910546541214,d864eda7962b52039a2c88485a0d11963cc6db6d9fb413deac8e5c421ce29255,2d332d1730d1abd7bde16e114d2edaaaf278a28a783e7ee59b5fdef1e8d92d7e,True,Total selection includes global-sign loss only with observed G05 and nonzero global-sign weight.,positive means g05_full_reconstruction is better
36b558cd20008a7327a4d38992ee67cad6ef17e0621dd994265441fddb5aa397,total,validation_loss.total,g05_sign_only,g05_full_reconstruction,1.0,32,absolute_sign_accuracy,42,primary,0.8832000045776367,0.8892000045776367,0.006000000000000005,0.006000000000000005,60,44,0.9238459572792053,0.920910546541214,d864eda7962b52039a2c88485a0d11963cc6db6d9fb413deac8e5c421ce29255,2d332d1730d1abd7bde16e114d2edaaaf278a28a783e7ee59b5fdef1e8d92d7e,True,Total selection includes global-sign loss only with observed G05 and nonzero global-sign weight.,positive means g05_full_reconstruction is better
36b558cd20008a7327a4d38992ee67cad6ef17e0621dd994265441fddb5aa397,total,validation_loss.total,g05_sign_only,g05_full_reconstruction,1.0,32,absolute_sign_set_accuracy,42,primary,0.841,0.844,0.0030000000000000027,0.0030000000000000027,60,44,0.9238459572792053,0.920910546541214,d864eda7962b52039a2c88485a0d11963cc6db6d9fb413deac8e5c421ce29255,2d332d1730d1abd7bde16e114d2edaaaf278a28a783e7ee59b5fdef1e8d92d7e,True,Total selection includes global-sign loss only with observed G05 and nonzero global-sign weight.,positive means g05_full_reconstruction is better
36b558cd20008a7327a4d38992ee67cad6ef17e0621dd994265441fddb5aa397,total,validation_loss.total,g05_sign_only,g05_full_reconstruction,1.0,32,charge_mae,42,primary,0.28683325576782226,0.2759935073852539,-0.010839748382568348,0.010839748382568348,60,44,0.9238459572792053,0.920910546541214,d864eda7962b52039a2c88485a0d11963cc6db6d9fb413deac8e5c421ce29255,2d332d1730d1abd7bde16e114d2edaaaf278a28a783e7ee59b5fdef1e8d92d7e,True,Total selection includes global-sign loss only with observed G05 and nonzero global-sign weight.,positive means g05_full_reconstruction is better
36b558cd20008a7327a4d38992ee67cad6ef17e0621dd994265441fddb5aa397,total,validation_loss.total,g05_sign_only,g05_full_reconstruction,1.0,32,global_invariant_charge_mae,42,primary,0.19844058418273927,0.19443883514404298,-0.004001749038696295,0.004001749038696295,60,44,0.9238459572792053,0.920910546541214,d864eda7962b52039a2c88485a0d11963cc6db6d9fb413deac8e5c421ce29255,2d332d1730d1abd7bde16e114d2edaaaf278a28a783e7ee59b5fdef1e8d92d7e,True,Total selection includes global-sign loss only with observed G05 and nonzero global-sign weight.,positive means g05_full_reconstruction is better
