protocol_fingerprint,checkpoint_selection,selection_objective,model_a,model_b,g05_fraction,g05_count_per_sample,metric,seed,metric_role,value_a,value_b,delta_b_minus_a,improvement_b_over_a,selected_epoch_a,selected_epoch_b,selected_validation_loss_a,selected_validation_loss_b,run_fingerprint_a,run_fingerprint_b,global_sign_in_selection_objective,global_sign_metrics_note,improvement_definition
27eeeaa89d739d150417e05407607bf3d367f9affa302e8be822737fc6047e45,structure,validation_loss.structure,g05_sign_only,g05_full_reconstruction,0.0,0,position_mae_x,43,primary,0.4418797950744629,0.4418797950744629,0.0,-0.0,31,31,0.5999058632850647,0.5999058632850647,d02e35e47e020ba4242d7c1429680c6870633c378228300fa9ac1478754ba240,158085b2afb91b8e7db13fb375317de39254b445730c77a4df54843cb2bf7e5e,False,Global-sign and absolute-sign metrics are secondary diagnostics: structure selection does not optimize global-sign performance; training still uses the unchanged total loss.,positive means g05_full_reconstruction is better
27eeeaa89d739d150417e05407607bf3d367f9affa302e8be822737fc6047e45,structure,validation_loss.structure,g05_sign_only,g05_full_reconstruction,0.0,0,position_mae_y,43,primary,0.45999319076538087,0.45999319076538087,0.0,-0.0,31,31,0.5999058632850647,0.5999058632850647,d02e35e47e020ba4242d7c1429680c6870633c378228300fa9ac1478754ba240,158085b2afb91b8e7db13fb375317de39254b445730c77a4df54843cb2bf7e5e,False,Global-sign and absolute-sign metrics are secondary diagnostics: structure selection does not optimize global-sign performance; training still uses the unchanged total loss.,positive means g05_full_reconstruction is better
27eeeaa89d739d150417e05407607bf3d367f9affa302e8be822737fc6047e45,structure,validation_loss.structure,g05_sign_only,g05_full_reconstruction,0.0,0,position_mae_z,43,primary,0.22261006546020506,0.22261006546020506,0.0,-0.0,31,31,0.5999058632850647,0.5999058632850647,d02e35e47e020ba4242d7c1429680c6870633c378228300fa9ac1478754ba240,158085b2afb91b8e7db13fb375317de39254b445730c77a4df54843cb2bf7e5e,False,Global-sign and absolute-sign metrics are secondary diagnostics: structure selection does not optimize global-sign performance; training still uses the unchanged total loss.,positive means g05_full_reconstruction is better
27eeeaa89d739d150417e05407607bf3d367f9affa302e8be822737fc6047e45,structure,validation_loss.structure,g05_sign_only,g05_full_reconstruction,0.0,0,mean_position_mae,43,primary,0.3748277015686035,0.3748277015686035,0.0,-0.0,31,31,0.5999058632850647,0.5999058632850647,d02e35e47e020ba4242d7c1429680c6870633c378228300fa9ac1478754ba240,158085b2afb91b8e7db13fb375317de39254b445730c77a4df54843cb2bf7e5e,False,Global-sign and absolute-sign metrics are secondary diagnostics: structure selection does not optimize global-sign performance; training still uses the unchanged total loss.,positive means g05_full_reconstruction is better
27eeeaa89d739d150417e05407607bf3d367f9affa302e8be822737fc6047e45,structure,validation_loss.structure,g05_sign_only,g05_full_reconstruction,0.0,0,mean_position_3d_error,43,primary,0.7661625061035157,0.7661625061035157,0.0,-0.0,31,31,0.5999058632850647,0.5999058632850647,d02e35e47e020ba4242d7c1429680c6870633c378228300fa9ac1478754ba240,158085b2afb91b8e7db13fb375317de39254b445730c77a4df54843cb2bf7e5e,False,Global-sign and absolute-sign metrics are secondary diagnostics: structure selection does not optimize global-sign performance; training still uses the unchanged total loss.,positive means g05_full_reconstruction is better
27eeeaa89d739d150417e05407607bf3d367f9affa302e8be822737fc6047e45,structure,validation_loss.structure,g05_sign_only,g05_full_reconstruction,0.0,0,charge_magnitude_mae,43,primary,0.15873043632507325,0.15873043632507325,0.0,-0.0,31,31,0.5999058632850647,0.5999058632850647,d02e35e47e020ba4242d7c1429680c6870633c378228300fa9ac1478754ba240,158085b2afb91b8e7db13fb375317de39254b445730c77a4df54843cb2bf7e5e,False,Global-sign and absolute-sign metrics are secondary diagnostics: structure selection does not optimize global-sign performance; training still uses the unchanged total loss.,positive means g05_full_reconstruction is better
27eeeaa89d739d150417e05407607bf3d367f9affa302e8be822737fc6047e45,structure,validation_loss.structure,g05_sign_only,g05_full_reconstruction,0.0,0,relative_sign_accuracy,43,primary,0.9596000137329102,0.9596000137329102,0.0,0.0,31,31,0.5999058632850647,0.5999058632850647,d02e35e47e020ba4242d7c1429680c6870633c378228300fa9ac1478754ba240,158085b2afb91b8e7db13fb375317de39254b445730c77a4df54843cb2bf7e5e,False,Global-sign and absolute-sign metrics are secondary diagnostics: structure selection does not optimize global-sign performance; training still uses the unchanged total loss.,positive means g05_full_reconstruction is better
27eeeaa89d739d150417e05407607bf3d367f9affa302e8be822737fc6047e45,structure,validation_loss.structure,g05_sign_only,g05_full_reconstruction,0.0,0,relative_configuration_accuracy,43,primary,0.909,0.909,0.0,0.0,31,31,0.5999058632850647,0.5999058632850647,d02e35e47e020ba4242d7c1429680c6870633c378228300fa9ac1478754ba240,158085b2afb91b8e7db13fb375317de39254b445730c77a4df54843cb2bf7e5e,False,Global-sign and absolute-sign metrics are secondary diagnostics: structure selection does not optimize global-sign performance; training still uses the unchanged total loss.,positive means g05_full_reconstruction is better
27eeeaa89d739d150417e05407607bf3d367f9affa302e8be822737fc6047e45,structure,validation_loss.structure,g05_sign_only,g05_full_reconstruction,0.0,0,pairwise_relative_sign_accuracy,43,primary,0.9473999938964843,0.9473999938964843,0.0,0.0,31,31,0.5999058632850647,0.5999058632850647,d02e35e47e020ba4242d7c1429680c6870633c378228300fa9ac1478754ba240,158085b2afb91b8e7db13fb375317de39254b445730c77a4df54843cb2bf7e5e,False,Global-sign and absolute-sign metrics are secondary diagnostics: structure selection does not optimize global-sign performance; training still uses the unchanged total loss.,positive means g05_full_reconstruction is better
27eeeaa89d739d150417e05407607bf3d367f9affa302e8be822737fc6047e45,structure,validation_loss.structure,g05_sign_only,g05_full_reconstruction,0.0,0,global_sign_accuracy,43,secondary,,,,,31,31,0.5999058632850647,0.5999058632850647,d02e35e47e020ba4242d7c1429680c6870633c378228300fa9ac1478754ba240,158085b2afb91b8e7db13fb375317de39254b445730c77a4df54843cb2bf7e5e,False,Global-sign and absolute-sign metrics are secondary diagnostics: structure selection does not optimize global-sign performance; training still uses the unchanged total loss.,positive means g05_full_reconstruction is better
27eeeaa89d739d150417e05407607bf3d367f9affa302e8be822737fc6047e45,structure,validation_loss.structure,g05_sign_only,g05_full_reconstruction,0.0,0,global_sign_bce,43,secondary,,,,,31,31,0.5999058632850647,0.5999058632850647,d02e35e47e020ba4242d7c1429680c6870633c378228300fa9ac1478754ba240,158085b2afb91b8e7db13fb375317de39254b445730c77a4df54843cb2bf7e5e,False,Global-sign and absolute-sign metrics are secondary diagnostics: structure selection does not optimize global-sign performance; training still uses the unchanged total loss.,positive means g05_full_reconstruction is better
27eeeaa89d739d150417e05407607bf3d367f9affa302e8be822737fc6047e45,structure,validation_loss.structure,g05_sign_only,g05_full_reconstruction,0.0,0,absolute_sign_accuracy,43,secondary,,,,,31,31,0.5999058632850647,0.5999058632850647,d02e35e47e020ba4242d7c1429680c6870633c378228300fa9ac1478754ba240,158085b2afb91b8e7db13fb375317de39254b445730c77a4df54843cb2bf7e5e,False,Global-sign and absolute-sign metrics are secondary diagnostics: structure selection does not optimize global-sign performance; training still uses the unchanged total loss.,positive means g05_full_reconstruction is better
27eeeaa89d739d150417e05407607bf3d367f9affa302e8be822737fc6047e45,structure,validation_loss.structure,g05_sign_only,g05_full_reconstruction,0.0,0,absolute_sign_set_accuracy,43,secondary,,,,,31,31,0.5999058632850647,0.5999058632850647,d02e35e47e020ba4242d7c1429680c6870633c378228300fa9ac1478754ba240,158085b2afb91b8e7db13fb375317de39254b445730c77a4df54843cb2bf7e5e,False,Global-sign and absolute-sign metrics are secondary diagnostics: structure selection does not optimize global-sign performance; training still uses the unchanged total loss.,positive means g05_full_reconstruction is better
27eeeaa89d739d150417e05407607bf3d367f9affa302e8be822737fc6047e45,structure,validation_loss.structure,g05_sign_only,g05_full_reconstruction,0.0,0,charge_mae,43,secondary,0.19724883460998535,0.19724883460998535,0.0,-0.0,31,31,0.5999058632850647,0.5999058632850647,d02e35e47e020ba4242d7c1429680c6870633c378228300fa9ac1478754ba240,158085b2afb91b8e7db13fb375317de39254b445730c77a4df54843cb2bf7e5e,False,Global-sign and absolute-sign metrics are secondary diagnostics: structure selection does not optimize global-sign performance; training still uses the unchanged total loss.,positive means g05_full_reconstruction is better
27eeeaa89d739d150417e05407607bf3d367f9affa302e8be822737fc6047e45,structure,validation_loss.structure,g05_sign_only,g05_full_reconstruction,0.0,0,global_invariant_charge_mae,43,secondary,0.19724883460998535,0.19724883460998535,0.0,-0.0,31,31,0.5999058632850647,0.5999058632850647,d02e35e47e020ba4242d7c1429680c6870633c378228300fa9ac1478754ba240,158085b2afb91b8e7db13fb375317de39254b445730c77a4df54843cb2bf7e5e,False,Global-sign and absolute-sign metrics are secondary diagnostics: structure selection does not optimize global-sign performance; training still uses the unchanged total loss.,positive means g05_full_reconstruction is better
27eeeaa89d739d150417e05407607bf3d367f9affa302e8be822737fc6047e45,structure,validation_loss.structure,g05_sign_only,g05_full_reconstruction,0.1,3,position_mae_x,43,primary,0.4418797950744629,0.45175109481811526,0.009871299743652362,-0.009871299743652362,31,27,0.5999058632850647,0.5964744434356689,c5ad8eb2cde7d178ecdfe7ed63584322cf0b33ddf5bbc7db7699b15a930c7bf6,83c4fe9e3c8a8cecacc9e17e6457bf98e16d3566dcf39ad8dff478ac0a048322,False,Global-sign and absolute-sign metrics are secondary diagnostics: structure selection does not optimize global-sign performance; training still uses the unchanged total loss.,positive means g05_full_reconstruction is better
27eeeaa89d739d150417e05407607bf3d367f9affa302e8be822737fc6047e45,structure,validation_loss.structure,g05_sign_only,g05_full_reconstruction,0.1,3,position_mae_y,43,primary,0.45999319076538087,0.44481019592285154,-0.01518299484252933,0.01518299484252933,31,27,0.5999058632850647,0.5964744434356689,c5ad8eb2cde7d178ecdfe7ed63584322cf0b33ddf5bbc7db7699b15a930c7bf6,83c4fe9e3c8a8cecacc9e17e6457bf98e16d3566dcf39ad8dff478ac0a048322,False,Global-sign and absolute-sign metrics are secondary diagnostics: structure selection does not optimize global-sign performance; training still uses the unchanged total loss.,positive means g05_full_reconstruction is better
27eeeaa89d739d150417e05407607bf3d367f9affa302e8be822737fc6047e45,structure,validation_loss.structure,g05_sign_only,g05_full_reconstruction,0.1,3,position_mae_z,43,primary,0.22261006546020506,0.22720494842529296,0.004594882965087893,-0.004594882965087893,31,27,0.5999058632850647,0.5964744434356689,c5ad8eb2cde7d178ecdfe7ed63584322cf0b33ddf5bbc7db7699b15a930c7bf6,83c4fe9e3c8a8cecacc9e17e6457bf98e16d3566dcf39ad8dff478ac0a048322,False,Global-sign and absolute-sign metrics are secondary diagnostics: structure selection does not optimize global-sign performance; training still uses the unchanged total loss.,positive means g05_full_reconstruction is better
27eeeaa89d739d150417e05407607bf3d367f9affa302e8be822737fc6047e45,structure,validation_loss.structure,g05_sign_only,g05_full_reconstruction,0.1,3,mean_position_mae,43,primary,0.3748277015686035,0.37458877182006833,-0.00023892974853517712,0.00023892974853517712,31,27,0.5999058632850647,0.5964744434356689,c5ad8eb2cde7d178ecdfe7ed63584322cf0b33ddf5bbc7db7699b15a930c7bf6,83c4fe9e3c8a8cecacc9e17e6457bf98e16d3566dcf39ad8dff478ac0a048322,False,Global-sign and absolute-sign metrics are secondary diagnostics: structure selection does not optimize global-sign performance; training still uses the unchanged total loss.,positive means g05_full_reconstruction is better
27eeeaa89d739d150417e05407607bf3d367f9affa302e8be822737fc6047e45,structure,validation_loss.structure,g05_sign_only,g05_full_reconstruction,0.1,3,mean_position_3d_error,43,primary,0.7661625061035157,0.7648545761108398,-0.0013079299926758159,0.0013079299926758159,31,27,0.5999058632850647,0.5964744434356689,c5ad8eb2cde7d178ecdfe7ed63584322cf0b33ddf5bbc7db7699b15a930c7bf6,83c4fe9e3c8a8cecacc9e17e6457bf98e16d3566dcf39ad8dff478ac0a048322,False,Global-sign and absolute-sign metrics are secondary diagnostics: structure selection does not optimize global-sign performance; training still uses the unchanged total loss.,positive means g05_full_reconstruction is better
27eeeaa89d739d150417e05407607bf3d367f9affa302e8be822737fc6047e45,structure,validation_loss.structure,g05_sign_only,g05_full_reconstruction,0.1,3,charge_magnitude_mae,43,primary,0.15873043632507325,0.15770724487304688,-0.0010231914520263674,0.0010231914520263674,31,27,0.5999058632850647,0.5964744434356689,c5ad8eb2cde7d178ecdfe7ed63584322cf0b33ddf5bbc7db7699b15a930c7bf6,83c4fe9e3c8a8cecacc9e17e6457bf98e16d3566dcf39ad8dff478ac0a048322,False,Global-sign and absolute-sign metrics are secondary diagnostics: structure selection does not optimize global-sign performance; training still uses the unchanged total loss.,positive means g05_full_reconstruction is better
27eeeaa89d739d150417e05407607bf3d367f9affa302e8be822737fc6047e45,structure,validation_loss.structure,g05_sign_only,g05_full_reconstruction,0.1,3,relative_sign_accuracy,43,primary,0.9596000137329102,0.9628000030517578,0.0031999893188476847,0.0031999893188476847,31,27,0.5999058632850647,0.5964744434356689,c5ad8eb2cde7d178ecdfe7ed63584322cf0b33ddf5bbc7db7699b15a930c7bf6,83c4fe9e3c8a8cecacc9e17e6457bf98e16d3566dcf39ad8dff478ac0a048322,False,Global-sign and absolute-sign metrics are secondary diagnostics: structure selection does not optimize global-sign performance; training still uses the unchanged total loss.,positive means g05_full_reconstruction is better
27eeeaa89d739d150417e05407607bf3d367f9affa302e8be822737fc6047e45,structure,validation_loss.structure,g05_sign_only,g05_full_reconstruction,0.1,3,relative_configuration_accuracy,43,primary,0.909,0.917,0.008000000000000007,0.008000000000000007,31,27,0.5999058632850647,0.5964744434356689,c5ad8eb2cde7d178ecdfe7ed63584322cf0b33ddf5bbc7db7699b15a930c7bf6,83c4fe9e3c8a8cecacc9e17e6457bf98e16d3566dcf39ad8dff478ac0a048322,False,Global-sign and absolute-sign metrics are secondary diagnostics: structure selection does not optimize global-sign performance; training still uses the unchanged total loss.,positive means g05_full_reconstruction is better
27eeeaa89d739d150417e05407607bf3d367f9affa302e8be822737fc6047e45,structure,validation_loss.structure,g05_sign_only,g05_full_reconstruction,0.1,3,pairwise_relative_sign_accuracy,43,primary,0.9473999938964843,0.9521999893188476,0.004799995422363312,0.004799995422363312,31,27,0.5999058632850647,0.5964744434356689,c5ad8eb2cde7d178ecdfe7ed63584322cf0b33ddf5bbc7db7699b15a930c7bf6,83c4fe9e3c8a8cecacc9e17e6457bf98e16d3566dcf39ad8dff478ac0a048322,False,Global-sign and absolute-sign metrics are secondary diagnostics: structure selection does not optimize global-sign performance; training still uses the unchanged total loss.,positive means g05_full_reconstruction is better
27eeeaa89d739d150417e05407607bf3d367f9affa302e8be822737fc6047e45,structure,validation_loss.structure,g05_sign_only,g05_full_reconstruction,0.1,3,global_sign_accuracy,43,secondary,0.853,0.848,-0.0050000000000000044,-0.0050000000000000044,31,27,0.5999058632850647,0.5964744434356689,c5ad8eb2cde7d178ecdfe7ed63584322cf0b33ddf5bbc7db7699b15a930c7bf6,83c4fe9e3c8a8cecacc9e17e6457bf98e16d3566dcf39ad8dff478ac0a048322,False,Global-sign and absolute-sign metrics are secondary diagnostics: structure selection does not optimize global-sign performance; training still uses the unchanged total loss.,positive means g05_full_reconstruction is better
27eeeaa89d739d150417e05407607bf3d367f9affa302e8be822737fc6047e45,structure,validation_loss.structure,g05_sign_only,g05_full_reconstruction,0.1,3,global_sign_bce,43,secondary,0.36530050277709963,0.3679371490478516,0.002636646270751941,-0.002636646270751941,31,27,0.5999058632850647,0.5964744434356689,c5ad8eb2cde7d178ecdfe7ed63584322cf0b33ddf5bbc7db7699b15a930c7bf6,83c4fe9e3c8a8cecacc9e17e6457bf98e16d3566dcf39ad8dff478ac0a048322,False,Global-sign and absolute-sign metrics are secondary diagnostics: structure selection does not optimize global-sign performance; training still uses the unchanged total loss.,positive means g05_full_reconstruction is better
27eeeaa89d739d150417e05407607bf3d367f9affa302e8be822737fc6047e45,structure,validation_loss.structure,g05_sign_only,g05_full_reconstruction,0.1,3,absolute_sign_accuracy,43,secondary,0.8678000030517579,0.8652000045776367,-0.002599998474121179,-0.002599998474121179,31,27,0.5999058632850647,0.5964744434356689,c5ad8eb2cde7d178ecdfe7ed63584322cf0b33ddf5bbc7db7699b15a930c7bf6,83c4fe9e3c8a8cecacc9e17e6457bf98e16d3566dcf39ad8dff478ac0a048322,False,Global-sign and absolute-sign metrics are secondary diagnostics: structure selection does not optimize global-sign performance; training still uses the unchanged total loss.,positive means g05_full_reconstruction is better
27eeeaa89d739d150417e05407607bf3d367f9affa302e8be822737fc6047e45,structure,validation_loss.structure,g05_sign_only,g05_full_reconstruction,0.1,3,absolute_sign_set_accuracy,43,secondary,0.824,0.827,0.0030000000000000027,0.0030000000000000027,31,27,0.5999058632850647,0.5964744434356689,c5ad8eb2cde7d178ecdfe7ed63584322cf0b33ddf5bbc7db7699b15a930c7bf6,83c4fe9e3c8a8cecacc9e17e6457bf98e16d3566dcf39ad8dff478ac0a048322,False,Global-sign and absolute-sign metrics are secondary diagnostics: structure selection does not optimize global-sign performance; training still uses the unchanged total loss.,positive means g05_full_reconstruction is better
27eeeaa89d739d150417e05407607bf3d367f9affa302e8be822737fc6047e45,structure,validation_loss.structure,g05_sign_only,g05_full_reconstruction,0.1,3,charge_mae,43,secondary,0.3057953987121582,0.3081384162902832,0.002343017578124995,-0.002343017578124995,31,27,0.5999058632850647,0.5964744434356689,c5ad8eb2cde7d178ecdfe7ed63584322cf0b33ddf5bbc7db7699b15a930c7bf6,83c4fe9e3c8a8cecacc9e17e6457bf98e16d3566dcf39ad8dff478ac0a048322,False,Global-sign and absolute-sign metrics are secondary diagnostics: structure selection does not optimize global-sign performance; training still uses the unchanged total loss.,positive means g05_full_reconstruction is better
27eeeaa89d739d150417e05407607bf3d367f9affa302e8be822737fc6047e45,structure,validation_loss.structure,g05_sign_only,g05_full_reconstruction,0.1,3,global_invariant_charge_mae,43,secondary,0.19724883460998535,0.19312393188476562,-0.004124902725219731,0.004124902725219731,31,27,0.5999058632850647,0.5964744434356689,c5ad8eb2cde7d178ecdfe7ed63584322cf0b33ddf5bbc7db7699b15a930c7bf6,83c4fe9e3c8a8cecacc9e17e6457bf98e16d3566dcf39ad8dff478ac0a048322,False,Global-sign and absolute-sign metrics are secondary diagnostics: structure selection does not optimize global-sign performance; training still uses the unchanged total loss.,positive means g05_full_reconstruction is better
27eeeaa89d739d150417e05407607bf3d367f9affa302e8be822737fc6047e45,structure,validation_loss.structure,g05_sign_only,g05_full_reconstruction,0.25,8,position_mae_x,43,primary,0.4418797950744629,0.444386775970459,0.0025069808959961026,-0.0025069808959961026,31,33,0.5999058632850647,0.5974098076820373,b9e9775e1b4e99dcf33c46a472acc6a5069de1a66a37759a5a3d3fd1f77558d8,93931b2938c5f93a61df66c5de9c99150ba16cd794d7c7db76885b4e93db336b,False,Global-sign and absolute-sign metrics are secondary diagnostics: structure selection does not optimize global-sign performance; training still uses the unchanged total loss.,positive means g05_full_reconstruction is better
27eeeaa89d739d150417e05407607bf3d367f9affa302e8be822737fc6047e45,structure,validation_loss.structure,g05_sign_only,g05_full_reconstruction,0.25,8,position_mae_y,43,primary,0.45999319076538087,0.4544422607421875,-0.005550930023193346,0.005550930023193346,31,33,0.5999058632850647,0.5974098076820373,b9e9775e1b4e99dcf33c46a472acc6a5069de1a66a37759a5a3d3fd1f77558d8,93931b2938c5f93a61df66c5de9c99150ba16cd794d7c7db76885b4e93db336b,False,Global-sign and absolute-sign metrics are secondary diagnostics: structure selection does not optimize global-sign performance; training still uses the unchanged total loss.,positive means g05_full_reconstruction is better
27eeeaa89d739d150417e05407607bf3d367f9affa302e8be822737fc6047e45,structure,validation_loss.structure,g05_sign_only,g05_full_reconstruction,0.25,8,position_mae_z,43,primary,0.22261006546020506,0.2215600070953369,-0.001050058364868156,0.001050058364868156,31,33,0.5999058632850647,0.5974098076820373,b9e9775e1b4e99dcf33c46a472acc6a5069de1a66a37759a5a3d3fd1f77558d8,93931b2938c5f93a61df66c5de9c99150ba16cd794d7c7db76885b4e93db336b,False,Global-sign and absolute-sign metrics are secondary diagnostics: structure selection does not optimize global-sign performance; training still uses the unchanged total loss.,positive means g05_full_reconstruction is better
27eeeaa89d739d150417e05407607bf3d367f9affa302e8be822737fc6047e45,structure,validation_loss.structure,g05_sign_only,g05_full_reconstruction,0.25,8,mean_position_mae,43,primary,0.3748277015686035,0.3734630241394043,-0.0013646774291992125,0.0013646774291992125,31,33,0.5999058632850647,0.5974098076820373,b9e9775e1b4e99dcf33c46a472acc6a5069de1a66a37759a5a3d3fd1f77558d8,93931b2938c5f93a61df66c5de9c99150ba16cd794d7c7db76885b4e93db336b,False,Global-sign and absolute-sign metrics are secondary diagnostics: structure selection does not optimize global-sign performance; training still uses the unchanged total loss.,positive means g05_full_reconstruction is better
27eeeaa89d739d150417e05407607bf3d367f9affa302e8be822737fc6047e45,structure,validation_loss.structure,g05_sign_only,g05_full_reconstruction,0.25,8,mean_position_3d_error,43,primary,0.7661625061035157,0.7628705673217774,-0.0032919387817382795,0.0032919387817382795,31,33,0.5999058632850647,0.5974098076820373,b9e9775e1b4e99dcf33c46a472acc6a5069de1a66a37759a5a3d3fd1f77558d8,93931b2938c5f93a61df66c5de9c99150ba16cd794d7c7db76885b4e93db336b,False,Global-sign and absolute-sign metrics are secondary diagnostics: structure selection does not optimize global-sign performance; training still uses the unchanged total loss.,positive means g05_full_reconstruction is better
27eeeaa89d739d150417e05407607bf3d367f9affa302e8be822737fc6047e45,structure,validation_loss.structure,g05_sign_only,g05_full_reconstruction,0.25,8,charge_magnitude_mae,43,primary,0.15873043632507325,0.15586507225036622,-0.0028653640747070275,0.0028653640747070275,31,33,0.5999058632850647,0.5974098076820373,b9e9775e1b4e99dcf33c46a472acc6a5069de1a66a37759a5a3d3fd1f77558d8,93931b2938c5f93a61df66c5de9c99150ba16cd794d7c7db76885b4e93db336b,False,Global-sign and absolute-sign metrics are secondary diagnostics: structure selection does not optimize global-sign performance; training still uses the unchanged total loss.,positive means g05_full_reconstruction is better
27eeeaa89d739d150417e05407607bf3d367f9affa302e8be822737fc6047e45,structure,validation_loss.structure,g05_sign_only,g05_full_reconstruction,0.25,8,relative_sign_accuracy,43,primary,0.9596000137329102,0.96,0.00039998626708981355,0.00039998626708981355,31,33,0.5999058632850647,0.5974098076820373,b9e9775e1b4e99dcf33c46a472acc6a5069de1a66a37759a5a3d3fd1f77558d8,93931b2938c5f93a61df66c5de9c99150ba16cd794d7c7db76885b4e93db336b,False,Global-sign and absolute-sign metrics are secondary diagnostics: structure selection does not optimize global-sign performance; training still uses the unchanged total loss.,positive means g05_full_reconstruction is better
27eeeaa89d739d150417e05407607bf3d367f9affa302e8be822737fc6047e45,structure,validation_loss.structure,g05_sign_only,g05_full_reconstruction,0.25,8,relative_configuration_accuracy,43,primary,0.909,0.909,0.0,0.0,31,33,0.5999058632850647,0.5974098076820373,b9e9775e1b4e99dcf33c46a472acc6a5069de1a66a37759a5a3d3fd1f77558d8,93931b2938c5f93a61df66c5de9c99150ba16cd794d7c7db76885b4e93db336b,False,Global-sign and absolute-sign metrics are secondary diagnostics: structure selection does not optimize global-sign performance; training still uses the unchanged total loss.,positive means g05_full_reconstruction is better
27eeeaa89d739d150417e05407607bf3d367f9affa302e8be822737fc6047e45,structure,validation_loss.structure,g05_sign_only,g05_full_reconstruction,0.25,8,pairwise_relative_sign_accuracy,43,primary,0.9473999938964843,0.9471999969482422,-0.00019999694824213154,-0.00019999694824213154,31,33,0.5999058632850647,0.5974098076820373,b9e9775e1b4e99dcf33c46a472acc6a5069de1a66a37759a5a3d3fd1f77558d8,93931b2938c5f93a61df66c5de9c99150ba16cd794d7c7db76885b4e93db336b,False,Global-sign and absolute-sign metrics are secondary diagnostics: structure selection does not optimize global-sign performance; training still uses the unchanged total loss.,positive means g05_full_reconstruction is better
27eeeaa89d739d150417e05407607bf3d367f9affa302e8be822737fc6047e45,structure,validation_loss.structure,g05_sign_only,g05_full_reconstruction,0.25,8,global_sign_accuracy,43,secondary,0.864,0.87,0.006000000000000005,0.006000000000000005,31,33,0.5999058632850647,0.5974098076820373,b9e9775e1b4e99dcf33c46a472acc6a5069de1a66a37759a5a3d3fd1f77558d8,93931b2938c5f93a61df66c5de9c99150ba16cd794d7c7db76885b4e93db336b,False,Global-sign and absolute-sign metrics are secondary diagnostics: structure selection does not optimize global-sign performance; training still uses the unchanged total loss.,positive means g05_full_reconstruction is better
27eeeaa89d739d150417e05407607bf3d367f9affa302e8be822737fc6047e45,structure,validation_loss.structure,g05_sign_only,g05_full_reconstruction,0.25,8,global_sign_bce,43,secondary,0.3517534828186035,0.3496052207946777,-0.0021482620239258177,0.0021482620239258177,31,33,0.5999058632850647,0.5974098076820373,b9e9775e1b4e99dcf33c46a472acc6a5069de1a66a37759a5a3d3fd1f77558d8,93931b2938c5f93a61df66c5de9c99150ba16cd794d7c7db76885b4e93db336b,False,Global-sign and absolute-sign metrics are secondary diagnostics: structure selection does not optimize global-sign performance; training still uses the unchanged total loss.,positive means g05_full_reconstruction is better
27eeeaa89d739d150417e05407607bf3d367f9affa302e8be822737fc6047e45,structure,validation_loss.structure,g05_sign_only,g05_full_reconstruction,0.25,8,absolute_sign_accuracy,43,secondary,0.8804000015258789,0.8852000045776367,0.004800003051757762,0.004800003051757762,31,33,0.5999058632850647,0.5974098076820373,b9e9775e1b4e99dcf33c46a472acc6a5069de1a66a37759a5a3d3fd1f77558d8,93931b2938c5f93a61df66c5de9c99150ba16cd794d7c7db76885b4e93db336b,False,Global-sign and absolute-sign metrics are secondary diagnostics: structure selection does not optimize global-sign performance; training still uses the unchanged total loss.,positive means g05_full_reconstruction is better
27eeeaa89d739d150417e05407607bf3d367f9affa302e8be822737fc6047e45,structure,validation_loss.structure,g05_sign_only,g05_full_reconstruction,0.25,8,absolute_sign_set_accuracy,43,secondary,0.837,0.842,0.0050000000000000044,0.0050000000000000044,31,33,0.5999058632850647,0.5974098076820373,b9e9775e1b4e99dcf33c46a472acc6a5069de1a66a37759a5a3d3fd1f77558d8,93931b2938c5f93a61df66c5de9c99150ba16cd794d7c7db76885b4e93db336b,False,Global-sign and absolute-sign metrics are secondary diagnostics: structure selection does not optimize global-sign performance; training still uses the unchanged total loss.,positive means g05_full_reconstruction is better
27eeeaa89d739d150417e05407607bf3d367f9affa302e8be822737fc6047e45,structure,validation_loss.structure,g05_sign_only,g05_full_reconstruction,0.25,8,charge_mae,43,secondary,0.2910685920715332,0.2826988143920898,-0.008369777679443358,0.008369777679443358,31,33,0.5999058632850647,0.5974098076820373,b9e9775e1b4e99dcf33c46a472acc6a5069de1a66a37759a5a3d3fd1f77558d8,93931b2938c5f93a61df66c5de9c99150ba16cd794d7c7db76885b4e93db336b,False,Global-sign and absolute-sign metrics are secondary diagnostics: structure selection does not optimize global-sign performance; training still uses the unchanged total loss.,positive means g05_full_reconstruction is better
27eeeaa89d739d150417e05407607bf3d367f9affa302e8be822737fc6047e45,structure,validation_loss.structure,g05_sign_only,g05_full_reconstruction,0.25,8,global_invariant_charge_mae,43,secondary,0.19724883460998535,0.19522592735290528,-0.00202290725708007,0.00202290725708007,31,33,0.5999058632850647,0.5974098076820373,b9e9775e1b4e99dcf33c46a472acc6a5069de1a66a37759a5a3d3fd1f77558d8,93931b2938c5f93a61df66c5de9c99150ba16cd794d7c7db76885b4e93db336b,False,Global-sign and absolute-sign metrics are secondary diagnostics: structure selection does not optimize global-sign performance; training still uses the unchanged total loss.,positive means g05_full_reconstruction is better
27eeeaa89d739d150417e05407607bf3d367f9affa302e8be822737fc6047e45,structure,validation_loss.structure,g05_sign_only,g05_full_reconstruction,0.5,16,position_mae_x,43,primary,0.4418797950744629,0.44515294647216797,0.0032731513977050652,-0.0032731513977050652,31,33,0.5999058632850647,0.5948610897064209,7f3c637fd64ae794202989f993bb22d1a486a6d94af2ef6a46ac1abf764fc7c8,e82b62d31462a2e6e82b69a9f780155e1fcd32943c79e86658a6a2d88fefc7c3,False,Global-sign and absolute-sign metrics are secondary diagnostics: structure selection does not optimize global-sign performance; training still uses the unchanged total loss.,positive means g05_full_reconstruction is better
27eeeaa89d739d150417e05407607bf3d367f9affa302e8be822737fc6047e45,structure,validation_loss.structure,g05_sign_only,g05_full_reconstruction,0.5,16,position_mae_y,43,primary,0.45999319076538087,0.45429349899291993,-0.005699691772460935,0.005699691772460935,31,33,0.5999058632850647,0.5948610897064209,7f3c637fd64ae794202989f993bb22d1a486a6d94af2ef6a46ac1abf764fc7c8,e82b62d31462a2e6e82b69a9f780155e1fcd32943c79e86658a6a2d88fefc7c3,False,Global-sign and absolute-sign metrics are secondary diagnostics: structure selection does not optimize global-sign performance; training still uses the unchanged total loss.,positive means g05_full_reconstruction is better
27eeeaa89d739d150417e05407607bf3d367f9affa302e8be822737fc6047e45,structure,validation_loss.structure,g05_sign_only,g05_full_reconstruction,0.5,16,position_mae_z,43,primary,0.22261006546020506,0.2214264850616455,-0.0011835803985595639,0.0011835803985595639,31,33,0.5999058632850647,0.5948610897064209,7f3c637fd64ae794202989f993bb22d1a486a6d94af2ef6a46ac1abf764fc7c8,e82b62d31462a2e6e82b69a9f780155e1fcd32943c79e86658a6a2d88fefc7c3,False,Global-sign and absolute-sign metrics are secondary diagnostics: structure selection does not optimize global-sign performance; training still uses the unchanged total loss.,positive means g05_full_reconstruction is better
27eeeaa89d739d150417e05407607bf3d367f9affa302e8be822737fc6047e45,structure,validation_loss.structure,g05_sign_only,g05_full_reconstruction,0.5,16,mean_position_mae,43,primary,0.3748277015686035,0.3736243209838867,-0.0012033805847168066,0.0012033805847168066,31,33,0.5999058632850647,0.5948610897064209,7f3c637fd64ae794202989f993bb22d1a486a6d94af2ef6a46ac1abf764fc7c8,e82b62d31462a2e6e82b69a9f780155e1fcd32943c79e86658a6a2d88fefc7c3,False,Global-sign and absolute-sign metrics are secondary diagnostics: structure selection does not optimize global-sign performance; training still uses the unchanged total loss.,positive means g05_full_reconstruction is better
27eeeaa89d739d150417e05407607bf3d367f9affa302e8be822737fc6047e45,structure,validation_loss.structure,g05_sign_only,g05_full_reconstruction,0.5,16,mean_position_3d_error,43,primary,0.7661625061035157,0.7612381362915039,-0.00492436981201172,0.00492436981201172,31,33,0.5999058632850647,0.5948610897064209,7f3c637fd64ae794202989f993bb22d1a486a6d94af2ef6a46ac1abf764fc7c8,e82b62d31462a2e6e82b69a9f780155e1fcd32943c79e86658a6a2d88fefc7c3,False,Global-sign and absolute-sign metrics are secondary diagnostics: structure selection does not optimize global-sign performance; training still uses the unchanged total loss.,positive means g05_full_reconstruction is better
27eeeaa89d739d150417e05407607bf3d367f9affa302e8be822737fc6047e45,structure,validation_loss.structure,g05_sign_only,g05_full_reconstruction,0.5,16,charge_magnitude_mae,43,primary,0.15873043632507325,0.15664954566955566,-0.0020808906555175866,0.0020808906555175866,31,33,0.5999058632850647,0.5948610897064209,7f3c637fd64ae794202989f993bb22d1a486a6d94af2ef6a46ac1abf764fc7c8,e82b62d31462a2e6e82b69a9f780155e1fcd32943c79e86658a6a2d88fefc7c3,False,Global-sign and absolute-sign metrics are secondary diagnostics: structure selection does not optimize global-sign performance; training still uses the unchanged total loss.,positive means g05_full_reconstruction is better
27eeeaa89d739d150417e05407607bf3d367f9affa302e8be822737fc6047e45,structure,validation_loss.structure,g05_sign_only,g05_full_reconstruction,0.5,16,relative_sign_accuracy,43,primary,0.9596000137329102,0.9583999938964843,-0.0012000198364258141,-0.0012000198364258141,31,33,0.5999058632850647,0.5948610897064209,7f3c637fd64ae794202989f993bb22d1a486a6d94af2ef6a46ac1abf764fc7c8,e82b62d31462a2e6e82b69a9f780155e1fcd32943c79e86658a6a2d88fefc7c3,False,Global-sign and absolute-sign metrics are secondary diagnostics: structure selection does not optimize global-sign performance; training still uses the unchanged total loss.,positive means g05_full_reconstruction is better
27eeeaa89d739d150417e05407607bf3d367f9affa302e8be822737fc6047e45,structure,validation_loss.structure,g05_sign_only,g05_full_reconstruction,0.5,16,relative_configuration_accuracy,43,primary,0.909,0.908,-0.0010000000000000009,-0.0010000000000000009,31,33,0.5999058632850647,0.5948610897064209,7f3c637fd64ae794202989f993bb22d1a486a6d94af2ef6a46ac1abf764fc7c8,e82b62d31462a2e6e82b69a9f780155e1fcd32943c79e86658a6a2d88fefc7c3,False,Global-sign and absolute-sign metrics are secondary diagnostics: structure selection does not optimize global-sign performance; training still uses the unchanged total loss.,positive means g05_full_reconstruction is better
27eeeaa89d739d150417e05407607bf3d367f9affa302e8be822737fc6047e45,structure,validation_loss.structure,g05_sign_only,g05_full_reconstruction,0.5,16,pairwise_relative_sign_accuracy,43,primary,0.9473999938964843,0.9472000122070312,-0.00019998168945312145,-0.00019998168945312145,31,33,0.5999058632850647,0.5948610897064209,7f3c637fd64ae794202989f993bb22d1a486a6d94af2ef6a46ac1abf764fc7c8,e82b62d31462a2e6e82b69a9f780155e1fcd32943c79e86658a6a2d88fefc7c3,False,Global-sign and absolute-sign metrics are secondary diagnostics: structure selection does not optimize global-sign performance; training still uses the unchanged total loss.,positive means g05_full_reconstruction is better
27eeeaa89d739d150417e05407607bf3d367f9affa302e8be822737fc6047e45,structure,validation_loss.structure,g05_sign_only,g05_full_reconstruction,0.5,16,global_sign_accuracy,43,secondary,0.864,0.873,0.009000000000000008,0.009000000000000008,31,33,0.5999058632850647,0.5948610897064209,7f3c637fd64ae794202989f993bb22d1a486a6d94af2ef6a46ac1abf764fc7c8,e82b62d31462a2e6e82b69a9f780155e1fcd32943c79e86658a6a2d88fefc7c3,False,Global-sign and absolute-sign metrics are secondary diagnostics: structure selection does not optimize global-sign performance; training still uses the unchanged total loss.,positive means g05_full_reconstruction is better
27eeeaa89d739d150417e05407607bf3d367f9affa302e8be822737fc6047e45,structure,validation_loss.structure,g05_sign_only,g05_full_reconstruction,0.5,16,global_sign_bce,43,secondary,0.3409062690734863,0.34209753036499024,0.0011912612915039311,-0.0011912612915039311,31,33,0.5999058632850647,0.5948610897064209,7f3c637fd64ae794202989f993bb22d1a486a6d94af2ef6a46ac1abf764fc7c8,e82b62d31462a2e6e82b69a9f780155e1fcd32943c79e86658a6a2d88fefc7c3,False,Global-sign and absolute-sign metrics are secondary diagnostics: structure selection does not optimize global-sign performance; training still uses the unchanged total loss.,positive means g05_full_reconstruction is better
27eeeaa89d739d150417e05407607bf3d367f9affa302e8be822737fc6047e45,structure,validation_loss.structure,g05_sign_only,g05_full_reconstruction,0.5,16,absolute_sign_accuracy,43,secondary,0.8796000061035156,0.8866000061035156,0.007000000000000006,0.007000000000000006,31,33,0.5999058632850647,0.5948610897064209,7f3c637fd64ae794202989f993bb22d1a486a6d94af2ef6a46ac1abf764fc7c8,e82b62d31462a2e6e82b69a9f780155e1fcd32943c79e86658a6a2d88fefc7c3,False,Global-sign and absolute-sign metrics are secondary diagnostics: structure selection does not optimize global-sign performance; training still uses the unchanged total loss.,positive means g05_full_reconstruction is better
27eeeaa89d739d150417e05407607bf3d367f9affa302e8be822737fc6047e45,structure,validation_loss.structure,g05_sign_only,g05_full_reconstruction,0.5,16,absolute_sign_set_accuracy,43,secondary,0.837,0.845,0.008000000000000007,0.008000000000000007,31,33,0.5999058632850647,0.5948610897064209,7f3c637fd64ae794202989f993bb22d1a486a6d94af2ef6a46ac1abf764fc7c8,e82b62d31462a2e6e82b69a9f780155e1fcd32943c79e86658a6a2d88fefc7c3,False,Global-sign and absolute-sign metrics are secondary diagnostics: structure selection does not optimize global-sign performance; training still uses the unchanged total loss.,positive means g05_full_reconstruction is better
27eeeaa89d739d150417e05407607bf3d367f9affa302e8be822737fc6047e45,structure,validation_loss.structure,g05_sign_only,g05_full_reconstruction,0.5,16,charge_mae,43,secondary,0.29180274391174316,0.2809989128112793,-0.010803831100463845,0.010803831100463845,31,33,0.5999058632850647,0.5948610897064209,7f3c637fd64ae794202989f993bb22d1a486a6d94af2ef6a46ac1abf764fc7c8,e82b62d31462a2e6e82b69a9f780155e1fcd32943c79e86658a6a2d88fefc7c3,False,Global-sign and absolute-sign metrics are secondary diagnostics: structure selection does not optimize global-sign performance; training still uses the unchanged total loss.,positive means g05_full_reconstruction is better
27eeeaa89d739d150417e05407607bf3d367f9affa302e8be822737fc6047e45,structure,validation_loss.structure,g05_sign_only,g05_full_reconstruction,0.5,16,global_invariant_charge_mae,43,secondary,0.19724883460998535,0.19526694107055664,-0.0019818935394287085,0.0019818935394287085,31,33,0.5999058632850647,0.5948610897064209,7f3c637fd64ae794202989f993bb22d1a486a6d94af2ef6a46ac1abf764fc7c8,e82b62d31462a2e6e82b69a9f780155e1fcd32943c79e86658a6a2d88fefc7c3,False,Global-sign and absolute-sign metrics are secondary diagnostics: structure selection does not optimize global-sign performance; training still uses the unchanged total loss.,positive means g05_full_reconstruction is better
27eeeaa89d739d150417e05407607bf3d367f9affa302e8be822737fc6047e45,structure,validation_loss.structure,g05_sign_only,g05_full_reconstruction,0.75,24,position_mae_x,43,primary,0.4418797950744629,0.4521459541320801,0.010266159057617186,-0.010266159057617186,31,26,0.5999058632850647,0.5971823506355286,5486e0c87ecc2da443e09a1abdbf0e71c5506785933d1dd051820c3d02956d51,4b2cdbef01da5fc77357aa1aa366c8ca34e84cd815ba7711b1838c0d60813279,False,Global-sign and absolute-sign metrics are secondary diagnostics: structure selection does not optimize global-sign performance; training still uses the unchanged total loss.,positive means g05_full_reconstruction is better
27eeeaa89d739d150417e05407607bf3d367f9affa302e8be822737fc6047e45,structure,validation_loss.structure,g05_sign_only,g05_full_reconstruction,0.75,24,position_mae_y,43,primary,0.45999319076538087,0.45148019409179685,-0.008512996673584017,0.008512996673584017,31,26,0.5999058632850647,0.5971823506355286,5486e0c87ecc2da443e09a1abdbf0e71c5506785933d1dd051820c3d02956d51,4b2cdbef01da5fc77357aa1aa366c8ca34e84cd815ba7711b1838c0d60813279,False,Global-sign and absolute-sign metrics are secondary diagnostics: structure selection does not optimize global-sign performance; training still uses the unchanged total loss.,positive means g05_full_reconstruction is better
27eeeaa89d739d150417e05407607bf3d367f9affa302e8be822737fc6047e45,structure,validation_loss.structure,g05_sign_only,g05_full_reconstruction,0.75,24,position_mae_z,43,primary,0.22261006546020506,0.22397129440307617,0.0013612289428711066,-0.0013612289428711066,31,26,0.5999058632850647,0.5971823506355286,5486e0c87ecc2da443e09a1abdbf0e71c5506785933d1dd051820c3d02956d51,4b2cdbef01da5fc77357aa1aa366c8ca34e84cd815ba7711b1838c0d60813279,False,Global-sign and absolute-sign metrics are secondary diagnostics: structure selection does not optimize global-sign performance; training still uses the unchanged total loss.,positive means g05_full_reconstruction is better
27eeeaa89d739d150417e05407607bf3d367f9affa302e8be822737fc6047e45,structure,validation_loss.structure,g05_sign_only,g05_full_reconstruction,0.75,24,mean_position_mae,43,primary,0.3748277015686035,0.3758658332824707,0.0010381317138671853,-0.0010381317138671853,31,26,0.5999058632850647,0.5971823506355286,5486e0c87ecc2da443e09a1abdbf0e71c5506785933d1dd051820c3d02956d51,4b2cdbef01da5fc77357aa1aa366c8ca34e84cd815ba7711b1838c0d60813279,False,Global-sign and absolute-sign metrics are secondary diagnostics: structure selection does not optimize global-sign performance; training still uses the unchanged total loss.,positive means g05_full_reconstruction is better
27eeeaa89d739d150417e05407607bf3d367f9affa302e8be822737fc6047e45,structure,validation_loss.structure,g05_sign_only,g05_full_reconstruction,0.75,24,mean_position_3d_error,43,primary,0.7661625061035157,0.7650309982299804,-0.0011315078735352202,0.0011315078735352202,31,26,0.5999058632850647,0.5971823506355286,5486e0c87ecc2da443e09a1abdbf0e71c5506785933d1dd051820c3d02956d51,4b2cdbef01da5fc77357aa1aa366c8ca34e84cd815ba7711b1838c0d60813279,False,Global-sign and absolute-sign metrics are secondary diagnostics: structure selection does not optimize global-sign performance; training still uses the unchanged total loss.,positive means g05_full_reconstruction is better
27eeeaa89d739d150417e05407607bf3d367f9affa302e8be822737fc6047e45,structure,validation_loss.structure,g05_sign_only,g05_full_reconstruction,0.75,24,charge_magnitude_mae,43,primary,0.15873043632507325,0.15612986183166505,-0.0026005744934081976,0.0026005744934081976,31,26,0.5999058632850647,0.5971823506355286,5486e0c87ecc2da443e09a1abdbf0e71c5506785933d1dd051820c3d02956d51,4b2cdbef01da5fc77357aa1aa366c8ca34e84cd815ba7711b1838c0d60813279,False,Global-sign and absolute-sign metrics are secondary diagnostics: structure selection does not optimize global-sign performance; training still uses the unchanged total loss.,positive means g05_full_reconstruction is better
27eeeaa89d739d150417e05407607bf3d367f9affa302e8be822737fc6047e45,structure,validation_loss.structure,g05_sign_only,g05_full_reconstruction,0.75,24,relative_sign_accuracy,43,primary,0.9596000137329102,0.9595999908447266,-2.288818357065736e-08,-2.288818357065736e-08,31,26,0.5999058632850647,0.5971823506355286,5486e0c87ecc2da443e09a1abdbf0e71c5506785933d1dd051820c3d02956d51,4b2cdbef01da5fc77357aa1aa366c8ca34e84cd815ba7711b1838c0d60813279,False,Global-sign and absolute-sign metrics are secondary diagnostics: structure selection does not optimize global-sign performance; training still uses the unchanged total loss.,positive means g05_full_reconstruction is better
27eeeaa89d739d150417e05407607bf3d367f9affa302e8be822737fc6047e45,structure,validation_loss.structure,g05_sign_only,g05_full_reconstruction,0.75,24,relative_configuration_accuracy,43,primary,0.909,0.91,0.0010000000000000009,0.0010000000000000009,31,26,0.5999058632850647,0.5971823506355286,5486e0c87ecc2da443e09a1abdbf0e71c5506785933d1dd051820c3d02956d51,4b2cdbef01da5fc77357aa1aa366c8ca34e84cd815ba7711b1838c0d60813279,False,Global-sign and absolute-sign metrics are secondary diagnostics: structure selection does not optimize global-sign performance; training still uses the unchanged total loss.,positive means g05_full_reconstruction is better
27eeeaa89d739d150417e05407607bf3d367f9affa302e8be822737fc6047e45,structure,validation_loss.structure,g05_sign_only,g05_full_reconstruction,0.75,24,pairwise_relative_sign_accuracy,43,primary,0.9473999938964843,0.9482000045776368,0.0008000106811524299,0.0008000106811524299,31,26,0.5999058632850647,0.5971823506355286,5486e0c87ecc2da443e09a1abdbf0e71c5506785933d1dd051820c3d02956d51,4b2cdbef01da5fc77357aa1aa366c8ca34e84cd815ba7711b1838c0d60813279,False,Global-sign and absolute-sign metrics are secondary diagnostics: structure selection does not optimize global-sign performance; training still uses the unchanged total loss.,positive means g05_full_reconstruction is better
27eeeaa89d739d150417e05407607bf3d367f9affa302e8be822737fc6047e45,structure,validation_loss.structure,g05_sign_only,g05_full_reconstruction,0.75,24,global_sign_accuracy,43,secondary,0.879,0.875,-0.0040000000000000036,-0.0040000000000000036,31,26,0.5999058632850647,0.5971823506355286,5486e0c87ecc2da443e09a1abdbf0e71c5506785933d1dd051820c3d02956d51,4b2cdbef01da5fc77357aa1aa366c8ca34e84cd815ba7711b1838c0d60813279,False,Global-sign and absolute-sign metrics are secondary diagnostics: structure selection does not optimize global-sign performance; training still uses the unchanged total loss.,positive means g05_full_reconstruction is better
27eeeaa89d739d150417e05407607bf3d367f9affa302e8be822737fc6047e45,structure,validation_loss.structure,g05_sign_only,g05_full_reconstruction,0.75,24,global_sign_bce,43,secondary,0.3342213249206543,0.34150933074951173,0.0072880058288574134,-0.0072880058288574134,31,26,0.5999058632850647,0.5971823506355286,5486e0c87ecc2da443e09a1abdbf0e71c5506785933d1dd051820c3d02956d51,4b2cdbef01da5fc77357aa1aa366c8ca34e84cd815ba7711b1838c0d60813279,False,Global-sign and absolute-sign metrics are secondary diagnostics: structure selection does not optimize global-sign performance; training still uses the unchanged total loss.,positive means g05_full_reconstruction is better
27eeeaa89d739d150417e05407607bf3d367f9affa302e8be822737fc6047e45,structure,validation_loss.structure,g05_sign_only,g05_full_reconstruction,0.75,24,absolute_sign_accuracy,43,secondary,0.893,0.8882000045776367,-0.004799995422363312,-0.004799995422363312,31,26,0.5999058632850647,0.5971823506355286,5486e0c87ecc2da443e09a1abdbf0e71c5506785933d1dd051820c3d02956d51,4b2cdbef01da5fc77357aa1aa366c8ca34e84cd815ba7711b1838c0d60813279,False,Global-sign and absolute-sign metrics are secondary diagnostics: structure selection does not optimize global-sign performance; training still uses the unchanged total loss.,positive means g05_full_reconstruction is better
27eeeaa89d739d150417e05407607bf3d367f9affa302e8be822737fc6047e45,structure,validation_loss.structure,g05_sign_only,g05_full_reconstruction,0.75,24,absolute_sign_set_accuracy,43,secondary,0.85,0.848,-0.0020000000000000018,-0.0020000000000000018,31,26,0.5999058632850647,0.5971823506355286,5486e0c87ecc2da443e09a1abdbf0e71c5506785933d1dd051820c3d02956d51,4b2cdbef01da5fc77357aa1aa366c8ca34e84cd815ba7711b1838c0d60813279,False,Global-sign and absolute-sign metrics are secondary diagnostics: structure selection does not optimize global-sign performance; training still uses the unchanged total loss.,positive means g05_full_reconstruction is better
27eeeaa89d739d150417e05407607bf3d367f9affa302e8be822737fc6047e45,structure,validation_loss.structure,g05_sign_only,g05_full_reconstruction,0.75,24,charge_mae,43,secondary,0.2761736145019531,0.2803335628509521,0.004159948348999021,-0.004159948348999021,31,26,0.5999058632850647,0.5971823506355286,5486e0c87ecc2da443e09a1abdbf0e71c5506785933d1dd051820c3d02956d51,4b2cdbef01da5fc77357aa1aa366c8ca34e84cd815ba7711b1838c0d60813279,False,Global-sign and absolute-sign metrics are secondary diagnostics: structure selection does not optimize global-sign performance; training still uses the unchanged total loss.,positive means g05_full_reconstruction is better
27eeeaa89d739d150417e05407607bf3d367f9affa302e8be822737fc6047e45,structure,validation_loss.structure,g05_sign_only,g05_full_reconstruction,0.75,24,global_invariant_charge_mae,43,secondary,0.19724883460998535,0.19492389488220216,-0.002324939727783193,0.002324939727783193,31,26,0.5999058632850647,0.5971823506355286,5486e0c87ecc2da443e09a1abdbf0e71c5506785933d1dd051820c3d02956d51,4b2cdbef01da5fc77357aa1aa366c8ca34e84cd815ba7711b1838c0d60813279,False,Global-sign and absolute-sign metrics are secondary diagnostics: structure selection does not optimize global-sign performance; training still uses the unchanged total loss.,positive means g05_full_reconstruction is better
27eeeaa89d739d150417e05407607bf3d367f9affa302e8be822737fc6047e45,structure,validation_loss.structure,g05_sign_only,g05_full_reconstruction,1.0,32,position_mae_x,43,primary,0.4418797950744629,0.44576039505004883,0.00388059997558593,-0.00388059997558593,31,26,0.5999058632850647,0.5975169048309327,e892a01e209ddd8a094813655a39438a1563639d97adb57d9ce1a8a55b956bf7,341850cff09aac272cb72f0e41ec356f8ab7b83be9d6c6160b439b3e75d2ad92,False,Global-sign and absolute-sign metrics are secondary diagnostics: structure selection does not optimize global-sign performance; training still uses the unchanged total loss.,positive means g05_full_reconstruction is better
27eeeaa89d739d150417e05407607bf3d367f9affa302e8be822737fc6047e45,structure,validation_loss.structure,g05_sign_only,g05_full_reconstruction,1.0,32,position_mae_y,43,primary,0.45999319076538087,0.4478859405517578,-0.012107250213623078,0.012107250213623078,31,26,0.5999058632850647,0.5975169048309327,e892a01e209ddd8a094813655a39438a1563639d97adb57d9ce1a8a55b956bf7,341850cff09aac272cb72f0e41ec356f8ab7b83be9d6c6160b439b3e75d2ad92,False,Global-sign and absolute-sign metrics are secondary diagnostics: structure selection does not optimize global-sign performance; training still uses the unchanged total loss.,positive means g05_full_reconstruction is better
27eeeaa89d739d150417e05407607bf3d367f9affa302e8be822737fc6047e45,structure,validation_loss.structure,g05_sign_only,g05_full_reconstruction,1.0,32,position_mae_z,43,primary,0.22261006546020506,0.22184802436828613,-0.0007620410919189358,0.0007620410919189358,31,26,0.5999058632850647,0.5975169048309327,e892a01e209ddd8a094813655a39438a1563639d97adb57d9ce1a8a55b956bf7,341850cff09aac272cb72f0e41ec356f8ab7b83be9d6c6160b439b3e75d2ad92,False,Global-sign and absolute-sign metrics are secondary diagnostics: structure selection does not optimize global-sign performance; training still uses the unchanged total loss.,positive means g05_full_reconstruction is better
27eeeaa89d739d150417e05407607bf3d367f9affa302e8be822737fc6047e45,structure,validation_loss.structure,g05_sign_only,g05_full_reconstruction,1.0,32,mean_position_mae,43,primary,0.3748277015686035,0.37183147048950194,-0.0029962310791015745,0.0029962310791015745,31,26,0.5999058632850647,0.5975169048309327,e892a01e209ddd8a094813655a39438a1563639d97adb57d9ce1a8a55b956bf7,341850cff09aac272cb72f0e41ec356f8ab7b83be9d6c6160b439b3e75d2ad92,False,Global-sign and absolute-sign metrics are secondary diagnostics: structure selection does not optimize global-sign performance; training still uses the unchanged total loss.,positive means g05_full_reconstruction is better
27eeeaa89d739d150417e05407607bf3d367f9affa302e8be822737fc6047e45,structure,validation_loss.structure,g05_sign_only,g05_full_reconstruction,1.0,32,mean_position_3d_error,43,primary,0.7661625061035157,0.7598246459960938,-0.006337860107421878,0.006337860107421878,31,26,0.5999058632850647,0.5975169048309327,e892a01e209ddd8a094813655a39438a1563639d97adb57d9ce1a8a55b956bf7,341850cff09aac272cb72f0e41ec356f8ab7b83be9d6c6160b439b3e75d2ad92,False,Global-sign and absolute-sign metrics are secondary diagnostics: structure selection does not optimize global-sign performance; training still uses the unchanged total loss.,positive means g05_full_reconstruction is better
27eeeaa89d739d150417e05407607bf3d367f9affa302e8be822737fc6047e45,structure,validation_loss.structure,g05_sign_only,g05_full_reconstruction,1.0,32,charge_magnitude_mae,43,primary,0.15873043632507325,0.15529882049560548,-0.0034316158294677712,0.0034316158294677712,31,26,0.5999058632850647,0.5975169048309327,e892a01e209ddd8a094813655a39438a1563639d97adb57d9ce1a8a55b956bf7,341850cff09aac272cb72f0e41ec356f8ab7b83be9d6c6160b439b3e75d2ad92,False,Global-sign and absolute-sign metrics are secondary diagnostics: structure selection does not optimize global-sign performance; training still uses the unchanged total loss.,positive means g05_full_reconstruction is better
27eeeaa89d739d150417e05407607bf3d367f9affa302e8be822737fc6047e45,structure,validation_loss.structure,g05_sign_only,g05_full_reconstruction,1.0,32,relative_sign_accuracy,43,primary,0.9596000137329102,0.9632000045776368,0.0035999908447266193,0.0035999908447266193,31,26,0.5999058632850647,0.5975169048309327,e892a01e209ddd8a094813655a39438a1563639d97adb57d9ce1a8a55b956bf7,341850cff09aac272cb72f0e41ec356f8ab7b83be9d6c6160b439b3e75d2ad92,False,Global-sign and absolute-sign metrics are secondary diagnostics: structure selection does not optimize global-sign performance; training still uses the unchanged total loss.,positive means g05_full_reconstruction is better
27eeeaa89d739d150417e05407607bf3d367f9affa302e8be822737fc6047e45,structure,validation_loss.structure,g05_sign_only,g05_full_reconstruction,1.0,32,relative_configuration_accuracy,43,primary,0.909,0.918,0.009000000000000008,0.009000000000000008,31,26,0.5999058632850647,0.5975169048309327,e892a01e209ddd8a094813655a39438a1563639d97adb57d9ce1a8a55b956bf7,341850cff09aac272cb72f0e41ec356f8ab7b83be9d6c6160b439b3e75d2ad92,False,Global-sign and absolute-sign metrics are secondary diagnostics: structure selection does not optimize global-sign performance; training still uses the unchanged total loss.,positive means g05_full_reconstruction is better
27eeeaa89d739d150417e05407607bf3d367f9affa302e8be822737fc6047e45,structure,validation_loss.structure,g05_sign_only,g05_full_reconstruction,1.0,32,pairwise_relative_sign_accuracy,43,primary,0.9473999938964843,0.9527999877929687,0.0053999938964843786,0.0053999938964843786,31,26,0.5999058632850647,0.5975169048309327,e892a01e209ddd8a094813655a39438a1563639d97adb57d9ce1a8a55b956bf7,341850cff09aac272cb72f0e41ec356f8ab7b83be9d6c6160b439b3e75d2ad92,False,Global-sign and absolute-sign metrics are secondary diagnostics: structure selection does not optimize global-sign performance; training still uses the unchanged total loss.,positive means g05_full_reconstruction is better
27eeeaa89d739d150417e05407607bf3d367f9affa302e8be822737fc6047e45,structure,validation_loss.structure,g05_sign_only,g05_full_reconstruction,1.0,32,global_sign_accuracy,43,secondary,0.871,0.871,0.0,0.0,31,26,0.5999058632850647,0.5975169048309327,e892a01e209ddd8a094813655a39438a1563639d97adb57d9ce1a8a55b956bf7,341850cff09aac272cb72f0e41ec356f8ab7b83be9d6c6160b439b3e75d2ad92,False,Global-sign and absolute-sign metrics are secondary diagnostics: structure selection does not optimize global-sign performance; training still uses the unchanged total loss.,positive means g05_full_reconstruction is better
27eeeaa89d739d150417e05407607bf3d367f9affa302e8be822737fc6047e45,structure,validation_loss.structure,g05_sign_only,g05_full_reconstruction,1.0,32,global_sign_bce,43,secondary,0.332178279876709,0.33680766296386716,0.0046293830871581565,-0.0046293830871581565,31,26,0.5999058632850647,0.5975169048309327,e892a01e209ddd8a094813655a39438a1563639d97adb57d9ce1a8a55b956bf7,341850cff09aac272cb72f0e41ec356f8ab7b83be9d6c6160b439b3e75d2ad92,False,Global-sign and absolute-sign metrics are secondary diagnostics: structure selection does not optimize global-sign performance; training still uses the unchanged total loss.,positive means g05_full_reconstruction is better
27eeeaa89d739d150417e05407607bf3d367f9affa302e8be822737fc6047e45,structure,validation_loss.structure,g05_sign_only,g05_full_reconstruction,1.0,32,absolute_sign_accuracy,43,secondary,0.8866000061035156,0.8886000061035156,0.0020000000000000018,0.0020000000000000018,31,26,0.5999058632850647,0.5975169048309327,e892a01e209ddd8a094813655a39438a1563639d97adb57d9ce1a8a55b956bf7,341850cff09aac272cb72f0e41ec356f8ab7b83be9d6c6160b439b3e75d2ad92,False,Global-sign and absolute-sign metrics are secondary diagnostics: structure selection does not optimize global-sign performance; training still uses the unchanged total loss.,positive means g05_full_reconstruction is better
27eeeaa89d739d150417e05407607bf3d367f9affa302e8be822737fc6047e45,structure,validation_loss.structure,g05_sign_only,g05_full_reconstruction,1.0,32,absolute_sign_set_accuracy,43,secondary,0.843,0.852,0.009000000000000008,0.009000000000000008,31,26,0.5999058632850647,0.5975169048309327,e892a01e209ddd8a094813655a39438a1563639d97adb57d9ce1a8a55b956bf7,341850cff09aac272cb72f0e41ec356f8ab7b83be9d6c6160b439b3e75d2ad92,False,Global-sign and absolute-sign metrics are secondary diagnostics: structure selection does not optimize global-sign performance; training still uses the unchanged total loss.,positive means g05_full_reconstruction is better
27eeeaa89d739d150417e05407607bf3d367f9affa302e8be822737fc6047e45,structure,validation_loss.structure,g05_sign_only,g05_full_reconstruction,1.0,32,charge_mae,43,secondary,0.2836688289642334,0.2787014503479004,-0.004967378616333007,0.004967378616333007,31,26,0.5999058632850647,0.5975169048309327,e892a01e209ddd8a094813655a39438a1563639d97adb57d9ce1a8a55b956bf7,341850cff09aac272cb72f0e41ec356f8ab7b83be9d6c6160b439b3e75d2ad92,False,Global-sign and absolute-sign metrics are secondary diagnostics: structure selection does not optimize global-sign performance; training still uses the unchanged total loss.,positive means g05_full_reconstruction is better
27eeeaa89d739d150417e05407607bf3d367f9affa302e8be822737fc6047e45,structure,validation_loss.structure,g05_sign_only,g05_full_reconstruction,1.0,32,global_invariant_charge_mae,43,secondary,0.19724883460998535,0.18934203720092774,-0.007906797409057614,0.007906797409057614,31,26,0.5999058632850647,0.5975169048309327,e892a01e209ddd8a094813655a39438a1563639d97adb57d9ce1a8a55b956bf7,341850cff09aac272cb72f0e41ec356f8ab7b83be9d6c6160b439b3e75d2ad92,False,Global-sign and absolute-sign metrics are secondary diagnostics: structure selection does not optimize global-sign performance; training still uses the unchanged total loss.,positive means g05_full_reconstruction is better
27eeeaa89d739d150417e05407607bf3d367f9affa302e8be822737fc6047e45,total,validation_loss.total,g05_sign_only,g05_full_reconstruction,0.0,0,position_mae_x,43,primary,0.4418797950744629,0.4418797950744629,0.0,-0.0,31,31,0.5999058632850647,0.5999058632850647,d02e35e47e020ba4242d7c1429680c6870633c378228300fa9ac1478754ba240,158085b2afb91b8e7db13fb375317de39254b445730c77a4df54843cb2bf7e5e,False,Total selection includes global-sign loss only with observed G05 and nonzero global-sign weight.,positive means g05_full_reconstruction is better
27eeeaa89d739d150417e05407607bf3d367f9affa302e8be822737fc6047e45,total,validation_loss.total,g05_sign_only,g05_full_reconstruction,0.0,0,position_mae_y,43,primary,0.45999319076538087,0.45999319076538087,0.0,-0.0,31,31,0.5999058632850647,0.5999058632850647,d02e35e47e020ba4242d7c1429680c6870633c378228300fa9ac1478754ba240,158085b2afb91b8e7db13fb375317de39254b445730c77a4df54843cb2bf7e5e,False,Total selection includes global-sign loss only with observed G05 and nonzero global-sign weight.,positive means g05_full_reconstruction is better
27eeeaa89d739d150417e05407607bf3d367f9affa302e8be822737fc6047e45,total,validation_loss.total,g05_sign_only,g05_full_reconstruction,0.0,0,position_mae_z,43,primary,0.22261006546020506,0.22261006546020506,0.0,-0.0,31,31,0.5999058632850647,0.5999058632850647,d02e35e47e020ba4242d7c1429680c6870633c378228300fa9ac1478754ba240,158085b2afb91b8e7db13fb375317de39254b445730c77a4df54843cb2bf7e5e,False,Total selection includes global-sign loss only with observed G05 and nonzero global-sign weight.,positive means g05_full_reconstruction is better
27eeeaa89d739d150417e05407607bf3d367f9affa302e8be822737fc6047e45,total,validation_loss.total,g05_sign_only,g05_full_reconstruction,0.0,0,mean_position_mae,43,primary,0.3748277015686035,0.3748277015686035,0.0,-0.0,31,31,0.5999058632850647,0.5999058632850647,d02e35e47e020ba4242d7c1429680c6870633c378228300fa9ac1478754ba240,158085b2afb91b8e7db13fb375317de39254b445730c77a4df54843cb2bf7e5e,False,Total selection includes global-sign loss only with observed G05 and nonzero global-sign weight.,positive means g05_full_reconstruction is better
27eeeaa89d739d150417e05407607bf3d367f9affa302e8be822737fc6047e45,total,validation_loss.total,g05_sign_only,g05_full_reconstruction,0.0,0,mean_position_3d_error,43,primary,0.7661625061035157,0.7661625061035157,0.0,-0.0,31,31,0.5999058632850647,0.5999058632850647,d02e35e47e020ba4242d7c1429680c6870633c378228300fa9ac1478754ba240,158085b2afb91b8e7db13fb375317de39254b445730c77a4df54843cb2bf7e5e,False,Total selection includes global-sign loss only with observed G05 and nonzero global-sign weight.,positive means g05_full_reconstruction is better
27eeeaa89d739d150417e05407607bf3d367f9affa302e8be822737fc6047e45,total,validation_loss.total,g05_sign_only,g05_full_reconstruction,0.0,0,charge_magnitude_mae,43,primary,0.15873043632507325,0.15873043632507325,0.0,-0.0,31,31,0.5999058632850647,0.5999058632850647,d02e35e47e020ba4242d7c1429680c6870633c378228300fa9ac1478754ba240,158085b2afb91b8e7db13fb375317de39254b445730c77a4df54843cb2bf7e5e,False,Total selection includes global-sign loss only with observed G05 and nonzero global-sign weight.,positive means g05_full_reconstruction is better
27eeeaa89d739d150417e05407607bf3d367f9affa302e8be822737fc6047e45,total,validation_loss.total,g05_sign_only,g05_full_reconstruction,0.0,0,relative_sign_accuracy,43,primary,0.9596000137329102,0.9596000137329102,0.0,0.0,31,31,0.5999058632850647,0.5999058632850647,d02e35e47e020ba4242d7c1429680c6870633c378228300fa9ac1478754ba240,158085b2afb91b8e7db13fb375317de39254b445730c77a4df54843cb2bf7e5e,False,Total selection includes global-sign loss only with observed G05 and nonzero global-sign weight.,positive means g05_full_reconstruction is better
27eeeaa89d739d150417e05407607bf3d367f9affa302e8be822737fc6047e45,total,validation_loss.total,g05_sign_only,g05_full_reconstruction,0.0,0,relative_configuration_accuracy,43,primary,0.909,0.909,0.0,0.0,31,31,0.5999058632850647,0.5999058632850647,d02e35e47e020ba4242d7c1429680c6870633c378228300fa9ac1478754ba240,158085b2afb91b8e7db13fb375317de39254b445730c77a4df54843cb2bf7e5e,False,Total selection includes global-sign loss only with observed G05 and nonzero global-sign weight.,positive means g05_full_reconstruction is better
27eeeaa89d739d150417e05407607bf3d367f9affa302e8be822737fc6047e45,total,validation_loss.total,g05_sign_only,g05_full_reconstruction,0.0,0,pairwise_relative_sign_accuracy,43,primary,0.9473999938964843,0.9473999938964843,0.0,0.0,31,31,0.5999058632850647,0.5999058632850647,d02e35e47e020ba4242d7c1429680c6870633c378228300fa9ac1478754ba240,158085b2afb91b8e7db13fb375317de39254b445730c77a4df54843cb2bf7e5e,False,Total selection includes global-sign loss only with observed G05 and nonzero global-sign weight.,positive means g05_full_reconstruction is better
27eeeaa89d739d150417e05407607bf3d367f9affa302e8be822737fc6047e45,total,validation_loss.total,g05_sign_only,g05_full_reconstruction,0.0,0,global_sign_accuracy,43,primary,,,,,31,31,0.5999058632850647,0.5999058632850647,d02e35e47e020ba4242d7c1429680c6870633c378228300fa9ac1478754ba240,158085b2afb91b8e7db13fb375317de39254b445730c77a4df54843cb2bf7e5e,False,Total selection includes global-sign loss only with observed G05 and nonzero global-sign weight.,positive means g05_full_reconstruction is better
27eeeaa89d739d150417e05407607bf3d367f9affa302e8be822737fc6047e45,total,validation_loss.total,g05_sign_only,g05_full_reconstruction,0.0,0,global_sign_bce,43,primary,,,,,31,31,0.5999058632850647,0.5999058632850647,d02e35e47e020ba4242d7c1429680c6870633c378228300fa9ac1478754ba240,158085b2afb91b8e7db13fb375317de39254b445730c77a4df54843cb2bf7e5e,False,Total selection includes global-sign loss only with observed G05 and nonzero global-sign weight.,positive means g05_full_reconstruction is better
27eeeaa89d739d150417e05407607bf3d367f9affa302e8be822737fc6047e45,total,validation_loss.total,g05_sign_only,g05_full_reconstruction,0.0,0,absolute_sign_accuracy,43,primary,,,,,31,31,0.5999058632850647,0.5999058632850647,d02e35e47e020ba4242d7c1429680c6870633c378228300fa9ac1478754ba240,158085b2afb91b8e7db13fb375317de39254b445730c77a4df54843cb2bf7e5e,False,Total selection includes global-sign loss only with observed G05 and nonzero global-sign weight.,positive means g05_full_reconstruction is better
27eeeaa89d739d150417e05407607bf3d367f9affa302e8be822737fc6047e45,total,validation_loss.total,g05_sign_only,g05_full_reconstruction,0.0,0,absolute_sign_set_accuracy,43,primary,,,,,31,31,0.5999058632850647,0.5999058632850647,d02e35e47e020ba4242d7c1429680c6870633c378228300fa9ac1478754ba240,158085b2afb91b8e7db13fb375317de39254b445730c77a4df54843cb2bf7e5e,False,Total selection includes global-sign loss only with observed G05 and nonzero global-sign weight.,positive means g05_full_reconstruction is better
27eeeaa89d739d150417e05407607bf3d367f9affa302e8be822737fc6047e45,total,validation_loss.total,g05_sign_only,g05_full_reconstruction,0.0,0,charge_mae,43,primary,0.19724883460998535,0.19724883460998535,0.0,-0.0,31,31,0.5999058632850647,0.5999058632850647,d02e35e47e020ba4242d7c1429680c6870633c378228300fa9ac1478754ba240,158085b2afb91b8e7db13fb375317de39254b445730c77a4df54843cb2bf7e5e,False,Total selection includes global-sign loss only with observed G05 and nonzero global-sign weight.,positive means g05_full_reconstruction is better
27eeeaa89d739d150417e05407607bf3d367f9affa302e8be822737fc6047e45,total,validation_loss.total,g05_sign_only,g05_full_reconstruction,0.0,0,global_invariant_charge_mae,43,primary,0.19724883460998535,0.19724883460998535,0.0,-0.0,31,31,0.5999058632850647,0.5999058632850647,d02e35e47e020ba4242d7c1429680c6870633c378228300fa9ac1478754ba240,158085b2afb91b8e7db13fb375317de39254b445730c77a4df54843cb2bf7e5e,False,Total selection includes global-sign loss only with observed G05 and nonzero global-sign weight.,positive means g05_full_reconstruction is better
27eeeaa89d739d150417e05407607bf3d367f9affa302e8be822737fc6047e45,total,validation_loss.total,g05_sign_only,g05_full_reconstruction,0.1,3,position_mae_x,43,primary,0.4418797950744629,0.44332362365722655,0.001443828582763651,-0.001443828582763651,31,29,0.9757132153511048,0.9713646416664123,c5ad8eb2cde7d178ecdfe7ed63584322cf0b33ddf5bbc7db7699b15a930c7bf6,83c4fe9e3c8a8cecacc9e17e6457bf98e16d3566dcf39ad8dff478ac0a048322,True,Total selection includes global-sign loss only with observed G05 and nonzero global-sign weight.,positive means g05_full_reconstruction is better
27eeeaa89d739d150417e05407607bf3d367f9affa302e8be822737fc6047e45,total,validation_loss.total,g05_sign_only,g05_full_reconstruction,0.1,3,position_mae_y,43,primary,0.45999319076538087,0.4461059989929199,-0.01388719177246095,0.01388719177246095,31,29,0.9757132153511048,0.9713646416664123,c5ad8eb2cde7d178ecdfe7ed63584322cf0b33ddf5bbc7db7699b15a930c7bf6,83c4fe9e3c8a8cecacc9e17e6457bf98e16d3566dcf39ad8dff478ac0a048322,True,Total selection includes global-sign loss only with observed G05 and nonzero global-sign weight.,positive means g05_full_reconstruction is better
27eeeaa89d739d150417e05407607bf3d367f9affa302e8be822737fc6047e45,total,validation_loss.total,g05_sign_only,g05_full_reconstruction,0.1,3,position_mae_z,43,primary,0.22261006546020506,0.2233663558959961,0.0007562904357910349,-0.0007562904357910349,31,29,0.9757132153511048,0.9713646416664123,c5ad8eb2cde7d178ecdfe7ed63584322cf0b33ddf5bbc7db7699b15a930c7bf6,83c4fe9e3c8a8cecacc9e17e6457bf98e16d3566dcf39ad8dff478ac0a048322,True,Total selection includes global-sign loss only with observed G05 and nonzero global-sign weight.,positive means g05_full_reconstruction is better
27eeeaa89d739d150417e05407607bf3d367f9affa302e8be822737fc6047e45,total,validation_loss.total,g05_sign_only,g05_full_reconstruction,0.1,3,mean_position_mae,43,primary,0.3748277015686035,0.37093201065063475,-0.0038956909179687638,0.0038956909179687638,31,29,0.9757132153511048,0.9713646416664123,c5ad8eb2cde7d178ecdfe7ed63584322cf0b33ddf5bbc7db7699b15a930c7bf6,83c4fe9e3c8a8cecacc9e17e6457bf98e16d3566dcf39ad8dff478ac0a048322,True,Total selection includes global-sign loss only with observed G05 and nonzero global-sign weight.,positive means g05_full_reconstruction is better
27eeeaa89d739d150417e05407607bf3d367f9affa302e8be822737fc6047e45,total,validation_loss.total,g05_sign_only,g05_full_reconstruction,0.1,3,mean_position_3d_error,43,primary,0.7661625061035157,0.7574405746459961,-0.008721931457519538,0.008721931457519538,31,29,0.9757132153511048,0.9713646416664123,c5ad8eb2cde7d178ecdfe7ed63584322cf0b33ddf5bbc7db7699b15a930c7bf6,83c4fe9e3c8a8cecacc9e17e6457bf98e16d3566dcf39ad8dff478ac0a048322,True,Total selection includes global-sign loss only with observed G05 and nonzero global-sign weight.,positive means g05_full_reconstruction is better
27eeeaa89d739d150417e05407607bf3d367f9affa302e8be822737fc6047e45,total,validation_loss.total,g05_sign_only,g05_full_reconstruction,0.1,3,charge_magnitude_mae,43,primary,0.15873043632507325,0.15662462425231932,-0.0021058120727539265,0.0021058120727539265,31,29,0.9757132153511048,0.9713646416664123,c5ad8eb2cde7d178ecdfe7ed63584322cf0b33ddf5bbc7db7699b15a930c7bf6,83c4fe9e3c8a8cecacc9e17e6457bf98e16d3566dcf39ad8dff478ac0a048322,True,Total selection includes global-sign loss only with observed G05 and nonzero global-sign weight.,positive means g05_full_reconstruction is better
27eeeaa89d739d150417e05407607bf3d367f9affa302e8be822737fc6047e45,total,validation_loss.total,g05_sign_only,g05_full_reconstruction,0.1,3,relative_sign_accuracy,43,primary,0.9596000137329102,0.9572000045776368,-0.002400009155273386,-0.002400009155273386,31,29,0.9757132153511048,0.9713646416664123,c5ad8eb2cde7d178ecdfe7ed63584322cf0b33ddf5bbc7db7699b15a930c7bf6,83c4fe9e3c8a8cecacc9e17e6457bf98e16d3566dcf39ad8dff478ac0a048322,True,Total selection includes global-sign loss only with observed G05 and nonzero global-sign weight.,positive means g05_full_reconstruction is better
27eeeaa89d739d150417e05407607bf3d367f9affa302e8be822737fc6047e45,total,validation_loss.total,g05_sign_only,g05_full_reconstruction,0.1,3,relative_configuration_accuracy,43,primary,0.909,0.908,-0.0010000000000000009,-0.0010000000000000009,31,29,0.9757132153511048,0.9713646416664123,c5ad8eb2cde7d178ecdfe7ed63584322cf0b33ddf5bbc7db7699b15a930c7bf6,83c4fe9e3c8a8cecacc9e17e6457bf98e16d3566dcf39ad8dff478ac0a048322,True,Total selection includes global-sign loss only with observed G05 and nonzero global-sign weight.,positive means g05_full_reconstruction is better
27eeeaa89d739d150417e05407607bf3d367f9affa302e8be822737fc6047e45,total,validation_loss.total,g05_sign_only,g05_full_reconstruction,0.1,3,pairwise_relative_sign_accuracy,43,primary,0.9473999938964843,0.9477999954223633,0.00040000152587893467,0.00040000152587893467,31,29,0.9757132153511048,0.9713646416664123,c5ad8eb2cde7d178ecdfe7ed63584322cf0b33ddf5bbc7db7699b15a930c7bf6,83c4fe9e3c8a8cecacc9e17e6457bf98e16d3566dcf39ad8dff478ac0a048322,True,Total selection includes global-sign loss only with observed G05 and nonzero global-sign weight.,positive means g05_full_reconstruction is better
27eeeaa89d739d150417e05407607bf3d367f9affa302e8be822737fc6047e45,total,validation_loss.total,g05_sign_only,g05_full_reconstruction,0.1,3,global_sign_accuracy,43,primary,0.853,0.852,-0.0010000000000000009,-0.0010000000000000009,31,29,0.9757132153511048,0.9713646416664123,c5ad8eb2cde7d178ecdfe7ed63584322cf0b33ddf5bbc7db7699b15a930c7bf6,83c4fe9e3c8a8cecacc9e17e6457bf98e16d3566dcf39ad8dff478ac0a048322,True,Total selection includes global-sign loss only with observed G05 and nonzero global-sign weight.,positive means g05_full_reconstruction is better
27eeeaa89d739d150417e05407607bf3d367f9affa302e8be822737fc6047e45,total,validation_loss.total,g05_sign_only,g05_full_reconstruction,0.1,3,global_sign_bce,43,primary,0.36530050277709963,0.3691210708618164,0.003820568084716758,-0.003820568084716758,31,29,0.9757132153511048,0.9713646416664123,c5ad8eb2cde7d178ecdfe7ed63584322cf0b33ddf5bbc7db7699b15a930c7bf6,83c4fe9e3c8a8cecacc9e17e6457bf98e16d3566dcf39ad8dff478ac0a048322,True,Total selection includes global-sign loss only with observed G05 and nonzero global-sign weight.,positive means g05_full_reconstruction is better
27eeeaa89d739d150417e05407607bf3d367f9affa302e8be822737fc6047e45,total,validation_loss.total,g05_sign_only,g05_full_reconstruction,0.1,3,absolute_sign_accuracy,43,primary,0.8678000030517579,0.8676000061035156,-0.00019999694824224257,-0.00019999694824224257,31,29,0.9757132153511048,0.9713646416664123,c5ad8eb2cde7d178ecdfe7ed63584322cf0b33ddf5bbc7db7699b15a930c7bf6,83c4fe9e3c8a8cecacc9e17e6457bf98e16d3566dcf39ad8dff478ac0a048322,True,Total selection includes global-sign loss only with observed G05 and nonzero global-sign weight.,positive means g05_full_reconstruction is better
27eeeaa89d739d150417e05407607bf3d367f9affa302e8be822737fc6047e45,total,validation_loss.total,g05_sign_only,g05_full_reconstruction,0.1,3,absolute_sign_set_accuracy,43,primary,0.824,0.824,0.0,0.0,31,29,0.9757132153511048,0.9713646416664123,c5ad8eb2cde7d178ecdfe7ed63584322cf0b33ddf5bbc7db7699b15a930c7bf6,83c4fe9e3c8a8cecacc9e17e6457bf98e16d3566dcf39ad8dff478ac0a048322,True,Total selection includes global-sign loss only with observed G05 and nonzero global-sign weight.,positive means g05_full_reconstruction is better
27eeeaa89d739d150417e05407607bf3d367f9affa302e8be822737fc6047e45,total,validation_loss.total,g05_sign_only,g05_full_reconstruction,0.1,3,charge_mae,43,primary,0.3057953987121582,0.30387536239624025,-0.0019200363159179723,0.0019200363159179723,31,29,0.9757132153511048,0.9713646416664123,c5ad8eb2cde7d178ecdfe7ed63584322cf0b33ddf5bbc7db7699b15a930c7bf6,83c4fe9e3c8a8cecacc9e17e6457bf98e16d3566dcf39ad8dff478ac0a048322,True,Total selection includes global-sign loss only with observed G05 and nonzero global-sign weight.,positive means g05_full_reconstruction is better
27eeeaa89d739d150417e05407607bf3d367f9affa302e8be822737fc6047e45,total,validation_loss.total,g05_sign_only,g05_full_reconstruction,0.1,3,global_invariant_charge_mae,43,primary,0.19724883460998535,0.19459290313720704,-0.0026559314727783168,0.0026559314727783168,31,29,0.9757132153511048,0.9713646416664123,c5ad8eb2cde7d178ecdfe7ed63584322cf0b33ddf5bbc7db7699b15a930c7bf6,83c4fe9e3c8a8cecacc9e17e6457bf98e16d3566dcf39ad8dff478ac0a048322,True,Total selection includes global-sign loss only with observed G05 and nonzero global-sign weight.,positive means g05_full_reconstruction is better
27eeeaa89d739d150417e05407607bf3d367f9affa302e8be822737fc6047e45,total,validation_loss.total,g05_sign_only,g05_full_reconstruction,0.25,8,position_mae_x,43,primary,0.4418797950744629,0.44799478912353513,0.006114994049072231,-0.006114994049072231,31,29,0.9594545781612396,0.9537390437126159,b9e9775e1b4e99dcf33c46a472acc6a5069de1a66a37759a5a3d3fd1f77558d8,93931b2938c5f93a61df66c5de9c99150ba16cd794d7c7db76885b4e93db336b,True,Total selection includes global-sign loss only with observed G05 and nonzero global-sign weight.,positive means g05_full_reconstruction is better
27eeeaa89d739d150417e05407607bf3d367f9affa302e8be822737fc6047e45,total,validation_loss.total,g05_sign_only,g05_full_reconstruction,0.25,8,position_mae_y,43,primary,0.45999319076538087,0.4492935676574707,-0.010699623107910172,0.010699623107910172,31,29,0.9594545781612396,0.9537390437126159,b9e9775e1b4e99dcf33c46a472acc6a5069de1a66a37759a5a3d3fd1f77558d8,93931b2938c5f93a61df66c5de9c99150ba16cd794d7c7db76885b4e93db336b,True,Total selection includes global-sign loss only with observed G05 and nonzero global-sign weight.,positive means g05_full_reconstruction is better
27eeeaa89d739d150417e05407607bf3d367f9affa302e8be822737fc6047e45,total,validation_loss.total,g05_sign_only,g05_full_reconstruction,0.25,8,position_mae_z,43,primary,0.22261006546020506,0.22292701530456543,0.0003169498443603702,-0.0003169498443603702,31,29,0.9594545781612396,0.9537390437126159,b9e9775e1b4e99dcf33c46a472acc6a5069de1a66a37759a5a3d3fd1f77558d8,93931b2938c5f93a61df66c5de9c99150ba16cd794d7c7db76885b4e93db336b,True,Total selection includes global-sign loss only with observed G05 and nonzero global-sign weight.,positive means g05_full_reconstruction is better
27eeeaa89d739d150417e05407607bf3d367f9affa302e8be822737fc6047e45,total,validation_loss.total,g05_sign_only,g05_full_reconstruction,0.25,8,mean_position_mae,43,primary,0.3748277015686035,0.3734051399230957,-0.0014225616455078027,0.0014225616455078027,31,29,0.9594545781612396,0.9537390437126159,b9e9775e1b4e99dcf33c46a472acc6a5069de1a66a37759a5a3d3fd1f77558d8,93931b2938c5f93a61df66c5de9c99150ba16cd794d7c7db76885b4e93db336b,True,Total selection includes global-sign loss only with observed G05 and nonzero global-sign weight.,positive means g05_full_reconstruction is better
27eeeaa89d739d150417e05407607bf3d367f9affa302e8be822737fc6047e45,total,validation_loss.total,g05_sign_only,g05_full_reconstruction,0.25,8,mean_position_3d_error,43,primary,0.7661625061035157,0.7632284317016601,-0.0029340744018555576,0.0029340744018555576,31,29,0.9594545781612396,0.9537390437126159,b9e9775e1b4e99dcf33c46a472acc6a5069de1a66a37759a5a3d3fd1f77558d8,93931b2938c5f93a61df66c5de9c99150ba16cd794d7c7db76885b4e93db336b,True,Total selection includes global-sign loss only with observed G05 and nonzero global-sign weight.,positive means g05_full_reconstruction is better
27eeeaa89d739d150417e05407607bf3d367f9affa302e8be822737fc6047e45,total,validation_loss.total,g05_sign_only,g05_full_reconstruction,0.25,8,charge_magnitude_mae,43,primary,0.15873043632507325,0.1567006893157959,-0.002029747009277355,0.002029747009277355,31,29,0.9594545781612396,0.9537390437126159,b9e9775e1b4e99dcf33c46a472acc6a5069de1a66a37759a5a3d3fd1f77558d8,93931b2938c5f93a61df66c5de9c99150ba16cd794d7c7db76885b4e93db336b,True,Total selection includes global-sign loss only with observed G05 and nonzero global-sign weight.,positive means g05_full_reconstruction is better
27eeeaa89d739d150417e05407607bf3d367f9affa302e8be822737fc6047e45,total,validation_loss.total,g05_sign_only,g05_full_reconstruction,0.25,8,relative_sign_accuracy,43,primary,0.9596000137329102,0.9551999893188476,-0.004400024414062509,-0.004400024414062509,31,29,0.9594545781612396,0.9537390437126159,b9e9775e1b4e99dcf33c46a472acc6a5069de1a66a37759a5a3d3fd1f77558d8,93931b2938c5f93a61df66c5de9c99150ba16cd794d7c7db76885b4e93db336b,True,Total selection includes global-sign loss only with observed G05 and nonzero global-sign weight.,positive means g05_full_reconstruction is better
27eeeaa89d739d150417e05407607bf3d367f9affa302e8be822737fc6047e45,total,validation_loss.total,g05_sign_only,g05_full_reconstruction,0.25,8,relative_configuration_accuracy,43,primary,0.909,0.904,-0.0050000000000000044,-0.0050000000000000044,31,29,0.9594545781612396,0.9537390437126159,b9e9775e1b4e99dcf33c46a472acc6a5069de1a66a37759a5a3d3fd1f77558d8,93931b2938c5f93a61df66c5de9c99150ba16cd794d7c7db76885b4e93db336b,True,Total selection includes global-sign loss only with observed G05 and nonzero global-sign weight.,positive means g05_full_reconstruction is better
27eeeaa89d739d150417e05407607bf3d367f9affa302e8be822737fc6047e45,total,validation_loss.total,g05_sign_only,g05_full_reconstruction,0.25,8,pairwise_relative_sign_accuracy,43,primary,0.9473999938964843,0.9455999984741211,-0.0017999954223631986,-0.0017999954223631986,31,29,0.9594545781612396,0.9537390437126159,b9e9775e1b4e99dcf33c46a472acc6a5069de1a66a37759a5a3d3fd1f77558d8,93931b2938c5f93a61df66c5de9c99150ba16cd794d7c7db76885b4e93db336b,True,Total selection includes global-sign loss only with observed G05 and nonzero global-sign weight.,positive means g05_full_reconstruction is better
27eeeaa89d739d150417e05407607bf3d367f9affa302e8be822737fc6047e45,total,validation_loss.total,g05_sign_only,g05_full_reconstruction,0.25,8,global_sign_accuracy,43,primary,0.864,0.87,0.006000000000000005,0.006000000000000005,31,29,0.9594545781612396,0.9537390437126159,b9e9775e1b4e99dcf33c46a472acc6a5069de1a66a37759a5a3d3fd1f77558d8,93931b2938c5f93a61df66c5de9c99150ba16cd794d7c7db76885b4e93db336b,True,Total selection includes global-sign loss only with observed G05 and nonzero global-sign weight.,positive means g05_full_reconstruction is better
27eeeaa89d739d150417e05407607bf3d367f9affa302e8be822737fc6047e45,total,validation_loss.total,g05_sign_only,g05_full_reconstruction,0.25,8,global_sign_bce,43,primary,0.3517534828186035,0.3533282356262207,0.0015747528076171524,-0.0015747528076171524,31,29,0.9594545781612396,0.9537390437126159,b9e9775e1b4e99dcf33c46a472acc6a5069de1a66a37759a5a3d3fd1f77558d8,93931b2938c5f93a61df66c5de9c99150ba16cd794d7c7db76885b4e93db336b,True,Total selection includes global-sign loss only with observed G05 and nonzero global-sign weight.,positive means g05_full_reconstruction is better
27eeeaa89d739d150417e05407607bf3d367f9affa302e8be822737fc6047e45,total,validation_loss.total,g05_sign_only,g05_full_reconstruction,0.25,8,absolute_sign_accuracy,43,primary,0.8804000015258789,0.8883999938964844,0.007999992370605447,0.007999992370605447,31,29,0.9594545781612396,0.9537390437126159,b9e9775e1b4e99dcf33c46a472acc6a5069de1a66a37759a5a3d3fd1f77558d8,93931b2938c5f93a61df66c5de9c99150ba16cd794d7c7db76885b4e93db336b,True,Total selection includes global-sign loss only with observed G05 and nonzero global-sign weight.,positive means g05_full_reconstruction is better
27eeeaa89d739d150417e05407607bf3d367f9affa302e8be822737fc6047e45,total,validation_loss.total,g05_sign_only,g05_full_reconstruction,0.25,8,absolute_sign_set_accuracy,43,primary,0.837,0.842,0.0050000000000000044,0.0050000000000000044,31,29,0.9594545781612396,0.9537390437126159,b9e9775e1b4e99dcf33c46a472acc6a5069de1a66a37759a5a3d3fd1f77558d8,93931b2938c5f93a61df66c5de9c99150ba16cd794d7c7db76885b4e93db336b,True,Total selection includes global-sign loss only with observed G05 and nonzero global-sign weight.,positive means g05_full_reconstruction is better
27eeeaa89d739d150417e05407607bf3d367f9affa302e8be822737fc6047e45,total,validation_loss.total,g05_sign_only,g05_full_reconstruction,0.25,8,charge_mae,43,primary,0.2910685920715332,0.2793896141052246,-0.011678977966308568,0.011678977966308568,31,29,0.9594545781612396,0.9537390437126159,b9e9775e1b4e99dcf33c46a472acc6a5069de1a66a37759a5a3d3fd1f77558d8,93931b2938c5f93a61df66c5de9c99150ba16cd794d7c7db76885b4e93db336b,True,Total selection includes global-sign loss only with observed G05 and nonzero global-sign weight.,positive means g05_full_reconstruction is better
27eeeaa89d739d150417e05407607bf3d367f9affa302e8be822737fc6047e45,total,validation_loss.total,g05_sign_only,g05_full_reconstruction,0.25,8,global_invariant_charge_mae,43,primary,0.19724883460998535,0.1968803291320801,-0.0003685054779052621,0.0003685054779052621,31,29,0.9594545781612396,0.9537390437126159,b9e9775e1b4e99dcf33c46a472acc6a5069de1a66a37759a5a3d3fd1f77558d8,93931b2938c5f93a61df66c5de9c99150ba16cd794d7c7db76885b4e93db336b,True,Total selection includes global-sign loss only with observed G05 and nonzero global-sign weight.,positive means g05_full_reconstruction is better
27eeeaa89d739d150417e05407607bf3d367f9affa302e8be822737fc6047e45,total,validation_loss.total,g05_sign_only,g05_full_reconstruction,0.5,16,position_mae_x,43,primary,0.4418797950744629,0.44415258026123045,0.0022727851867675453,-0.0022727851867675453,31,41,0.9505535707473755,0.9489210312366486,7f3c637fd64ae794202989f993bb22d1a486a6d94af2ef6a46ac1abf764fc7c8,e82b62d31462a2e6e82b69a9f780155e1fcd32943c79e86658a6a2d88fefc7c3,True,Total selection includes global-sign loss only with observed G05 and nonzero global-sign weight.,positive means g05_full_reconstruction is better
27eeeaa89d739d150417e05407607bf3d367f9affa302e8be822737fc6047e45,total,validation_loss.total,g05_sign_only,g05_full_reconstruction,0.5,16,position_mae_y,43,primary,0.45999319076538087,0.4422540626525879,-0.01773912811279299,0.01773912811279299,31,41,0.9505535707473755,0.9489210312366486,7f3c637fd64ae794202989f993bb22d1a486a6d94af2ef6a46ac1abf764fc7c8,e82b62d31462a2e6e82b69a9f780155e1fcd32943c79e86658a6a2d88fefc7c3,True,Total selection includes global-sign loss only with observed G05 and nonzero global-sign weight.,positive means g05_full_reconstruction is better
27eeeaa89d739d150417e05407607bf3d367f9affa302e8be822737fc6047e45,total,validation_loss.total,g05_sign_only,g05_full_reconstruction,0.5,16,position_mae_z,43,primary,0.22261006546020506,0.21934764099121093,-0.003262424468994135,0.003262424468994135,31,41,0.9505535707473755,0.9489210312366486,7f3c637fd64ae794202989f993bb22d1a486a6d94af2ef6a46ac1abf764fc7c8,e82b62d31462a2e6e82b69a9f780155e1fcd32943c79e86658a6a2d88fefc7c3,True,Total selection includes global-sign loss only with observed G05 and nonzero global-sign weight.,positive means g05_full_reconstruction is better
27eeeaa89d739d150417e05407607bf3d367f9affa302e8be822737fc6047e45,total,validation_loss.total,g05_sign_only,g05_full_reconstruction,0.5,16,mean_position_mae,43,primary,0.3748277015686035,0.3685847625732422,-0.006242938995361325,0.006242938995361325,31,41,0.9505535707473755,0.9489210312366486,7f3c637fd64ae794202989f993bb22d1a486a6d94af2ef6a46ac1abf764fc7c8,e82b62d31462a2e6e82b69a9f780155e1fcd32943c79e86658a6a2d88fefc7c3,True,Total selection includes global-sign loss only with observed G05 and nonzero global-sign weight.,positive means g05_full_reconstruction is better
27eeeaa89d739d150417e05407607bf3d367f9affa302e8be822737fc6047e45,total,validation_loss.total,g05_sign_only,g05_full_reconstruction,0.5,16,mean_position_3d_error,43,primary,0.7661625061035157,0.7532633972167969,-0.012899108886718746,0.012899108886718746,31,41,0.9505535707473755,0.9489210312366486,7f3c637fd64ae794202989f993bb22d1a486a6d94af2ef6a46ac1abf764fc7c8,e82b62d31462a2e6e82b69a9f780155e1fcd32943c79e86658a6a2d88fefc7c3,True,Total selection includes global-sign loss only with observed G05 and nonzero global-sign weight.,positive means g05_full_reconstruction is better
27eeeaa89d739d150417e05407607bf3d367f9affa302e8be822737fc6047e45,total,validation_loss.total,g05_sign_only,g05_full_reconstruction,0.5,16,charge_magnitude_mae,43,primary,0.15873043632507325,0.15680460739135743,-0.0019258289337158174,0.0019258289337158174,31,41,0.9505535707473755,0.9489210312366486,7f3c637fd64ae794202989f993bb22d1a486a6d94af2ef6a46ac1abf764fc7c8,e82b62d31462a2e6e82b69a9f780155e1fcd32943c79e86658a6a2d88fefc7c3,True,Total selection includes global-sign loss only with observed G05 and nonzero global-sign weight.,positive means g05_full_reconstruction is better
27eeeaa89d739d150417e05407607bf3d367f9affa302e8be822737fc6047e45,total,validation_loss.total,g05_sign_only,g05_full_reconstruction,0.5,16,relative_sign_accuracy,43,primary,0.9596000137329102,0.9591999893188476,-0.00040002441406250533,-0.00040002441406250533,31,41,0.9505535707473755,0.9489210312366486,7f3c637fd64ae794202989f993bb22d1a486a6d94af2ef6a46ac1abf764fc7c8,e82b62d31462a2e6e82b69a9f780155e1fcd32943c79e86658a6a2d88fefc7c3,True,Total selection includes global-sign loss only with observed G05 and nonzero global-sign weight.,positive means g05_full_reconstruction is better
27eeeaa89d739d150417e05407607bf3d367f9affa302e8be822737fc6047e45,total,validation_loss.total,g05_sign_only,g05_full_reconstruction,0.5,16,relative_configuration_accuracy,43,primary,0.909,0.911,0.0020000000000000018,0.0020000000000000018,31,41,0.9505535707473755,0.9489210312366486,7f3c637fd64ae794202989f993bb22d1a486a6d94af2ef6a46ac1abf764fc7c8,e82b62d31462a2e6e82b69a9f780155e1fcd32943c79e86658a6a2d88fefc7c3,True,Total selection includes global-sign loss only with observed G05 and nonzero global-sign weight.,positive means g05_full_reconstruction is better
27eeeaa89d739d150417e05407607bf3d367f9affa302e8be822737fc6047e45,total,validation_loss.total,g05_sign_only,g05_full_reconstruction,0.5,16,pairwise_relative_sign_accuracy,43,primary,0.9473999938964843,0.9491999969482422,0.0018000030517578702,0.0018000030517578702,31,41,0.9505535707473755,0.9489210312366486,7f3c637fd64ae794202989f993bb22d1a486a6d94af2ef6a46ac1abf764fc7c8,e82b62d31462a2e6e82b69a9f780155e1fcd32943c79e86658a6a2d88fefc7c3,True,Total selection includes global-sign loss only with observed G05 and nonzero global-sign weight.,positive means g05_full_reconstruction is better
27eeeaa89d739d150417e05407607bf3d367f9affa302e8be822737fc6047e45,total,validation_loss.total,g05_sign_only,g05_full_reconstruction,0.5,16,global_sign_accuracy,43,primary,0.864,0.875,0.01100000000000001,0.01100000000000001,31,41,0.9505535707473755,0.9489210312366486,7f3c637fd64ae794202989f993bb22d1a486a6d94af2ef6a46ac1abf764fc7c8,e82b62d31462a2e6e82b69a9f780155e1fcd32943c79e86658a6a2d88fefc7c3,True,Total selection includes global-sign loss only with observed G05 and nonzero global-sign weight.,positive means g05_full_reconstruction is better
27eeeaa89d739d150417e05407607bf3d367f9affa302e8be822737fc6047e45,total,validation_loss.total,g05_sign_only,g05_full_reconstruction,0.5,16,global_sign_bce,43,primary,0.3409062690734863,0.33621891021728517,-0.00468735885620114,0.00468735885620114,31,41,0.9505535707473755,0.9489210312366486,7f3c637fd64ae794202989f993bb22d1a486a6d94af2ef6a46ac1abf764fc7c8,e82b62d31462a2e6e82b69a9f780155e1fcd32943c79e86658a6a2d88fefc7c3,True,Total selection includes global-sign loss only with observed G05 and nonzero global-sign weight.,positive means g05_full_reconstruction is better
27eeeaa89d739d150417e05407607bf3d367f9affa302e8be822737fc6047e45,total,validation_loss.total,g05_sign_only,g05_full_reconstruction,0.5,16,absolute_sign_accuracy,43,primary,0.8796000061035156,0.887000015258789,0.00740000915527339,0.00740000915527339,31,41,0.9505535707473755,0.9489210312366486,7f3c637fd64ae794202989f993bb22d1a486a6d94af2ef6a46ac1abf764fc7c8,e82b62d31462a2e6e82b69a9f780155e1fcd32943c79e86658a6a2d88fefc7c3,True,Total selection includes global-sign loss only with observed G05 and nonzero global-sign weight.,positive means g05_full_reconstruction is better
27eeeaa89d739d150417e05407607bf3d367f9affa302e8be822737fc6047e45,total,validation_loss.total,g05_sign_only,g05_full_reconstruction,0.5,16,absolute_sign_set_accuracy,43,primary,0.837,0.846,0.009000000000000008,0.009000000000000008,31,41,0.9505535707473755,0.9489210312366486,7f3c637fd64ae794202989f993bb22d1a486a6d94af2ef6a46ac1abf764fc7c8,e82b62d31462a2e6e82b69a9f780155e1fcd32943c79e86658a6a2d88fefc7c3,True,Total selection includes global-sign loss only with observed G05 and nonzero global-sign weight.,positive means g05_full_reconstruction is better
27eeeaa89d739d150417e05407607bf3d367f9affa302e8be822737fc6047e45,total,validation_loss.total,g05_sign_only,g05_full_reconstruction,0.5,16,charge_mae,43,primary,0.29180274391174316,0.281919376373291,-0.009883367538452148,0.009883367538452148,31,41,0.9505535707473755,0.9489210312366486,7f3c637fd64ae794202989f993bb22d1a486a6d94af2ef6a46ac1abf764fc7c8,e82b62d31462a2e6e82b69a9f780155e1fcd32943c79e86658a6a2d88fefc7c3,True,Total selection includes global-sign loss only with observed G05 and nonzero global-sign weight.,positive means g05_full_reconstruction is better
27eeeaa89d739d150417e05407607bf3d367f9affa302e8be822737fc6047e45,total,validation_loss.total,g05_sign_only,g05_full_reconstruction,0.5,16,global_invariant_charge_mae,43,primary,0.19724883460998535,0.1940133285522461,-0.003235506057739257,0.003235506057739257,31,41,0.9505535707473755,0.9489210312366486,7f3c637fd64ae794202989f993bb22d1a486a6d94af2ef6a46ac1abf764fc7c8,e82b62d31462a2e6e82b69a9f780155e1fcd32943c79e86658a6a2d88fefc7c3,True,Total selection includes global-sign loss only with observed G05 and nonzero global-sign weight.,positive means g05_full_reconstruction is better
27eeeaa89d739d150417e05407607bf3d367f9affa302e8be822737fc6047e45,total,validation_loss.total,g05_sign_only,g05_full_reconstruction,0.75,24,position_mae_x,43,primary,0.4418797950744629,0.4514920654296875,0.009612270355224606,-0.009612270355224606,31,36,0.9457412340641022,0.9503707411289215,5486e0c87ecc2da443e09a1abdbf0e71c5506785933d1dd051820c3d02956d51,4b2cdbef01da5fc77357aa1aa366c8ca34e84cd815ba7711b1838c0d60813279,True,Total selection includes global-sign loss only with observed G05 and nonzero global-sign weight.,positive means g05_full_reconstruction is better
27eeeaa89d739d150417e05407607bf3d367f9affa302e8be822737fc6047e45,total,validation_loss.total,g05_sign_only,g05_full_reconstruction,0.75,24,position_mae_y,43,primary,0.45999319076538087,0.4476106948852539,-0.012382495880126965,0.012382495880126965,31,36,0.9457412340641022,0.9503707411289215,5486e0c87ecc2da443e09a1abdbf0e71c5506785933d1dd051820c3d02956d51,4b2cdbef01da5fc77357aa1aa366c8ca34e84cd815ba7711b1838c0d60813279,True,Total selection includes global-sign loss only with observed G05 and nonzero global-sign weight.,positive means g05_full_reconstruction is better
27eeeaa89d739d150417e05407607bf3d367f9affa302e8be822737fc6047e45,total,validation_loss.total,g05_sign_only,g05_full_reconstruction,0.75,24,position_mae_z,43,primary,0.22261006546020506,0.22177762603759765,-0.0008324394226074117,0.0008324394226074117,31,36,0.9457412340641022,0.9503707411289215,5486e0c87ecc2da443e09a1abdbf0e71c5506785933d1dd051820c3d02956d51,4b2cdbef01da5fc77357aa1aa366c8ca34e84cd815ba7711b1838c0d60813279,True,Total selection includes global-sign loss only with observed G05 and nonzero global-sign weight.,positive means g05_full_reconstruction is better
27eeeaa89d739d150417e05407607bf3d367f9affa302e8be822737fc6047e45,total,validation_loss.total,g05_sign_only,g05_full_reconstruction,0.75,24,mean_position_mae,43,primary,0.3748277015686035,0.3736267967224121,-0.0012009048461913974,0.0012009048461913974,31,36,0.9457412340641022,0.9503707411289215,5486e0c87ecc2da443e09a1abdbf0e71c5506785933d1dd051820c3d02956d51,4b2cdbef01da5fc77357aa1aa366c8ca34e84cd815ba7711b1838c0d60813279,True,Total selection includes global-sign loss only with observed G05 and nonzero global-sign weight.,positive means g05_full_reconstruction is better
27eeeaa89d739d150417e05407607bf3d367f9affa302e8be822737fc6047e45,total,validation_loss.total,g05_sign_only,g05_full_reconstruction,0.75,24,mean_position_3d_error,43,primary,0.7661625061035157,0.7605389175415039,-0.005623588562011728,0.005623588562011728,31,36,0.9457412340641022,0.9503707411289215,5486e0c87ecc2da443e09a1abdbf0e71c5506785933d1dd051820c3d02956d51,4b2cdbef01da5fc77357aa1aa366c8ca34e84cd815ba7711b1838c0d60813279,True,Total selection includes global-sign loss only with observed G05 and nonzero global-sign weight.,positive means g05_full_reconstruction is better
27eeeaa89d739d150417e05407607bf3d367f9affa302e8be822737fc6047e45,total,validation_loss.total,g05_sign_only,g05_full_reconstruction,0.75,24,charge_magnitude_mae,43,primary,0.15873043632507325,0.1562613410949707,-0.0024690952301025526,0.0024690952301025526,31,36,0.9457412340641022,0.9503707411289215,5486e0c87ecc2da443e09a1abdbf0e71c5506785933d1dd051820c3d02956d51,4b2cdbef01da5fc77357aa1aa366c8ca34e84cd815ba7711b1838c0d60813279,True,Total selection includes global-sign loss only with observed G05 and nonzero global-sign weight.,positive means g05_full_reconstruction is better
27eeeaa89d739d150417e05407607bf3d367f9affa302e8be822737fc6047e45,total,validation_loss.total,g05_sign_only,g05_full_reconstruction,0.75,24,relative_sign_accuracy,43,primary,0.9596000137329102,0.9587999877929687,-0.00080002593994144,-0.00080002593994144,31,36,0.9457412340641022,0.9503707411289215,5486e0c87ecc2da443e09a1abdbf0e71c5506785933d1dd051820c3d02956d51,4b2cdbef01da5fc77357aa1aa366c8ca34e84cd815ba7711b1838c0d60813279,True,Total selection includes global-sign loss only with observed G05 and nonzero global-sign weight.,positive means g05_full_reconstruction is better
27eeeaa89d739d150417e05407607bf3d367f9affa302e8be822737fc6047e45,total,validation_loss.total,g05_sign_only,g05_full_reconstruction,0.75,24,relative_configuration_accuracy,43,primary,0.909,0.91,0.0010000000000000009,0.0010000000000000009,31,36,0.9457412340641022,0.9503707411289215,5486e0c87ecc2da443e09a1abdbf0e71c5506785933d1dd051820c3d02956d51,4b2cdbef01da5fc77357aa1aa366c8ca34e84cd815ba7711b1838c0d60813279,True,Total selection includes global-sign loss only with observed G05 and nonzero global-sign weight.,positive means g05_full_reconstruction is better
27eeeaa89d739d150417e05407607bf3d367f9affa302e8be822737fc6047e45,total,validation_loss.total,g05_sign_only,g05_full_reconstruction,0.75,24,pairwise_relative_sign_accuracy,43,primary,0.9473999938964843,0.9486000061035156,0.0012000122070312536,0.0012000122070312536,31,36,0.9457412340641022,0.9503707411289215,5486e0c87ecc2da443e09a1abdbf0e71c5506785933d1dd051820c3d02956d51,4b2cdbef01da5fc77357aa1aa366c8ca34e84cd815ba7711b1838c0d60813279,True,Total selection includes global-sign loss only with observed G05 and nonzero global-sign weight.,positive means g05_full_reconstruction is better
27eeeaa89d739d150417e05407607bf3d367f9affa302e8be822737fc6047e45,total,validation_loss.total,g05_sign_only,g05_full_reconstruction,0.75,24,global_sign_accuracy,43,primary,0.879,0.875,-0.0040000000000000036,-0.0040000000000000036,31,36,0.9457412340641022,0.9503707411289215,5486e0c87ecc2da443e09a1abdbf0e71c5506785933d1dd051820c3d02956d51,4b2cdbef01da5fc77357aa1aa366c8ca34e84cd815ba7711b1838c0d60813279,True,Total selection includes global-sign loss only with observed G05 and nonzero global-sign weight.,positive means g05_full_reconstruction is better
27eeeaa89d739d150417e05407607bf3d367f9affa302e8be822737fc6047e45,total,validation_loss.total,g05_sign_only,g05_full_reconstruction,0.75,24,global_sign_bce,43,primary,0.3342213249206543,0.336909610748291,0.002688285827636694,-0.002688285827636694,31,36,0.9457412340641022,0.9503707411289215,5486e0c87ecc2da443e09a1abdbf0e71c5506785933d1dd051820c3d02956d51,4b2cdbef01da5fc77357aa1aa366c8ca34e84cd815ba7711b1838c0d60813279,True,Total selection includes global-sign loss only with observed G05 and nonzero global-sign weight.,positive means g05_full_reconstruction is better
27eeeaa89d739d150417e05407607bf3d367f9affa302e8be822737fc6047e45,total,validation_loss.total,g05_sign_only,g05_full_reconstruction,0.75,24,absolute_sign_accuracy,43,primary,0.893,0.8833999938964844,-0.009600006103515635,-0.009600006103515635,31,36,0.9457412340641022,0.9503707411289215,5486e0c87ecc2da443e09a1abdbf0e71c5506785933d1dd051820c3d02956d51,4b2cdbef01da5fc77357aa1aa366c8ca34e84cd815ba7711b1838c0d60813279,True,Total selection includes global-sign loss only with observed G05 and nonzero global-sign weight.,positive means g05_full_reconstruction is better
27eeeaa89d739d150417e05407607bf3d367f9affa302e8be822737fc6047e45,total,validation_loss.total,g05_sign_only,g05_full_reconstruction,0.75,24,absolute_sign_set_accuracy,43,primary,0.85,0.843,-0.007000000000000006,-0.007000000000000006,31,36,0.9457412340641022,0.9503707411289215,5486e0c87ecc2da443e09a1abdbf0e71c5506785933d1dd051820c3d02956d51,4b2cdbef01da5fc77357aa1aa366c8ca34e84cd815ba7711b1838c0d60813279,True,Total selection includes global-sign loss only with observed G05 and nonzero global-sign weight.,positive means g05_full_reconstruction is better
27eeeaa89d739d150417e05407607bf3d367f9affa302e8be822737fc6047e45,total,validation_loss.total,g05_sign_only,g05_full_reconstruction,0.75,24,charge_mae,43,primary,0.2761736145019531,0.28507897186279296,0.00890535736083986,-0.00890535736083986,31,36,0.9457412340641022,0.9503707411289215,5486e0c87ecc2da443e09a1abdbf0e71c5506785933d1dd051820c3d02956d51,4b2cdbef01da5fc77357aa1aa366c8ca34e84cd815ba7711b1838c0d60813279,True,Total selection includes global-sign loss only with observed G05 and nonzero global-sign weight.,positive means g05_full_reconstruction is better
27eeeaa89d739d150417e05407607bf3d367f9affa302e8be822737fc6047e45,total,validation_loss.total,g05_sign_only,g05_full_reconstruction,0.75,24,global_invariant_charge_mae,43,primary,0.19724883460998535,0.19325004005432128,-0.00399879455566407,0.00399879455566407,31,36,0.9457412340641022,0.9503707411289215,5486e0c87ecc2da443e09a1abdbf0e71c5506785933d1dd051820c3d02956d51,4b2cdbef01da5fc77357aa1aa366c8ca34e84cd815ba7711b1838c0d60813279,True,Total selection includes global-sign loss only with observed G05 and nonzero global-sign weight.,positive means g05_full_reconstruction is better
27eeeaa89d739d150417e05407607bf3d367f9affa302e8be822737fc6047e45,total,validation_loss.total,g05_sign_only,g05_full_reconstruction,1.0,32,position_mae_x,43,primary,0.4418797950744629,0.44576039505004883,0.00388059997558593,-0.00388059997558593,31,26,0.9406301028728485,0.9486440725326539,e892a01e209ddd8a094813655a39438a1563639d97adb57d9ce1a8a55b956bf7,341850cff09aac272cb72f0e41ec356f8ab7b83be9d6c6160b439b3e75d2ad92,True,Total selection includes global-sign loss only with observed G05 and nonzero global-sign weight.,positive means g05_full_reconstruction is better
27eeeaa89d739d150417e05407607bf3d367f9affa302e8be822737fc6047e45,total,validation_loss.total,g05_sign_only,g05_full_reconstruction,1.0,32,position_mae_y,43,primary,0.45999319076538087,0.4478859405517578,-0.012107250213623078,0.012107250213623078,31,26,0.9406301028728485,0.9486440725326539,e892a01e209ddd8a094813655a39438a1563639d97adb57d9ce1a8a55b956bf7,341850cff09aac272cb72f0e41ec356f8ab7b83be9d6c6160b439b3e75d2ad92,True,Total selection includes global-sign loss only with observed G05 and nonzero global-sign weight.,positive means g05_full_reconstruction is better
27eeeaa89d739d150417e05407607bf3d367f9affa302e8be822737fc6047e45,total,validation_loss.total,g05_sign_only,g05_full_reconstruction,1.0,32,position_mae_z,43,primary,0.22261006546020506,0.22184802436828613,-0.0007620410919189358,0.0007620410919189358,31,26,0.9406301028728485,0.9486440725326539,e892a01e209ddd8a094813655a39438a1563639d97adb57d9ce1a8a55b956bf7,341850cff09aac272cb72f0e41ec356f8ab7b83be9d6c6160b439b3e75d2ad92,True,Total selection includes global-sign loss only with observed G05 and nonzero global-sign weight.,positive means g05_full_reconstruction is better
27eeeaa89d739d150417e05407607bf3d367f9affa302e8be822737fc6047e45,total,validation_loss.total,g05_sign_only,g05_full_reconstruction,1.0,32,mean_position_mae,43,primary,0.3748277015686035,0.37183147048950194,-0.0029962310791015745,0.0029962310791015745,31,26,0.9406301028728485,0.9486440725326539,e892a01e209ddd8a094813655a39438a1563639d97adb57d9ce1a8a55b956bf7,341850cff09aac272cb72f0e41ec356f8ab7b83be9d6c6160b439b3e75d2ad92,True,Total selection includes global-sign loss only with observed G05 and nonzero global-sign weight.,positive means g05_full_reconstruction is better
27eeeaa89d739d150417e05407607bf3d367f9affa302e8be822737fc6047e45,total,validation_loss.total,g05_sign_only,g05_full_reconstruction,1.0,32,mean_position_3d_error,43,primary,0.7661625061035157,0.7598246459960938,-0.006337860107421878,0.006337860107421878,31,26,0.9406301028728485,0.9486440725326539,e892a01e209ddd8a094813655a39438a1563639d97adb57d9ce1a8a55b956bf7,341850cff09aac272cb72f0e41ec356f8ab7b83be9d6c6160b439b3e75d2ad92,True,Total selection includes global-sign loss only with observed G05 and nonzero global-sign weight.,positive means g05_full_reconstruction is better
27eeeaa89d739d150417e05407607bf3d367f9affa302e8be822737fc6047e45,total,validation_loss.total,g05_sign_only,g05_full_reconstruction,1.0,32,charge_magnitude_mae,43,primary,0.15873043632507325,0.15529882049560548,-0.0034316158294677712,0.0034316158294677712,31,26,0.9406301028728485,0.9486440725326539,e892a01e209ddd8a094813655a39438a1563639d97adb57d9ce1a8a55b956bf7,341850cff09aac272cb72f0e41ec356f8ab7b83be9d6c6160b439b3e75d2ad92,True,Total selection includes global-sign loss only with observed G05 and nonzero global-sign weight.,positive means g05_full_reconstruction is better
27eeeaa89d739d150417e05407607bf3d367f9affa302e8be822737fc6047e45,total,validation_loss.total,g05_sign_only,g05_full_reconstruction,1.0,32,relative_sign_accuracy,43,primary,0.9596000137329102,0.9632000045776368,0.0035999908447266193,0.0035999908447266193,31,26,0.9406301028728485,0.9486440725326539,e892a01e209ddd8a094813655a39438a1563639d97adb57d9ce1a8a55b956bf7,341850cff09aac272cb72f0e41ec356f8ab7b83be9d6c6160b439b3e75d2ad92,True,Total selection includes global-sign loss only with observed G05 and nonzero global-sign weight.,positive means g05_full_reconstruction is better
27eeeaa89d739d150417e05407607bf3d367f9affa302e8be822737fc6047e45,total,validation_loss.total,g05_sign_only,g05_full_reconstruction,1.0,32,relative_configuration_accuracy,43,primary,0.909,0.918,0.009000000000000008,0.009000000000000008,31,26,0.9406301028728485,0.9486440725326539,e892a01e209ddd8a094813655a39438a1563639d97adb57d9ce1a8a55b956bf7,341850cff09aac272cb72f0e41ec356f8ab7b83be9d6c6160b439b3e75d2ad92,True,Total selection includes global-sign loss only with observed G05 and nonzero global-sign weight.,positive means g05_full_reconstruction is better
27eeeaa89d739d150417e05407607bf3d367f9affa302e8be822737fc6047e45,total,validation_loss.total,g05_sign_only,g05_full_reconstruction,1.0,32,pairwise_relative_sign_accuracy,43,primary,0.9473999938964843,0.9527999877929687,0.0053999938964843786,0.0053999938964843786,31,26,0.9406301028728485,0.9486440725326539,e892a01e209ddd8a094813655a39438a1563639d97adb57d9ce1a8a55b956bf7,341850cff09aac272cb72f0e41ec356f8ab7b83be9d6c6160b439b3e75d2ad92,True,Total selection includes global-sign loss only with observed G05 and nonzero global-sign weight.,positive means g05_full_reconstruction is better
27eeeaa89d739d150417e05407607bf3d367f9affa302e8be822737fc6047e45,total,validation_loss.total,g05_sign_only,g05_full_reconstruction,1.0,32,global_sign_accuracy,43,primary,0.871,0.871,0.0,0.0,31,26,0.9406301028728485,0.9486440725326539,e892a01e209ddd8a094813655a39438a1563639d97adb57d9ce1a8a55b956bf7,341850cff09aac272cb72f0e41ec356f8ab7b83be9d6c6160b439b3e75d2ad92,True,Total selection includes global-sign loss only with observed G05 and nonzero global-sign weight.,positive means g05_full_reconstruction is better
27eeeaa89d739d150417e05407607bf3d367f9affa302e8be822737fc6047e45,total,validation_loss.total,g05_sign_only,g05_full_reconstruction,1.0,32,global_sign_bce,43,primary,0.332178279876709,0.33680766296386716,0.0046293830871581565,-0.0046293830871581565,31,26,0.9406301028728485,0.9486440725326539,e892a01e209ddd8a094813655a39438a1563639d97adb57d9ce1a8a55b956bf7,341850cff09aac272cb72f0e41ec356f8ab7b83be9d6c6160b439b3e75d2ad92,True,Total selection includes global-sign loss only with observed G05 and nonzero global-sign weight.,positive means g05_full_reconstruction is better
27eeeaa89d739d150417e05407607bf3d367f9affa302e8be822737fc6047e45,total,validation_loss.total,g05_sign_only,g05_full_reconstruction,1.0,32,absolute_sign_accuracy,43,primary,0.8866000061035156,0.8886000061035156,0.0020000000000000018,0.0020000000000000018,31,26,0.9406301028728485,0.9486440725326539,e892a01e209ddd8a094813655a39438a1563639d97adb57d9ce1a8a55b956bf7,341850cff09aac272cb72f0e41ec356f8ab7b83be9d6c6160b439b3e75d2ad92,True,Total selection includes global-sign loss only with observed G05 and nonzero global-sign weight.,positive means g05_full_reconstruction is better
27eeeaa89d739d150417e05407607bf3d367f9affa302e8be822737fc6047e45,total,validation_loss.total,g05_sign_only,g05_full_reconstruction,1.0,32,absolute_sign_set_accuracy,43,primary,0.843,0.852,0.009000000000000008,0.009000000000000008,31,26,0.9406301028728485,0.9486440725326539,e892a01e209ddd8a094813655a39438a1563639d97adb57d9ce1a8a55b956bf7,341850cff09aac272cb72f0e41ec356f8ab7b83be9d6c6160b439b3e75d2ad92,True,Total selection includes global-sign loss only with observed G05 and nonzero global-sign weight.,positive means g05_full_reconstruction is better
27eeeaa89d739d150417e05407607bf3d367f9affa302e8be822737fc6047e45,total,validation_loss.total,g05_sign_only,g05_full_reconstruction,1.0,32,charge_mae,43,primary,0.2836688289642334,0.2787014503479004,-0.004967378616333007,0.004967378616333007,31,26,0.9406301028728485,0.9486440725326539,e892a01e209ddd8a094813655a39438a1563639d97adb57d9ce1a8a55b956bf7,341850cff09aac272cb72f0e41ec356f8ab7b83be9d6c6160b439b3e75d2ad92,True,Total selection includes global-sign loss only with observed G05 and nonzero global-sign weight.,positive means g05_full_reconstruction is better
27eeeaa89d739d150417e05407607bf3d367f9affa302e8be822737fc6047e45,total,validation_loss.total,g05_sign_only,g05_full_reconstruction,1.0,32,global_invariant_charge_mae,43,primary,0.19724883460998535,0.18934203720092774,-0.007906797409057614,0.007906797409057614,31,26,0.9406301028728485,0.9486440725326539,e892a01e209ddd8a094813655a39438a1563639d97adb57d9ce1a8a55b956bf7,341850cff09aac272cb72f0e41ec356f8ab7b83be9d6c6160b439b3e75d2ad92,True,Total selection includes global-sign loss only with observed G05 and nonzero global-sign weight.,positive means g05_full_reconstruction is better
