split,model,fraction,seed,checkpoint_selection,metric,selected_candidate_id,baseline,selected,improvement,improvement_pct,accuracy_delta_pp
validation,g05_sign_only,1.0,41,structure,loss_global_sign,dropout020,0.34561516451835633,0.3426971724033356,0.002917992115020751,0.8442893757532941,
validation,g05_sign_only,1.0,41,structure,loss_magnitude,dropout020,0.07286872959136963,0.07385378813743591,-0.0009850585460662864,-1.3518261558699578,
validation,g05_sign_only,1.0,41,structure,loss_position,dropout020,0.45602763891220094,0.4472161099910736,0.008811528921127354,1.9322357175863718,
validation,g05_sign_only,1.0,41,structure,loss_relative_sign,dropout020,0.061768150627613067,0.06603196179866791,-0.004263811171054843,-6.902928333989545,
validation,g05_sign_only,1.0,41,structure,loss_structure,dropout020,0.5906645221710205,0.5871018548011779,0.003562667369842565,0.6031625797919573,
validation,g05_sign_only,1.0,41,structure,loss_total,dropout020,0.9362796866893768,0.9297990272045136,0.006480659484863205,0.6921713219880258,
validation,g05_sign_only,1.0,41,structure,absolute_sign_accuracy,dropout020,0.8806000137329102,0.8745999908447266,-0.006000022888183576,-0.681356211062178,-0.6000022888183576
validation,g05_sign_only,1.0,41,structure,absolute_sign_set_accuracy,dropout020,0.842,0.839,-0.0030000000000000027,-0.3562945368171025,-0.30000000000000027
validation,g05_sign_only,1.0,41,structure,charge_mae,dropout020,0.2821016960144043,0.2929573783874512,-0.010855682373046849,-3.848145022315835,
validation,g05_sign_only,1.0,41,structure,charge_magnitude_mae,dropout020,0.15328179359436034,0.15511098670959472,-0.0018291931152343843,-1.1933531519569103,
validation,g05_sign_only,1.0,41,structure,global_invariant_charge_mae,dropout020,0.1856759090423584,0.18656410598754883,-0.0008881969451904337,-0.4783587433455401,
validation,g05_sign_only,1.0,41,structure,global_sign_accuracy,dropout020,0.857,0.855,-0.0020000000000000018,-0.23337222870478433,-0.20000000000000018
validation,g05_sign_only,1.0,41,structure,global_sign_bce,dropout020,0.345615161895752,0.34269717025756835,0.0029179916381836257,0.8442892441922963,
validation,g05_sign_only,1.0,41,structure,mean_position_3d_error,dropout020,0.7451625061035156,0.7365636215209961,0.008598884582519561,1.1539609832871853,
validation,g05_sign_only,1.0,41,structure,mean_position_mae,dropout020,0.3659396247863769,0.3611709747314453,0.0047686500549316,1.303124814022361,
validation,g05_sign_only,1.0,41,structure,observations_per_sample,dropout020,32.0,32.0,0.0,0.0,
validation,g05_sign_only,1.0,41,structure,observed_sample_fraction,dropout020,1.0,1.0,0.0,0.0,
validation,g05_sign_only,1.0,41,structure,pairwise_relative_sign_accuracy,dropout020,0.954599983215332,0.954999984741211,0.00040000152587893467,0.041902528065381826,0.04000015258789347
validation,g05_sign_only,1.0,41,structure,position_mae_x,dropout020,0.4497040710449219,0.4230592460632324,0.026644824981689463,5.924968595409459,
validation,g05_sign_only,1.0,41,structure,position_mae_y,dropout020,0.42625172424316404,0.44331318664550784,-0.017061462402343797,-4.0026729352561485,
validation,g05_sign_only,1.0,41,structure,position_mae_z,dropout020,0.22186301994323732,0.21714043045043946,0.004722589492797857,2.128605972282407,
validation,g05_sign_only,1.0,41,structure,relative_configuration_accuracy,dropout020,0.919,0.92,0.0010000000000000009,0.1088139281828075,0.10000000000000009
validation,g05_sign_only,1.0,41,structure,relative_sign_accuracy,dropout020,0.9612000045776368,0.9620000076293945,0.0008000030517577583,0.08322961381063347,0.08000030517577583
validation,g05_sign_only,1.0,41,total,loss_global_sign,dropout020,0.34561516451835633,0.3426971724033356,0.002917992115020751,0.8442893757532941,
validation,g05_sign_only,1.0,41,total,loss_magnitude,dropout020,0.07286872959136963,0.07385378813743591,-0.0009850585460662864,-1.3518261558699578,
validation,g05_sign_only,1.0,41,total,loss_position,dropout020,0.45602763891220094,0.4472161099910736,0.008811528921127354,1.9322357175863718,
validation,g05_sign_only,1.0,41,total,loss_relative_sign,dropout020,0.061768150627613067,0.06603196179866791,-0.004263811171054843,-6.902928333989545,
validation,g05_sign_only,1.0,41,total,loss_structure,dropout020,0.5906645221710205,0.5871018548011779,0.003562667369842565,0.6031625797919573,
validation,g05_sign_only,1.0,41,total,loss_total,dropout020,0.9362796866893768,0.9297990272045136,0.006480659484863205,0.6921713219880258,
validation,g05_sign_only,1.0,41,total,absolute_sign_accuracy,dropout020,0.8806000137329102,0.8745999908447266,-0.006000022888183576,-0.681356211062178,-0.6000022888183576
validation,g05_sign_only,1.0,41,total,absolute_sign_set_accuracy,dropout020,0.842,0.839,-0.0030000000000000027,-0.3562945368171025,-0.30000000000000027
validation,g05_sign_only,1.0,41,total,charge_mae,dropout020,0.2821016960144043,0.2929573783874512,-0.010855682373046849,-3.848145022315835,
validation,g05_sign_only,1.0,41,total,charge_magnitude_mae,dropout020,0.15328179359436034,0.15511098670959472,-0.0018291931152343843,-1.1933531519569103,
validation,g05_sign_only,1.0,41,total,global_invariant_charge_mae,dropout020,0.1856759090423584,0.18656410598754883,-0.0008881969451904337,-0.4783587433455401,
validation,g05_sign_only,1.0,41,total,global_sign_accuracy,dropout020,0.857,0.855,-0.0020000000000000018,-0.23337222870478433,-0.20000000000000018
validation,g05_sign_only,1.0,41,total,global_sign_bce,dropout020,0.345615161895752,0.34269717025756835,0.0029179916381836257,0.8442892441922963,
validation,g05_sign_only,1.0,41,total,mean_position_3d_error,dropout020,0.7451625061035156,0.7365636215209961,0.008598884582519561,1.1539609832871853,
validation,g05_sign_only,1.0,41,total,mean_position_mae,dropout020,0.3659396247863769,0.3611709747314453,0.0047686500549316,1.303124814022361,
validation,g05_sign_only,1.0,41,total,observations_per_sample,dropout020,32.0,32.0,0.0,0.0,
validation,g05_sign_only,1.0,41,total,observed_sample_fraction,dropout020,1.0,1.0,0.0,0.0,
validation,g05_sign_only,1.0,41,total,pairwise_relative_sign_accuracy,dropout020,0.954599983215332,0.954999984741211,0.00040000152587893467,0.041902528065381826,0.04000015258789347
validation,g05_sign_only,1.0,41,total,position_mae_x,dropout020,0.4497040710449219,0.4230592460632324,0.026644824981689463,5.924968595409459,
validation,g05_sign_only,1.0,41,total,position_mae_y,dropout020,0.42625172424316404,0.44331318664550784,-0.017061462402343797,-4.0026729352561485,
validation,g05_sign_only,1.0,41,total,position_mae_z,dropout020,0.22186301994323732,0.21714043045043946,0.004722589492797857,2.128605972282407,
validation,g05_sign_only,1.0,41,total,relative_configuration_accuracy,dropout020,0.919,0.92,0.0010000000000000009,0.1088139281828075,0.10000000000000009
validation,g05_sign_only,1.0,41,total,relative_sign_accuracy,dropout020,0.9612000045776368,0.9620000076293945,0.0008000030517577583,0.08322961381063347,0.08000030517577583
validation,g05_full_reconstruction,1.0,41,structure,loss_global_sign,dropout020,0.3483570759296417,0.350703661441803,-0.00234658551216127,-0.6736149986042522,
validation,g05_full_reconstruction,1.0,41,structure,loss_magnitude,dropout020,0.07351794737577438,0.07298920184373855,0.0005287455320358292,0.7192060590772986,
validation,g05_full_reconstruction,1.0,41,structure,loss_position,dropout020,0.4635216920375824,0.4353865842819214,0.028135107755661026,6.069857838148344,
validation,g05_full_reconstruction,1.0,41,structure,loss_relative_sign,dropout020,0.06387830966711044,0.06715135240554809,-0.003273042738437648,-5.123871867453103,
validation,g05_full_reconstruction,1.0,41,structure,loss_structure,dropout020,0.6009179449081421,0.5755271415710449,0.0253908033370972,4.225336179797145,
validation,g05_full_reconstruction,1.0,41,structure,loss_total,dropout020,0.9492750208377838,0.9262308030128479,0.02304421782493593,2.4275596975677534,
validation,g05_full_reconstruction,1.0,41,structure,absolute_sign_accuracy,dropout020,0.8736000061035156,0.8710000152587891,-0.0025999908447265074,-0.29761799754594165,-0.25999908447265074
validation,g05_full_reconstruction,1.0,41,structure,absolute_sign_set_accuracy,dropout020,0.833,0.834,0.0010000000000000009,0.12004801920768318,0.10000000000000009
validation,g05_full_reconstruction,1.0,41,structure,charge_mae,dropout020,0.29332593154907227,0.29435736846923827,-0.0010314369201659956,-0.35163509571721596,
validation,g05_full_reconstruction,1.0,41,structure,charge_magnitude_mae,dropout020,0.1537076473236084,0.1532922191619873,0.00041542816162110086,0.27027162854589737,
validation,g05_full_reconstruction,1.0,41,structure,global_invariant_charge_mae,dropout020,0.18759724044799805,0.1858741226196289,0.0017231178283691473,0.9185198163119012,
validation,g05_full_reconstruction,1.0,41,structure,global_sign_accuracy,dropout020,0.856,0.857,0.0010000000000000009,0.11682242990654217,0.10000000000000009
validation,g05_full_reconstruction,1.0,41,structure,global_sign_bce,dropout020,0.34835707473754884,0.3507036590576172,-0.0023465843200683456,-0.6736146587050815,
validation,g05_full_reconstruction,1.0,41,structure,mean_position_3d_error,dropout020,0.7548253479003906,0.7170466842651367,0.03777866363525384,5.004954290464454,
validation,g05_full_reconstruction,1.0,41,structure,mean_position_mae,dropout020,0.3704276275634766,0.3522835922241211,0.01814403533935549,4.8981323176944525,
validation,g05_full_reconstruction,1.0,41,structure,observations_per_sample,dropout020,32.0,32.0,0.0,0.0,
validation,g05_full_reconstruction,1.0,41,structure,observed_sample_fraction,dropout020,1.0,1.0,0.0,0.0,
validation,g05_full_reconstruction,1.0,41,structure,pairwise_relative_sign_accuracy,dropout020,0.9520000152587891,0.9541999816894531,0.002199966430664002,0.23108890708010854,0.2199966430664002
validation,g05_full_reconstruction,1.0,41,structure,position_mae_x,dropout020,0.45509666061401366,0.4131784019470215,0.04191825866699217,9.210847341845204,
validation,g05_full_reconstruction,1.0,41,structure,position_mae_y,dropout020,0.43370882415771483,0.4266377639770508,0.007071060180664057,1.6303703745010087,
validation,g05_full_reconstruction,1.0,41,structure,position_mae_z,dropout020,0.22247735595703125,0.21703456115722655,0.0054427947998046955,2.4464488875244923,
validation,g05_full_reconstruction,1.0,41,structure,relative_configuration_accuracy,dropout020,0.915,0.92,0.0050000000000000044,0.5464480874316945,0.5000000000000004
validation,g05_full_reconstruction,1.0,41,structure,relative_sign_accuracy,dropout020,0.9600000076293945,0.9636000137329102,0.0036000061035156294,0.3750006328026408,0.36000061035156294
validation,g05_full_reconstruction,1.0,41,total,loss_global_sign,dropout020,0.3483570759296417,0.3431125099658966,0.005244565963745118,1.5055144063743295,
validation,g05_full_reconstruction,1.0,41,total,loss_magnitude,dropout020,0.07351794737577438,0.0736674787402153,-0.0001495313644409163,-0.20339436801276886,
validation,g05_full_reconstruction,1.0,41,total,loss_position,dropout020,0.4635216920375824,0.43699220776557923,0.02652948427200319,5.723461216104677,
validation,g05_full_reconstruction,1.0,41,total,loss_relative_sign,dropout020,0.06387830966711044,0.06576152718067169,-0.0018832175135612417,-2.9481329787454746,
validation,g05_full_reconstruction,1.0,41,total,loss_structure,dropout020,0.6009179449081421,0.5764212160110473,0.024496728897094755,4.076551400181499,
validation,g05_full_reconstruction,1.0,41,total,loss_total,dropout020,0.9492750208377838,0.9195337259769439,0.029741294860839873,3.1330535627695815,
validation,g05_full_reconstruction,1.0,41,total,absolute_sign_accuracy,dropout020,0.8736000061035156,0.868,-0.005600006103515631,-0.641026335209534,-0.5600006103515631
validation,g05_full_reconstruction,1.0,41,total,absolute_sign_set_accuracy,dropout020,0.833,0.828,-0.0050000000000000044,-0.6002400960384159,-0.5000000000000004
validation,g05_full_reconstruction,1.0,41,total,charge_mae,dropout020,0.29332593154907227,0.2961565475463867,-0.002830615997314434,-0.9650070767237581,
validation,g05_full_reconstruction,1.0,41,total,charge_magnitude_mae,dropout020,0.1537076473236084,0.15343565559387207,0.0002719917297363261,0.1769539346104806,
validation,g05_full_reconstruction,1.0,41,total,global_invariant_charge_mae,dropout020,0.18759724044799805,0.18765894889831544,-6.170845031738814e-05,-0.03289411409785301,
validation,g05_full_reconstruction,1.0,41,total,global_sign_accuracy,dropout020,0.856,0.854,-0.0020000000000000018,-0.23364485981308433,-0.20000000000000018
validation,g05_full_reconstruction,1.0,41,total,global_sign_bce,dropout020,0.34835707473754884,0.34311250686645506,0.005244567871093786,1.5055149590531576,
validation,g05_full_reconstruction,1.0,41,total,mean_position_3d_error,dropout020,0.7548253479003906,0.7252916183471679,0.029533729553222643,3.9126573631069976,
validation,g05_full_reconstruction,1.0,41,total,mean_position_mae,dropout020,0.3704276275634766,0.35547518539428713,0.01495244216918945,4.036535359832791,
validation,g05_full_reconstruction,1.0,41,total,observations_per_sample,dropout020,32.0,32.0,0.0,0.0,
validation,g05_full_reconstruction,1.0,41,total,observed_sample_fraction,dropout020,1.0,1.0,0.0,0.0,
validation,g05_full_reconstruction,1.0,41,total,pairwise_relative_sign_accuracy,dropout020,0.9520000152587891,0.9526000061035156,0.0005999908447265057,0.0630242473854799,0.059999084472650566
validation,g05_full_reconstruction,1.0,41,total,position_mae_x,dropout020,0.45509666061401366,0.41941147994995115,0.03568518066406251,7.841231050985143,
validation,g05_full_reconstruction,1.0,41,total,position_mae_y,dropout020,0.43370882415771483,0.43583931350708005,-0.0021304893493652166,-0.491225732725807,
validation,g05_full_reconstruction,1.0,41,total,position_mae_z,dropout020,0.22247735595703125,0.211174711227417,0.011302644729614258,5.080357360862031,
validation,g05_full_reconstruction,1.0,41,total,relative_configuration_accuracy,dropout020,0.915,0.916,0.0010000000000000009,0.10928961748633889,0.10000000000000009
validation,g05_full_reconstruction,1.0,41,total,relative_sign_accuracy,dropout020,0.9600000076293945,0.9604000015258789,0.0003999938964843741,0.04166603055265711,0.03999938964843741
validation,g05_sign_only,1.0,42,structure,loss_global_sign,dropout020,0.34910545086860656,0.3474003520011902,0.001705098867416377,0.48841943406324184,
validation,g05_sign_only,1.0,42,structure,loss_magnitude,dropout020,0.07530006521940232,0.07563333451747895,-0.00033326929807662997,-0.4425883259271834,
validation,g05_sign_only,1.0,42,structure,loss_position,dropout020,0.46072743344306943,0.43463032817840574,0.02609710526466369,5.664326317544627,
validation,g05_sign_only,1.0,42,structure,loss_relative_sign,dropout020,0.06493445384502411,0.06937953647971153,-0.004445082634687417,-6.8454916788801805,
validation,g05_sign_only,1.0,42,structure,loss_structure,dropout020,0.6009619393348694,0.5796431913375855,0.02131874799728395,3.5474373004185655,
validation,g05_sign_only,1.0,42,structure,loss_total,dropout020,0.950067390203476,0.9270435433387756,0.02302384686470038,2.4233909196451173,
validation,g05_sign_only,1.0,42,structure,absolute_sign_accuracy,dropout020,0.8686000061035156,0.8734000015258789,0.004799995422363312,0.5526128699786438,0.47999954223633123
validation,g05_sign_only,1.0,42,structure,absolute_sign_set_accuracy,dropout020,0.832,0.833,0.0010000000000000009,0.1201923076923078,0.10000000000000009
validation,g05_sign_only,1.0,42,structure,charge_mae,dropout020,0.2972998046875,0.29456460189819333,0.0027352027893066677,0.920014997043713,
validation,g05_sign_only,1.0,42,structure,charge_magnitude_mae,dropout020,0.15574238395690918,0.15716864967346192,-0.0014262657165527437,-0.9157852090843576,
validation,g05_sign_only,1.0,42,structure,global_invariant_charge_mae,dropout020,0.18798015213012695,0.1912383861541748,-0.003258234024047846,-1.7332861938490045,
validation,g05_sign_only,1.0,42,structure,global_sign_accuracy,dropout020,0.859,0.859,0.0,0.0,0.0
validation,g05_sign_only,1.0,42,structure,global_sign_bce,dropout020,0.3491054496765137,0.3474003505706787,0.0017050991058349951,0.4884195040252065,
validation,g05_sign_only,1.0,42,structure,mean_position_3d_error,dropout020,0.7502518615722656,0.7264714584350586,0.023780403137207085,3.169655998903045,
validation,g05_sign_only,1.0,42,structure,mean_position_mae,dropout020,0.3692874755859375,0.3566276626586914,0.012659812927246106,3.42817283666584,
validation,g05_sign_only,1.0,42,structure,observations_per_sample,dropout020,32.0,32.0,0.0,0.0,
validation,g05_sign_only,1.0,42,structure,observed_sample_fraction,dropout020,1.0,1.0,0.0,0.0,
validation,g05_sign_only,1.0,42,structure,pairwise_relative_sign_accuracy,dropout020,0.9548000030517578,0.951999984741211,-0.0028000183105468812,-0.2932570487638653,-0.2800018310546881
validation,g05_sign_only,1.0,42,structure,position_mae_x,dropout020,0.44634907150268555,0.44601437759399415,0.0003346939086913969,0.07498478882561833,
validation,g05_sign_only,1.0,42,structure,position_mae_y,dropout020,0.43911053466796873,0.40965293502807615,0.029457599639892584,6.708470262998087,
validation,g05_sign_only,1.0,42,structure,position_mae_z,dropout020,0.22240278244018555,0.21421563529968263,0.00818714714050292,3.6812251405644285,
validation,g05_sign_only,1.0,42,structure,relative_configuration_accuracy,dropout020,0.92,0.915,-0.0050000000000000044,-0.5434782608695656,-0.5000000000000004
validation,g05_sign_only,1.0,42,structure,relative_sign_accuracy,dropout020,0.9624000015258789,0.9599999771118164,-0.002400024414062507,-0.24937909499763966,-0.2400024414062507
validation,g05_sign_only,1.0,42,total,loss_global_sign,dropout020,0.34910545086860656,0.34011833810806275,0.008987112760543814,2.5743261063907905,
validation,g05_sign_only,1.0,42,total,loss_magnitude,dropout020,0.07530006521940232,0.07505424177646637,0.00024582344293594405,0.32645847280435497,
validation,g05_sign_only,1.0,42,total,loss_position,dropout020,0.46072743344306943,0.43654400897026063,0.0241834244728088,5.24896559601048,
validation,g05_sign_only,1.0,42,total,loss_relative_sign,dropout020,0.06493445384502411,0.07212937426567077,-0.007194920420646664,-11.080281721962935,
validation,g05_sign_only,1.0,42,total,loss_structure,dropout020,0.6009619393348694,0.5837276191711426,0.017234320163726835,2.867788962276276,
validation,g05_sign_only,1.0,42,total,loss_total,dropout020,0.950067390203476,0.9238459572792053,0.026221432924270704,2.759955051046943,
validation,g05_sign_only,1.0,42,total,absolute_sign_accuracy,dropout020,0.8686000061035156,0.8751999893188477,0.0065999832153320614,0.759841488482042,0.6599983215332061
validation,g05_sign_only,1.0,42,total,absolute_sign_set_accuracy,dropout020,0.832,0.833,0.0010000000000000009,0.1201923076923078,0.10000000000000009
validation,g05_sign_only,1.0,42,total,charge_mae,dropout020,0.2972998046875,0.29115667724609373,0.006143127441406271,2.0663072577069066,
validation,g05_sign_only,1.0,42,total,charge_magnitude_mae,dropout020,0.15574238395690918,0.15675306129455566,-0.0010106773376464817,-0.6489417408212501,
validation,g05_sign_only,1.0,42,total,global_invariant_charge_mae,dropout020,0.18798015213012695,0.19218236541748046,-0.004202213287353512,-2.235455839212526,
validation,g05_sign_only,1.0,42,total,global_sign_accuracy,dropout020,0.859,0.862,0.0030000000000000027,0.3492433061699654,0.30000000000000027
validation,g05_sign_only,1.0,42,total,global_sign_bce,dropout020,0.3491054496765137,0.34011833572387695,0.008987113952636738,2.5743264566520896,
validation,g05_sign_only,1.0,42,total,mean_position_3d_error,dropout020,0.7502518615722656,0.730455940246582,0.01979592132568364,2.638570104204515,
validation,g05_sign_only,1.0,42,total,mean_position_mae,dropout020,0.3692874755859375,0.35969870376586915,0.009588771820068342,2.5965602556258163,
validation,g05_sign_only,1.0,42,total,observations_per_sample,dropout020,32.0,32.0,0.0,0.0,
validation,g05_sign_only,1.0,42,total,observed_sample_fraction,dropout020,1.0,1.0,0.0,0.0,
validation,g05_sign_only,1.0,42,total,pairwise_relative_sign_accuracy,dropout020,0.9548000030517578,0.9497999954223633,-0.005000007629394565,-0.5236706758916426,-0.5000007629394565
validation,g05_sign_only,1.0,42,total,position_mae_x,dropout020,0.44634907150268555,0.44460320281982424,0.0017458686828613068,0.39114423986223135,
validation,g05_sign_only,1.0,42,total,position_mae_y,dropout020,0.43911053466796873,0.4166631011962891,0.022447433471679656,5.112023442719991,
validation,g05_sign_only,1.0,42,total,position_mae_z,dropout020,0.22240278244018555,0.21782973670959474,0.004573045730590808,2.0561998732280755,
validation,g05_sign_only,1.0,42,total,relative_configuration_accuracy,dropout020,0.92,0.911,-0.009000000000000008,-0.9782608695652182,-0.9000000000000008
validation,g05_sign_only,1.0,42,total,relative_sign_accuracy,dropout020,0.9624000015258789,0.957999984741211,-0.004400016784667948,-0.4571921007576632,-0.44000167846679483
validation,g05_full_reconstruction,1.0,42,structure,loss_global_sign,dropout020,0.3471103839874268,0.36097677326202393,-0.013866389274597157,-3.994806814854445,
validation,g05_full_reconstruction,1.0,42,structure,loss_magnitude,dropout020,0.07461936646699906,0.0736293676495552,0.0009899988174438545,1.3267317377743866,
validation,g05_full_reconstruction,1.0,42,structure,loss_position,dropout020,0.47133282899856566,0.44064544582366943,0.03068738317489622,6.510767187615019,
validation,g05_full_reconstruction,1.0,42,structure,loss_relative_sign,dropout020,0.06275699877738952,0.06577696168422699,-0.0030199629068374673,-4.812153171234056,
validation,g05_full_reconstruction,1.0,42,structure,loss_structure,dropout020,0.6087091903686523,0.5800517778396607,0.028657412528991677,4.7078987770228835,
validation,g05_full_reconstruction,1.0,42,structure,loss_total,dropout020,0.9558195743560791,0.9410285511016846,0.01479102325439452,1.5474702183577904,
validation,g05_full_reconstruction,1.0,42,structure,absolute_sign_accuracy,dropout020,0.8737999801635742,0.8652000045776367,-0.008599975585937503,-0.9842041406693095,-0.8599975585937503
validation,g05_full_reconstruction,1.0,42,structure,absolute_sign_set_accuracy,dropout020,0.831,0.828,-0.0030000000000000027,-0.3610108303249101,-0.30000000000000027
validation,g05_full_reconstruction,1.0,42,structure,charge_mae,dropout020,0.29490615463256836,0.30125238418579103,-0.006346229553222671,-2.1519488330549126,
validation,g05_full_reconstruction,1.0,42,structure,charge_magnitude_mae,dropout020,0.15526732063293458,0.15393854141235352,0.0013287792205810556,0.8558009600245534,
validation,g05_full_reconstruction,1.0,42,structure,global_invariant_charge_mae,dropout020,0.19057730293273925,0.1840909481048584,0.006486354827880847,3.4035295536583843,
validation,g05_full_reconstruction,1.0,42,structure,global_sign_accuracy,dropout020,0.857,0.852,-0.0050000000000000044,-0.5834305717619609,-0.5000000000000004
validation,g05_full_reconstruction,1.0,42,structure,global_sign_bce,dropout020,0.3471103820800781,0.3609767723083496,-0.013866390228271519,-3.9948071115523573,
validation,g05_full_reconstruction,1.0,42,structure,mean_position_3d_error,dropout020,0.762980224609375,0.7351368560791015,0.02784336853027347,3.649290981889932,
validation,g05_full_reconstruction,1.0,42,structure,mean_position_mae,dropout020,0.37435241317749024,0.36099311447143556,0.013359298706054679,3.568642336952343,
validation,g05_full_reconstruction,1.0,42,structure,observations_per_sample,dropout020,32.0,32.0,0.0,0.0,
validation,g05_full_reconstruction,1.0,42,structure,observed_sample_fraction,dropout020,1.0,1.0,0.0,0.0,
validation,g05_full_reconstruction,1.0,42,structure,pairwise_relative_sign_accuracy,dropout020,0.9499999923706055,0.9570000152587891,0.007000022888183577,0.7368445204631949,0.7000022888183577
validation,g05_full_reconstruction,1.0,42,structure,position_mae_x,dropout020,0.4502324676513672,0.44702748489379884,0.0032049827575683643,0.7118506522390804,
validation,g05_full_reconstruction,1.0,42,structure,position_mae_y,dropout020,0.44561796951293947,0.4184217414855957,0.027196228027343783,6.10303665650406,
validation,g05_full_reconstruction,1.0,42,structure,position_mae_z,dropout020,0.2272067642211914,0.21753009033203125,0.009676673889160159,4.258972624485633,
validation,g05_full_reconstruction,1.0,42,structure,relative_configuration_accuracy,dropout020,0.912,0.924,0.01200000000000001,1.3157894736842117,1.200000000000001
validation,g05_full_reconstruction,1.0,42,structure,relative_sign_accuracy,dropout020,0.9591999893188476,0.9644000015258789,0.005200012207031257,0.5421197106897299,0.5200012207031257
validation,g05_full_reconstruction,1.0,42,total,loss_global_sign,dropout020,0.3423144094944,0.34039738297462463,0.0019170265197753777,0.5600192298673126,
validation,g05_full_reconstruction,1.0,42,total,loss_magnitude,dropout020,0.07456688964366913,0.07325372123718261,0.0013131684064865146,1.7610609920324134,
validation,g05_full_reconstruction,1.0,42,total,loss_position,dropout020,0.47153129410743716,0.44399619460105894,0.027535099506378224,5.839506274657653,
validation,g05_full_reconstruction,1.0,42,total,loss_relative_sign,dropout020,0.06672478348016739,0.06326324117183685,0.0034615423083305397,5.187790994270388,
validation,g05_full_reconstruction,1.0,42,total,loss_structure,dropout020,0.612822968006134,0.5805131635665893,0.032309804439544676,5.272290061951672,
validation,g05_full_reconstruction,1.0,42,total,loss_total,dropout020,0.9551373775005341,0.920910546541214,0.03422683095932011,3.583445875491452,
validation,g05_full_reconstruction,1.0,42,total,absolute_sign_accuracy,dropout020,0.8763999938964844,0.8737999954223633,-0.002599998474121068,-0.29666801600048454,-0.2599998474121068
validation,g05_full_reconstruction,1.0,42,total,absolute_sign_set_accuracy,dropout020,0.837,0.837,0.0,0.0,0.0
validation,g05_full_reconstruction,1.0,42,total,charge_mae,dropout020,0.2904986991882324,0.2917879409790039,-0.0012892417907715004,-0.44380294795610065,
validation,g05_full_reconstruction,1.0,42,total,charge_magnitude_mae,dropout020,0.15542917060852052,0.15360665130615234,0.0018225193023681807,1.1725722367512084,
validation,g05_full_reconstruction,1.0,42,total,global_invariant_charge_mae,dropout020,0.18885976409912109,0.18524544143676758,0.0036143226623535085,1.9137600216722546,
validation,g05_full_reconstruction,1.0,42,total,global_sign_accuracy,dropout020,0.856,0.859,0.0030000000000000027,0.3504672897196265,0.30000000000000027
validation,g05_full_reconstruction,1.0,42,total,global_sign_bce,dropout020,0.34231440734863283,0.34039738273620607,0.0019170246124267654,0.560018676185708,
validation,g05_full_reconstruction,1.0,42,total,mean_position_3d_error,dropout020,0.767878890991211,0.7354437713623047,0.03243511962890633,4.223988966155546,
validation,g05_full_reconstruction,1.0,42,total,mean_position_mae,dropout020,0.37621129608154297,0.3611834945678711,0.01502780151367189,3.9945109756658255,
validation,g05_full_reconstruction,1.0,42,total,observations_per_sample,dropout020,32.0,32.0,0.0,0.0,
validation,g05_full_reconstruction,1.0,42,total,observed_sample_fraction,dropout020,1.0,1.0,0.0,0.0,
validation,g05_full_reconstruction,1.0,42,total,pairwise_relative_sign_accuracy,dropout020,0.9526000061035156,0.9542000045776368,0.0015999984741211781,0.1679612076285576,0.1599998474121178
validation,g05_full_reconstruction,1.0,42,total,position_mae_x,dropout020,0.45160297775268554,0.4487043418884277,0.0028986358642578147,0.6418549050943625,
validation,g05_full_reconstruction,1.0,42,total,position_mae_y,dropout020,0.4528298568725586,0.4156841926574707,0.037145664215087915,8.20300685816791,
validation,g05_full_reconstruction,1.0,42,total,position_mae_z,dropout020,0.2242010498046875,0.2191619129180908,0.005039136886596685,2.2475973645023175,
validation,g05_full_reconstruction,1.0,42,total,relative_configuration_accuracy,dropout020,0.916,0.919,0.0030000000000000027,0.32751091703056795,0.30000000000000027
validation,g05_full_reconstruction,1.0,42,total,relative_sign_accuracy,dropout020,0.9604000091552735,0.9620000152587891,0.0016000061035156277,0.16659788507529527,0.16000061035156277
validation,g05_sign_only,1.0,43,structure,loss_global_sign,dropout020,0.3425494289398193,0.3399396142959595,0.0026098146438598424,0.7618797240261483,
validation,g05_sign_only,1.0,43,structure,loss_magnitude,dropout020,0.07422971874475479,0.07416595262289047,6.376612186431707e-05,0.08590376326708486,
validation,g05_sign_only,1.0,43,structure,loss_position,dropout020,0.4628551061153412,0.4467496316432953,0.01610547447204591,3.479593129525184,
validation,g05_sign_only,1.0,43,structure,loss_relative_sign,dropout020,0.06142354932427406,0.06532292664051056,-0.0038993773162365047,-6.348342547986729,
validation,g05_sign_only,1.0,43,structure,loss_structure,dropout020,0.598508382320404,0.5862385225296021,0.012269859790801974,2.05007317411863,
validation,g05_sign_only,1.0,43,structure,loss_total,dropout020,0.9410578112602234,0.9261781368255615,0.014879674434661871,1.5811647548768193,
validation,g05_sign_only,1.0,43,structure,absolute_sign_accuracy,dropout020,0.8783999938964844,0.8748000030517578,-0.0035999908447266193,-0.40983502615448136,-0.35999908447266193
validation,g05_sign_only,1.0,43,structure,absolute_sign_set_accuracy,dropout020,0.839,0.837,-0.0020000000000000018,-0.23837902264600738,-0.20000000000000018
validation,g05_sign_only,1.0,43,structure,charge_mae,dropout020,0.28753943252563474,0.2942585105895996,-0.006719078063964878,-2.336750130215917,
validation,g05_sign_only,1.0,43,structure,charge_magnitude_mae,dropout020,0.15502783203125,0.15599177742004394,-0.0009639453887939353,-0.6217886015458349,
validation,g05_sign_only,1.0,43,structure,global_invariant_charge_mae,dropout020,0.1883136920928955,0.18817218017578125,0.00014151191711425648,0.07514690808804725,
validation,g05_sign_only,1.0,43,structure,global_sign_accuracy,dropout020,0.856,0.856,0.0,0.0,0.0
validation,g05_sign_only,1.0,43,structure,global_sign_bce,dropout020,0.3425494289398193,0.3399396133422852,0.0026098155975341486,0.7618800024310224,
validation,g05_sign_only,1.0,43,structure,mean_position_3d_error,dropout020,0.7552856674194336,0.7388299407958985,0.016455726623535116,2.178742075135492,
validation,g05_sign_only,1.0,43,structure,mean_position_mae,dropout020,0.3709542198181152,0.36261681365966797,0.008337406158447247,2.247556629099734,
validation,g05_sign_only,1.0,43,structure,observations_per_sample,dropout020,32.0,32.0,0.0,0.0,
validation,g05_sign_only,1.0,43,structure,observed_sample_fraction,dropout020,1.0,1.0,0.0,0.0,
validation,g05_sign_only,1.0,43,structure,pairwise_relative_sign_accuracy,dropout020,0.9532000045776368,0.9537999877929687,0.0005999832153319451,0.06294410537668826,0.05999832153319451
validation,g05_sign_only,1.0,43,structure,position_mae_x,dropout020,0.4358943824768066,0.41879575729370117,0.017098625183105454,3.922653255118572,
validation,g05_sign_only,1.0,43,structure,position_mae_y,dropout020,0.45611518478393553,0.4520760078430176,0.004039176940917932,0.8855607258134399,
validation,g05_sign_only,1.0,43,structure,position_mae_z,dropout020,0.2208530616760254,0.21697865676879882,0.0038744049072265696,1.7542907840281727,
validation,g05_sign_only,1.0,43,structure,relative_configuration_accuracy,dropout020,0.917,0.918,0.0010000000000000009,0.10905125408942212,0.10000000000000009
validation,g05_sign_only,1.0,43,structure,relative_sign_accuracy,dropout020,0.9608000030517578,0.9612000045776368,0.00040000152587893467,0.04163213203668014,0.04000015258789347
validation,g05_sign_only,1.0,43,total,loss_global_sign,dropout020,0.34123589873313903,0.3399396142959595,0.0012962844371795512,0.3798792688553852,
validation,g05_sign_only,1.0,43,total,loss_magnitude,dropout020,0.07467613172531128,0.07416595262289047,0.0005101791024208074,0.6831889797096755,
validation,g05_sign_only,1.0,43,total,loss_position,dropout020,0.4653138885498047,0.4467496316432953,0.018564256906509424,3.9896202033355825,
validation,g05_sign_only,1.0,43,total,loss_relative_sign,dropout020,0.05875707930326462,0.06532292664051056,-0.006565847337245946,-11.174563839971432,
validation,g05_sign_only,1.0,43,total,loss_structure,dropout020,0.5987471127510071,0.5862385225296021,0.012508590221405047,2.089127438783463,
validation,g05_sign_only,1.0,43,total,loss_total,dropout020,0.9399830114841461,0.9261781368255615,0.013804874658584598,1.4686302294748903,
validation,g05_sign_only,1.0,43,total,absolute_sign_accuracy,dropout020,0.8755999908447266,0.8748000030517578,-0.0007999877929688592,-0.09136452733366052,-0.07999877929688592
validation,g05_sign_only,1.0,43,total,absolute_sign_set_accuracy,dropout020,0.835,0.837,0.0020000000000000018,0.23952095808383256,0.20000000000000018
validation,g05_sign_only,1.0,43,total,charge_mae,dropout020,0.291197868347168,0.2942585105895996,-0.0030606422424316326,-1.05105242006192,
validation,g05_sign_only,1.0,43,total,charge_magnitude_mae,dropout020,0.1554702434539795,0.15599177742004394,-0.0005215339660644414,-0.3354558110142921,
validation,g05_sign_only,1.0,43,total,global_invariant_charge_mae,dropout020,0.1885644416809082,0.18817218017578125,0.00039226150512694513,0.20802517252469924,
validation,g05_sign_only,1.0,43,total,global_sign_accuracy,dropout020,0.858,0.856,-0.0020000000000000018,-0.2331002331002333,-0.20000000000000018
validation,g05_sign_only,1.0,43,total,global_sign_bce,dropout020,0.341235897064209,0.3399396133422852,0.0012962837219238077,0.3798790611058986,
validation,g05_sign_only,1.0,43,total,mean_position_3d_error,dropout020,0.7593000869750977,0.7388299407958985,0.020470146179199178,2.6959230652466033,
validation,g05_sign_only,1.0,43,total,mean_position_mae,dropout020,0.3725656394958496,0.36261681365966797,0.009948825836181618,2.670355175438139,
validation,g05_sign_only,1.0,43,total,observations_per_sample,dropout020,32.0,32.0,0.0,0.0,
validation,g05_sign_only,1.0,43,total,observed_sample_fraction,dropout020,1.0,1.0,0.0,0.0,
validation,g05_sign_only,1.0,43,total,pairwise_relative_sign_accuracy,dropout020,0.9524000015258789,0.9537999877929687,0.0013999862670898144,0.1469956178965602,0.13999862670898144
validation,g05_sign_only,1.0,43,total,position_mae_x,dropout020,0.43694368743896483,0.41879575729370117,0.01814793014526367,4.1533796383770145,
validation,g05_sign_only,1.0,43,total,position_mae_y,dropout020,0.4607727241516113,0.4520760078430176,0.0086967163085937,1.8874199475688056,
validation,g05_sign_only,1.0,43,total,position_mae_z,dropout020,0.21998046112060546,0.21697865676879882,0.003001804351806636,1.3645777159094512,
validation,g05_sign_only,1.0,43,total,relative_configuration_accuracy,dropout020,0.915,0.918,0.0030000000000000027,0.32786885245901665,0.30000000000000027
validation,g05_sign_only,1.0,43,total,relative_sign_accuracy,dropout020,0.9592000045776368,0.9612000045776368,0.0020000000000000018,0.20850708824596587,0.20000000000000018
validation,g05_full_reconstruction,1.0,43,structure,loss_global_sign,dropout020,0.3505796298980713,0.3472182898521423,0.0033613400459289733,0.9587950238027979,
validation,g05_full_reconstruction,1.0,43,structure,loss_magnitude,dropout020,0.07336565500497819,0.07240052253007889,0.000965132474899294,1.315509927409229,
validation,g05_full_reconstruction,1.0,43,structure,loss_position,dropout020,0.46678959703445433,0.43720490407943724,0.02958469295501709,6.3379075161423115,
validation,g05_full_reconstruction,1.0,43,structure,loss_relative_sign,dropout020,0.056472340106964114,0.05865199714899063,-0.0021796570420265157,-3.8596896071564113,
validation,g05_full_reconstruction,1.0,43,structure,loss_structure,dropout020,0.5966275882720947,0.568257426738739,0.028370161533355698,4.755087108110287,
validation,g05_full_reconstruction,1.0,43,structure,loss_total,dropout020,0.9472072181701661,0.9154757165908813,0.03173150157928473,3.3500063101909503,
validation,g05_full_reconstruction,1.0,43,structure,absolute_sign_accuracy,dropout020,0.8741999893188477,0.8711999893188477,-0.0030000000000000027,-0.34317090330068745,-0.30000000000000027
validation,g05_full_reconstruction,1.0,43,structure,absolute_sign_set_accuracy,dropout020,0.835,0.836,0.0010000000000000009,0.11976047904191628,0.10000000000000009
validation,g05_full_reconstruction,1.0,43,structure,charge_mae,dropout020,0.2910713596343994,0.2937624092102051,-0.002691049575805682,-0.9245325885672085,
validation,g05_full_reconstruction,1.0,43,structure,charge_magnitude_mae,dropout020,0.15418047523498535,0.15269769668579103,0.001482778549194319,0.9617161621368899,
validation,g05_full_reconstruction,1.0,43,structure,global_invariant_charge_mae,dropout020,0.1867463550567627,0.18289797401428223,0.0038483810424804754,2.0607529615829643,
validation,g05_full_reconstruction,1.0,43,structure,global_sign_accuracy,dropout020,0.851,0.852,0.0010000000000000009,0.11750881316098719,0.10000000000000009
validation,g05_full_reconstruction,1.0,43,structure,global_sign_bce,dropout020,0.3505796279907227,0.3472182884216309,0.0033613395690917924,0.9587948930052327,
validation,g05_full_reconstruction,1.0,43,structure,mean_position_3d_error,dropout020,0.7631776580810546,0.7286698608398438,0.03450779724121089,4.52159426783769,
validation,g05_full_reconstruction,1.0,43,structure,mean_position_mae,dropout020,0.3730879554748535,0.35775014877319333,0.015337806701660184,4.111043113717984,
validation,g05_full_reconstruction,1.0,43,structure,observations_per_sample,dropout020,32.0,32.0,0.0,0.0,
validation,g05_full_reconstruction,1.0,43,structure,observed_sample_fraction,dropout020,1.0,1.0,0.0,0.0,
validation,g05_full_reconstruction,1.0,43,structure,pairwise_relative_sign_accuracy,dropout020,0.953599983215332,0.9571999893188476,0.0036000061035156294,0.3775174252181917,0.36000061035156294
validation,g05_full_reconstruction,1.0,43,structure,position_mae_x,dropout020,0.43873909378051756,0.4194169120788574,0.019322181701660168,4.4040255303363125,
validation,g05_full_reconstruction,1.0,43,structure,position_mae_y,dropout020,0.46041915130615235,0.4377097015380859,0.022709449768066436,4.932342562997766,
validation,g05_full_reconstruction,1.0,43,structure,position_mae_z,dropout020,0.22010556411743165,0.21612377738952637,0.003981786727905279,1.8090350163891808,
validation,g05_full_reconstruction,1.0,43,structure,relative_configuration_accuracy,dropout020,0.918,0.924,0.006000000000000005,0.6535947712418306,0.6000000000000005
validation,g05_full_reconstruction,1.0,43,structure,relative_sign_accuracy,dropout020,0.9616000061035156,0.9640000152587891,0.002400009155273497,0.24958497712562802,0.2400009155273497
validation,g05_full_reconstruction,1.0,43,total,loss_global_sign,dropout020,0.3505796298980713,0.34336164021492005,0.007217989683151238,2.058873096890946,
validation,g05_full_reconstruction,1.0,43,total,loss_magnitude,dropout020,0.07336565500497819,0.07422063767910003,-0.0008549826741218458,-1.1653718269997473,
validation,g05_full_reconstruction,1.0,43,total,loss_position,dropout020,0.46678959703445433,0.4298353590965271,0.03695423793792724,7.916679843059913,
validation,g05_full_reconstruction,1.0,43,total,loss_relative_sign,dropout020,0.056472340106964114,0.06434509474039078,-0.007872754633426668,-13.940903845165446,
validation,g05_full_reconstruction,1.0,43,total,loss_structure,dropout020,0.5966275882720947,0.5684010925292968,0.028226495742797897,4.731007465569138,
validation,g05_full_reconstruction,1.0,43,total,loss_total,dropout020,0.9472072181701661,0.9117627327442168,0.035444485425949246,3.741999083835279,
validation,g05_full_reconstruction,1.0,43,total,absolute_sign_accuracy,dropout020,0.8741999893188477,0.869,-0.0051999893188476864,-0.5948283439009617,-0.5199989318847686
validation,g05_full_reconstruction,1.0,43,total,absolute_sign_set_accuracy,dropout020,0.835,0.83,-0.0050000000000000044,-0.5988023952095815,-0.5000000000000004
validation,g05_full_reconstruction,1.0,43,total,charge_mae,dropout020,0.2910713596343994,0.2986164093017578,-0.007545049667358417,-2.5921649168215612,
validation,g05_full_reconstruction,1.0,43,total,charge_magnitude_mae,dropout020,0.15418047523498535,0.15497970008850098,-0.0007992248535156343,-0.5183696912968659,
validation,g05_full_reconstruction,1.0,43,total,global_invariant_charge_mae,dropout020,0.1867463550567627,0.18759387969970703,-0.0008475246429443251,-0.4538373146221326,
validation,g05_full_reconstruction,1.0,43,total,global_sign_accuracy,dropout020,0.851,0.851,0.0,0.0,0.0
validation,g05_full_reconstruction,1.0,43,total,global_sign_bce,dropout020,0.3505796279907227,0.3433616371154785,0.007217990875244162,2.0588734481272173,
validation,g05_full_reconstruction,1.0,43,total,mean_position_3d_error,dropout020,0.7631776580810546,0.7205529708862305,0.04262468719482415,5.585159201594069,
validation,g05_full_reconstruction,1.0,43,total,mean_position_mae,dropout020,0.3730879554748535,0.35362345504760745,0.019464500427246068,5.217134496468084,
validation,g05_full_reconstruction,1.0,43,total,observations_per_sample,dropout020,32.0,32.0,0.0,0.0,
validation,g05_full_reconstruction,1.0,43,total,observed_sample_fraction,dropout020,1.0,1.0,0.0,0.0,
validation,g05_full_reconstruction,1.0,43,total,pairwise_relative_sign_accuracy,dropout020,0.953599983215332,0.9541999816894531,0.0005999984741210662,0.0629193041822423,0.05999984741210662
validation,g05_full_reconstruction,1.0,43,total,position_mae_x,dropout020,0.43873909378051756,0.4150352363586426,0.023703857421874974,5.402722884260002,
validation,g05_full_reconstruction,1.0,43,total,position_mae_y,dropout020,0.46041915130615235,0.4324679870605469,0.027951164245605453,6.070808341988261,
validation,g05_full_reconstruction,1.0,43,total,position_mae_z,dropout020,0.22010556411743165,0.21336710166931153,0.006738462448120125,3.06146847088563,
validation,g05_full_reconstruction,1.0,43,total,relative_configuration_accuracy,dropout020,0.918,0.919,0.0010000000000000009,0.10893246187363843,0.10000000000000009
validation,g05_full_reconstruction,1.0,43,total,relative_sign_accuracy,dropout020,0.9616000061035156,0.9619999923706055,0.0003999862670899246,0.04159590937511561,0.03999862670899246
historical_test,g05_sign_only,1.0,41,total,loss_global_sign,dropout020,0.3403714168071747,0.34097343277931214,-0.0006020159721374374,-0.17687030767289372,
historical_test,g05_sign_only,1.0,41,total,loss_magnitude,dropout020,0.07429774576425552,0.07563147950172425,-0.0013337337374687286,-1.7951200588246985,
historical_test,g05_sign_only,1.0,41,total,loss_position,dropout020,0.44176836013793946,0.43973522782325747,0.0020331323146819957,0.46022587811566285,
historical_test,g05_sign_only,1.0,41,total,loss_relative_sign,dropout020,0.05989198535680771,0.06728000766038894,-0.007388022303581231,-12.335577556106946,
historical_test,g05_sign_only,1.0,41,total,loss_structure,dropout020,0.5759580855369568,0.5826467046737671,-0.006688619136810292,-1.1613031060367172,
historical_test,g05_sign_only,1.0,41,total,loss_total,dropout020,0.9163295023441316,0.9236201374530792,-0.007290635108947674,-0.7956346587441473,
historical_test,g05_sign_only,1.0,41,total,absolute_sign_accuracy,dropout020,0.8828000030517578,0.8845999908447265,0.0017999877929687491,0.20389530887475737,0.1799987792968749
historical_test,g05_sign_only,1.0,41,total,absolute_sign_set_accuracy,dropout020,0.844,0.845,0.0010000000000000009,0.118483412322275,0.10000000000000009
historical_test,g05_sign_only,1.0,41,total,charge_mae,dropout020,0.28409596824645994,0.2850603542327881,-0.0009643859863281423,-0.3394578220453712,
historical_test,g05_sign_only,1.0,41,total,charge_magnitude_mae,dropout020,0.15552479934692381,0.15801284980773925,-0.002488050460815433,-1.5997773160699758,
historical_test,g05_sign_only,1.0,41,total,global_invariant_charge_mae,dropout020,0.19086493301391602,0.1924360237121582,-0.0015710906982421835,-0.8231426660902843,
historical_test,g05_sign_only,1.0,41,total,global_sign_accuracy,dropout020,0.864,0.865,0.0010000000000000009,0.11574074074074084,0.10000000000000009
historical_test,g05_sign_only,1.0,41,total,global_sign_bce,dropout020,0.3403714141845703,0.3409734306335449,-0.0006020164489746183,-0.1768704491288942,
historical_test,g05_sign_only,1.0,41,total,mean_position_3d_error,dropout020,0.7332394638061523,0.7316809158325195,0.0015585479736328622,0.2125564771899536,
historical_test,g05_sign_only,1.0,41,total,mean_position_mae,dropout020,0.35994944763183595,0.3589079093933105,0.0010415382385254301,0.28935680979033973,
historical_test,g05_sign_only,1.0,41,total,observations_per_sample,dropout020,32.0,32.0,0.0,0.0,
historical_test,g05_sign_only,1.0,41,total,observed_sample_fraction,dropout020,1.0,1.0,0.0,0.0,
historical_test,g05_sign_only,1.0,41,total,pairwise_relative_sign_accuracy,dropout020,0.9505999984741211,0.9513999938964843,0.0007999954223631978,0.08415689287264148,0.07999954223631978
historical_test,g05_sign_only,1.0,41,total,position_mae_x,dropout020,0.44510157012939455,0.4285323486328125,0.016569221496582076,3.722570893597448,
historical_test,g05_sign_only,1.0,41,total,position_mae_y,dropout020,0.41491066360473633,0.43243793106079104,-0.017527267456054707,-4.2243473097987225,
historical_test,g05_sign_only,1.0,41,total,position_mae_z,dropout020,0.2198360366821289,0.21575339317321776,0.004082643508911132,1.8571311467074962,
historical_test,g05_sign_only,1.0,41,total,relative_configuration_accuracy,dropout020,0.915,0.915,0.0,0.0,0.0
historical_test,g05_sign_only,1.0,41,total,relative_sign_accuracy,dropout020,0.9627999954223633,0.9611999969482422,-0.001599998474121067,-0.16618181156296913,-0.1599998474121067
historical_test,g05_sign_only,1.0,41,structure,loss_global_sign,dropout020,0.3403714168071747,0.34097343277931214,-0.0006020159721374374,-0.17687030767289372,
historical_test,g05_sign_only,1.0,41,structure,loss_magnitude,dropout020,0.07429774576425552,0.07563147950172425,-0.0013337337374687286,-1.7951200588246985,
historical_test,g05_sign_only,1.0,41,structure,loss_position,dropout020,0.44176836013793946,0.43973522782325747,0.0020331323146819957,0.46022587811566285,
historical_test,g05_sign_only,1.0,41,structure,loss_relative_sign,dropout020,0.05989198535680771,0.06728000766038894,-0.007388022303581231,-12.335577556106946,
historical_test,g05_sign_only,1.0,41,structure,loss_structure,dropout020,0.5759580855369568,0.5826467046737671,-0.006688619136810292,-1.1613031060367172,
historical_test,g05_sign_only,1.0,41,structure,loss_total,dropout020,0.9163295023441316,0.9236201374530792,-0.007290635108947674,-0.7956346587441473,
historical_test,g05_sign_only,1.0,41,structure,absolute_sign_accuracy,dropout020,0.8828000030517578,0.8845999908447265,0.0017999877929687491,0.20389530887475737,0.1799987792968749
historical_test,g05_sign_only,1.0,41,structure,absolute_sign_set_accuracy,dropout020,0.844,0.845,0.0010000000000000009,0.118483412322275,0.10000000000000009
historical_test,g05_sign_only,1.0,41,structure,charge_mae,dropout020,0.28409596824645994,0.2850603542327881,-0.0009643859863281423,-0.3394578220453712,
historical_test,g05_sign_only,1.0,41,structure,charge_magnitude_mae,dropout020,0.15552479934692381,0.15801284980773925,-0.002488050460815433,-1.5997773160699758,
historical_test,g05_sign_only,1.0,41,structure,global_invariant_charge_mae,dropout020,0.19086493301391602,0.1924360237121582,-0.0015710906982421835,-0.8231426660902843,
historical_test,g05_sign_only,1.0,41,structure,global_sign_accuracy,dropout020,0.864,0.865,0.0010000000000000009,0.11574074074074084,0.10000000000000009
historical_test,g05_sign_only,1.0,41,structure,global_sign_bce,dropout020,0.3403714141845703,0.3409734306335449,-0.0006020164489746183,-0.1768704491288942,
historical_test,g05_sign_only,1.0,41,structure,mean_position_3d_error,dropout020,0.7332394638061523,0.7316809158325195,0.0015585479736328622,0.2125564771899536,
historical_test,g05_sign_only,1.0,41,structure,mean_position_mae,dropout020,0.35994944763183595,0.3589079093933105,0.0010415382385254301,0.28935680979033973,
historical_test,g05_sign_only,1.0,41,structure,observations_per_sample,dropout020,32.0,32.0,0.0,0.0,
historical_test,g05_sign_only,1.0,41,structure,observed_sample_fraction,dropout020,1.0,1.0,0.0,0.0,
historical_test,g05_sign_only,1.0,41,structure,pairwise_relative_sign_accuracy,dropout020,0.9505999984741211,0.9513999938964843,0.0007999954223631978,0.08415689287264148,0.07999954223631978
historical_test,g05_sign_only,1.0,41,structure,position_mae_x,dropout020,0.44510157012939455,0.4285323486328125,0.016569221496582076,3.722570893597448,
historical_test,g05_sign_only,1.0,41,structure,position_mae_y,dropout020,0.41491066360473633,0.43243793106079104,-0.017527267456054707,-4.2243473097987225,
historical_test,g05_sign_only,1.0,41,structure,position_mae_z,dropout020,0.2198360366821289,0.21575339317321776,0.004082643508911132,1.8571311467074962,
historical_test,g05_sign_only,1.0,41,structure,relative_configuration_accuracy,dropout020,0.915,0.915,0.0,0.0,0.0
historical_test,g05_sign_only,1.0,41,structure,relative_sign_accuracy,dropout020,0.9627999954223633,0.9611999969482422,-0.001599998474121067,-0.16618181156296913,-0.1599998474121067
historical_test,g05_full_reconstruction,1.0,41,total,loss_global_sign,dropout020,0.3399958393573761,0.33516151309013364,0.00483432626724245,1.4218780666198088,
historical_test,g05_full_reconstruction,1.0,41,total,loss_magnitude,dropout020,0.07431027507781983,0.07624903148412704,-0.00193875640630721,-2.6090017891561956,
historical_test,g05_full_reconstruction,1.0,41,total,loss_position,dropout020,0.46422379755973814,0.4312351403236389,0.03298865723609923,7.106196926893675,
historical_test,g05_full_reconstruction,1.0,41,total,loss_relative_sign,dropout020,0.06756536173820496,0.07108188998699189,-0.0035165282487869265,-5.204631720040802,
historical_test,g05_full_reconstruction,1.0,41,total,loss_structure,dropout020,0.6060994329452515,0.5785660729408264,0.027533360004425078,4.542713374706646,
historical_test,g05_full_reconstruction,1.0,41,total,loss_total,dropout020,0.9460952723026276,0.91372758603096,0.03236768627166753,3.4211867683146053,
historical_test,g05_full_reconstruction,1.0,41,total,absolute_sign_accuracy,dropout020,0.8800000076293946,0.8748000259399414,-0.005199981689453126,-0.5909070050421021,-0.5199981689453126
historical_test,g05_full_reconstruction,1.0,41,total,absolute_sign_set_accuracy,dropout020,0.836,0.833,-0.0030000000000000027,-0.35885167464114864,-0.30000000000000027
historical_test,g05_full_reconstruction,1.0,41,total,charge_mae,dropout020,0.289014705657959,0.2956295738220215,-0.006614868164062482,-2.2887652546964157,
historical_test,g05_full_reconstruction,1.0,41,total,charge_magnitude_mae,dropout020,0.1549491500854492,0.157202787399292,-0.002253637313842788,-1.454436705590178,
historical_test,g05_full_reconstruction,1.0,41,total,global_invariant_charge_mae,dropout020,0.19488438606262207,0.19536303901672364,-0.0004786529541015716,-0.2456086727993521,
historical_test,g05_full_reconstruction,1.0,41,total,global_sign_accuracy,dropout020,0.866,0.87,0.0040000000000000036,0.46189376443418056,0.40000000000000036
historical_test,g05_full_reconstruction,1.0,41,total,global_sign_bce,dropout020,0.3399958381652832,0.3351615104675293,0.004834327697753937,1.4218784923490184,
historical_test,g05_full_reconstruction,1.0,41,total,mean_position_3d_error,dropout020,0.7555088500976562,0.7187159271240234,0.03679292297363279,4.869952611260209,
historical_test,g05_full_reconstruction,1.0,41,total,mean_position_mae,dropout020,0.37058311462402344,0.3519064750671387,0.018676639556884755,5.039797772716443,
historical_test,g05_full_reconstruction,1.0,41,total,observations_per_sample,dropout020,32.0,32.0,0.0,0.0,
historical_test,g05_full_reconstruction,1.0,41,total,observed_sample_fraction,dropout020,1.0,1.0,0.0,0.0,
historical_test,g05_full_reconstruction,1.0,41,total,pairwise_relative_sign_accuracy,dropout020,0.9458000183105468,0.9483999938964843,0.0025999755859374973,0.27489696929608365,0.25999755859374973
historical_test,g05_full_reconstruction,1.0,41,total,position_mae_x,dropout020,0.4664375076293945,0.4206430587768555,0.04579444885253903,9.817917320861076,
historical_test,g05_full_reconstruction,1.0,41,total,position_mae_y,dropout020,0.4214212532043457,0.4236053352355957,-0.0021840820312499787,-0.5182657530067486,
historical_test,g05_full_reconstruction,1.0,41,total,position_mae_z,dropout020,0.22389054489135743,0.21147098922729493,0.012419555664062498,5.547155048503308,
historical_test,g05_full_reconstruction,1.0,41,total,relative_configuration_accuracy,dropout020,0.906,0.91,0.0040000000000000036,0.44150110375275975,0.40000000000000036
historical_test,g05_full_reconstruction,1.0,41,total,relative_sign_accuracy,dropout020,0.9579999923706055,0.9592000122070312,0.001200019836425703,0.1252630319397196,0.12000198364257031
historical_test,g05_full_reconstruction,1.0,41,structure,loss_global_sign,dropout020,0.3399958393573761,0.3503822305202484,-0.010386391162872322,-3.054858313120411,
historical_test,g05_full_reconstruction,1.0,41,structure,loss_magnitude,dropout020,0.07431027507781983,0.07532184648513794,-0.0010115714073181126,-1.3612806657743715,
historical_test,g05_full_reconstruction,1.0,41,structure,loss_position,dropout020,0.46422379755973814,0.4282209801673889,0.03600281739234923,7.7554872416285905,
historical_test,g05_full_reconstruction,1.0,41,structure,loss_relative_sign,dropout020,0.06756536173820496,0.07142351132631301,-0.0038581495881080535,-5.7102478087177255,
historical_test,g05_full_reconstruction,1.0,41,structure,loss_structure,dropout020,0.6060994329452515,0.5749663295745849,0.03113310337066655,5.1366329810572156,
historical_test,g05_full_reconstruction,1.0,41,structure,loss_total,dropout020,0.9460952723026276,0.9253485600948334,0.020746712207794227,2.1928776958477365,
historical_test,g05_full_reconstruction,1.0,41,structure,absolute_sign_accuracy,dropout020,0.8800000076293946,0.8749999923706054,-0.0050000152587891256,-0.5681835472091092,-0.5000015258789126
historical_test,g05_full_reconstruction,1.0,41,structure,absolute_sign_set_accuracy,dropout020,0.836,0.831,-0.0050000000000000044,-0.5980861244019144,-0.5000000000000004
historical_test,g05_full_reconstruction,1.0,41,structure,charge_mae,dropout020,0.289014705657959,0.2956435890197754,-0.0066288833618163845,-2.293614557337261,
historical_test,g05_full_reconstruction,1.0,41,structure,charge_magnitude_mae,dropout020,0.1549491500854492,0.1568609619140625,-0.0019118118286133023,-1.2338317619419035,
historical_test,g05_full_reconstruction,1.0,41,structure,global_invariant_charge_mae,dropout020,0.19488438606262207,0.19639835357666016,-0.0015139675140380948,-0.7768541875651407,
historical_test,g05_full_reconstruction,1.0,41,structure,global_sign_accuracy,dropout020,0.866,0.861,-0.0050000000000000044,-0.5773672055427257,-0.5000000000000004
historical_test,g05_full_reconstruction,1.0,41,structure,global_sign_bce,dropout020,0.3399958381652832,0.35038222885131837,-0.01038639068603514,-3.054858183583404,
historical_test,g05_full_reconstruction,1.0,41,structure,mean_position_3d_error,dropout020,0.7555088500976562,0.7121461105346679,0.043362739562988306,5.739540914362987,
historical_test,g05_full_reconstruction,1.0,41,structure,mean_position_mae,dropout020,0.37058311462402344,0.34878254318237306,0.021800571441650374,5.882775167392133,
historical_test,g05_full_reconstruction,1.0,41,structure,observations_per_sample,dropout020,32.0,32.0,0.0,0.0,
historical_test,g05_full_reconstruction,1.0,41,structure,observed_sample_fraction,dropout020,1.0,1.0,0.0,0.0,
historical_test,g05_full_reconstruction,1.0,41,structure,pairwise_relative_sign_accuracy,dropout020,0.9458000183105468,0.9462000198364258,0.00040000152587893467,0.04229239988739321,0.04000015258789347
historical_test,g05_full_reconstruction,1.0,41,structure,position_mae_x,dropout020,0.4664375076293945,0.4217759475708008,0.04466156005859373,9.575036168420517,
historical_test,g05_full_reconstruction,1.0,41,structure,position_mae_y,dropout020,0.4214212532043457,0.4128770408630371,0.008544212341308588,2.027475424255722,
historical_test,g05_full_reconstruction,1.0,41,structure,position_mae_z,dropout020,0.22389054489135743,0.21169460105895996,0.012195943832397471,5.44727953487966,
historical_test,g05_full_reconstruction,1.0,41,structure,relative_configuration_accuracy,dropout020,0.906,0.906,0.0,0.0,0.0
historical_test,g05_full_reconstruction,1.0,41,structure,relative_sign_accuracy,dropout020,0.9579999923706055,0.9571999969482422,-0.0007999954223633088,-0.08350682972175097,-0.07999954223633088
historical_test,g05_sign_only,1.0,42,total,loss_global_sign,dropout020,0.33878354787826537,0.33176244258880616,0.007021105289459206,2.0724457646869237,
historical_test,g05_sign_only,1.0,42,total,loss_magnitude,dropout020,0.0758011565208435,0.07638667511940002,-0.000585518598556517,-0.7724401914573868,
historical_test,g05_sign_only,1.0,42,total,loss_position,dropout020,0.45851355814933775,0.42701458621025085,0.031498971939086906,6.869801640375419,
historical_test,g05_sign_only,1.0,42,total,loss_relative_sign,dropout020,0.06623901152610778,0.07773763567209244,-0.011498624145984654,-17.359293082827072,
historical_test,g05_sign_only,1.0,42,total,loss_structure,dropout020,0.6005537233352661,0.5811388916969299,0.01941483163833624,3.2328217916147497,
historical_test,g05_sign_only,1.0,42,total,loss_total,dropout020,0.9393372712135315,0.912901334285736,0.026435936927795445,2.8143178960250146,
historical_test,g05_sign_only,1.0,42,total,absolute_sign_accuracy,dropout020,0.8763999938964844,0.8832000045776367,0.006800010681152324,0.7759026390357899,0.6800010681152324
historical_test,g05_sign_only,1.0,42,total,absolute_sign_set_accuracy,dropout020,0.833,0.841,0.008000000000000007,0.9603841536614655,0.8000000000000007
historical_test,g05_sign_only,1.0,42,total,charge_mae,dropout020,0.29333979988098147,0.28683325576782226,0.006506544113159207,2.218091140649563,
historical_test,g05_sign_only,1.0,42,total,charge_magnitude_mae,dropout020,0.15732487487792968,0.15898451232910157,-0.001659637451171897,-1.0549110256465357,
historical_test,g05_sign_only,1.0,42,total,global_invariant_charge_mae,dropout020,0.19613363456726074,0.19844058418273927,-0.002306949615478532,-1.1762131572019598,
historical_test,g05_sign_only,1.0,42,total,global_sign_accuracy,dropout020,0.866,0.868,0.0020000000000000018,0.23094688221709028,0.20000000000000018
historical_test,g05_sign_only,1.0,42,total,global_sign_bce,dropout020,0.3387835464477539,0.3317624397277832,0.007021106719970693,2.0724461956872116,
historical_test,g05_sign_only,1.0,42,total,mean_position_3d_error,dropout020,0.7517706298828125,0.7244293975830078,0.027341232299804674,3.636911474456867,
historical_test,g05_sign_only,1.0,42,total,mean_position_mae,dropout020,0.36831979751586913,0.3559757423400879,0.012344055175781243,3.3514503589097453,
historical_test,g05_sign_only,1.0,42,total,observations_per_sample,dropout020,32.0,32.0,0.0,0.0,
historical_test,g05_sign_only,1.0,42,total,observed_sample_fraction,dropout020,1.0,1.0,0.0,0.0,
historical_test,g05_sign_only,1.0,42,total,pairwise_relative_sign_accuracy,dropout020,0.9463999938964843,0.9459999923706055,-0.00040000152587882365,-0.042265588383190035,-0.040000152587882365
historical_test,g05_sign_only,1.0,42,total,position_mae_x,dropout020,0.4517477340698242,0.44803725814819334,0.0037104759216308736,0.8213601622752944,
historical_test,g05_sign_only,1.0,42,total,position_mae_y,dropout020,0.43304110717773436,0.4037366065979004,0.02930450057983397,6.76714060030482,
historical_test,g05_sign_only,1.0,42,total,position_mae_z,dropout020,0.22017048645019532,0.21615335273742675,0.0040171337127685725,1.8245559509527116,
historical_test,g05_sign_only,1.0,42,total,relative_configuration_accuracy,dropout020,0.907,0.906,-0.0010000000000000009,-0.11025358324145544,-0.10000000000000009
historical_test,g05_sign_only,1.0,42,total,relative_sign_accuracy,dropout020,0.9584000015258789,0.9575999984741211,-0.0008000030517577583,-0.08347277237938908,-0.08000030517577583
historical_test,g05_sign_only,1.0,42,structure,loss_global_sign,dropout020,0.33878354787826537,0.33265522265434266,0.006128325223922704,1.8089205518695337,
historical_test,g05_sign_only,1.0,42,structure,loss_magnitude,dropout020,0.0758011565208435,0.07606912636756898,-0.0002679698467254743,-0.3535168314375111,
historical_test,g05_sign_only,1.0,42,structure,loss_position,dropout020,0.45851355814933775,0.43046209478378294,0.028051463365554807,6.117913607348216,
historical_test,g05_sign_only,1.0,42,structure,loss_relative_sign,dropout020,0.06623901152610778,0.07570811831951141,-0.009469106793403625,-14.295362468794425,
historical_test,g05_sign_only,1.0,42,structure,loss_structure,dropout020,0.6005537233352661,0.5822393550872803,0.018314368247985824,3.0495803350072004,
historical_test,g05_sign_only,1.0,42,structure,loss_total,dropout020,0.9393372712135315,0.914894577741623,0.024442693471908528,2.60212111463766,
historical_test,g05_sign_only,1.0,42,structure,absolute_sign_accuracy,dropout020,0.8763999938964844,0.8837999801635742,0.00739998626708982,0.8443617433392938,0.739998626708982
historical_test,g05_sign_only,1.0,42,structure,absolute_sign_set_accuracy,dropout020,0.833,0.845,0.01200000000000001,1.4405762304921983,1.200000000000001
historical_test,g05_sign_only,1.0,42,structure,charge_mae,dropout020,0.29333979988098147,0.2847536315917969,0.00858616828918457,2.9270382991562305,
historical_test,g05_sign_only,1.0,42,structure,charge_magnitude_mae,dropout020,0.15732487487792968,0.15817335891723633,-0.0008484840393066517,-0.5393196975144592,
historical_test,g05_sign_only,1.0,42,structure,global_invariant_charge_mae,dropout020,0.19613363456726074,0.19465887260437012,0.0014747619628906194,0.7519169091749404,
historical_test,g05_sign_only,1.0,42,structure,global_sign_accuracy,dropout020,0.866,0.871,0.0050000000000000044,0.5773672055427257,0.5000000000000004
historical_test,g05_sign_only,1.0,42,structure,global_sign_bce,dropout020,0.3387835464477539,0.3326552200317383,0.006128326416015573,1.8089209113821776,
historical_test,g05_sign_only,1.0,42,structure,mean_position_3d_error,dropout020,0.7517706298828125,0.7222858200073242,0.029484809875488294,3.922048654665379,
historical_test,g05_sign_only,1.0,42,structure,mean_position_mae,dropout020,0.36831979751586913,0.3543983383178711,0.013921459197998032,3.7797205830072773,
historical_test,g05_sign_only,1.0,42,structure,observations_per_sample,dropout020,32.0,32.0,0.0,0.0,
historical_test,g05_sign_only,1.0,42,structure,observed_sample_fraction,dropout020,1.0,1.0,0.0,0.0,
historical_test,g05_sign_only,1.0,42,structure,pairwise_relative_sign_accuracy,dropout020,0.9463999938964843,0.9499999923706055,0.00359999847412118,0.380388683150704,0.359999847412118
historical_test,g05_sign_only,1.0,42,structure,position_mae_x,dropout020,0.4517477340698242,0.4500562286376953,0.0016915054321289258,0.37443584207717995,
historical_test,g05_sign_only,1.0,42,structure,position_mae_y,dropout020,0.43304110717773436,0.3978508834838867,0.035190223693847666,8.126300970176588,
historical_test,g05_sign_only,1.0,42,structure,position_mae_z,dropout020,0.22017048645019532,0.21528786659240723,0.004882619857788095,2.217654117275428,
historical_test,g05_sign_only,1.0,42,structure,relative_configuration_accuracy,dropout020,0.907,0.913,0.006000000000000005,0.6615214994487326,0.6000000000000005
historical_test,g05_sign_only,1.0,42,structure,relative_sign_accuracy,dropout020,0.9584000015258789,0.9607999877929687,0.0023999862670898153,0.25041592897211723,0.23999862670898153
historical_test,g05_full_reconstruction,1.0,42,total,loss_global_sign,dropout020,0.3318613564968109,0.33175999522209165,0.00010136127471926937,0.030543259326502335,
historical_test,g05_full_reconstruction,1.0,42,total,loss_magnitude,dropout020,0.07494938063621522,0.07446896660327912,0.00048041403293609675,0.6409846603908596,
historical_test,g05_full_reconstruction,1.0,42,total,loss_position,dropout020,0.4600200684070587,0.43358691334724425,0.026433155059814473,5.74608737208928,
historical_test,g05_full_reconstruction,1.0,42,total,loss_relative_sign,dropout020,0.062413402259349826,0.06815358120203018,-0.005740178942680349,-9.197029379728203,
historical_test,g05_full_reconstruction,1.0,42,total,loss_structure,dropout020,0.5973828482627869,0.5762094707489014,0.021173377513885483,3.5443564500484923,
historical_test,g05_full_reconstruction,1.0,42,total,loss_total,dropout020,0.9292442047595978,0.907969465970993,0.021274738788604752,2.2894669323344,
historical_test,g05_full_reconstruction,1.0,42,total,absolute_sign_accuracy,dropout020,0.8883999862670898,0.8892000045776367,0.0008000183105468794,0.09005158970211428,0.08000183105468794
historical_test,g05_full_reconstruction,1.0,42,total,absolute_sign_set_accuracy,dropout020,0.847,0.844,-0.0030000000000000027,-0.3541912632821727,-0.30000000000000027
historical_test,g05_full_reconstruction,1.0,42,total,charge_mae,dropout020,0.2782179946899414,0.2759935073852539,0.0022244873046874947,0.7995483207930396,
historical_test,g05_full_reconstruction,1.0,42,total,charge_magnitude_mae,dropout020,0.15636749076843262,0.15529492950439452,0.0010725612640380966,0.6859234350869462,
historical_test,g05_full_reconstruction,1.0,42,total,global_invariant_charge_mae,dropout020,0.19338960456848145,0.19443883514404298,-0.0010492305755615272,-0.5425475572498949,
historical_test,g05_full_reconstruction,1.0,42,total,global_sign_accuracy,dropout020,0.872,0.874,0.0020000000000000018,0.22935779816513782,0.20000000000000018
historical_test,g05_full_reconstruction,1.0,42,total,global_sign_bce,dropout020,0.3318613548278809,0.33175999450683596,0.00010136032104490766,0.030542972108782585,
historical_test,g05_full_reconstruction,1.0,42,total,mean_position_3d_error,dropout020,0.760429084777832,0.724871826171875,0.03555725860595704,4.6759466882234655,
historical_test,g05_full_reconstruction,1.0,42,total,mean_position_mae,dropout020,0.3715419578552246,0.35582388305664064,0.015718074798583948,4.230497919890024,
historical_test,g05_full_reconstruction,1.0,42,total,observations_per_sample,dropout020,32.0,32.0,0.0,0.0,
historical_test,g05_full_reconstruction,1.0,42,total,observed_sample_fraction,dropout020,1.0,1.0,0.0,0.0,
historical_test,g05_full_reconstruction,1.0,42,total,pairwise_relative_sign_accuracy,dropout020,0.9489999923706055,0.9448000030517578,-0.0041999893188476856,-0.4425700055440566,-0.41999893188476856
historical_test,g05_full_reconstruction,1.0,42,total,position_mae_x,dropout020,0.4555609970092773,0.4466941719055176,0.008866825103759746,1.946352993774657,
historical_test,g05_full_reconstruction,1.0,42,total,position_mae_y,dropout020,0.43683766555786135,0.4022052116394043,0.03463245391845704,7.927991711573186,
historical_test,g05_full_reconstruction,1.0,42,total,position_mae_z,dropout020,0.22222717666625977,0.21857222366333007,0.0036549530029297006,1.6446921829091588,
historical_test,g05_full_reconstruction,1.0,42,total,relative_configuration_accuracy,dropout020,0.911,0.904,-0.007000000000000006,-0.7683863885839743,-0.7000000000000006
historical_test,g05_full_reconstruction,1.0,42,total,relative_sign_accuracy,dropout020,0.9596000061035156,0.9567999954223633,-0.0028000106811523207,-0.2917893563300242,-0.28000106811523207
historical_test,g05_full_reconstruction,1.0,42,structure,loss_global_sign,dropout020,0.33375518798828124,0.3643709354400635,-0.03061574745178225,-9.173115071654625,
historical_test,g05_full_reconstruction,1.0,42,structure,loss_magnitude,dropout020,0.07526282346248626,0.07417532390356064,0.0010874995589256198,1.4449359044677206,
historical_test,g05_full_reconstruction,1.0,42,structure,loss_position,dropout020,0.4590539193153381,0.43019547080993653,0.02885844850540159,6.286505199311422,
historical_test,g05_full_reconstruction,1.0,42,structure,loss_relative_sign,dropout020,0.06417962455749512,0.0721413083076477,-0.007961683750152576,-12.405313688022787,
historical_test,g05_full_reconstruction,1.0,42,structure,loss_structure,dropout020,0.598496356010437,0.5765120940208435,0.02198426198959358,3.673249096475735,
historical_test,g05_full_reconstruction,1.0,42,structure,loss_total,dropout020,0.9322515439987182,0.940883029460907,-0.008631485462188726,-0.9258751586686129,
historical_test,g05_full_reconstruction,1.0,42,structure,absolute_sign_accuracy,dropout020,0.8813999938964844,0.8687999725341797,-0.012600021362304648,-1.4295463409980975,-1.2600021362304648
historical_test,g05_full_reconstruction,1.0,42,structure,absolute_sign_set_accuracy,dropout020,0.839,0.824,-0.015000000000000013,-1.7878426698450554,-1.5000000000000013
historical_test,g05_full_reconstruction,1.0,42,structure,charge_mae,dropout020,0.28871161842346194,0.2999155387878418,-0.011203920364379838,-3.880661410704544,
historical_test,g05_full_reconstruction,1.0,42,structure,charge_magnitude_mae,dropout020,0.1565577049255371,0.15472347831726074,0.001834226608276368,1.1715977882715984,
historical_test,g05_full_reconstruction,1.0,42,structure,global_invariant_charge_mae,dropout020,0.1938857307434082,0.19346653175354003,0.00041919898986816917,0.21620930445002398,
historical_test,g05_full_reconstruction,1.0,42,structure,global_sign_accuracy,dropout020,0.867,0.852,-0.015000000000000013,-1.7301038062283753,-1.5000000000000013
historical_test,g05_full_reconstruction,1.0,42,structure,global_sign_bce,dropout020,0.33375518798828124,0.3643709335327148,-0.03061574554443358,-9.17311450017327,
historical_test,g05_full_reconstruction,1.0,42,structure,mean_position_3d_error,dropout020,0.7540559539794922,0.7218293838500977,0.03222657012939456,4.2737637650522435,
historical_test,g05_full_reconstruction,1.0,42,structure,mean_position_mae,dropout020,0.3691146354675293,0.35493519592285155,0.014179439544677763,3.8414731311636423,
historical_test,g05_full_reconstruction,1.0,42,structure,observations_per_sample,dropout020,32.0,32.0,0.0,0.0,
historical_test,g05_full_reconstruction,1.0,42,structure,observed_sample_fraction,dropout020,1.0,1.0,0.0,0.0,
historical_test,g05_full_reconstruction,1.0,42,structure,pairwise_relative_sign_accuracy,dropout020,0.948,0.9451999969482422,-0.00280000305175776,-0.2953589717044051,-0.280000305175776
historical_test,g05_full_reconstruction,1.0,42,structure,position_mae_x,dropout020,0.45420791244506836,0.44246430206298826,0.011743610382080105,2.5855142678740477,
historical_test,g05_full_reconstruction,1.0,42,structure,position_mae_y,dropout020,0.42854779052734376,0.40257964324951173,0.025968147277832032,6.059568582975839,
historical_test,g05_full_reconstruction,1.0,42,structure,position_mae_z,dropout020,0.2245881633758545,0.21976162910461425,0.004826534271240246,2.1490599498616083,
historical_test,g05_full_reconstruction,1.0,42,structure,relative_configuration_accuracy,dropout020,0.909,0.904,-0.0050000000000000044,-0.5500550055005505,-0.5000000000000004
historical_test,g05_full_reconstruction,1.0,42,structure,relative_sign_accuracy,dropout020,0.9583999938964843,0.9559999923706055,-0.0024000015258788254,-0.2504175230762832,-0.24000015258788254
historical_test,g05_sign_only,1.0,43,total,loss_global_sign,dropout020,0.3327855744361877,0.3373797159194946,-0.0045941414833068905,-1.380511006551405,
historical_test,g05_sign_only,1.0,43,total,loss_magnitude,dropout020,0.07496042329072952,0.07512842547893524,-0.00016800218820571533,-0.22412118399349065,
historical_test,g05_sign_only,1.0,43,total,loss_position,dropout020,0.4672041249275207,0.4491393730640411,0.01806475186347961,3.8665651477888963,
historical_test,g05_sign_only,1.0,43,total,loss_relative_sign,dropout020,0.06192235726118088,0.0659698714017868,-0.004047514140605918,-6.536434205070717,
historical_test,g05_sign_only,1.0,43,total,loss_structure,dropout020,0.6040869073867798,0.5902376646995544,0.013849242687225427,2.2925911020213765,
historical_test,g05_sign_only,1.0,43,total,loss_total,dropout020,0.9368724818229676,0.9276173806190491,0.009255101203918481,0.9878720299170165,
historical_test,g05_sign_only,1.0,43,total,absolute_sign_accuracy,dropout020,0.884,0.8867999954223633,0.0027999954223633106,0.3167415636157591,0.27999954223633106
historical_test,g05_sign_only,1.0,43,total,absolute_sign_set_accuracy,dropout020,0.839,0.843,0.0040000000000000036,0.47675804529201476,0.40000000000000036
historical_test,g05_sign_only,1.0,43,total,charge_mae,dropout020,0.2850385208129883,0.2821638355255127,0.002874685287475587,1.0085251913588362,
historical_test,g05_sign_only,1.0,43,total,charge_magnitude_mae,dropout020,0.15729571151733399,0.15760680961608886,-0.00031109809875487504,-0.19777913571444827,
historical_test,g05_sign_only,1.0,43,total,global_invariant_charge_mae,dropout020,0.19651896095275878,0.1953124027252197,0.0012065582275390674,0.6139652996786972,
historical_test,g05_sign_only,1.0,43,total,global_sign_accuracy,dropout020,0.866,0.864,-0.0020000000000000018,-0.23094688221709028,-0.20000000000000018
historical_test,g05_sign_only,1.0,43,total,global_sign_bce,dropout020,0.33278557205200193,0.3373797149658203,-0.004594142913818378,-1.3805114463016699,
historical_test,g05_sign_only,1.0,43,total,mean_position_3d_error,dropout020,0.7612407989501954,0.7387033767700195,0.022537422180175848,2.96061669464597,
historical_test,g05_sign_only,1.0,43,total,mean_position_mae,dropout020,0.3724546585083008,0.36202469253540037,0.010429965972900412,2.800331727537773,
historical_test,g05_sign_only,1.0,43,total,observations_per_sample,dropout020,32.0,32.0,0.0,0.0,
historical_test,g05_sign_only,1.0,43,total,observed_sample_fraction,dropout020,1.0,1.0,0.0,0.0,
historical_test,g05_sign_only,1.0,43,total,pairwise_relative_sign_accuracy,dropout020,0.947,0.9474000091552734,0.00040000915527349523,0.04223961512919697,0.04000091552734952
historical_test,g05_sign_only,1.0,43,total,position_mae_x,dropout020,0.44508779525756836,0.42529668045043945,0.019791114807128918,4.446564254963669,
historical_test,g05_sign_only,1.0,43,total,position_mae_y,dropout020,0.45263937377929686,0.4431039161682129,0.009535457611083986,2.1066345889152354,
historical_test,g05_sign_only,1.0,43,total,position_mae_z,dropout020,0.2196367588043213,0.21767344665527344,0.0019633121490478522,0.8938905125607893,
historical_test,g05_sign_only,1.0,43,total,relative_configuration_accuracy,dropout020,0.908,0.908,0.0,0.0,0.0
historical_test,g05_sign_only,1.0,43,total,relative_sign_accuracy,dropout020,0.9587999954223633,0.9579999923706055,-0.0008000030517577583,-0.08343794905895333,-0.08000030517577583
historical_test,g05_sign_only,1.0,43,structure,loss_global_sign,dropout020,0.3338039131164551,0.3373797159194946,-0.0035758028030395406,-1.0712285454221264,
historical_test,g05_sign_only,1.0,43,structure,loss_magnitude,dropout020,0.07492814236879348,0.07512842547893524,-0.00020028311014175237,-0.2673002476906027,
historical_test,g05_sign_only,1.0,43,structure,loss_position,dropout020,0.467786199092865,0.4491393730640411,0.018646826028823893,3.9861855832822726,
historical_test,g05_sign_only,1.0,43,structure,loss_relative_sign,dropout020,0.0642776934504509,0.0659698714017868,-0.001692177951335902,-2.6326052795287906,
historical_test,g05_sign_only,1.0,43,structure,loss_structure,dropout020,0.6069920387268066,0.5902376646995544,0.016754374027252217,2.760229617244285,
historical_test,g05_sign_only,1.0,43,structure,loss_total,dropout020,0.9407959518432617,0.9276173806190491,0.01317857122421262,1.4007895334150198,
historical_test,g05_sign_only,1.0,43,structure,absolute_sign_accuracy,dropout020,0.8811999969482421,0.8867999954223633,0.005599998474121182,0.6354968785196332,0.5599998474121182
historical_test,g05_sign_only,1.0,43,structure,absolute_sign_set_accuracy,dropout020,0.838,0.843,0.0050000000000000044,0.5966587112171843,0.5000000000000004
historical_test,g05_sign_only,1.0,43,structure,charge_mae,dropout020,0.28867908477783205,0.2821638355255127,0.006515249252319333,2.256917662508692,
historical_test,g05_sign_only,1.0,43,structure,charge_magnitude_mae,dropout020,0.1570893669128418,0.15760680961608886,-0.0005174427032470508,-0.32939384340007205,
historical_test,g05_sign_only,1.0,43,structure,global_invariant_charge_mae,dropout020,0.19558839035034178,0.1953124027252197,0.00027598762512207053,0.14110634308494285,
historical_test,g05_sign_only,1.0,43,structure,global_sign_accuracy,dropout020,0.87,0.864,-0.006000000000000005,-0.6896551724137937,-0.6000000000000005
historical_test,g05_sign_only,1.0,43,structure,global_sign_bce,dropout020,0.3338039131164551,0.3373797149658203,-0.0035758018493652344,-1.071228259723167,
historical_test,g05_sign_only,1.0,43,structure,mean_position_3d_error,dropout020,0.7620003356933593,0.7387033767700195,0.023296958923339828,3.057342343837875,
historical_test,g05_sign_only,1.0,43,structure,mean_position_mae,dropout020,0.37336326217651367,0.36202469253540037,0.011338569641113294,3.0368734125085926,
historical_test,g05_sign_only,1.0,43,structure,observations_per_sample,dropout020,32.0,32.0,0.0,0.0,
historical_test,g05_sign_only,1.0,43,structure,observed_sample_fraction,dropout020,1.0,1.0,0.0,0.0,
historical_test,g05_sign_only,1.0,43,structure,pairwise_relative_sign_accuracy,dropout020,0.9484000015258789,0.9474000091552734,-0.0009999923706054403,-0.105439937684158,-0.09999923706054403
historical_test,g05_sign_only,1.0,43,structure,position_mae_x,dropout020,0.4467130699157715,0.42529668045043945,0.02141638946533203,4.794215998508871,
historical_test,g05_sign_only,1.0,43,structure,position_mae_y,dropout020,0.4529564208984375,0.4431039161682129,0.009852504730224643,2.1751551088915426,
historical_test,g05_sign_only,1.0,43,structure,position_mae_z,dropout020,0.2204202365875244,0.21767344665527344,0.0027467899322509703,1.2461605044871984,
historical_test,g05_sign_only,1.0,43,structure,relative_configuration_accuracy,dropout020,0.91,0.908,-0.0020000000000000018,-0.21978021978021997,-0.20000000000000018
historical_test,g05_sign_only,1.0,43,structure,relative_sign_accuracy,dropout020,0.9592000045776368,0.9579999923706055,-0.0012000122070312536,-0.12510552557385082,-0.12000122070312536
historical_test,g05_full_reconstruction,1.0,43,total,loss_global_sign,dropout020,0.33755207228660583,0.33402287673950193,0.0035291955471039027,1.0455262570888213,
historical_test,g05_full_reconstruction,1.0,43,total,loss_magnitude,dropout020,0.07392073720693589,0.07485001534223557,-0.0009292781352996798,-1.257127797167703,
historical_test,g05_full_reconstruction,1.0,43,total,loss_position,dropout020,0.4650545654296875,0.43351701378822327,0.03153755164146421,6.781473398143091,
historical_test,g05_full_reconstruction,1.0,43,total,loss_relative_sign,dropout020,0.05575518196821213,0.06732078623771667,-0.011565604269504544,-20.74355039518744,
historical_test,g05_full_reconstruction,1.0,43,total,loss_structure,dropout020,0.5947304954528808,0.5756878156661988,0.01904267978668206,3.2019006814475297,
historical_test,g05_full_reconstruction,1.0,43,total,loss_total,dropout020,0.9322825677394866,0.9097106924057007,0.022571875333785907,2.4211409839525504,
historical_test,g05_full_reconstruction,1.0,43,total,absolute_sign_accuracy,dropout020,0.8865999908447265,0.8857999877929688,-0.0008000030517577583,-0.09023269343771805,-0.08000030517577583
historical_test,g05_full_reconstruction,1.0,43,total,absolute_sign_set_accuracy,dropout020,0.847,0.843,-0.0040000000000000036,-0.4722550177095636,-0.40000000000000036
historical_test,g05_full_reconstruction,1.0,43,total,charge_mae,dropout020,0.28111249923706055,0.2825449447631836,-0.0014324455261230384,-0.5095630859569376,
historical_test,g05_full_reconstruction,1.0,43,total,charge_magnitude_mae,dropout020,0.15522413253784179,0.15645592880249024,-0.0012317962646484493,-0.7935597670988125,
historical_test,g05_full_reconstruction,1.0,43,total,global_invariant_charge_mae,dropout020,0.191847806930542,0.1955933036804199,-0.0037454967498779246,-1.9523271127274195,
historical_test,g05_full_reconstruction,1.0,43,total,global_sign_accuracy,dropout020,0.871,0.873,0.0020000000000000018,0.2296211251435134,0.20000000000000018
historical_test,g05_full_reconstruction,1.0,43,total,global_sign_bce,dropout020,0.3375520706176758,0.33402287673950193,0.003529193878173853,1.0455257678366165,
historical_test,g05_full_reconstruction,1.0,43,total,mean_position_3d_error,dropout020,0.7601190719604493,0.7193195877075196,0.040799484252929674,5.367512243536044,
historical_test,g05_full_reconstruction,1.0,43,total,mean_position_mae,dropout020,0.372212516784668,0.35294017791748045,0.019272338867187544,5.177778284747194,
historical_test,g05_full_reconstruction,1.0,43,total,observations_per_sample,dropout020,32.0,32.0,0.0,0.0,
historical_test,g05_full_reconstruction,1.0,43,total,observed_sample_fraction,dropout020,1.0,1.0,0.0,0.0,
historical_test,g05_full_reconstruction,1.0,43,total,pairwise_relative_sign_accuracy,dropout020,0.9497999877929687,0.9472000045776368,-0.002599983215331947,-0.27374007672641437,-0.2599983215331947
historical_test,g05_full_reconstruction,1.0,43,total,position_mae_x,dropout020,0.4454463806152344,0.41915102005004884,0.026295360565185555,5.903148327048332,
historical_test,g05_full_reconstruction,1.0,43,total,position_mae_y,dropout020,0.45045344924926756,0.4233719444274902,0.027081504821777347,6.012054046186524,
historical_test,g05_full_reconstruction,1.0,43,total,position_mae_z,dropout020,0.22073767471313477,0.21629754638671875,0.004440128326416021,2.0114954695369978,
historical_test,g05_full_reconstruction,1.0,43,total,relative_configuration_accuracy,dropout020,0.913,0.908,-0.0050000000000000044,-0.5476451259583794,-0.5000000000000004
historical_test,g05_full_reconstruction,1.0,43,total,relative_sign_accuracy,dropout020,0.9612000122070312,0.9584000015258789,-0.0028000106811523207,-0.2913036460250514,-0.28000106811523207
historical_test,g05_full_reconstruction,1.0,43,structure,loss_global_sign,dropout020,0.33755207228660583,0.3310240385532379,0.006528033733367911,1.9339338340145469,
historical_test,g05_full_reconstruction,1.0,43,structure,loss_magnitude,dropout020,0.07392073720693589,0.07439308857917785,-0.0004723513722419692,-0.6389971070224244,
historical_test,g05_full_reconstruction,1.0,43,structure,loss_position,dropout020,0.4650545654296875,0.44271796131134034,0.022336604118347148,4.8030071692144825,
historical_test,g05_full_reconstruction,1.0,43,structure,loss_relative_sign,dropout020,0.05575518196821213,0.06760298323631286,-0.011847801268100734,-21.2496863069258,
historical_test,g05_full_reconstruction,1.0,43,structure,loss_structure,dropout020,0.5947304954528808,0.5847140398025513,0.010016455650329492,1.6842007811793929,
historical_test,g05_full_reconstruction,1.0,43,structure,loss_total,dropout020,0.9322825677394866,0.9157380783557892,0.016544489383697347,1.774621767712863,
historical_test,g05_full_reconstruction,1.0,43,structure,absolute_sign_accuracy,dropout020,0.8865999908447265,0.8912000045776367,0.004600013732910191,0.5188375570055479,0.4600013732910191
historical_test,g05_full_reconstruction,1.0,43,structure,absolute_sign_set_accuracy,dropout020,0.847,0.849,0.0020000000000000018,0.2361275088547818,0.20000000000000018
historical_test,g05_full_reconstruction,1.0,43,structure,charge_mae,dropout020,0.28111249923706055,0.2747307586669922,0.0063817405700683505,2.2701731824050504,
historical_test,g05_full_reconstruction,1.0,43,structure,charge_magnitude_mae,dropout020,0.15522413253784179,0.15616970825195312,-0.0009455757141113297,-0.6091679809393102,
historical_test,g05_full_reconstruction,1.0,43,structure,global_invariant_charge_mae,dropout020,0.191847806930542,0.1943161907196045,-0.0024683837890625004,-1.2866364377864234,
historical_test,g05_full_reconstruction,1.0,43,structure,global_sign_accuracy,dropout020,0.871,0.878,0.007000000000000006,0.8036739380022969,0.7000000000000006
historical_test,g05_full_reconstruction,1.0,43,structure,global_sign_bce,dropout020,0.3375520706176758,0.3310240364074707,0.0065280342102050914,1.9339339848396278,
historical_test,g05_full_reconstruction,1.0,43,structure,mean_position_3d_error,dropout020,0.7601190719604493,0.7292154006958008,0.030903671264648436,4.065635556932378,
historical_test,g05_full_reconstruction,1.0,43,structure,mean_position_mae,dropout020,0.372212516784668,0.3581547241210937,0.014057792663574264,3.776818895025759,
historical_test,g05_full_reconstruction,1.0,43,structure,observations_per_sample,dropout020,32.0,32.0,0.0,0.0,
historical_test,g05_full_reconstruction,1.0,43,structure,observed_sample_fraction,dropout020,1.0,1.0,0.0,0.0,
historical_test,g05_full_reconstruction,1.0,43,structure,pairwise_relative_sign_accuracy,dropout020,0.9497999877929687,0.9482000122070312,-0.0015999755859374964,-0.16845394888405166,-0.15999755859374964
historical_test,g05_full_reconstruction,1.0,43,structure,position_mae_x,dropout020,0.4454463806152344,0.4255597343444824,0.019886646270751984,4.464430992409293,
historical_test,g05_full_reconstruction,1.0,43,structure,position_mae_y,dropout020,0.45045344924926756,0.4288927879333496,0.02156066131591794,4.786434947240666,
historical_test,g05_full_reconstruction,1.0,43,structure,position_mae_z,dropout020,0.22073767471313477,0.22001161384582518,0.0007260608673095859,0.3289247602400255,
historical_test,g05_full_reconstruction,1.0,43,structure,relative_configuration_accuracy,dropout020,0.913,0.909,-0.0040000000000000036,-0.43811610076670354,-0.40000000000000036
historical_test,g05_full_reconstruction,1.0,43,structure,relative_sign_accuracy,dropout020,0.9612000122070312,0.9579999923706055,-0.003200019836425705,-0.3329192463364699,-0.3200019836425705
fresh_test,g05_sign_only,1.0,41,total,loss_global_sign,dropout020,0.3048868899345398,0.3033176863193512,0.0015692036151885858,0.5146838604721571,
fresh_test,g05_sign_only,1.0,41,total,loss_magnitude,dropout020,0.07628770124912262,0.07681739443540574,-0.0005296931862831117,-0.6943362791249443,
fresh_test,g05_sign_only,1.0,41,total,loss_position,dropout020,0.4361474463939667,0.43111609959602354,0.005031346797943148,1.1535885030491257,
fresh_test,g05_sign_only,1.0,41,total,loss_relative_sign,dropout020,0.057053090035915376,0.06197349315881729,-0.004920403122901915,-8.624253515111068,
fresh_test,g05_sign_only,1.0,41,total,loss_structure,dropout020,0.569488242149353,0.5699069857597351,-0.0004187436103820774,-0.07352980788535024,
fresh_test,g05_sign_only,1.0,41,total,loss_total,dropout020,0.8743751320838928,0.8732246720790863,0.0011504600048065639,0.1315751057632071,
fresh_test,g05_sign_only,1.0,41,total,absolute_sign_accuracy,dropout020,0.8879999923706055,0.89,0.0020000076293945623,0.2252260863263456,0.20000076293945623
fresh_test,g05_sign_only,1.0,41,total,absolute_sign_set_accuracy,dropout020,0.847,0.851,0.0040000000000000036,0.4722550177095636,0.40000000000000036
fresh_test,g05_sign_only,1.0,41,total,charge_mae,dropout020,0.28114723014831544,0.2798674354553223,0.0012797946929931636,0.4552044465520877,
fresh_test,g05_sign_only,1.0,41,total,charge_magnitude_mae,dropout020,0.15822018241882324,0.16000456237792968,-0.0017843799591064358,-1.1277827719747027,
fresh_test,g05_sign_only,1.0,41,total,global_invariant_charge_mae,dropout020,0.19468318367004395,0.19238937759399413,0.0022938060760498147,1.1782250694736118,
fresh_test,g05_sign_only,1.0,41,total,global_sign_accuracy,dropout020,0.874,0.872,-0.0020000000000000018,-0.2288329519450803,-0.20000000000000018
fresh_test,g05_sign_only,1.0,41,total,global_sign_bce,dropout020,0.30488688850402834,0.3033176860809326,0.001569202423095717,0.5146834718918992,
fresh_test,g05_sign_only,1.0,41,total,mean_position_3d_error,dropout020,0.7269600601196289,0.7239032363891602,0.003056823730468672,0.42049404061698237,
fresh_test,g05_sign_only,1.0,41,total,mean_position_mae,dropout020,0.35735532760620115,0.3558256950378418,0.0015296325683593626,0.42804246927164574,
fresh_test,g05_sign_only,1.0,41,total,observations_per_sample,dropout020,32.0,32.0,0.0,0.0,
fresh_test,g05_sign_only,1.0,41,total,observed_sample_fraction,dropout020,1.0,1.0,0.0,0.0,
fresh_test,g05_sign_only,1.0,41,total,pairwise_relative_sign_accuracy,dropout020,0.9505999984741211,0.954999984741211,0.004399986267089817,0.46286411468047156,0.4399986267089817
fresh_test,g05_sign_only,1.0,41,total,position_mae_x,dropout020,0.4421707992553711,0.42633308029174805,0.01583771896362307,3.5818102394582056,
fresh_test,g05_sign_only,1.0,41,total,position_mae_y,dropout020,0.40941867446899416,0.4288295211791992,-0.019410846710205043,-4.741075070740344,
fresh_test,g05_sign_only,1.0,41,total,position_mae_z,dropout020,0.22047648239135742,0.21231446266174317,0.00816201972961425,3.7019910881588873,
fresh_test,g05_sign_only,1.0,41,total,relative_configuration_accuracy,dropout020,0.914,0.92,0.006000000000000005,0.656455142231948,0.6000000000000005
fresh_test,g05_sign_only,1.0,41,total,relative_sign_accuracy,dropout020,0.9612000045776368,0.962,0.0007999954223631978,0.08322882007420773,0.07999954223631978
fresh_test,g05_sign_only,1.0,41,structure,loss_global_sign,dropout020,0.3048868899345398,0.3033176863193512,0.0015692036151885858,0.5146838604721571,
fresh_test,g05_sign_only,1.0,41,structure,loss_magnitude,dropout020,0.07628770124912262,0.07681739443540574,-0.0005296931862831117,-0.6943362791249443,
fresh_test,g05_sign_only,1.0,41,structure,loss_position,dropout020,0.4361474463939667,0.43111609959602354,0.005031346797943148,1.1535885030491257,
fresh_test,g05_sign_only,1.0,41,structure,loss_relative_sign,dropout020,0.057053090035915376,0.06197349315881729,-0.004920403122901915,-8.624253515111068,
fresh_test,g05_sign_only,1.0,41,structure,loss_structure,dropout020,0.569488242149353,0.5699069857597351,-0.0004187436103820774,-0.07352980788535024,
fresh_test,g05_sign_only,1.0,41,structure,loss_total,dropout020,0.8743751320838928,0.8732246720790863,0.0011504600048065639,0.1315751057632071,
fresh_test,g05_sign_only,1.0,41,structure,absolute_sign_accuracy,dropout020,0.8879999923706055,0.89,0.0020000076293945623,0.2252260863263456,0.20000076293945623
fresh_test,g05_sign_only,1.0,41,structure,absolute_sign_set_accuracy,dropout020,0.847,0.851,0.0040000000000000036,0.4722550177095636,0.40000000000000036
fresh_test,g05_sign_only,1.0,41,structure,charge_mae,dropout020,0.28114723014831544,0.2798674354553223,0.0012797946929931636,0.4552044465520877,
fresh_test,g05_sign_only,1.0,41,structure,charge_magnitude_mae,dropout020,0.15822018241882324,0.16000456237792968,-0.0017843799591064358,-1.1277827719747027,
fresh_test,g05_sign_only,1.0,41,structure,global_invariant_charge_mae,dropout020,0.19468318367004395,0.19238937759399413,0.0022938060760498147,1.1782250694736118,
fresh_test,g05_sign_only,1.0,41,structure,global_sign_accuracy,dropout020,0.874,0.872,-0.0020000000000000018,-0.2288329519450803,-0.20000000000000018
fresh_test,g05_sign_only,1.0,41,structure,global_sign_bce,dropout020,0.30488688850402834,0.3033176860809326,0.001569202423095717,0.5146834718918992,
fresh_test,g05_sign_only,1.0,41,structure,mean_position_3d_error,dropout020,0.7269600601196289,0.7239032363891602,0.003056823730468672,0.42049404061698237,
fresh_test,g05_sign_only,1.0,41,structure,mean_position_mae,dropout020,0.35735532760620115,0.3558256950378418,0.0015296325683593626,0.42804246927164574,
fresh_test,g05_sign_only,1.0,41,structure,observations_per_sample,dropout020,32.0,32.0,0.0,0.0,
fresh_test,g05_sign_only,1.0,41,structure,observed_sample_fraction,dropout020,1.0,1.0,0.0,0.0,
fresh_test,g05_sign_only,1.0,41,structure,pairwise_relative_sign_accuracy,dropout020,0.9505999984741211,0.954999984741211,0.004399986267089817,0.46286411468047156,0.4399986267089817
fresh_test,g05_sign_only,1.0,41,structure,position_mae_x,dropout020,0.4421707992553711,0.42633308029174805,0.01583771896362307,3.5818102394582056,
fresh_test,g05_sign_only,1.0,41,structure,position_mae_y,dropout020,0.40941867446899416,0.4288295211791992,-0.019410846710205043,-4.741075070740344,
fresh_test,g05_sign_only,1.0,41,structure,position_mae_z,dropout020,0.22047648239135742,0.21231446266174317,0.00816201972961425,3.7019910881588873,
fresh_test,g05_sign_only,1.0,41,structure,relative_configuration_accuracy,dropout020,0.914,0.92,0.006000000000000005,0.656455142231948,0.6000000000000005
fresh_test,g05_sign_only,1.0,41,structure,relative_sign_accuracy,dropout020,0.9612000045776368,0.962,0.0007999954223631978,0.08322882007420773,0.07999954223631978
fresh_test,g05_full_reconstruction,1.0,41,total,loss_global_sign,dropout020,0.3070427844524384,0.3032896845340729,0.0037530999183654767,1.2223377680275176,
fresh_test,g05_full_reconstruction,1.0,41,total,loss_magnitude,dropout020,0.07591370183229447,0.07579898399114608,0.00011471784114838735,0.15111612051513104,
fresh_test,g05_full_reconstruction,1.0,41,total,loss_position,dropout020,0.4562274100780487,0.41491583347320554,0.04131157660484314,9.055040467159962,
fresh_test,g05_full_reconstruction,1.0,41,total,loss_relative_sign,dropout020,0.059518599927425385,0.06238203769922256,-0.002863437771797178,-4.810996520900593,
fresh_test,g05_full_reconstruction,1.0,41,total,loss_structure,dropout020,0.5916597146987915,0.5530968508720397,0.03856286382675178,6.517743707864879,
fresh_test,g05_full_reconstruction,1.0,41,total,loss_total,dropout020,0.8987024991512299,0.8563865354061126,0.04231596374511726,4.708561930681413,
fresh_test,g05_full_reconstruction,1.0,41,total,absolute_sign_accuracy,dropout020,0.8898000106811523,0.8845999984741211,-0.005200012207031257,-0.5844023538559622,-0.5200012207031257
fresh_test,g05_full_reconstruction,1.0,41,total,absolute_sign_set_accuracy,dropout020,0.85,0.839,-0.01100000000000001,-1.2941176470588247,-1.100000000000001
fresh_test,g05_full_reconstruction,1.0,41,total,charge_mae,dropout020,0.2782428169250488,0.28276505088806153,-0.004522233963012712,-1.6252832734333913,
fresh_test,g05_full_reconstruction,1.0,41,total,charge_magnitude_mae,dropout020,0.15702243041992187,0.15701354789733887,8.882522582992491e-06,0.005656849508212389,
fresh_test,g05_full_reconstruction,1.0,41,total,global_invariant_charge_mae,dropout020,0.19168396759033204,0.19720119857788085,-0.005517230987548805,-2.878295486527209,
fresh_test,g05_full_reconstruction,1.0,41,total,global_sign_accuracy,dropout020,0.875,0.873,-0.0020000000000000018,-0.2285714285714288,-0.20000000000000018
fresh_test,g05_full_reconstruction,1.0,41,total,global_sign_bce,dropout020,0.30704278373718263,0.3032896842956543,0.0037530994415283514,1.2223376155750552,
fresh_test,g05_full_reconstruction,1.0,41,total,mean_position_3d_error,dropout020,0.7517835083007812,0.7076299133300781,0.04415359497070315,5.873179510215822,
fresh_test,g05_full_reconstruction,1.0,41,total,mean_position_mae,dropout020,0.36888214111328127,0.34756232833862305,0.02131981277465822,5.779573039322347,
fresh_test,g05_full_reconstruction,1.0,41,total,observations_per_sample,dropout020,32.0,32.0,0.0,0.0,
fresh_test,g05_full_reconstruction,1.0,41,total,observed_sample_fraction,dropout020,1.0,1.0,0.0,0.0,
fresh_test,g05_full_reconstruction,1.0,41,total,pairwise_relative_sign_accuracy,dropout020,0.9534000091552735,0.9478000106811524,-0.005599998474121071,-0.587371346795219,-0.5599998474121071
fresh_test,g05_full_reconstruction,1.0,41,total,position_mae_x,dropout020,0.4592032699584961,0.41722966003417966,0.041973609924316424,9.140529406097238,
fresh_test,g05_full_reconstruction,1.0,41,total,position_mae_y,dropout020,0.4253910598754883,0.41907868576049806,0.006312374114990249,1.4838991014145613,
fresh_test,g05_full_reconstruction,1.0,41,total,position_mae_z,dropout020,0.22205206489562987,0.2063786163330078,0.015673448562622067,7.0584565696288335,
fresh_test,g05_full_reconstruction,1.0,41,total,relative_configuration_accuracy,dropout020,0.918,0.909,-0.009000000000000008,-0.980392156862746,-0.9000000000000008
fresh_test,g05_full_reconstruction,1.0,41,total,relative_sign_accuracy,dropout020,0.962,0.9588000030517578,-0.003199996948242134,-0.3326400154097853,-0.3199996948242134
fresh_test,g05_full_reconstruction,1.0,41,structure,loss_global_sign,dropout020,0.3070427844524384,0.31139786410331727,-0.00435507965087889,-1.4183950483140249,
fresh_test,g05_full_reconstruction,1.0,41,structure,loss_magnitude,dropout020,0.07591370183229447,0.07535297048091888,0.0005607313513755902,0.738643140620827,
fresh_test,g05_full_reconstruction,1.0,41,structure,loss_position,dropout020,0.4562274100780487,0.4159269244670868,0.04030048561096189,8.833420509317387,
fresh_test,g05_full_reconstruction,1.0,41,structure,loss_relative_sign,dropout020,0.059518599927425385,0.05918427810072899,0.00033432182669639737,0.5617098303791691,
fresh_test,g05_full_reconstruction,1.0,41,structure,loss_structure,dropout020,0.5916597146987915,0.5504641704559327,0.04119554424285887,6.962709006448266,
fresh_test,g05_full_reconstruction,1.0,41,structure,loss_total,dropout020,0.8987024991512299,0.8618620345592499,0.03684046459197998,4.0992947751645925,
fresh_test,g05_full_reconstruction,1.0,41,structure,absolute_sign_accuracy,dropout020,0.8898000106811523,0.8764000015258789,-0.013400009155273396,-1.5059574055315568,-1.3400009155273396
fresh_test,g05_full_reconstruction,1.0,41,structure,absolute_sign_set_accuracy,dropout020,0.85,0.835,-0.015000000000000013,-1.764705882352943,-1.5000000000000013
fresh_test,g05_full_reconstruction,1.0,41,structure,charge_mae,dropout020,0.2782428169250488,0.29409210205078123,-0.015849285125732415,-5.696206392994429,
fresh_test,g05_full_reconstruction,1.0,41,structure,charge_magnitude_mae,dropout020,0.15702243041992187,0.1569942798614502,2.8150558471662368e-05,0.01792773070470245,
fresh_test,g05_full_reconstruction,1.0,41,structure,global_invariant_charge_mae,dropout020,0.19168396759033204,0.19088548278808593,0.0007984848022461188,0.4165631650283057,
fresh_test,g05_full_reconstruction,1.0,41,structure,global_sign_accuracy,dropout020,0.875,0.86,-0.015000000000000013,-1.7142857142857157,-1.5000000000000013
fresh_test,g05_full_reconstruction,1.0,41,structure,global_sign_bce,dropout020,0.30704278373718263,0.3113978614807129,-0.004355077743530278,-1.4183944304185518,
fresh_test,g05_full_reconstruction,1.0,41,structure,mean_position_3d_error,dropout020,0.7517835083007812,0.7032671737670898,0.04851633453369142,6.453498114550354,
fresh_test,g05_full_reconstruction,1.0,41,structure,mean_position_mae,dropout020,0.36888214111328127,0.3463806343078613,0.022501506805419957,6.09991764239676,
fresh_test,g05_full_reconstruction,1.0,41,structure,observations_per_sample,dropout020,32.0,32.0,0.0,0.0,
fresh_test,g05_full_reconstruction,1.0,41,structure,observed_sample_fraction,dropout020,1.0,1.0,0.0,0.0,
fresh_test,g05_full_reconstruction,1.0,41,structure,pairwise_relative_sign_accuracy,dropout020,0.9534000091552735,0.9534000091552735,0.0,0.0,0.0
fresh_test,g05_full_reconstruction,1.0,41,structure,position_mae_x,dropout020,0.4592032699584961,0.41601144409179686,0.04319182586669923,9.405818445195962,
fresh_test,g05_full_reconstruction,1.0,41,structure,position_mae_y,dropout020,0.4253910598754883,0.4123275451660156,0.013063514709472701,3.070942467219782,
fresh_test,g05_full_reconstruction,1.0,41,structure,position_mae_z,dropout020,0.22205206489562987,0.21080286026000977,0.011249204635620097,5.066021178820161,
fresh_test,g05_full_reconstruction,1.0,41,structure,relative_configuration_accuracy,dropout020,0.918,0.918,0.0,0.0,0.0
fresh_test,g05_full_reconstruction,1.0,41,structure,relative_sign_accuracy,dropout020,0.962,0.9620000152587891,1.5258789121119776e-08,1.586152715293116e-06,1.5258789121119776e-06
fresh_test,g05_sign_only,1.0,42,total,loss_global_sign,dropout020,0.3057376453876495,0.29658827996253967,0.009149365425109857,2.9925544214580557,
fresh_test,g05_sign_only,1.0,42,total,loss_magnitude,dropout020,0.07767809921503067,0.07835555589199066,-0.000677456676959981,-0.8721334376175022,
fresh_test,g05_sign_only,1.0,42,total,loss_position,dropout020,0.44992428183555605,0.4183368701934814,0.031587411642074625,7.020606114701671,
fresh_test,g05_sign_only,1.0,42,total,loss_relative_sign,dropout020,0.06769613718986511,0.0788585571050644,-0.011162419915199284,-16.489005693031515,
fresh_test,g05_sign_only,1.0,42,total,loss_structure,dropout020,0.595298526763916,0.5755509824752808,0.019747544288635233,3.317250656739275,
fresh_test,g05_sign_only,1.0,42,total,loss_total,dropout020,0.9010361721515656,0.8721392624378205,0.028896909713745145,3.2070754323594817,
fresh_test,g05_sign_only,1.0,42,total,absolute_sign_accuracy,dropout020,0.8841999969482421,0.8851999893188477,0.0009999923706055514,0.1130957220150372,0.09999923706055514
fresh_test,g05_sign_only,1.0,42,total,absolute_sign_set_accuracy,dropout020,0.837,0.844,0.007000000000000006,0.8363201911589017,0.7000000000000006
fresh_test,g05_sign_only,1.0,42,total,charge_mae,dropout020,0.28541246032714845,0.28550105094909667,-8.859062194821465e-05,-0.03103950747163224,
fresh_test,g05_sign_only,1.0,42,total,charge_magnitude_mae,dropout020,0.15939204788208008,0.16145136833190918,-0.002059320449829094,-1.2919844353543917,
fresh_test,g05_sign_only,1.0,42,total,global_invariant_charge_mae,dropout020,0.19693319129943848,0.1956814384460449,0.001251752853393573,0.6356230989474358,
fresh_test,g05_sign_only,1.0,42,total,global_sign_accuracy,dropout020,0.875,0.876,0.0010000000000000009,0.1142857142857144,0.10000000000000009
fresh_test,g05_sign_only,1.0,42,total,global_sign_bce,dropout020,0.30573764419555666,0.2965882797241211,0.00914936447143555,2.992554121200532,
fresh_test,g05_sign_only,1.0,42,total,mean_position_3d_error,dropout020,0.7442288818359375,0.716798225402832,0.027430656433105494,3.6857823046905724,
fresh_test,g05_sign_only,1.0,42,total,mean_position_mae,dropout020,0.36547361755371094,0.3512894859313965,0.014184131622314466,3.881027505420396,
fresh_test,g05_sign_only,1.0,42,total,observations_per_sample,dropout020,32.0,32.0,0.0,0.0,
fresh_test,g05_sign_only,1.0,42,total,observed_sample_fraction,dropout020,1.0,1.0,0.0,0.0,
fresh_test,g05_sign_only,1.0,42,total,pairwise_relative_sign_accuracy,dropout020,0.9481999969482422,0.9526000137329101,0.004400016784667948,0.46403889462447706,0.44000167846679483
fresh_test,g05_sign_only,1.0,42,total,position_mae_x,dropout020,0.4429687690734863,0.44585705184936525,-0.0028882827758789364,-0.6520285350861349,
fresh_test,g05_sign_only,1.0,42,total,position_mae_y,dropout020,0.4310560569763184,0.3942152252197266,0.03684083175659181,8.546645189262655,
fresh_test,g05_sign_only,1.0,42,total,position_mae_z,dropout020,0.2223959674835205,0.213796142578125,0.008599824905395514,3.86689785912272,
fresh_test,g05_sign_only,1.0,42,total,relative_configuration_accuracy,dropout020,0.908,0.915,0.007000000000000006,0.7709251101321593,0.7000000000000006
fresh_test,g05_sign_only,1.0,42,total,relative_sign_accuracy,dropout020,0.9564000015258789,0.9587999954223633,0.002399993896484376,0.2509403902818203,0.2399993896484376
fresh_test,g05_sign_only,1.0,42,structure,loss_global_sign,dropout020,0.3057376453876495,0.3054944679737091,0.0002431774139404208,0.0795379364003711,
fresh_test,g05_sign_only,1.0,42,structure,loss_magnitude,dropout020,0.07767809921503067,0.07827866876125336,-0.0006005695462226873,-0.7731517020777942,
fresh_test,g05_sign_only,1.0,42,structure,loss_position,dropout020,0.44992428183555605,0.4210919935703278,0.028832288265228267,6.408253439356771,
fresh_test,g05_sign_only,1.0,42,structure,loss_relative_sign,dropout020,0.06769613718986511,0.07449506551027298,-0.006798928320407863,-10.043303211436028,
fresh_test,g05_sign_only,1.0,42,structure,loss_structure,dropout020,0.595298526763916,0.5738657298088073,0.02143279695510869,3.600344363628591,
fresh_test,g05_sign_only,1.0,42,structure,loss_total,dropout020,0.9010361721515656,0.8793601977825165,0.02167597436904911,2.4056719407046114,
fresh_test,g05_sign_only,1.0,42,structure,absolute_sign_accuracy,dropout020,0.8841999969482421,0.8838000030517578,-0.0003999938964843741,-0.04523794366262459,-0.03999938964843741
fresh_test,g05_sign_only,1.0,42,structure,absolute_sign_set_accuracy,dropout020,0.837,0.841,0.0040000000000000036,0.4778972520908009,0.40000000000000036
fresh_test,g05_sign_only,1.0,42,structure,charge_mae,dropout020,0.28541246032714845,0.28726236915588377,-0.0018499088287353138,-0.6481527914425642,
fresh_test,g05_sign_only,1.0,42,structure,charge_magnitude_mae,dropout020,0.15939204788208008,0.16113619613647462,-0.0017441482543945341,-1.0942504833646867,
fresh_test,g05_sign_only,1.0,42,structure,global_invariant_charge_mae,dropout020,0.19693319129943848,0.19968555450439454,-0.00275236320495606,-1.3976126557412405,
fresh_test,g05_sign_only,1.0,42,structure,global_sign_accuracy,dropout020,0.875,0.867,-0.008000000000000007,-0.9142857142857151,-0.8000000000000007
fresh_test,g05_sign_only,1.0,42,structure,global_sign_bce,dropout020,0.30573764419555666,0.30549446678161624,0.0002431774139404208,0.07953793671049518,
fresh_test,g05_sign_only,1.0,42,structure,mean_position_3d_error,dropout020,0.7442288818359375,0.7158536529541015,0.028375228881835968,3.8127019219997407,
fresh_test,g05_sign_only,1.0,42,structure,mean_position_mae,dropout020,0.36547361755371094,0.35012365341186524,0.015349964141845696,4.200019756443795,
fresh_test,g05_sign_only,1.0,42,structure,observations_per_sample,dropout020,32.0,32.0,0.0,0.0,
fresh_test,g05_sign_only,1.0,42,structure,observed_sample_fraction,dropout020,1.0,1.0,0.0,0.0,
fresh_test,g05_sign_only,1.0,42,structure,pairwise_relative_sign_accuracy,dropout020,0.9481999969482422,0.9491999816894531,0.0009999847412108798,0.10546137359515982,0.09999847412108798
fresh_test,g05_sign_only,1.0,42,structure,position_mae_x,dropout020,0.4429687690734863,0.4490205612182617,-0.006051792144775414,-1.3661893495185553,
fresh_test,g05_sign_only,1.0,42,structure,position_mae_y,dropout020,0.4310560569763184,0.3889706954956055,0.0420853614807129,9.763315188266803,
fresh_test,g05_sign_only,1.0,42,structure,position_mae_z,dropout020,0.2223959674835205,0.21237965774536133,0.010016309738159174,4.503818055469634,
fresh_test,g05_sign_only,1.0,42,structure,relative_configuration_accuracy,dropout020,0.908,0.911,0.0030000000000000027,0.3303964757709254,0.30000000000000027
fresh_test,g05_sign_only,1.0,42,structure,relative_sign_accuracy,dropout020,0.9564000015258789,0.9592000198364258,0.0028000183105468812,0.29276644772894395,0.2800018310546881
fresh_test,g05_full_reconstruction,1.0,42,total,loss_global_sign,dropout020,0.2996712038516998,0.2986682422161102,0.0010029616355896054,0.3346873582441199,
fresh_test,g05_full_reconstruction,1.0,42,total,loss_magnitude,dropout020,0.07555958914756775,0.0745874136686325,0.0009721754789352444,1.2866341518038,
fresh_test,g05_full_reconstruction,1.0,42,total,loss_position,dropout020,0.4508442828655243,0.42537472414970395,0.02546955871582035,5.649302804493429,
fresh_test,g05_full_reconstruction,1.0,42,total,loss_relative_sign,dropout020,0.06007899820804596,0.05679185056686401,0.003287147641181945,5.4713755875205665,
fresh_test,g05_full_reconstruction,1.0,42,total,loss_structure,dropout020,0.5864828686714172,0.5567539882659912,0.029728880405425984,5.069010877124509,
fresh_test,g05_full_reconstruction,1.0,42,total,loss_total,dropout020,0.886154072523117,0.8554222304821014,0.030731842041015534,3.4680021221945956,
fresh_test,g05_full_reconstruction,1.0,42,total,absolute_sign_accuracy,dropout020,0.8841999969482421,0.8814000091552734,-0.00279998779296875,-0.31666905707223736,-0.279998779296875
fresh_test,g05_full_reconstruction,1.0,42,total,absolute_sign_set_accuracy,dropout020,0.843,0.841,-0.0020000000000000018,-0.2372479240806645,-0.20000000000000018
fresh_test,g05_full_reconstruction,1.0,42,total,charge_mae,dropout020,0.28306734848022463,0.28603999519348144,-0.00297264671325681,-1.0501552825561873,
fresh_test,g05_full_reconstruction,1.0,42,total,charge_magnitude_mae,dropout020,0.15697823333740235,0.15616580009460448,0.0008124332427978664,0.5175451561183371,
fresh_test,g05_full_reconstruction,1.0,42,total,global_invariant_charge_mae,dropout020,0.1953579387664795,0.19124529838562013,0.0041126403808593726,2.105182111782723,
fresh_test,g05_full_reconstruction,1.0,42,total,global_sign_accuracy,dropout020,0.865,0.869,0.0040000000000000036,0.4624277456647403,0.40000000000000036
fresh_test,g05_full_reconstruction,1.0,42,total,global_sign_bce,dropout020,0.29967120361328126,0.29866823959350586,0.0010029640197753986,0.3346881541109637,
fresh_test,g05_full_reconstruction,1.0,42,total,mean_position_3d_error,dropout020,0.7513390197753906,0.7199288482666015,0.03141017150878911,4.180559066156185,
fresh_test,g05_full_reconstruction,1.0,42,total,mean_position_mae,dropout020,0.36819011306762695,0.35361366271972655,0.014576450347900394,3.9589467045854865,
fresh_test,g05_full_reconstruction,1.0,42,total,observations_per_sample,dropout020,32.0,32.0,0.0,0.0,
fresh_test,g05_full_reconstruction,1.0,42,total,observed_sample_fraction,dropout020,1.0,1.0,0.0,0.0,
fresh_test,g05_full_reconstruction,1.0,42,total,pairwise_relative_sign_accuracy,dropout020,0.9495999755859375,0.9517999877929687,0.0022000122070312544,0.23167778681478668,0.22000122070312544
fresh_test,g05_full_reconstruction,1.0,42,total,position_mae_x,dropout020,0.4491128921508789,0.4466707649230957,0.0024421272277831974,0.5437668947973037,
fresh_test,g05_full_reconstruction,1.0,42,total,position_mae_y,dropout020,0.434907112121582,0.39767544555664064,0.03723166656494137,8.560831848280499,
fresh_test,g05_full_reconstruction,1.0,42,total,position_mae_z,dropout020,0.2205502758026123,0.21649477767944336,0.004055498123168938,1.838808910308741,
fresh_test,g05_full_reconstruction,1.0,42,total,relative_configuration_accuracy,dropout020,0.912,0.915,0.0030000000000000027,0.32894736842105293,0.30000000000000027
fresh_test,g05_full_reconstruction,1.0,42,total,relative_sign_accuracy,dropout020,0.9599999923706055,0.9604000091552735,0.00040001678466794477,0.04166841540072839,0.04000167846679448
fresh_test,g05_full_reconstruction,1.0,42,structure,loss_global_sign,dropout020,0.3049783692359924,0.31878072929382323,-0.01380236005783081,-4.525684917395088,
fresh_test,g05_full_reconstruction,1.0,42,structure,loss_magnitude,dropout020,0.0757417431473732,0.07444741064310074,0.0012943325042724524,1.708876044421142,
fresh_test,g05_full_reconstruction,1.0,42,structure,loss_position,dropout020,0.454008594751358,0.4179047956466675,0.036103799104690526,7.952228112435427,
fresh_test,g05_full_reconstruction,1.0,42,structure,loss_relative_sign,dropout020,0.06006174510717392,0.06273170071840287,-0.002669955611228944,-4.445351373764926,
fresh_test,g05_full_reconstruction,1.0,42,structure,loss_structure,dropout020,0.5898120703697205,0.5550839085578918,0.034728161811828695,5.888004596118139,
fresh_test,g05_full_reconstruction,1.0,42,structure,loss_total,dropout020,0.8947904396057129,0.873864637851715,0.02092580175399794,2.338625987467953,
fresh_test,g05_full_reconstruction,1.0,42,structure,absolute_sign_accuracy,dropout020,0.888,0.8758000183105469,-0.012199981689453132,-1.3738718118753528,-1.2199981689453132
fresh_test,g05_full_reconstruction,1.0,42,structure,absolute_sign_set_accuracy,dropout020,0.847,0.833,-0.014000000000000012,-1.6528925619834727,-1.4000000000000012
fresh_test,g05_full_reconstruction,1.0,42,structure,charge_mae,dropout020,0.2819000186920166,0.2929598846435547,-0.011059865951538128,-3.923329272149262,
fresh_test,g05_full_reconstruction,1.0,42,structure,charge_magnitude_mae,dropout020,0.15712895011901856,0.15588714027404785,0.001241809844970715,0.7903125706816575,
fresh_test,g05_full_reconstruction,1.0,42,structure,global_invariant_charge_mae,dropout020,0.19347426414489746,0.19005378341674806,0.0034204807281494054,1.767925436112643,
fresh_test,g05_full_reconstruction,1.0,42,structure,global_sign_accuracy,dropout020,0.872,0.861,-0.01100000000000001,-1.261467889908258,-1.100000000000001
fresh_test,g05_full_reconstruction,1.0,42,structure,global_sign_bce,dropout020,0.3049783668518066,0.3187807273864746,-0.01380236053466799,-4.525685109126037,
fresh_test,g05_full_reconstruction,1.0,42,structure,mean_position_3d_error,dropout020,0.7480806961059571,0.7147556762695313,0.03332501983642577,4.454735967642943,
fresh_test,g05_full_reconstruction,1.0,42,structure,mean_position_mae,dropout020,0.3678418159484863,0.3512134208679199,0.016628395080566405,4.520528759812097,
fresh_test,g05_full_reconstruction,1.0,42,structure,observations_per_sample,dropout020,32.0,32.0,0.0,0.0,
fresh_test,g05_full_reconstruction,1.0,42,structure,observed_sample_fraction,dropout020,1.0,1.0,0.0,0.0,
fresh_test,g05_full_reconstruction,1.0,42,structure,pairwise_relative_sign_accuracy,dropout020,0.9511999893188476,0.952999984741211,0.0017999954223633097,0.18923417184353447,0.17999954223633097
fresh_test,g05_full_reconstruction,1.0,42,structure,position_mae_x,dropout020,0.4504077911376953,0.44333677291870116,0.007071018218994141,1.5699147213091706,
fresh_test,g05_full_reconstruction,1.0,42,structure,position_mae_y,dropout020,0.4286154556274414,0.39527203369140623,0.03334342193603518,7.77933261581163,
fresh_test,g05_full_reconstruction,1.0,42,structure,position_mae_z,dropout020,0.22450217056274413,0.21503139686584472,0.009470773696899415,4.218566650451387,
fresh_test,g05_full_reconstruction,1.0,42,structure,relative_configuration_accuracy,dropout020,0.913,0.917,0.0040000000000000036,0.43811610076670354,0.40000000000000036
fresh_test,g05_full_reconstruction,1.0,42,structure,relative_sign_accuracy,dropout020,0.9584000091552735,0.9611999969482422,0.00279998779296875,0.2921523128361234,0.279998779296875
fresh_test,g05_sign_only,1.0,43,total,loss_global_sign,dropout020,0.3085715546607971,0.3090260636806488,-0.0004545090198516677,-0.14729452957881844,
fresh_test,g05_sign_only,1.0,43,total,loss_magnitude,dropout020,0.07569061988592148,0.07648065578937531,-0.000790035903453834,-1.0437698946640301,
fresh_test,g05_sign_only,1.0,43,total,loss_position,dropout020,0.4580920021533966,0.4433971164226532,0.014694885730743401,3.207845948339145,
fresh_test,g05_sign_only,1.0,43,total,loss_relative_sign,dropout020,0.059889066368341445,0.0647687651515007,-0.004879698783159261,-8.14789589997477,
fresh_test,g05_sign_only,1.0,43,total,loss_structure,dropout020,0.5936716928482055,0.5846465430259704,0.009025149822235123,1.520225729297614,
fresh_test,g05_sign_only,1.0,43,total,loss_total,dropout020,0.9022432475090026,0.8936726067066192,0.008570640802383456,0.9499257352211924,
fresh_test,g05_sign_only,1.0,43,total,absolute_sign_accuracy,dropout020,0.8874000091552734,0.8868000030517578,-0.0006000061035156268,-0.0676139392974291,-0.06000061035156268
fresh_test,g05_sign_only,1.0,43,total,absolute_sign_set_accuracy,dropout020,0.849,0.841,-0.008000000000000007,-0.9422850412249714,-0.8000000000000007
fresh_test,g05_sign_only,1.0,43,total,charge_mae,dropout020,0.2815070095062256,0.2833558616638184,-0.001848852157592784,-0.6567694924668994,
fresh_test,g05_sign_only,1.0,43,total,charge_magnitude_mae,dropout020,0.1577753314971924,0.15960972023010253,-0.0018343887329101416,-1.1626587727643498,
fresh_test,g05_sign_only,1.0,43,total,global_invariant_charge_mae,dropout020,0.19172690963745118,0.19858980178833008,-0.006862892150878902,-3.579514301803742,
fresh_test,g05_sign_only,1.0,43,total,global_sign_accuracy,dropout020,0.871,0.87,-0.0010000000000000009,-0.1148105625717567,-0.10000000000000009
fresh_test,g05_sign_only,1.0,43,total,global_sign_bce,dropout020,0.30857155418396,0.3090260639190674,-0.0004545097351074112,-0.14729476160218183,
fresh_test,g05_sign_only,1.0,43,total,mean_position_3d_error,dropout020,0.7543666610717773,0.7377230453491211,0.016643615722656158,2.20630319200606,
fresh_test,g05_sign_only,1.0,43,total,mean_position_mae,dropout020,0.37073923873901365,0.3622520713806152,0.00848716735839844,2.289255215408446,
fresh_test,g05_sign_only,1.0,43,total,observations_per_sample,dropout020,32.0,32.0,0.0,0.0,
fresh_test,g05_sign_only,1.0,43,total,observed_sample_fraction,dropout020,1.0,1.0,0.0,0.0,
fresh_test,g05_sign_only,1.0,43,total,pairwise_relative_sign_accuracy,dropout020,0.9542000198364258,0.9467999954223633,-0.0074000244140625115,-0.7755213016376865,-0.7400024414062512
fresh_test,g05_sign_only,1.0,43,total,position_mae_x,dropout020,0.43959139251708984,0.43139966583251954,0.0081917266845703,1.863486597784517,
fresh_test,g05_sign_only,1.0,43,total,position_mae_y,dropout020,0.4537677803039551,0.438080753326416,0.015687026977539098,3.4570605623500166,
fresh_test,g05_sign_only,1.0,43,total,position_mae_z,dropout020,0.21885849380493164,0.21727577209472657,0.0015827217102050706,0.7231712522045175,
fresh_test,g05_sign_only,1.0,43,total,relative_configuration_accuracy,dropout020,0.919,0.906,-0.013000000000000012,-1.4145810663764975,-1.3000000000000012
fresh_test,g05_sign_only,1.0,43,total,relative_sign_accuracy,dropout020,0.9619999923706055,0.9560000152587891,-0.005999977111816435,-0.6236982494179661,-0.5999977111816435
fresh_test,g05_sign_only,1.0,43,structure,loss_global_sign,dropout020,0.3119496788978577,0.3090260636806488,0.002923615217208908,0.9372073173911467,
fresh_test,g05_sign_only,1.0,43,structure,loss_magnitude,dropout020,0.07623518389463425,0.07648065578937531,-0.00024547189474105613,-0.321992920067362,
fresh_test,g05_sign_only,1.0,43,structure,loss_position,dropout020,0.45999220180511474,0.4433971164226532,0.016595085382461516,3.6076884167467624,
fresh_test,g05_sign_only,1.0,43,structure,loss_relative_sign,dropout020,0.06661339300870896,0.0647687651515007,0.0018446278572082503,2.7691546307618435,
fresh_test,g05_sign_only,1.0,43,structure,loss_structure,dropout020,0.6028407940864563,0.5846465430259704,0.01819425106048589,3.0180855773135624,
fresh_test,g05_sign_only,1.0,43,structure,loss_total,dropout020,0.9147904729843139,0.8936726067066192,0.02111786627769474,2.308492152175797,
fresh_test,g05_sign_only,1.0,43,structure,absolute_sign_accuracy,dropout020,0.8904000091552734,0.8868000030517578,-0.0036000061035156294,-0.40431334978657196,-0.36000061035156294
fresh_test,g05_sign_only,1.0,43,structure,absolute_sign_set_accuracy,dropout020,0.85,0.841,-0.009000000000000008,-1.0588235294117656,-0.9000000000000008
fresh_test,g05_sign_only,1.0,43,structure,charge_mae,dropout020,0.2773580093383789,0.2833558616638184,-0.005997852325439479,-2.1624947264897814,
fresh_test,g05_sign_only,1.0,43,structure,charge_magnitude_mae,dropout020,0.15837547302246094,0.15960972023010253,-0.0012342472076415922,-0.7793171405186903,
fresh_test,g05_sign_only,1.0,43,structure,global_invariant_charge_mae,dropout020,0.1950911102294922,0.19858980178833008,-0.003498691558837891,-1.7933628829741464,
fresh_test,g05_sign_only,1.0,43,structure,global_sign_accuracy,dropout020,0.872,0.87,-0.0020000000000000018,-0.22935779816513782,-0.20000000000000018
fresh_test,g05_sign_only,1.0,43,structure,global_sign_bce,dropout020,0.3119496765136719,0.3090260639190674,0.0029236125946044966,0.9372064838401468,
fresh_test,g05_sign_only,1.0,43,structure,mean_position_3d_error,dropout020,0.7531196517944336,0.7377230453491211,0.015396606445312488,2.0443771993769513,
fresh_test,g05_sign_only,1.0,43,structure,mean_position_mae,dropout020,0.37031729507446287,0.3622520713806152,0.008065223693847656,2.1779225008180925,
fresh_test,g05_sign_only,1.0,43,structure,observations_per_sample,dropout020,32.0,32.0,0.0,0.0,
fresh_test,g05_sign_only,1.0,43,structure,observed_sample_fraction,dropout020,1.0,1.0,0.0,0.0,
fresh_test,g05_sign_only,1.0,43,structure,pairwise_relative_sign_accuracy,dropout020,0.9512000045776368,0.9467999954223633,-0.004400009155273499,-0.4625745515242342,-0.4400009155273499
fresh_test,g05_sign_only,1.0,43,structure,position_mae_x,dropout020,0.4401687088012695,0.43139966583251954,0.008769042968749974,1.9922004434688436,
fresh_test,g05_sign_only,1.0,43,structure,position_mae_y,dropout020,0.450650390625,0.438080753326416,0.012569637298584013,2.7892214364113563,
fresh_test,g05_sign_only,1.0,43,structure,position_mae_z,dropout020,0.2201327133178711,0.21727577209472657,0.0028569412231445324,1.2978267428245052,
fresh_test,g05_sign_only,1.0,43,structure,relative_configuration_accuracy,dropout020,0.914,0.906,-0.008000000000000007,-0.8752735229759308,-0.8000000000000007
fresh_test,g05_sign_only,1.0,43,structure,relative_sign_accuracy,dropout020,0.9600000152587891,0.9560000152587891,-0.0040000000000000036,-0.4166666600439288,-0.40000000000000036
fresh_test,g05_full_reconstruction,1.0,43,total,loss_global_sign,dropout020,0.30961715936660766,0.30317405867576597,0.0064431006908416966,2.0809895368921167,
fresh_test,g05_full_reconstruction,1.0,43,total,loss_magnitude,dropout020,0.07520692700147628,0.07541853284835816,-0.00021160584688187378,-0.28136483608447405,
fresh_test,g05_full_reconstruction,1.0,43,total,loss_position,dropout020,0.4670867626667023,0.42694154334068296,0.04014521932601933,8.594809901445577,
fresh_test,g05_full_reconstruction,1.0,43,total,loss_relative_sign,dropout020,0.055720407664775845,0.07005378943681717,-0.014333381772041326,-25.723756111537394,
fresh_test,g05_full_reconstruction,1.0,43,total,loss_structure,dropout020,0.5980140862464904,0.5724138622283935,0.025600224018096918,4.280873077552386,
fresh_test,g05_full_reconstruction,1.0,43,total,loss_total,dropout020,0.9076312456130982,0.8755879209041595,0.03204332470893867,3.5304342885742814,
fresh_test,g05_full_reconstruction,1.0,43,total,absolute_sign_accuracy,dropout020,0.8866000061035156,0.8868000030517578,0.00019999694824213154,0.022557742709825874,0.019999694824213154
fresh_test,g05_full_reconstruction,1.0,43,total,absolute_sign_set_accuracy,dropout020,0.844,0.841,-0.0030000000000000027,-0.355450236966825,-0.30000000000000027
fresh_test,g05_full_reconstruction,1.0,43,total,charge_mae,dropout020,0.281251579284668,0.28109889793396,0.00015268135070800604,0.05428639764311156,
fresh_test,g05_full_reconstruction,1.0,43,total,charge_magnitude_mae,dropout020,0.15680266189575195,0.1570294189453125,-0.0002267570495605442,-0.14461301027612686,
fresh_test,g05_full_reconstruction,1.0,43,total,global_invariant_charge_mae,dropout020,0.19487251091003419,0.19799093437194823,-0.003118423461914044,-1.60023773868943,
fresh_test,g05_full_reconstruction,1.0,43,total,global_sign_accuracy,dropout020,0.867,0.872,0.0050000000000000044,0.5767012687427917,0.5000000000000004
fresh_test,g05_full_reconstruction,1.0,43,total,global_sign_bce,dropout020,0.30961715698242187,0.3031740589141846,0.006443098068237285,2.080988705869127,
fresh_test,g05_full_reconstruction,1.0,43,total,mean_position_3d_error,dropout020,0.7620034484863282,0.7183027725219726,0.04370067596435556,5.7349708916887705,
fresh_test,g05_full_reconstruction,1.0,43,total,mean_position_mae,dropout020,0.3742533073425293,0.35284273147583006,0.021410575866699255,5.7208781984399595,
fresh_test,g05_full_reconstruction,1.0,43,total,observations_per_sample,dropout020,32.0,32.0,0.0,0.0,
fresh_test,g05_full_reconstruction,1.0,43,total,observed_sample_fraction,dropout020,1.0,1.0,0.0,0.0,
fresh_test,g05_full_reconstruction,1.0,43,total,pairwise_relative_sign_accuracy,dropout020,0.9485999908447266,0.9457999954223633,-0.0027999954223633106,-0.2951713524548867,-0.27999954223633106
fresh_test,g05_full_reconstruction,1.0,43,total,position_mae_x,dropout020,0.4481249008178711,0.419758674621582,0.02836622619628909,6.32998214214787,
fresh_test,g05_full_reconstruction,1.0,43,total,position_mae_y,dropout020,0.4523141860961914,0.4261999969482422,0.02611418914794922,5.7734623300971695,
fresh_test,g05_full_reconstruction,1.0,43,total,position_mae_z,dropout020,0.22232078742980957,0.21256948471069337,0.0097513027191162,4.386140779658246,
fresh_test,g05_full_reconstruction,1.0,43,total,relative_configuration_accuracy,dropout020,0.909,0.904,-0.0050000000000000044,-0.5500550055005505,-0.5000000000000004
fresh_test,g05_full_reconstruction,1.0,43,total,relative_sign_accuracy,dropout020,0.9572000045776368,0.9548000183105468,-0.0023999862670899264,-0.2507298637288366,-0.23999862670899264
fresh_test,g05_full_reconstruction,1.0,43,structure,loss_global_sign,dropout020,0.30961715936660766,0.306301504611969,0.003315654754638686,1.0708885649043522,
fresh_test,g05_full_reconstruction,1.0,43,structure,loss_magnitude,dropout020,0.07520692700147628,0.07511093533039093,9.599167108535755e-05,0.12763674160423186,
fresh_test,g05_full_reconstruction,1.0,43,structure,loss_position,dropout020,0.4670867626667023,0.4361001789569855,0.030986583709716797,6.634010249574938,
fresh_test,g05_full_reconstruction,1.0,43,structure,loss_relative_sign,dropout020,0.055720407664775845,0.06398610359430314,-0.008265695929527292,-14.834234485962899,
fresh_test,g05_full_reconstruction,1.0,43,structure,loss_structure,dropout020,0.5980140862464904,0.5751972165107727,0.022816869735717726,3.815440181172092,
fresh_test,g05_full_reconstruction,1.0,43,structure,loss_total,dropout020,0.9076312456130982,0.8814987211227416,0.026132524490356523,2.879200624335514,
fresh_test,g05_full_reconstruction,1.0,43,structure,absolute_sign_accuracy,dropout020,0.8866000061035156,0.8863999938964844,-0.00020001220703125266,-0.02255946375528223,-0.020001220703125266
fresh_test,g05_full_reconstruction,1.0,43,structure,absolute_sign_set_accuracy,dropout020,0.844,0.846,0.0020000000000000018,0.23696682464455,0.20000000000000018
fresh_test,g05_full_reconstruction,1.0,43,structure,charge_mae,dropout020,0.281251579284668,0.2805822048187256,0.0006693744659423961,0.23799847369564125,
fresh_test,g05_full_reconstruction,1.0,43,structure,charge_magnitude_mae,dropout020,0.15680266189575195,0.1567105941772461,9.206771850586715e-05,0.0587156604312477,
fresh_test,g05_full_reconstruction,1.0,43,structure,global_invariant_charge_mae,dropout020,0.19487251091003419,0.19385037231445312,0.0010221385955810625,0.5245165625504502,
fresh_test,g05_full_reconstruction,1.0,43,structure,global_sign_accuracy,dropout020,0.867,0.87,0.0030000000000000027,0.34602076124567505,0.30000000000000027
fresh_test,g05_full_reconstruction,1.0,43,structure,global_sign_bce,dropout020,0.30961715698242187,0.3063015022277832,0.003315654754638686,1.0708885731506566,
fresh_test,g05_full_reconstruction,1.0,43,structure,mean_position_3d_error,dropout020,0.7620034484863282,0.7251273956298828,0.03687605285644535,4.8393551144285905,
fresh_test,g05_full_reconstruction,1.0,43,structure,mean_position_mae,dropout020,0.3742533073425293,0.356593074798584,0.01766023254394533,4.718791309914087,
fresh_test,g05_full_reconstruction,1.0,43,structure,observations_per_sample,dropout020,32.0,32.0,0.0,0.0,
fresh_test,g05_full_reconstruction,1.0,43,structure,observed_sample_fraction,dropout020,1.0,1.0,0.0,0.0,
fresh_test,g05_full_reconstruction,1.0,43,structure,pairwise_relative_sign_accuracy,dropout020,0.9485999908447266,0.950599983215332,0.001999992370605441,0.21083622073667233,0.19999923706054412
fresh_test,g05_full_reconstruction,1.0,43,structure,position_mae_x,dropout020,0.4481249008178711,0.4209566993713379,0.027168201446533202,6.062640437286261,
fresh_test,g05_full_reconstruction,1.0,43,structure,position_mae_y,dropout020,0.4523141860961914,0.42908989334106445,0.02322429275512694,5.13454883110563,
fresh_test,g05_full_reconstruction,1.0,43,structure,position_mae_z,dropout020,0.22232078742980957,0.21973263931274414,0.0025881481170654252,1.1641503014568746,
fresh_test,g05_full_reconstruction,1.0,43,structure,relative_configuration_accuracy,dropout020,0.909,0.913,0.0040000000000000036,0.44004400440044045,0.40000000000000036
fresh_test,g05_full_reconstruction,1.0,43,structure,relative_sign_accuracy,dropout020,0.9572000045776368,0.9596000061035156,0.0024000015258788254,0.25073145783548373,0.24000015258788254
